company_name,domain,sector,employee_band,country,hq_city,annual_revenue_band,founded_year,funding_stage,crm_platform,monthly_ad_spend_band,ad_platforms,is_hiring,open_roles
Ashford Health Inc,ashford-health.example,Healthcare,11-50,US,New York,£1m-£10m,1996,Bootstrapped,HubSpot,none,[],False,0
Kelvin Goods SAS,kelvin-goods.example,Retail,1-10,FR,Lyon,under £1m,2022,Bootstrapped,HubSpot,£5k-£25k,"[""Google Ads"", ""Meta Ads""]",False,0
Yarrow Manufacturing Ltd,yarrow-manufacturing.example,Manufacturing,11-50,UK,London,under £1m,2011,Bootstrapped,Pipedrive,none,[],False,0
Driftwood Freight GmbH,driftwood-freight.example,Logistics,201-1000,DE,Hamburg,£50m-£250m,1989,Private equity,Spreadsheet,£5k-£25k,"[""Meta Ads"", ""TikTok Ads""]",False,0
Hawthorn Fabrication Ltd,hawthorn-fabrication.example,Manufacturing,1000+,UK,Manchester,£250m+,1996,Private equity,Pipedrive,£5k-£25k,"[""Google Ads"", ""Meta Ads""]",True,70
Juniper Data Ltd,juniper-data.example,Software,1-10,UK,Edinburgh,under £1m,2015,Bootstrapped,Pipedrive,none,[],False,0
Heron Finance Inc,heron-finance.example,Financial services,201-1000,US,Boston,£50m-£250m,1965,Series C+,Salesforce,£100k+,"[""Google Ads"", ""LinkedIn Ads"", ""Meta Ads"", ""TikTok Ads""]",True,9
Elmstead Software Inc,elmstead-software.example,Software,51-200,US,Chicago,£10m-£50m,2020,Seed,Salesforce,£25k-£100k,"[""Google Ads"", ""Meta Ads"", ""Microsoft Ads""]",False,0
Aurora Labs Inc,aurora-labs.example,Software,1-10,US,San Francisco,under £1m,2002,Bootstrapped,Spreadsheet,under £5k,"[""Google Ads""]",False,0
Oakridge Partners Ltd,oakridge-partners.example,Financial services,1-10,UK,London,under £1m,2004,Bootstrapped,Spreadsheet,none,[],False,0
Oldfield Software Inc,oldfield-software.example,Software,1-10,US,Seattle,under £1m,2000,Bootstrapped,HubSpot,none,[],False,0
Valley Care Ltd,valley-care.example,Healthcare,1-10,UK,Manchester,under £1m,2018,Bootstrapped,HubSpot,under £5k,"[""Microsoft Ads""]",False,0
Clearwater Cloud BV,clearwater-cloud.example,Software,51-200,NL,Eindhoven,£10m-£50m,2020,Series A,No CRM,£5k-£25k,"[""Meta Ads"", ""TikTok Ads""]",False,0
Ashford Industries Ltd,ashford-industries.example,Manufacturing,11-50,UK,Leeds,£1m-£10m,1998,Bootstrapped,Salesforce,£5k-£25k,"[""Google Ads"", ""Meta Ads""]",False,0
Alder Partners SAS,alder-partners.example,Financial services,201-1000,FR,Toulouse,£250m+,2004,Private equity,Salesforce,£5k-£25k,"[""Google Ads"", ""TikTok Ads""]",False,0
Nimbus Legal Inc,nimbus-legal.example,Professional services,11-50,US,New York,£1m-£10m,1997,Series A,Spreadsheet,under £5k,"[""Meta Ads""]",False,0
Keystone Manufacturing SAS,keystone-manufacturing.example,Manufacturing,11-50,FR,Lille,£1m-£10m,2011,Bootstrapped,Pipedrive,none,[],False,0
Zephyr Stores Inc,zephyr-stores.example,Retail,11-50,US,Chicago,£1m-£10m,2015,Bootstrapped,HubSpot,£5k-£25k,"[""Google Ads"", ""Meta Ads""]",False,0
Highgate Care Ltd,highgate-care.example,Healthcare,51-200,UK,London,£10m-£50m,2003,Series A,HubSpot,£5k-£25k,"[""Google Ads"", ""Meta Ads""]",True,13
Dunmore Couriers GmbH,dunmore-couriers.example,Logistics,51-200,DE,Munich,£10m-£50m,2002,Series A,Salesforce,£5k-£25k,"[""Meta Ads"", ""Microsoft Ads""]",False,0
Harbour Shipping Ltd,harbour-shipping.example,Logistics,11-50,UK,Edinburgh,£1m-£10m,2014,Bootstrapped,Spreadsheet,£5k-£25k,"[""LinkedIn Ads"", ""Meta Ads""]",False,0
Dunmore Legal SAS,dunmore-legal.example,Professional services,51-200,FR,Lille,£10m-£50m,2016,Bootstrapped,Spreadsheet,none,[],False,0
Larkspur Retail Ltd,larkspur-retail.example,Retail,11-50,UK,Birmingham,£1m-£10m,2018,Seed,HubSpot,none,[],False,0
Northwind Associates Ltd,northwind-associates.example,Professional services,1-10,UK,Manchester,under £1m,2017,Seed,HubSpot,none,[],False,0
Pebble Dental Ltd,pebble-dental.example,Healthcare,11-50,UK,London,£1m-£10m,2015,Series A,Spreadsheet,under £5k,"[""Google Ads""]",True,3
Keystone Advisory BV,keystone-advisory.example,Professional services,11-50,NL,Utrecht,£1m-£10m,2009,Series B,HubSpot,£5k-£25k,"[""LinkedIn Ads"", ""Meta Ads""]",False,0
Larkspur Stores Ltd,larkspur-stores.example,Retail,1-10,UK,Bristol,£1m-£10m,2011,Bootstrapped,Pipedrive,under £5k,"[""Meta Ads""]",False,0
Northwind Data SAS,northwind-data.example,Software,201-1000,FR,Lille,£50m-£250m,1976,Private equity,HubSpot,£5k-£25k,"[""LinkedIn Ads"", ""Meta Ads""]",True,16
Saltmarsh Tutors BV,saltmarsh-tutors.example,Education,201-1000,NL,Utrecht,£50m-£250m,1980,Series C+,No CRM,£5k-£25k,"[""Google Ads"", ""LinkedIn Ads""]",True,29
Hawthorn Care BV,hawthorn-care.example,Healthcare,201-1000,NL,Rotterdam,£50m-£250m,1968,Series B,Salesforce,£100k+,"[""Google Ads"", ""LinkedIn Ads"", ""Meta Ads"", ""Microsoft Ads""]",False,0
Ashford Learning Ltd,ashford-learning.example,Education,11-50,UK,Bristol,£1m-£10m,2012,Bootstrapped,Salesforce,£5k-£25k,"[""Google Ads"", ""Meta Ads""]",True,7
Harbour Accountants Inc,harbour-accountants.example,Professional services,11-50,US,New York,£1m-£10m,2009,Series A,Salesforce,£5k-£25k,"[""LinkedIn Ads"", ""Microsoft Ads""]",False,0
Northwind Academy Ltd,northwind-academy.example,Education,11-50,UK,London,£1m-£10m,2005,Series A,Spreadsheet,none,[],False,0
Emberly Lending Ltd,emberly-lending.example,Financial services,1-10,UK,Birmingham,under £1m,2017,Bootstrapped,Spreadsheet,under £5k,"[""Microsoft Ads""]",False,0
Vantage Dental SAS,vantage-dental.example,Healthcare,51-200,FR,Lille,£10m-£50m,2009,Series B,HubSpot,£5k-£25k,"[""Google Ads"", ""Meta Ads""]",True,8
Vantage Goods Ltd,vantage-goods.example,Retail,51-200,UK,Manchester,£10m-£50m,2005,Seed,Spreadsheet,£25k-£100k,"[""Google Ads"", ""LinkedIn Ads"", ""Meta Ads""]",False,0
Brightwater Insurance Ltd,brightwater-insurance.example,Financial services,11-50,UK,Leeds,£1m-£10m,1996,Series A,Salesforce,£5k-£25k,"[""Google Ads"", ""TikTok Ads""]",True,5
Quayside Fabrication Inc,quayside-fabrication.example,Manufacturing,201-1000,US,Seattle,£50m-£250m,1996,Series C+,Salesforce,none,[],True,23
Lindenwood Software Inc,lindenwood-software.example,Software,51-200,US,New York,£50m-£250m,1996,Seed,HubSpot,£5k-£25k,"[""Meta Ads"", ""Microsoft Ads""]",False,0
Emberly Manufacturing Ltd,emberly-manufacturing.example,Manufacturing,11-50,UK,Bristol,under £1m,2009,Seed,Salesforce,none,[],False,0
Pebble Manufacturing Inc,pebble-manufacturing.example,Manufacturing,201-1000,US,Austin,£50m-£250m,1992,Private equity,Salesforce,£100k+,"[""Google Ads"", ""LinkedIn Ads"", ""Meta Ads"", ""TikTok Ads""]",True,25
Tamarind Data SAS,tamarind-data.example,Software,201-1000,FR,Lille,£10m-£50m,1971,Bootstrapped,Salesforce,£25k-£100k,"[""Google Ads"", ""LinkedIn Ads"", ""Microsoft Ads""]",False,0
Stonebridge Legal Inc,stonebridge-legal.example,Professional services,11-50,US,Chicago,£1m-£10m,2024,Series A,HubSpot,under £5k,"[""LinkedIn Ads""]",True,5
Evergreen Legal BV,evergreen-legal.example,Professional services,1-10,NL,Eindhoven,under £1m,2022,Bootstrapped,No CRM,under £5k,"[""Google Ads""]",False,0
Juniper Medical Ltd,juniper-medical.example,Healthcare,1000+,UK,Bristol,£250m+,1982,Public,Salesforce,£5k-£25k,"[""Google Ads"", ""LinkedIn Ads""]",False,0
Dovecote Associates BV,dovecote-associates.example,Professional services,201-1000,NL,Amsterdam,£50m-£250m,1980,Bootstrapped,Salesforce,under £5k,"[""TikTok Ads""]",False,0
Heron Medical BV,heron-medical.example,Healthcare,11-50,NL,Rotterdam,£1m-£10m,2016,Series A,Spreadsheet,under £5k,"[""Google Ads""]",False,0
Yarrow Medical BV,yarrow-medical.example,Healthcare,11-50,NL,Amsterdam,£1m-£10m,2024,Series A,Pipedrive,£25k-£100k,"[""Google Ads"", ""Meta Ads"", ""Microsoft Ads""]",True,5
Keystone Labs Inc,keystone-labs.example,Software,201-1000,US,Seattle,£50m-£250m,1994,Series B,Salesforce,£5k-£25k,"[""LinkedIn Ads"", ""Meta Ads""]",False,0
Glenmoor Medical GmbH,glenmoor-medical.example,Healthcare,1-10,DE,Frankfurt,under £1m,1998,Seed,HubSpot,under £5k,"[""Microsoft Ads""]",False,0
Upland Freight Ltd,upland-freight.example,Logistics,201-1000,UK,Edinburgh,£50m-£250m,1967,Series B,Salesforce,£100k+,"[""Google Ads"", ""LinkedIn Ads"", ""Meta Ads"", ""Microsoft Ads""]",True,18
Falcon Health BV,falcon-health.example,Healthcare,1-10,NL,Amsterdam,under £1m,2000,Bootstrapped,HubSpot,under £5k,"[""Meta Ads""]",False,0
Jasper Training BV,jasper-training.example,Education,1-10,NL,Amsterdam,under £1m,2021,Bootstrapped,Pipedrive,under £5k,"[""Meta Ads""]",True,1
Oakridge Labs BV,oakridge-labs.example,Software,11-50,NL,Amsterdam,£1m-£10m,2001,Seed,Salesforce,£5k-£25k,"[""Google Ads"", ""LinkedIn Ads""]",False,0
Oakridge Goods GmbH,oakridge-goods.example,Retail,11-50,DE,Frankfurt,£1m-£10m,2020,Seed,Pipedrive,under £5k,"[""Google Ads""]",False,0
Tidewater Consulting Ltd,tidewater-consulting.example,Professional services,201-1000,UK,Birmingham,£50m-£250m,1979,Series C+,Salesforce,£25k-£100k,"[""Google Ads"", ""LinkedIn Ads"", ""Meta Ads""]",True,20
Kingsway Engineering Ltd,kingsway-engineering.example,Manufacturing,201-1000,UK,Manchester,£50m-£250m,1997,Bootstrapped,HubSpot,under £5k,"[""Meta Ads""]",False,0
Larkspur Couriers SAS,larkspur-couriers.example,Logistics,1-10,FR,Lille,under £1m,2010,Seed,HubSpot,£25k-£100k,"[""LinkedIn Ads"", ""Microsoft Ads"", ""TikTok Ads""]",False,0
Umber Dental Ltd,umber-dental.example,Healthcare,201-1000,UK,Birmingham,£50m-£250m,1985,Series B,Spreadsheet,under £5k,"[""Meta Ads""]",True,16
Fernhill Education Ltd,fernhill-education.example,Education,1-10,UK,London,£1m-£10m,2016,Bootstrapped,Spreadsheet,none,[],False,0
Orchard Training Ltd,orchard-training.example,Education,11-50,UK,Edinburgh,£1m-£10m,2000,Bootstrapped,HubSpot,under £5k,"[""LinkedIn Ads""]",False,0
Lantern Fabrication BV,lantern-fabrication.example,Manufacturing,51-200,NL,Utrecht,£10m-£50m,2010,Bootstrapped,HubSpot,£5k-£25k,"[""Google Ads"", ""TikTok Ads""]",True,9
Brightwater Stores SAS,brightwater-stores.example,Retail,1-10,FR,Paris,under £1m,2024,Bootstrapped,HubSpot,under £5k,"[""Microsoft Ads""]",True,1
Oldfield Tutors BV,oldfield-tutors.example,Education,1-10,NL,Rotterdam,under £1m,1995,Bootstrapped,Spreadsheet,under £5k,"[""LinkedIn Ads""]",True,2
Pennine Retail SAS,pennine-retail.example,Retail,1-10,FR,Lille,under £1m,2017,Bootstrapped,No CRM,none,[],False,0
Inkwell Software Ltd,inkwell-software.example,Software,51-200,UK,Leeds,£10m-£50m,2022,Series A,Pipedrive,£5k-£25k,"[""Google Ads"", ""TikTok Ads""]",False,0
Thornbury Haulage Ltd,thornbury-haulage.example,Logistics,201-1000,UK,Leeds,£50m-£250m,2016,Public,Salesforce,none,[],False,0
Northwind Goods Ltd,northwind-goods.example,Retail,1000+,UK,Bristol,£250m+,1982,Bootstrapped,Salesforce,£25k-£100k,"[""Google Ads"", ""LinkedIn Ads"", ""Meta Ads""]",False,0
Kestrel Haulage SAS,kestrel-haulage.example,Logistics,11-50,FR,Lyon,under £1m,2019,Seed,Spreadsheet,£5k-£25k,"[""Google Ads"", ""Meta Ads""]",True,4
Hawthorn Medical Ltd,hawthorn-medical.example,Healthcare,1-10,UK,Leeds,under £1m,2002,Bootstrapped,HubSpot,£5k-£25k,"[""Meta Ads"", ""Microsoft Ads""]",False,0
Aurora Components Ltd,aurora-components.example,Manufacturing,51-200,UK,Birmingham,£10m-£50m,2011,Private equity,Spreadsheet,under £5k,"[""Meta Ads""]",True,12
Riverside Medical Ltd,riverside-medical.example,Healthcare,1-10,UK,Birmingham,under £1m,1995,Seed,HubSpot,none,[],False,0
Saltmarsh Cloud Ltd,saltmarsh-cloud.example,Software,201-1000,UK,Birmingham,£50m-£250m,2001,Bootstrapped,Salesforce,£25k-£100k,"[""Google Ads"", ""Meta Ads"", ""Microsoft Ads""]",False,0
Lindenwood Haulage Ltd,lindenwood-haulage.example,Logistics,11-50,UK,Manchester,£1m-£10m,2016,Bootstrapped,No CRM,none,[],False,0
Umber Insurance Inc,umber-insurance.example,Financial services,11-50,US,New York,£1m-£10m,2011,Bootstrapped,Pipedrive,£5k-£25k,"[""Microsoft Ads"", ""TikTok Ads""]",False,0
Foxglove Engineering BV,foxglove-engineering.example,Manufacturing,201-1000,NL,Rotterdam,£250m+,1966,Bootstrapped,Pipedrive,£5k-£25k,"[""Google Ads"", ""Meta Ads""]",False,0
Norfolk Medical GmbH,norfolk-medical.example,Healthcare,51-200,DE,Frankfurt,£10m-£50m,2002,Bootstrapped,Spreadsheet,under £5k,"[""Meta Ads""]",False,0
Saltmarsh Fabrication Inc,saltmarsh-fabrication.example,Manufacturing,201-1000,US,Seattle,£50m-£250m,1982,Bootstrapped,Salesforce,none,[],True,26
Inkwell Lending Inc,inkwell-lending.example,Financial services,1-10,US,Seattle,under £1m,2006,Bootstrapped,HubSpot,none,[],False,0
Vantage Accountants GmbH,vantage-accountants.example,Professional services,11-50,DE,Munich,£1m-£10m,1996,Bootstrapped,No CRM,under £5k,"[""Meta Ads""]",False,0
Quartz Engineering Inc,quartz-engineering.example,Manufacturing,201-1000,US,San Francisco,£50m-£250m,2004,Series C+,Salesforce,£25k-£100k,"[""Google Ads"", ""Meta Ads"", ""Microsoft Ads""]",True,20
Clearwater Manufacturing Inc,clearwater-manufacturing.example,Manufacturing,51-200,US,Boston,£10m-£50m,2017,Series A,Pipedrive,£5k-£25k,"[""Google Ads"", ""LinkedIn Ads""]",False,0
Nettlefield Transport Inc,nettlefield-transport.example,Logistics,11-50,US,San Francisco,£1m-£10m,2016,Bootstrapped,Spreadsheet,under £5k,"[""Meta Ads""]",False,0
Rosewood Outfitters Inc,rosewood-outfitters.example,Retail,51-200,US,Chicago,£50m-£250m,1995,Series A,HubSpot,£100k+,"[""Google Ads"", ""LinkedIn Ads"", ""Microsoft Ads"", ""TikTok Ads""]",True,6
Meridian Associates GmbH,meridian-associates.example,Professional services,1-10,DE,Berlin,under £1m,1996,Seed,HubSpot,none,[],False,0
Quartz Dental GmbH,quartz-dental.example,Healthcare,51-200,DE,Munich,£10m-£50m,2010,Private equity,HubSpot,£25k-£100k,"[""Google Ads"", ""Meta Ads"", ""Microsoft Ads""]",False,0
Glenmoor Systems Inc,glenmoor-systems.example,Software,1-10,US,Seattle,under £1m,2011,Bootstrapped,Pipedrive,under £5k,"[""Google Ads""]",True,2
Harbour Advisory Ltd,harbour-advisory.example,Professional services,11-50,UK,Bristol,under £1m,2020,Bootstrapped,Spreadsheet,none,[],False,0
Meridian Clinics Ltd,meridian-clinics.example,Healthcare,11-50,UK,Birmingham,£1m-£10m,2018,Seed,Pipedrive,£5k-£25k,"[""Google Ads"", ""LinkedIn Ads""]",False,0
Highgate Consulting Inc,highgate-consulting.example,Professional services,11-50,US,San Francisco,£1m-£10m,2006,Seed,Pipedrive,under £5k,"[""LinkedIn Ads""]",False,0
Moorland Couriers SAS,moorland-couriers.example,Logistics,11-50,FR,Lyon,£1m-£10m,2015,Series A,Salesforce,£5k-£25k,"[""Google Ads"", ""Microsoft Ads""]",False,0
Highgate College GmbH,highgate-college.example,Education,1-10,DE,Frankfurt,under £1m,2005,Bootstrapped,Spreadsheet,under £5k,"[""Meta Ads""]",False,0
Larkspur Transport Inc,larkspur-transport.example,Logistics,201-1000,US,San Francisco,£250m+,1970,Series B,Salesforce,£100k+,"[""Google Ads"", ""LinkedIn Ads"", ""Meta Ads"", ""Microsoft Ads""]",True,17
Oakridge Consulting Inc,oakridge-consulting.example,Professional services,11-50,US,San Francisco,£1m-£10m,2006,Series A,Pipedrive,under £5k,"[""Microsoft Ads""]",False,0
Norfolk Pharma SAS,norfolk-pharma.example,Healthcare,51-200,FR,Toulouse,£10m-£50m,2001,Series B,Salesforce,£5k-£25k,"[""Google Ads"", ""Meta Ads""]",False,0
Quartz Clinics BV,quartz-clinics.example,Healthcare,1000+,NL,Utrecht,£250m+,1976,Series C+,Salesforce,under £5k,"[""Meta Ads""]",False,0
Dunmore Market SAS,dunmore-market.example,Retail,1-10,FR,Lille,under £1m,1995,Bootstrapped,Pipedrive,none,[],False,0
Thornbury Logistics Inc,thornbury-logistics.example,Logistics,11-50,US,Austin,£1m-£10m,2002,Seed,Spreadsheet,under £5k,"[""Google Ads""]",False,0
Highgate Dental SAS,highgate-dental.example,Healthcare,11-50,FR,Toulouse,£1m-£10m,1998,Series A,HubSpot,none,[],False,0
Kestrel Labs Inc,kestrel-labs.example,Software,1000+,US,San Francisco,£250m+,1968,Public,Pipedrive,£5k-£25k,"[""Google Ads"", ""TikTok Ads""]",False,0
Cobalt Engineering GmbH,cobalt-engineering.example,Manufacturing,51-200,DE,Berlin,£10m-£50m,2022,Series B,Spreadsheet,under £5k,"[""Meta Ads""]",False,0
Kelvin Retail Ltd,kelvin-retail.example,Retail,11-50,UK,Edinburgh,£1m-£10m,2024,Series A,Spreadsheet,under £5k,"[""Meta Ads""]",False,0
Saltmarsh Training Ltd,saltmarsh-training.example,Education,1-10,UK,Leeds,under £1m,2024,Seed,Pipedrive,none,[],False,0
Upland Advisory BV,upland-advisory.example,Professional services,11-50,NL,Eindhoven,£1m-£10m,2024,Series A,HubSpot,none,[],False,0
Rosewood Digital Ltd,rosewood-digital.example,Software,1000+,UK,Manchester,£250m+,1979,Private equity,HubSpot,£100k+,"[""Google Ads"", ""LinkedIn Ads"", ""Meta Ads"", ""Microsoft Ads""]",True,54
Harbour Couriers Ltd,harbour-couriers.example,Logistics,11-50,UK,Manchester,under £1m,2022,Series A,HubSpot,under £5k,"[""Meta Ads""]",False,0
Pebble Shipping Ltd,pebble-shipping.example,Logistics,11-50,UK,London,£1m-£10m,2005,Series A,Spreadsheet,£5k-£25k,"[""Google Ads"", ""Meta Ads""]",False,0
Tidewater Dental Ltd,tidewater-dental.example,Healthcare,1-10,UK,Leeds,under £1m,2000,Seed,Spreadsheet,under £5k,"[""Meta Ads""]",False,0
Ironbridge Freight GmbH,ironbridge-freight.example,Logistics,11-50,DE,Frankfurt,£1m-£10m,2017,Bootstrapped,Pipedrive,£5k-£25k,"[""Google Ads"", ""LinkedIn Ads""]",False,0
Hawthorn Associates Inc,hawthorn-associates.example,Professional services,11-50,US,New York,£1m-£10m,2014,Series A,No CRM,£25k-£100k,"[""Google Ads"", ""Meta Ads"", ""Microsoft Ads""]",True,3
Moorland Trading BV,moorland-trading.example,Retail,201-1000,NL,Eindhoven,£50m-£250m,2002,Series A,Pipedrive,£5k-£25k,"[""Meta Ads"", ""Microsoft Ads""]",False,0
Harbour Engineering BV,harbour-engineering.example,Manufacturing,1-10,NL,Utrecht,under £1m,2022,Seed,No CRM,under £5k,"[""Google Ads""]",False,0
Zephyr Cloud GmbH,zephyr-cloud.example,Software,1000+,DE,Hamburg,£250m+,1979,Private equity,HubSpot,£25k-£100k,"[""Google Ads"", ""LinkedIn Ads"", ""Meta Ads""]",True,62
Willow Care Inc,willow-care.example,Healthcare,51-200,US,Chicago,£10m-£50m,2018,Bootstrapped,Salesforce,£5k-£25k,"[""Google Ads"", ""Meta Ads""]",False,0
Tidewater Works Ltd,tidewater-works.example,Manufacturing,51-200,UK,Manchester,£10m-£50m,2022,Bootstrapped,No CRM,£5k-£25k,"[""LinkedIn Ads"", ""Meta Ads""]",True,6
Lindenwood Components Ltd,lindenwood-components.example,Manufacturing,1-10,UK,Bristol,under £1m,2006,Bootstrapped,Spreadsheet,under £5k,"[""Meta Ads""]",False,0
Lindenwood Accountants GmbH,lindenwood-accountants.example,Professional services,51-200,DE,Hamburg,£50m-£250m,2017,Bootstrapped,Salesforce,£5k-£25k,"[""Google Ads"", ""Microsoft Ads""]",True,7
Saltmarsh Engineering SAS,saltmarsh-engineering.example,Manufacturing,1-10,FR,Toulouse,under £1m,2000,Bootstrapped,Spreadsheet,under £5k,"[""Meta Ads""]",True,4
Oakridge Industries BV,oakridge-industries.example,Manufacturing,11-50,NL,Amsterdam,£1m-£10m,1997,Seed,HubSpot,£5k-£25k,"[""Google Ads"", ""Meta Ads""]",False,0
Silverline Training Inc,silverline-training.example,Education,11-50,US,Austin,£1m-£10m,2010,Series A,HubSpot,under £5k,"[""Google Ads""]",False,0
Rosewood Accountants GmbH,rosewood-accountants.example,Professional services,1-10,DE,Hamburg,under £1m,2003,Bootstrapped,Spreadsheet,none,[],False,0
Orchard Stores Ltd,orchard-stores.example,Retail,11-50,UK,Bristol,£1m-£10m,1995,Series A,Salesforce,£25k-£100k,"[""LinkedIn Ads"", ""Meta Ads"", ""Microsoft Ads""]",False,0
Willow Software Inc,willow-software.example,Software,11-50,US,Austin,£1m-£10m,2009,Bootstrapped,HubSpot,under £5k,"[""Google Ads""]",True,3
Marigold Wealth Ltd,marigold-wealth.example,Financial services,51-200,UK,London,£10m-£50m,2018,Series A,Pipedrive,£5k-£25k,"[""Google Ads"", ""LinkedIn Ads""]",False,0
Hawthorn Legal GmbH,hawthorn-legal.example,Professional services,11-50,DE,Berlin,£10m-£50m,2005,Seed,Pipedrive,£5k-£25k,"[""Google Ads"", ""LinkedIn Ads""]",False,0
Moorland Digital SAS,moorland-digital.example,Software,201-1000,FR,Lyon,£50m-£250m,2010,Private equity,HubSpot,£100k+,"[""Google Ads"", ""Meta Ads"", ""Microsoft Ads"", ""TikTok Ads""]",True,17
Lindenwood Goods Ltd,lindenwood-goods.example,Retail,11-50,UK,Birmingham,£1m-£10m,2021,Bootstrapped,No CRM,under £5k,"[""Meta Ads""]",True,2
Orchard Cloud Ltd,orchard-cloud.example,Software,11-50,UK,Birmingham,£1m-£10m,2001,Bootstrapped,Pipedrive,£5k-£25k,"[""Meta Ads"", ""Microsoft Ads""]",True,5
Nettlefield Finance Ltd,nettlefield-finance.example,Financial services,51-200,UK,Birmingham,£10m-£50m,2002,Bootstrapped,HubSpot,none,[],False,0
Westbrook Manufacturing BV,westbrook-manufacturing.example,Manufacturing,11-50,NL,Utrecht,£1m-£10m,2018,Bootstrapped,Salesforce,£5k-£25k,"[""Google Ads"", ""LinkedIn Ads""]",True,2
Moorland Haulage Ltd,moorland-haulage.example,Logistics,201-1000,UK,Edinburgh,£50m-£250m,2018,Series C+,Salesforce,£5k-£25k,"[""Google Ads"", ""LinkedIn Ads""]",True,15
Driftwood Health Ltd,driftwood-health.example,Healthcare,1-10,UK,Leeds,under £1m,2003,Seed,Spreadsheet,under £5k,"[""Google Ads""]",False,0
Juniper Outfitters Inc,juniper-outfitters.example,Retail,201-1000,US,Austin,£50m-£250m,2007,Series B,Pipedrive,£25k-£100k,"[""Google Ads"", ""LinkedIn Ads"", ""Microsoft Ads""]",True,21
Juniper Logistics Ltd,juniper-logistics.example,Logistics,11-50,UK,Edinburgh,£10m-£50m,2019,Bootstrapped,Salesforce,£5k-£25k,"[""LinkedIn Ads"", ""Meta Ads""]",False,0
Ivywood Digital BV,ivywood-digital.example,Software,1000+,NL,Utrecht,£250m+,1976,Public,Salesforce,£25k-£100k,"[""Google Ads"", ""LinkedIn Ads"", ""Meta Ads""]",True,92
Ashford Lending BV,ashford-lending.example,Financial services,51-200,NL,Amsterdam,£10m-£50m,2024,Bootstrapped,HubSpot,£5k-£25k,"[""LinkedIn Ads"", ""Meta Ads""]",False,0
Emberly Medical Inc,emberly-medical.example,Healthcare,11-50,US,Chicago,under £1m,2024,Series A,HubSpot,under £5k,"[""Microsoft Ads""]",False,0
Highgate Market GmbH,highgate-market.example,Retail,11-50,DE,Frankfurt,under £1m,2017,Bootstrapped,Salesforce,under £5k,"[""Meta Ads""]",True,4
Valley Medical BV,valley-medical.example,Healthcare,51-200,NL,Utrecht,£10m-£50m,2013,Bootstrapped,Salesforce,£5k-£25k,"[""Meta Ads"", ""TikTok Ads""]",False,0
Tamarind Insurance SAS,tamarind-insurance.example,Financial services,201-1000,FR,Lille,£10m-£50m,2008,Series C+,Salesforce,£100k+,"[""Google Ads"", ""LinkedIn Ads"", ""Meta Ads"", ""TikTok Ads""]",True,21
Pebble Finance BV,pebble-finance.example,Financial services,11-50,NL,Utrecht,£1m-£10m,2023,Seed,Pipedrive,under £5k,"[""Meta Ads""]",True,5
Granite Academy GmbH,granite-academy.example,Education,1-10,DE,Munich,under £1m,2019,Bootstrapped,Pipedrive,under £5k,"[""Meta Ads""]",False,0
Nimbus Shipping Inc,nimbus-shipping.example,Logistics,11-50,US,Boston,£1m-£10m,1998,Seed,Pipedrive,£25k-£100k,"[""LinkedIn Ads"", ""Meta Ads"", ""Microsoft Ads""]",False,0
Driftwood Manufacturing Ltd,driftwood-manufacturing.example,Manufacturing,11-50,UK,Edinburgh,£1m-£10m,2016,Series A,HubSpot,none,[],True,4
Harbour Lending Ltd,harbour-lending.example,Financial services,51-200,UK,Manchester,£50m-£250m,1997,Bootstrapped,HubSpot,£100k+,"[""Google Ads"", ""LinkedIn Ads"", ""Meta Ads"", ""Microsoft Ads""]",False,0
Rosewood Transport Ltd,rosewood-transport.example,Logistics,1-10,UK,Leeds,under £1m,2001,Bootstrapped,HubSpot,under £5k,"[""LinkedIn Ads""]",False,0
Vantage Consulting Inc,vantage-consulting.example,Professional services,11-50,US,New York,£1m-£10m,1998,Seed,HubSpot,none,[],False,0
Westbrook Recruitment Inc,westbrook-recruitment.example,Professional services,201-1000,US,New York,£50m-£250m,1987,Series C+,Salesforce,£25k-£100k,"[""Google Ads"", ""Meta Ads"", ""Microsoft Ads""]",True,19
Saltmarsh Lending GmbH,saltmarsh-lending.example,Financial services,11-50,DE,Hamburg,£10m-£50m,2007,Bootstrapped,Pipedrive,under £5k,"[""Microsoft Ads""]",False,0
Aurora Training Ltd,aurora-training.example,Education,201-1000,UK,Manchester,£50m-£250m,2024,Public,Salesforce,£5k-£25k,"[""LinkedIn Ads"", ""Meta Ads""]",False,0
Quayside Clinics Ltd,quayside-clinics.example,Healthcare,51-200,UK,Manchester,£10m-£50m,2001,Series B,Pipedrive,£25k-£100k,"[""Google Ads"", ""Meta Ads"", ""Microsoft Ads""]",True,7
Northwind Works Ltd,northwind-works.example,Manufacturing,51-200,UK,Birmingham,£10m-£50m,2007,Bootstrapped,HubSpot,under £5k,"[""Google Ads""]",False,0
Juniper Works Ltd,juniper-works.example,Manufacturing,1000+,UK,London,£250m+,2014,Public,Salesforce,£5k-£25k,"[""LinkedIn Ads"", ""Microsoft Ads""]",False,0
Ashford Data Ltd,ashford-data.example,Software,11-50,UK,Edinburgh,£1m-£10m,2008,Series A,Pipedrive,£25k-£100k,"[""LinkedIn Ads"", ""Microsoft Ads"", ""TikTok Ads""]",False,0
Keystone Training Ltd,keystone-training.example,Education,11-50,UK,London,£10m-£50m,2007,Seed,Salesforce,£25k-£100k,"[""Google Ads"", ""Meta Ads"", ""Microsoft Ads""]",True,6
Pennine Tutors BV,pennine-tutors.example,Education,1-10,NL,Eindhoven,under £1m,1995,Seed,HubSpot,under £5k,"[""Meta Ads""]",False,0
Stonebridge Tutors SAS,stonebridge-tutors.example,Education,201-1000,FR,Paris,£50m-£250m,1965,Series B,Salesforce,under £5k,"[""TikTok Ads""]",False,0
Riverside Education SAS,riverside-education.example,Education,1-10,FR,Paris,under £1m,2017,Seed,Pipedrive,none,[],False,0
Evergreen Haulage SAS,evergreen-haulage.example,Logistics,1-10,FR,Lille,under £1m,2019,Bootstrapped,Spreadsheet,none,[],False,0
Beacon Transport Inc,beacon-transport.example,Logistics,1-10,US,San Francisco,under £1m,2018,Bootstrapped,HubSpot,none,[],True,1
Oakridge Associates SAS,oakridge-associates.example,Professional services,51-200,FR,Lyon,£10m-£50m,2005,Series A,Salesforce,£5k-£25k,"[""LinkedIn Ads"", ""Microsoft Ads""]",False,0
Vantage Care Ltd,vantage-care.example,Healthcare,11-50,UK,Manchester,under £1m,2004,Series A,HubSpot,£5k-£25k,"[""LinkedIn Ads"", ""Meta Ads""]",False,0
Elmstead Clinics Inc,elmstead-clinics.example,Healthcare,1000+,US,Austin,£250m+,1967,Private equity,Salesforce,£25k-£100k,"[""Google Ads"", ""Meta Ads"", ""Microsoft Ads""]",False,0
Nettlefield Associates Inc,nettlefield-associates.example,Professional services,1-10,US,San Francisco,under £1m,1998,Bootstrapped,Spreadsheet,under £5k,"[""Microsoft Ads""]",False,0
Fernhill Insurance SAS,fernhill-insurance.example,Financial services,1000+,FR,Paris,£250m+,2001,Private equity,HubSpot,£25k-£100k,"[""Google Ads"", ""LinkedIn Ads"", ""Microsoft Ads""]",True,62
Silverline Legal Inc,silverline-legal.example,Professional services,11-50,US,Austin,£1m-£10m,2004,Seed,HubSpot,under £5k,"[""Meta Ads""]",False,0
Pebble Goods Ltd,pebble-goods.example,Retail,51-200,UK,Edinburgh,£10m-£50m,2009,Bootstrapped,HubSpot,under £5k,"[""Google Ads""]",True,7
Driftwood College BV,driftwood-college.example,Education,11-50,NL,Amsterdam,£1m-£10m,2024,Bootstrapped,HubSpot,£5k-£25k,"[""Google Ads"", ""Meta Ads""]",True,6
Stonebridge Goods Inc,stonebridge-goods.example,Retail,51-200,US,San Francisco,£10m-£50m,2023,Bootstrapped,No CRM,£25k-£100k,"[""Google Ads"", ""Meta Ads"", ""TikTok Ads""]",True,8
Glenmoor Wealth BV,glenmoor-wealth.example,Financial services,201-1000,NL,Utrecht,£250m+,1971,Series C+,HubSpot,£5k-£25k,"[""Google Ads"", ""Meta Ads""]",True,22
Cobalt Couriers SAS,cobalt-couriers.example,Logistics,11-50,FR,Lyon,£1m-£10m,2014,Bootstrapped,Spreadsheet,under £5k,"[""Google Ads""]",False,0
Nettlefield Haulage SAS,nettlefield-haulage.example,Logistics,11-50,FR,Lille,£1m-£10m,1995,Series A,HubSpot,under £5k,"[""Meta Ads""]",True,4
Clearwater Insurance SAS,clearwater-insurance.example,Financial services,1-10,FR,Lille,under £1m,2012,Bootstrapped,Spreadsheet,under £5k,"[""Google Ads""]",True,2
Norfolk Components GmbH,norfolk-components.example,Manufacturing,201-1000,DE,Berlin,£250m+,2014,Series B,Salesforce,£5k-£25k,"[""Google Ads"", ""Meta Ads""]",True,23
Thornbury Industries Inc,thornbury-industries.example,Manufacturing,11-50,US,Chicago,£1m-£10m,2008,Bootstrapped,Spreadsheet,£5k-£25k,"[""Google Ads"", ""Meta Ads""]",False,0
Ironbridge Capital BV,ironbridge-capital.example,Financial services,1-10,NL,Utrecht,under £1m,2016,Bootstrapped,Spreadsheet,none,[],False,0
Orchard Learning Ltd,orchard-learning.example,Education,51-200,UK,Edinburgh,£10m-£50m,2000,Bootstrapped,HubSpot,£100k+,"[""Google Ads"", ""LinkedIn Ads"", ""Meta Ads"", ""Microsoft Ads""]",True,9
Foxglove College Ltd,foxglove-college.example,Education,1000+,UK,Leeds,£250m+,2016,Series C+,Salesforce,£25k-£100k,"[""Google Ads"", ""LinkedIn Ads"", ""Microsoft Ads""]",False,0
Lindenwood Dental Inc,lindenwood-dental.example,Healthcare,51-200,US,Boston,£10m-£50m,2003,Bootstrapped,HubSpot,£5k-£25k,"[""Google Ads"", ""Meta Ads""]",True,5
Nimbus Freight GmbH,nimbus-freight.example,Logistics,1000+,DE,Berlin,£50m-£250m,2001,Series C+,Salesforce,£25k-£100k,"[""Google Ads"", ""LinkedIn Ads"", ""Meta Ads""]",True,61
Lantern Advisory GmbH,lantern-advisory.example,Professional services,11-50,DE,Hamburg,£1m-£10m,1998,Seed,HubSpot,under £5k,"[""Meta Ads""]",False,0
Marigold Dental GmbH,marigold-dental.example,Healthcare,1-10,DE,Hamburg,under £1m,1998,Bootstrapped,Spreadsheet,none,[],True,4
Ivywood Legal SAS,ivywood-legal.example,Professional services,11-50,FR,Lille,£1m-£10m,1999,Bootstrapped,Pipedrive,£5k-£25k,"[""Google Ads"", ""Meta Ads""]",True,5
Cobalt Manufacturing Inc,cobalt-manufacturing.example,Manufacturing,11-50,US,Chicago,£1m-£10m,2006,Series A,HubSpot,none,[],False,0
Clearwater Partners Ltd,clearwater-partners.example,Financial services,1-10,UK,Bristol,under £1m,2015,Bootstrapped,Spreadsheet,none,[],False,0
Heron Pharma SAS,heron-pharma.example,Healthcare,51-200,FR,Toulouse,£50m-£250m,2021,Series C+,No CRM,under £5k,"[""TikTok Ads""]",False,0
Upland Cloud Ltd,upland-cloud.example,Software,51-200,UK,Edinburgh,£10m-£50m,1996,Series B,Salesforce,£25k-£100k,"[""Google Ads"", ""LinkedIn Ads"", ""Meta Ads""]",False,0
Keystone College Inc,keystone-college.example,Education,11-50,US,New York,£1m-£10m,2007,Bootstrapped,HubSpot,£5k-£25k,"[""Google Ads"", ""Meta Ads""]",True,8
Stonebridge Market Inc,stonebridge-market.example,Retail,11-50,US,Austin,£1m-£10m,2012,Bootstrapped,Pipedrive,under £5k,"[""Google Ads""]",False,0
Ashford Partners Ltd,ashford-partners.example,Financial services,1-10,UK,Edinburgh,under £1m,2001,Seed,Spreadsheet,under £5k,"[""Microsoft Ads""]",False,0
Alder College SAS,alder-college.example,Education,51-200,FR,Paris,£10m-£50m,2022,Bootstrapped,Pipedrive,£5k-£25k,"[""Google Ads"", ""Microsoft Ads""]",False,0
Ironbridge Components Inc,ironbridge-components.example,Manufacturing,1-10,US,Austin,under £1m,2022,Seed,Pipedrive,£5k-£25k,"[""LinkedIn Ads"", ""Meta Ads""]",True,2
Vantage Health Inc,vantage-health.example,Healthcare,1-10,US,Austin,under £1m,2014,Bootstrapped,HubSpot,under £5k,"[""Microsoft Ads""]",True,3
Marigold Transport BV,marigold-transport.example,Logistics,51-200,NL,Rotterdam,£10m-£50m,2007,Series A,HubSpot,£5k-£25k,"[""Meta Ads"", ""Microsoft Ads""]",False,0
Norfolk Advisory Inc,norfolk-advisory.example,Professional services,51-200,US,Chicago,£10m-£50m,2020,Series C+,Spreadsheet,under £5k,"[""Google Ads""]",False,0
Elmstead Industries Inc,elmstead-industries.example,Manufacturing,11-50,US,Chicago,£1m-£10m,1997,Series A,No CRM,£5k-£25k,"[""Google Ads"", ""Meta Ads""]",False,0
Quayside Works Inc,quayside-works.example,Manufacturing,1-10,US,Austin,under £1m,2001,Bootstrapped,HubSpot,£5k-£25k,"[""Meta Ads"", ""Microsoft Ads""]",False,0
Nimbus Couriers Ltd,nimbus-couriers.example,Logistics,11-50,UK,London,£1m-£10m,2007,Series B,Spreadsheet,£25k-£100k,"[""Google Ads"", ""LinkedIn Ads"", ""Meta Ads""]",False,0
Saltmarsh Consulting Ltd,saltmarsh-consulting.example,Professional services,1-10,UK,Birmingham,under £1m,2014,Bootstrapped,HubSpot,under £5k,"[""LinkedIn Ads""]",False,0
Ironbridge Market Ltd,ironbridge-market.example,Retail,11-50,UK,Edinburgh,£1m-£10m,2002,Bootstrapped,Spreadsheet,£5k-£25k,"[""Google Ads"", ""LinkedIn Ads""]",True,4
Ironbridge Insurance Ltd,ironbridge-insurance.example,Financial services,11-50,UK,Leeds,£1m-£10m,1999,Bootstrapped,Spreadsheet,£25k-£100k,"[""LinkedIn Ads"", ""Meta Ads"", ""Microsoft Ads""]",True,6
Lindenwood Capital Ltd,lindenwood-capital.example,Financial services,201-1000,UK,Birmingham,£50m-£250m,2005,Series B,Salesforce,£25k-£100k,"[""Google Ads"", ""LinkedIn Ads"", ""Microsoft Ads""]",True,16
Bramble Digital Ltd,bramble-digital.example,Software,201-1000,UK,Birmingham,£50m-£250m,1973,Series B,Salesforce,£25k-£100k,"[""Google Ads"", ""LinkedIn Ads"", ""Meta Ads""]",True,16
Falcon Tutors SAS,falcon-tutors.example,Education,1000+,FR,Lyon,£250m+,1972,Private equity,Salesforce,£25k-£100k,"[""Google Ads"", ""LinkedIn Ads"", ""Microsoft Ads""]",False,0
Quayside Training Ltd,quayside-training.example,Education,11-50,UK,Manchester,£1m-£10m,2007,Seed,HubSpot,under £5k,"[""Google Ads""]",False,0
Ashford Dental Inc,ashford-dental.example,Healthcare,11-50,US,Seattle,£1m-£10m,2011,Bootstrapped,No CRM,£5k-£25k,"[""Google Ads"", ""Meta Ads""]",False,0
Foxglove Labs Ltd,foxglove-labs.example,Software,51-200,UK,Leeds,£10m-£50m,2008,Bootstrapped,Salesforce,under £5k,"[""Meta Ads""]",True,14
Hawthorn Dental Ltd,hawthorn-dental.example,Healthcare,201-1000,UK,Leeds,£50m-£250m,2016,Series B,Spreadsheet,£25k-£100k,"[""Google Ads"", ""LinkedIn Ads"", ""TikTok Ads""]",True,17
Greystone Lending Ltd,greystone-lending.example,Financial services,1-10,UK,Leeds,under £1m,2009,Bootstrapped,Pipedrive,under £5k,"[""Google Ads""]",False,0
Dovecote Outfitters Inc,dovecote-outfitters.example,Retail,11-50,US,New York,£1m-£10m,2022,Bootstrapped,HubSpot,£5k-£25k,"[""Google Ads"", ""Meta Ads""]",False,0
Glenmoor Software Ltd,glenmoor-software.example,Software,11-50,UK,Manchester,under £1m,2001,Bootstrapped,Spreadsheet,none,[],False,0
Stonebridge Transport GmbH,stonebridge-transport.example,Logistics,1-10,DE,Berlin,under £1m,2011,Seed,No CRM,under £5k,"[""LinkedIn Ads""]",True,2
Kestrel Systems SAS,kestrel-systems.example,Software,11-50,FR,Paris,£1m-£10m,2007,Series A,Salesforce,none,[],False,0
Nimbus Retail BV,nimbus-retail.example,Retail,51-200,NL,Amsterdam,£10m-£50m,2020,Bootstrapped,Spreadsheet,£5k-£25k,"[""Google Ads"", ""Meta Ads""]",False,0
Pebble Training GmbH,pebble-training.example,Education,1000+,DE,Munich,£250m+,1991,Private equity,HubSpot,£100k+,"[""Google Ads"", ""Meta Ads"", ""Microsoft Ads"", ""TikTok Ads""]",False,0
Pinecrest Medical Ltd,pinecrest-medical.example,Healthcare,201-1000,UK,Bristol,£50m-£250m,2021,Series A,No CRM,£100k+,"[""Google Ads"", ""LinkedIn Ads"", ""Meta Ads"", ""TikTok Ads""]",True,12
Pennine Learning GmbH,pennine-learning.example,Education,51-200,DE,Hamburg,£1m-£10m,2024,Series B,Pipedrive,none,[],False,0
Inkwell Goods Inc,inkwell-goods.example,Retail,51-200,US,New York,£10m-£50m,2021,Series A,Salesforce,£5k-£25k,"[""LinkedIn Ads"", ""Meta Ads""]",True,6
Pennine Goods BV,pennine-goods.example,Retail,1-10,NL,Rotterdam,under £1m,1997,Bootstrapped,No CRM,under £5k,"[""Google Ads""]",False,0
Redwood Couriers Ltd,redwood-couriers.example,Logistics,1-10,UK,London,under £1m,1995,Seed,No CRM,under £5k,"[""Google Ads""]",False,0
Willow Advisory SAS,willow-advisory.example,Professional services,11-50,FR,Lyon,£10m-£50m,1997,Seed,HubSpot,£5k-£25k,"[""Google Ads"", ""TikTok Ads""]",False,0
Lindenwood Outfitters Inc,lindenwood-outfitters.example,Retail,1-10,US,Austin,under £1m,2023,Seed,HubSpot,under £5k,"[""Google Ads""]",False,0
Fernhill Transport Ltd,fernhill-transport.example,Logistics,11-50,UK,Edinburgh,£1m-£10m,2013,Seed,No CRM,under £5k,"[""Microsoft Ads""]",False,0
Silverline Haulage Inc,silverline-haulage.example,Logistics,11-50,US,Seattle,under £1m,2008,Seed,HubSpot,£5k-£25k,"[""LinkedIn Ads"", ""Microsoft Ads""]",True,6
Westbrook Market Inc,westbrook-market.example,Retail,11-50,US,Boston,£1m-£10m,2010,Bootstrapped,No CRM,under £5k,"[""Google Ads""]",False,0
Vantage Systems Inc,vantage-systems.example,Software,1-10,US,New York,under £1m,2017,Bootstrapped,HubSpot,none,[],True,2
Kingsway Industries Inc,kingsway-industries.example,Manufacturing,1-10,US,Chicago,under £1m,2019,Bootstrapped,HubSpot,under £5k,"[""LinkedIn Ads""]",False,0
Granite Systems GmbH,granite-systems.example,Software,11-50,DE,Hamburg,£1m-£10m,1995,Series A,HubSpot,£5k-£25k,"[""Google Ads"", ""Meta Ads""]",False,0
Emberly Retail SAS,emberly-retail.example,Retail,1-10,FR,Toulouse,under £1m,2021,Bootstrapped,Spreadsheet,under £5k,"[""Google Ads""]",False,0
Moorland Learning Ltd,moorland-learning.example,Education,11-50,UK,Manchester,under £1m,1997,Bootstrapped,HubSpot,£5k-£25k,"[""Google Ads"", ""Meta Ads""]",False,0
Bluebell Learning SAS,bluebell-learning.example,Education,11-50,FR,Paris,£1m-£10m,2019,Series A,Salesforce,none,[],False,0
Ironbridge Wealth Inc,ironbridge-wealth.example,Financial services,1-10,US,Austin,under £1m,2008,Bootstrapped,No CRM,£5k-£25k,"[""LinkedIn Ads"", ""Meta Ads""]",True,4
Quayside Market SAS,quayside-market.example,Retail,1-10,FR,Paris,under £1m,2021,Bootstrapped,No CRM,none,[],False,0
Harbour College Ltd,harbour-college.example,Education,11-50,UK,Birmingham,£1m-£10m,2001,Series A,Spreadsheet,£5k-£25k,"[""Google Ads"", ""Meta Ads""]",False,0
Valley Accountants SAS,valley-accountants.example,Professional services,1-10,FR,Paris,under £1m,2013,Bootstrapped,Spreadsheet,none,[],False,0
Tidewater Trading SAS,tidewater-trading.example,Retail,1-10,FR,Lille,under £1m,2016,Bootstrapped,Spreadsheet,none,[],True,1
Umber Retail Inc,umber-retail.example,Retail,11-50,US,Boston,£10m-£50m,2006,Seed,Pipedrive,under £5k,"[""TikTok Ads""]",True,2
Thornbury Lending Ltd,thornbury-lending.example,Financial services,1-10,UK,Manchester,under £1m,2022,Seed,HubSpot,under £5k,"[""Google Ads""]",False,0
Oldfield Goods Inc,oldfield-goods.example,Retail,51-200,US,Seattle,£10m-£50m,2012,Series B,Salesforce,under £5k,"[""Meta Ads""]",False,0
Ashford Clinics BV,ashford-clinics.example,Healthcare,1-10,NL,Eindhoven,under £1m,2011,Bootstrapped,Salesforce,none,[],False,0
Lindenwood Logistics Ltd,lindenwood-logistics.example,Logistics,51-200,UK,London,£10m-£50m,1999,Series C+,Salesforce,£25k-£100k,"[""Google Ads"", ""Microsoft Ads"", ""TikTok Ads""]",True,9
Willow Manufacturing BV,willow-manufacturing.example,Manufacturing,201-1000,NL,Eindhoven,£50m-£250m,1978,Bootstrapped,HubSpot,£25k-£100k,"[""Google Ads"", ""Meta Ads"", ""TikTok Ads""]",True,19
Norfolk Academy BV,norfolk-academy.example,Education,201-1000,NL,Utrecht,£50m-£250m,2006,Series B,Salesforce,£25k-£100k,"[""Google Ads"", ""Meta Ads"", ""Microsoft Ads""]",True,18
Quayside Finance Inc,quayside-finance.example,Financial services,51-200,US,Seattle,£10m-£50m,2017,Bootstrapped,Spreadsheet,none,[],True,10
Orchard Clinics Inc,orchard-clinics.example,Healthcare,201-1000,US,Chicago,£250m+,1972,Series C+,Salesforce,under £5k,"[""LinkedIn Ads""]",True,16
Pebble Tutors GmbH,pebble-tutors.example,Education,51-200,DE,Munich,£10m-£50m,1997,Bootstrapped,HubSpot,£5k-£25k,"[""LinkedIn Ads"", ""Microsoft Ads""]",False,0
Kestrel Retail Ltd,kestrel-retail.example,Retail,1000+,UK,Bristol,£250m+,1993,Bootstrapped,HubSpot,£5k-£25k,"[""Google Ads"", ""Meta Ads""]",False,0
Cobalt Insurance Inc,cobalt-insurance.example,Financial services,11-50,US,Chicago,£1m-£10m,2014,Seed,Spreadsheet,none,[],False,0
Aurora Market SAS,aurora-market.example,Retail,51-200,FR,Lille,£10m-£50m,2011,Bootstrapped,HubSpot,£5k-£25k,"[""Google Ads"", ""Meta Ads""]",False,0
Zephyr Associates Inc,zephyr-associates.example,Professional services,1000+,US,New York,£250m+,2006,Series C+,Salesforce,£100k+,"[""Google Ads"", ""LinkedIn Ads"", ""Meta Ads"", ""Microsoft Ads""]",True,68
Harbour Trading GmbH,harbour-trading.example,Retail,11-50,DE,Hamburg,£1m-£10m,1996,Bootstrapped,Spreadsheet,£5k-£25k,"[""Google Ads"", ""LinkedIn Ads""]",False,0
Quartz Consulting Ltd,quartz-consulting.example,Professional services,11-50,UK,Edinburgh,£1m-£10m,1998,Bootstrapped,Spreadsheet,under £5k,"[""Meta Ads""]",False,0
Westbrook Accountants Ltd,westbrook-accountants.example,Professional services,11-50,UK,Edinburgh,£1m-£10m,2003,Bootstrapped,HubSpot,£5k-£25k,"[""Google Ads"", ""Meta Ads""]",True,4
Oldfield Transport Ltd,oldfield-transport.example,Logistics,51-200,UK,Edinburgh,£10m-£50m,1995,Bootstrapped,HubSpot,none,[],True,12
Hawthorn Learning Inc,hawthorn-learning.example,Education,11-50,US,Austin,£1m-£10m,1997,Series B,HubSpot,none,[],False,0
Alder Trading Inc,alder-trading.example,Retail,11-50,US,San Francisco,£1m-£10m,2007,Seed,Spreadsheet,£5k-£25k,"[""Google Ads"", ""LinkedIn Ads""]",True,3
Silverline Industries BV,silverline-industries.example,Manufacturing,201-1000,NL,Amsterdam,£50m-£250m,1981,Private equity,Spreadsheet,£100k+,"[""Google Ads"", ""Meta Ads"", ""Microsoft Ads"", ""TikTok Ads""]",True,22
Pennine Stores Ltd,pennine-stores.example,Retail,1-10,UK,Birmingham,under £1m,2007,Bootstrapped,No CRM,under £5k,"[""Meta Ads""]",True,3
Fernhill Recruitment Ltd,fernhill-recruitment.example,Professional services,51-200,UK,Leeds,£10m-£50m,2023,Series B,Pipedrive,£5k-£25k,"[""Google Ads"", ""LinkedIn Ads""]",False,0
Riverside Dental Inc,riverside-dental.example,Healthcare,1-10,US,Seattle,£1m-£10m,2020,Bootstrapped,HubSpot,none,[],False,0
Greystone Couriers Ltd,greystone-couriers.example,Logistics,11-50,UK,Bristol,£1m-£10m,2007,Bootstrapped,Pipedrive,none,[],True,3
Northwind Engineering Inc,northwind-engineering.example,Manufacturing,51-200,US,Austin,£10m-£50m,2014,Series B,Salesforce,£25k-£100k,"[""Google Ads"", ""LinkedIn Ads"", ""Meta Ads""]",True,8
Vantage Software Inc,vantage-software.example,Software,201-1000,US,Chicago,£50m-£250m,1995,Bootstrapped,Spreadsheet,£5k-£25k,"[""LinkedIn Ads"", ""Microsoft Ads""]",False,0
Oldfield Associates Inc,oldfield-associates.example,Professional services,201-1000,US,San Francisco,£50m-£250m,2015,Bootstrapped,Salesforce,£5k-£25k,"[""Google Ads"", ""LinkedIn Ads""]",True,23
Zephyr Systems Ltd,zephyr-systems.example,Software,51-200,UK,London,£10m-£50m,2015,Series B,Salesforce,none,[],False,0
Falcon Academy Ltd,falcon-academy.example,Education,11-50,UK,Leeds,£1m-£10m,1997,Seed,Spreadsheet,under £5k,"[""LinkedIn Ads""]",True,4
Lantern Market Ltd,lantern-market.example,Retail,1-10,UK,Manchester,under £1m,2017,Series A,HubSpot,none,[],False,0
Alder Associates Ltd,alder-associates.example,Professional services,201-1000,UK,London,£50m-£250m,2005,Series B,Salesforce,£25k-£100k,"[""Google Ads"", ""LinkedIn Ads"", ""Microsoft Ads""]",False,0
Evergreen Lending Ltd,evergreen-lending.example,Financial services,1-10,UK,Manchester,under £1m,1997,Bootstrapped,No CRM,none,[],True,1
Inkwell Trading SAS,inkwell-trading.example,Retail,51-200,FR,Toulouse,£50m-£250m,2014,Series A,Salesforce,under £5k,"[""Google Ads""]",True,11
Upland Couriers Ltd,upland-couriers.example,Logistics,1-10,UK,Edinburgh,under £1m,2009,Bootstrapped,HubSpot,none,[],False,0
Evergreen College SAS,evergreen-college.example,Education,1000+,FR,Paris,£250m+,1984,Public,Salesforce,£5k-£25k,"[""Meta Ads"", ""Microsoft Ads""]",True,66
Riverside Advisory Ltd,riverside-advisory.example,Professional services,11-50,UK,London,£1m-£10m,1996,Seed,HubSpot,under £5k,"[""Meta Ads""]",False,0
Norfolk Works Inc,norfolk-works.example,Manufacturing,51-200,US,Chicago,£10m-£50m,2018,Series A,Pipedrive,£5k-£25k,"[""LinkedIn Ads"", ""Meta Ads""]",False,0
Marigold Training Ltd,marigold-training.example,Education,1-10,UK,Bristol,£1m-£10m,2007,Seed,HubSpot,under £5k,"[""LinkedIn Ads""]",False,0
Redwood Goods Ltd,redwood-goods.example,Retail,51-200,UK,Manchester,£10m-£50m,2017,Bootstrapped,HubSpot,£5k-£25k,"[""Google Ads"", ""Microsoft Ads""]",False,0
Greystone Trading Inc,greystone-trading.example,Retail,11-50,US,San Francisco,£1m-£10m,2005,Series A,HubSpot,£25k-£100k,"[""Google Ads"", ""LinkedIn Ads"", ""Meta Ads""]",True,6
Larkspur Recruitment Ltd,larkspur-recruitment.example,Professional services,1-10,UK,Bristol,under £1m,2016,Bootstrapped,Spreadsheet,none,[],False,0
Fernhill Software Inc,fernhill-software.example,Software,11-50,US,Chicago,£1m-£10m,1996,Bootstrapped,HubSpot,none,[],True,3
Tamarind Training Inc,tamarind-training.example,Education,11-50,US,Chicago,under £1m,2012,Bootstrapped,Spreadsheet,under £5k,"[""Meta Ads""]",False,0
Zephyr Consulting GmbH,zephyr-consulting.example,Professional services,201-1000,DE,Hamburg,£50m-£250m,1994,Bootstrapped,HubSpot,£100k+,"[""Google Ads"", ""LinkedIn Ads"", ""Meta Ads"", ""TikTok Ads""]",True,24
Harbour Industries Inc,harbour-industries.example,Manufacturing,11-50,US,Austin,£1m-£10m,2001,Series A,Salesforce,under £5k,"[""Google Ads""]",True,4
Yarrow Industries Inc,yarrow-industries.example,Manufacturing,1-10,US,San Francisco,under £1m,2024,Seed,Pipedrive,under £5k,"[""Google Ads""]",False,0
Highgate Industries Ltd,highgate-industries.example,Manufacturing,51-200,UK,Birmingham,£10m-£50m,2018,Bootstrapped,Pipedrive,£5k-£25k,"[""Google Ads"", ""Meta Ads""]",False,0
Moorland Wealth BV,moorland-wealth.example,Financial services,201-1000,NL,Amsterdam,£50m-£250m,2016,Series C+,Salesforce,£5k-£25k,"[""Google Ads"", ""Meta Ads""]",True,25
Tidewater Cloud BV,tidewater-cloud.example,Software,51-200,NL,Rotterdam,£10m-£50m,1997,Series A,HubSpot,£100k+,"[""Google Ads"", ""LinkedIn Ads"", ""Meta Ads"", ""Microsoft Ads""]",False,0
Cobalt Legal Inc,cobalt-legal.example,Professional services,11-50,US,Austin,£1m-£10m,2004,Series A,Salesforce,none,[],True,7
Pinecrest Freight Ltd,pinecrest-freight.example,Logistics,11-50,UK,Bristol,£1m-£10m,2009,Bootstrapped,Salesforce,none,[],False,0
Evergreen Components Ltd,evergreen-components.example,Manufacturing,1-10,UK,Edinburgh,under £1m,2006,Bootstrapped,HubSpot,under £5k,"[""Google Ads""]",True,2
Lantern Legal GmbH,lantern-legal.example,Professional services,11-50,DE,Frankfurt,£1m-£10m,2010,Series A,HubSpot,£5k-£25k,"[""Google Ads"", ""Meta Ads""]",True,3
Evergreen Stores Ltd,evergreen-stores.example,Retail,11-50,UK,Leeds,£1m-£10m,2007,Bootstrapped,HubSpot,under £5k,"[""LinkedIn Ads""]",True,7
Northwind Software BV,northwind-software.example,Software,51-200,NL,Amsterdam,£10m-£50m,2023,Bootstrapped,HubSpot,£25k-£100k,"[""Google Ads"", ""LinkedIn Ads"", ""Microsoft Ads""]",True,6
Heron Partners Ltd,heron-partners.example,Financial services,1-10,UK,Bristol,£1m-£10m,2000,Bootstrapped,HubSpot,under £5k,"[""Meta Ads""]",False,0
Foxglove Manufacturing Ltd,foxglove-manufacturing.example,Manufacturing,11-50,UK,Leeds,£1m-£10m,2004,Seed,HubSpot,£5k-£25k,"[""LinkedIn Ads"", ""Meta Ads""]",False,0
Falcon Outfitters Ltd,falcon-outfitters.example,Retail,1-10,UK,Birmingham,under £1m,2014,Bootstrapped,Spreadsheet,under £5k,"[""Google Ads""]",True,2
Dovecote Logistics Ltd,dovecote-logistics.example,Logistics,201-1000,UK,Bristol,£50m-£250m,1990,Series B,Salesforce,none,[],True,20
Dunmore Wealth Ltd,dunmore-wealth.example,Financial services,201-1000,UK,Leeds,£10m-£50m,1975,Public,No CRM,£25k-£100k,"[""Google Ads"", ""Meta Ads"", ""TikTok Ads""]",False,0
Nimbus Training Inc,nimbus-training.example,Education,11-50,US,New York,£10m-£50m,2008,Bootstrapped,Spreadsheet,£5k-£25k,"[""Meta Ads"", ""Microsoft Ads""]",False,0
Orchard Wealth BV,orchard-wealth.example,Financial services,1-10,NL,Amsterdam,£1m-£10m,2004,Bootstrapped,HubSpot,none,[],True,3
Ivywood Lending Inc,ivywood-lending.example,Financial services,11-50,US,San Francisco,£1m-£10m,2006,Bootstrapped,HubSpot,under £5k,"[""Meta Ads""]",True,2
Marigold Finance Inc,marigold-finance.example,Financial services,51-200,US,Boston,£10m-£50m,2023,Series C+,Salesforce,£25k-£100k,"[""Google Ads"", ""LinkedIn Ads"", ""Meta Ads""]",False,0
Umber Recruitment Inc,umber-recruitment.example,Professional services,51-200,US,Boston,£10m-£50m,2020,Series B,Spreadsheet,£25k-£100k,"[""Google Ads"", ""Meta Ads"", ""TikTok Ads""]",True,13
Beacon Shipping Inc,beacon-shipping.example,Logistics,51-200,US,Seattle,£10m-£50m,2010,Bootstrapped,Spreadsheet,£25k-£100k,"[""Google Ads"", ""Meta Ads"", ""Microsoft Ads""]",True,4
Zephyr Shipping SAS,zephyr-shipping.example,Logistics,1000+,FR,Toulouse,£250m+,2005,Public,Salesforce,£25k-£100k,"[""Google Ads"", ""Meta Ads"", ""Microsoft Ads""]",True,71
Dunmore Systems Inc,dunmore-systems.example,Software,1-10,US,Boston,£1m-£10m,2018,Series A,Spreadsheet,under £5k,"[""Google Ads""]",False,0
Glenmoor Industries Inc,glenmoor-industries.example,Manufacturing,1-10,US,Boston,£1m-£10m,2023,Bootstrapped,Pipedrive,£5k-£25k,"[""Google Ads"", ""Microsoft Ads""]",False,0
Juniper Training BV,juniper-training.example,Education,11-50,NL,Rotterdam,£1m-£10m,1999,Series A,No CRM,under £5k,"[""Meta Ads""]",False,0
Northwind Recruitment Inc,northwind-recruitment.example,Professional services,11-50,US,Seattle,£1m-£10m,2017,Series A,Spreadsheet,none,[],False,0
Lindenwood Retail Inc,lindenwood-retail.example,Retail,201-1000,US,Chicago,£10m-£50m,1993,Series C+,Salesforce,£5k-£25k,"[""Google Ads"", ""Meta Ads""]",True,21
Greystone Stores Ltd,greystone-stores.example,Retail,51-200,UK,Bristol,£10m-£50m,2012,Series A,No CRM,£25k-£100k,"[""Google Ads"", ""LinkedIn Ads"", ""Meta Ads""]",True,6
Kestrel Health Ltd,kestrel-health.example,Healthcare,201-1000,UK,Birmingham,£50m-£250m,1981,Bootstrapped,Salesforce,£100k+,"[""Google Ads"", ""LinkedIn Ads"", ""Meta Ads"", ""Microsoft Ads""]",False,0
Fernhill Retail BV,fernhill-retail.example,Retail,11-50,NL,Amsterdam,£10m-£50m,2021,Bootstrapped,HubSpot,£25k-£100k,"[""Google Ads"", ""Meta Ads"", ""Microsoft Ads""]",False,0
Westbrook Partners Ltd,westbrook-partners.example,Financial services,201-1000,UK,Leeds,£50m-£250m,2003,Private equity,Salesforce,£25k-£100k,"[""Google Ads"", ""LinkedIn Ads"", ""Meta Ads""]",False,0
Nimbus Goods Inc,nimbus-goods.example,Retail,1-10,US,Chicago,under £1m,2005,Seed,HubSpot,under £5k,"[""Meta Ads""]",False,0
Tidewater Training Inc,tidewater-training.example,Education,1-10,US,New York,under £1m,2012,Bootstrapped,Pipedrive,none,[],False,0
Willow Finance Inc,willow-finance.example,Financial services,51-200,US,San Francisco,£10m-£50m,1999,Series B,HubSpot,£5k-£25k,"[""Google Ads"", ""Microsoft Ads""]",True,8
Upland Data Ltd,upland-data.example,Software,11-50,UK,Bristol,under £1m,1998,Bootstrapped,Spreadsheet,under £5k,"[""Google Ads""]",False,0
Aurora Cloud Inc,aurora-cloud.example,Software,201-1000,US,New York,£50m-£250m,1995,Bootstrapped,Salesforce,£5k-£25k,"[""Google Ads"", ""Microsoft Ads""]",True,25
Clearwater Accountants Ltd,clearwater-accountants.example,Professional services,1-10,UK,Bristol,£1m-£10m,2000,Bootstrapped,HubSpot,under £5k,"[""LinkedIn Ads""]",True,1
Westbrook Training Ltd,westbrook-training.example,Education,1-10,UK,Manchester,under £1m,2023,Bootstrapped,Spreadsheet,£5k-£25k,"[""Google Ads"", ""Microsoft Ads""]",False,0
Cedar Care Inc,cedar-care.example,Healthcare,11-50,US,Chicago,£1m-£10m,2014,Bootstrapped,HubSpot,under £5k,"[""Meta Ads""]",False,0
Foxglove Legal Ltd,foxglove-legal.example,Professional services,1-10,UK,Manchester,under £1m,1995,Seed,Spreadsheet,£5k-£25k,"[""Meta Ads"", ""TikTok Ads""]",False,0
Umber Wealth BV,umber-wealth.example,Financial services,1-10,NL,Eindhoven,under £1m,2017,Bootstrapped,Spreadsheet,under £5k,"[""Meta Ads""]",False,0
Pennine Finance SAS,pennine-finance.example,Financial services,1-10,FR,Lille,under £1m,2021,Bootstrapped,Spreadsheet,none,[],True,3
Tamarind Dental BV,tamarind-dental.example,Healthcare,11-50,NL,Amsterdam,£1m-£10m,1998,Bootstrapped,Pipedrive,£25k-£100k,"[""Google Ads"", ""LinkedIn Ads"", ""Microsoft Ads""]",True,3
Granite Insurance Inc,granite-insurance.example,Financial services,201-1000,US,San Francisco,£50m-£250m,1966,Series C+,HubSpot,£100k+,"[""Google Ads"", ""LinkedIn Ads"", ""Meta Ads"", ""Microsoft Ads""]",True,23
Norfolk Freight Ltd,norfolk-freight.example,Logistics,11-50,UK,Edinburgh,£1m-£10m,2011,Series A,Salesforce,under £5k,"[""Google Ads""]",True,3
Driftwood Wealth Ltd,driftwood-wealth.example,Financial services,51-200,UK,Edinburgh,£50m-£250m,2018,Bootstrapped,HubSpot,£25k-£100k,"[""Google Ads"", ""Meta Ads"", ""TikTok Ads""]",False,0
Nettlefield Market BV,nettlefield-market.example,Retail,1-10,NL,Eindhoven,under £1m,2022,Seed,HubSpot,none,[],False,0
Quartz Shipping Inc,quartz-shipping.example,Logistics,11-50,US,Austin,£1m-£10m,2011,Seed,Spreadsheet,none,[],False,0
Glenmoor Fabrication GmbH,glenmoor-fabrication.example,Manufacturing,1-10,DE,Frankfurt,under £1m,2007,Bootstrapped,HubSpot,under £5k,"[""LinkedIn Ads""]",True,2
Foxglove Digital Ltd,foxglove-digital.example,Software,51-200,UK,London,£10m-£50m,2020,Series A,Salesforce,£5k-£25k,"[""Meta Ads"", ""Microsoft Ads""]",True,8
Tamarind Academy Inc,tamarind-academy.example,Education,11-50,US,Chicago,£1m-£10m,2006,Bootstrapped,Pipedrive,under £5k,"[""Meta Ads""]",True,2
Pinecrest Data SAS,pinecrest-data.example,Software,11-50,FR,Lyon,£1m-£10m,1998,Seed,Salesforce,£25k-£100k,"[""Google Ads"", ""LinkedIn Ads"", ""Meta Ads""]",False,0
Nettlefield Consulting Inc,nettlefield-consulting.example,Professional services,11-50,US,New York,£1m-£10m,2019,Bootstrapped,Spreadsheet,£5k-£25k,"[""LinkedIn Ads"", ""Meta Ads""]",True,4
Larkspur Wealth GmbH,larkspur-wealth.example,Financial services,1-10,DE,Munich,under £1m,2002,Bootstrapped,Spreadsheet,£5k-£25k,"[""Google Ads"", ""Meta Ads""]",False,0
Clearwater Fabrication Inc,clearwater-fabrication.example,Manufacturing,51-200,US,Chicago,£10m-£50m,2019,Series A,HubSpot,under £5k,"[""Google Ads""]",True,8
Harbour Logistics SAS,harbour-logistics.example,Logistics,51-200,FR,Paris,£10m-£50m,2001,Bootstrapped,HubSpot,£25k-£100k,"[""Google Ads"", ""Meta Ads"", ""Microsoft Ads""]",True,7
Kestrel Finance SAS,kestrel-finance.example,Financial services,1-10,FR,Paris,under £1m,2020,Seed,Spreadsheet,none,[],True,2
Evergreen Learning SAS,evergreen-learning.example,Education,201-1000,FR,Toulouse,£50m-£250m,1967,Public,Salesforce,£100k+,"[""Google Ads"", ""Meta Ads"", ""Microsoft Ads"", ""TikTok Ads""]",False,0
Dovecote Medical Inc,dovecote-medical.example,Healthcare,11-50,US,San Francisco,£1m-£10m,2019,Seed,HubSpot,under £5k,"[""Meta Ads""]",False,0
Driftwood Training BV,driftwood-training.example,Education,1-10,NL,Amsterdam,£1m-£10m,1997,Bootstrapped,HubSpot,none,[],False,0
Kestrel Components Inc,kestrel-components.example,Manufacturing,1-10,US,Boston,under £1m,2020,Bootstrapped,Pipedrive,none,[],False,0
Yarrow Transport Inc,yarrow-transport.example,Logistics,1000+,US,New York,£250m+,1974,Public,Salesforce,none,[],True,70
Glenmoor Pharma Inc,glenmoor-pharma.example,Healthcare,1-10,US,Chicago,under £1m,2009,Seed,Pipedrive,none,[],False,0
Hawthorn Pharma BV,hawthorn-pharma.example,Healthcare,201-1000,NL,Utrecht,£50m-£250m,1970,Bootstrapped,Salesforce,£5k-£25k,"[""Google Ads"", ""LinkedIn Ads""]",True,17
Zephyr Insurance BV,zephyr-insurance.example,Financial services,1-10,NL,Rotterdam,under £1m,2017,Seed,HubSpot,under £5k,"[""Google Ads""]",False,0
Valley Health Inc,valley-health.example,Healthcare,51-200,US,Chicago,£1m-£10m,2003,Series A,Salesforce,none,[],False,0
Upland Academy Inc,upland-academy.example,Education,1-10,US,San Francisco,under £1m,2006,Series A,Pipedrive,none,[],True,1
Ashford Manufacturing Inc,ashford-manufacturing.example,Manufacturing,51-200,US,San Francisco,£10m-£50m,2022,Series A,HubSpot,under £5k,"[""Google Ads""]",True,4
Vantage Labs BV,vantage-labs.example,Software,1000+,NL,Amsterdam,£250m+,2021,Public,HubSpot,£25k-£100k,"[""Google Ads"", ""LinkedIn Ads"", ""Meta Ads""]",True,66
Nettlefield Training Ltd,nettlefield-training.example,Education,51-200,UK,Edinburgh,£10m-£50m,1996,Seed,HubSpot,under £5k,"[""Meta Ads""]",True,12
Harbour Digital GmbH,harbour-digital.example,Software,1-10,DE,Munich,under £1m,1998,Series A,Spreadsheet,none,[],True,1
Oldfield Retail Inc,oldfield-retail.example,Retail,11-50,US,Austin,£1m-£10m,2020,Seed,HubSpot,under £5k,"[""Google Ads""]",False,0
Oakridge Accountants SAS,oakridge-accountants.example,Professional services,201-1000,FR,Lyon,£50m-£250m,2003,Private equity,HubSpot,£5k-£25k,"[""Google Ads"", ""LinkedIn Ads""]",True,24
Rosewood Education SAS,rosewood-education.example,Education,11-50,FR,Paris,£1m-£10m,2020,Seed,Pipedrive,under £5k,"[""Google Ads""]",True,9
Cobalt Care Ltd,cobalt-care.example,Healthcare,1000+,UK,Edinburgh,£250m+,1976,Series B,Salesforce,£100k+,"[""Google Ads"", ""LinkedIn Ads"", ""Meta Ads"", ""TikTok Ads""]",True,56
Cobalt Market Inc,cobalt-market.example,Retail,51-200,US,San Francisco,£10m-£50m,2003,Bootstrapped,Spreadsheet,£5k-£25k,"[""Meta Ads"", ""Microsoft Ads""]",True,4
Redwood Learning GmbH,redwood-learning.example,Education,1000+,DE,Frankfurt,£250m+,2022,Public,Salesforce,£25k-£100k,"[""Google Ads"", ""Meta Ads"", ""TikTok Ads""]",False,0
Aurora Dental SAS,aurora-dental.example,Healthcare,51-200,FR,Lyon,£10m-£50m,2023,Bootstrapped,Salesforce,£5k-£25k,"[""Google Ads"", ""TikTok Ads""]",False,0
Glenmoor Couriers BV,glenmoor-couriers.example,Logistics,11-50,NL,Amsterdam,£1m-£10m,1996,Bootstrapped,HubSpot,under £5k,"[""Meta Ads""]",True,4
Oakridge Transport Ltd,oakridge-transport.example,Logistics,1-10,UK,Edinburgh,£1m-£10m,2004,Bootstrapped,No CRM,none,[],False,0
Bramble Outfitters Inc,bramble-outfitters.example,Retail,11-50,US,Austin,£1m-£10m,2022,Bootstrapped,No CRM,under £5k,"[""Google Ads""]",False,0
Cedar College GmbH,cedar-college.example,Education,201-1000,DE,Hamburg,£50m-£250m,2022,Series B,Salesforce,£25k-£100k,"[""Google Ads"", ""LinkedIn Ads"", ""Meta Ads""]",True,25
Jasper Dental Ltd,jasper-dental.example,Healthcare,11-50,UK,Bristol,£1m-£10m,2024,Bootstrapped,Spreadsheet,none,[],False,0
Aurora Academy Inc,aurora-academy.example,Education,201-1000,US,Seattle,£10m-£50m,2006,Series B,HubSpot,£5k-£25k,"[""Google Ads"", ""Microsoft Ads""]",False,0
Glenmoor Clinics GmbH,glenmoor-clinics.example,Healthcare,51-200,DE,Hamburg,£10m-£50m,2003,Series A,HubSpot,£25k-£100k,"[""Google Ads"", ""LinkedIn Ads"", ""Meta Ads""]",True,9
Clearwater Systems GmbH,clearwater-systems.example,Software,1-10,DE,Berlin,under £1m,2021,Bootstrapped,Spreadsheet,under £5k,"[""Meta Ads""]",False,0
Clearwater Lending Inc,clearwater-lending.example,Financial services,1-10,US,Seattle,under £1m,2019,Seed,Spreadsheet,under £5k,"[""Google Ads""]",False,0
Nettlefield Medical Inc,nettlefield-medical.example,Healthcare,11-50,US,New York,£1m-£10m,1996,Bootstrapped,Salesforce,none,[],False,0
Kingsway Care Inc,kingsway-care.example,Healthcare,11-50,US,Austin,£1m-£10m,2009,Series B,Salesforce,under £5k,"[""Google Ads""]",False,0
Kelvin Advisory BV,kelvin-advisory.example,Professional services,51-200,NL,Amsterdam,£10m-£50m,2000,Series A,HubSpot,£25k-£100k,"[""Google Ads"", ""LinkedIn Ads"", ""Microsoft Ads""]",True,6
Falcon Education Ltd,falcon-education.example,Education,201-1000,UK,London,£50m-£250m,1983,Series B,Salesforce,£25k-£100k,"[""Google Ads"", ""LinkedIn Ads"", ""Meta Ads""]",True,23
Alder Retail Ltd,alder-retail.example,Retail,11-50,UK,Manchester,£1m-£10m,2007,Bootstrapped,HubSpot,none,[],True,3
Orchard Outfitters Inc,orchard-outfitters.example,Retail,1-10,US,Austin,under £1m,2018,Series A,HubSpot,none,[],False,0
Ivywood Logistics Inc,ivywood-logistics.example,Logistics,51-200,US,San Francisco,£10m-£50m,2006,Bootstrapped,HubSpot,£100k+,"[""Google Ads"", ""Meta Ads"", ""Microsoft Ads"", ""TikTok Ads""]",True,14
Fernhill Cloud Ltd,fernhill-cloud.example,Software,201-1000,UK,Leeds,£50m-£250m,1987,Series C+,Salesforce,none,[],True,17
Nettlefield Software Inc,nettlefield-software.example,Software,1000+,US,San Francisco,£250m+,2008,Public,Salesforce,£100k+,"[""Google Ads"", ""LinkedIn Ads"", ""Meta Ads"", ""Microsoft Ads""]",True,66
Juniper Labs Inc,juniper-labs.example,Software,11-50,US,Seattle,£1m-£10m,2017,Seed,Salesforce,£5k-£25k,"[""Google Ads"", ""TikTok Ads""]",True,5
Bluebell Stores GmbH,bluebell-stores.example,Retail,1-10,DE,Frankfurt,under £1m,1997,Bootstrapped,Pipedrive,under £5k,"[""Meta Ads""]",True,2
Inkwell Cloud Ltd,inkwell-cloud.example,Software,51-200,UK,Manchester,£10m-£50m,2013,Series A,Salesforce,£100k+,"[""Google Ads"", ""LinkedIn Ads"", ""Meta Ads"", ""Microsoft Ads""]",False,0
Kestrel Education Ltd,kestrel-education.example,Education,1-10,UK,Birmingham,under £1m,2010,Seed,Pipedrive,under £5k,"[""Google Ads""]",False,0
Quayside Wealth Inc,quayside-wealth.example,Financial services,11-50,US,Chicago,£1m-£10m,1997,Seed,HubSpot,none,[],False,0
Lantern Dental Ltd,lantern-dental.example,Healthcare,11-50,UK,Leeds,£1m-£10m,2010,Seed,Pipedrive,£5k-£25k,"[""Google Ads"", ""Meta Ads""]",False,0
Clearwater Care Ltd,clearwater-care.example,Healthcare,201-1000,UK,London,£50m-£250m,1975,Series C+,Salesforce,under £5k,"[""Google Ads""]",True,15
Granite Lending Ltd,granite-lending.example,Financial services,1-10,UK,London,under £1m,2005,Bootstrapped,HubSpot,under £5k,"[""Meta Ads""]",True,1
Quartz Pharma BV,quartz-pharma.example,Healthcare,51-200,NL,Eindhoven,£10m-£50m,2013,Series B,Spreadsheet,none,[],True,8
Ironbridge Logistics Inc,ironbridge-logistics.example,Logistics,51-200,US,Chicago,£10m-£50m,2024,Private equity,Salesforce,£5k-£25k,"[""Google Ads"", ""Meta Ads""]",True,8
Willow Industries Ltd,willow-industries.example,Manufacturing,201-1000,UK,Birmingham,£50m-£250m,1979,Series A,Spreadsheet,£5k-£25k,"[""Google Ads"", ""LinkedIn Ads""]",True,15
Pinecrest Works GmbH,pinecrest-works.example,Manufacturing,201-1000,DE,Berlin,£50m-£250m,2015,Private equity,HubSpot,£25k-£100k,"[""Google Ads"", ""Meta Ads"", ""TikTok Ads""]",True,12
Foxglove Associates Ltd,foxglove-associates.example,Professional services,1000+,UK,London,£250m+,1969,Series C+,Salesforce,£5k-£25k,"[""LinkedIn Ads"", ""Microsoft Ads""]",True,47
Driftwood Fabrication GmbH,driftwood-fabrication.example,Manufacturing,51-200,DE,Frankfurt,£50m-£250m,2014,Series B,No CRM,none,[],True,6
Hawthorn Cloud Inc,hawthorn-cloud.example,Software,1-10,US,New York,under £1m,2018,Bootstrapped,HubSpot,£5k-£25k,"[""Google Ads"", ""Microsoft Ads""]",False,0
Tidewater Fabrication Ltd,tidewater-fabrication.example,Manufacturing,1-10,UK,Leeds,under £1m,2010,Seed,HubSpot,under £5k,"[""LinkedIn Ads""]",False,0
Willow Consulting Ltd,willow-consulting.example,Professional services,201-1000,UK,Edinburgh,£50m-£250m,1994,Bootstrapped,Spreadsheet,under £5k,"[""Meta Ads""]",True,24
Willow Fabrication Inc,willow-fabrication.example,Manufacturing,1-10,US,Austin,under £1m,2001,Bootstrapped,No CRM,under £5k,"[""Google Ads""]",False,0
Westbrook Advisory Inc,westbrook-advisory.example,Professional services,201-1000,US,San Francisco,£50m-£250m,1996,Bootstrapped,Salesforce,£5k-£25k,"[""Google Ads"", ""Microsoft Ads""]",True,16
Orchard Capital GmbH,orchard-capital.example,Financial services,11-50,DE,Munich,£1m-£10m,2020,Series A,HubSpot,£25k-£100k,"[""Google Ads"", ""LinkedIn Ads"", ""TikTok Ads""]",True,1
Granite Trading BV,granite-trading.example,Retail,1-10,NL,Amsterdam,under £1m,2020,Bootstrapped,No CRM,under £5k,"[""Meta Ads""]",False,0
Oldfield Clinics Ltd,oldfield-clinics.example,Healthcare,1-10,UK,London,under £1m,2003,Bootstrapped,No CRM,none,[],True,2
Orchard Lending SAS,orchard-lending.example,Financial services,11-50,FR,Toulouse,£1m-£10m,2004,Series A,HubSpot,none,[],True,4
Ashford Components Inc,ashford-components.example,Manufacturing,1-10,US,New York,under £1m,2006,Bootstrapped,No CRM,under £5k,"[""Meta Ads""]",False,0
Umber Legal Ltd,umber-legal.example,Professional services,201-1000,UK,Birmingham,£50m-£250m,1981,Series B,HubSpot,£25k-£100k,"[""Google Ads"", ""Meta Ads"", ""Microsoft Ads""]",True,18
Umber Training Ltd,umber-training.example,Education,51-200,UK,Bristol,£10m-£50m,2002,Seed,Salesforce,£5k-£25k,"[""Google Ads"", ""Meta Ads""]",True,5
Dunmore Care GmbH,dunmore-care.example,Healthcare,1-10,DE,Munich,under £1m,2023,Bootstrapped,No CRM,under £5k,"[""Microsoft Ads""]",False,0
Zephyr Accountants BV,zephyr-accountants.example,Professional services,51-200,NL,Eindhoven,£10m-£50m,2006,Series B,HubSpot,£5k-£25k,"[""Meta Ads"", ""Microsoft Ads""]",True,8
Quartz Goods Inc,quartz-goods.example,Retail,51-200,US,Seattle,£10m-£50m,2011,Bootstrapped,Salesforce,£5k-£25k,"[""Google Ads"", ""Meta Ads""]",False,0
Zephyr Retail Inc,zephyr-retail.example,Retail,11-50,US,Boston,£1m-£10m,2021,Bootstrapped,Pipedrive,£5k-£25k,"[""Meta Ads"", ""TikTok Ads""]",False,0
Lantern Components BV,lantern-components.example,Manufacturing,11-50,NL,Rotterdam,£1m-£10m,2003,Bootstrapped,HubSpot,£25k-£100k,"[""Google Ads"", ""LinkedIn Ads"", ""Meta Ads""]",True,5
Heron Logistics GmbH,heron-logistics.example,Logistics,1-10,DE,Munich,under £1m,2014,Bootstrapped,HubSpot,£5k-£25k,"[""Google Ads"", ""Meta Ads""]",True,1
Upland Haulage Inc,upland-haulage.example,Logistics,201-1000,US,Boston,£50m-£250m,1969,Series C+,Salesforce,£25k-£100k,"[""LinkedIn Ads"", ""Meta Ads"", ""TikTok Ads""]",False,0
Northwind Freight Inc,northwind-freight.example,Logistics,11-50,US,Austin,£1m-£10m,2009,Seed,Salesforce,£5k-£25k,"[""Google Ads"", ""LinkedIn Ads""]",False,0
Fernhill Clinics Ltd,fernhill-clinics.example,Healthcare,1000+,UK,Manchester,£250m+,1966,Bootstrapped,Salesforce,£5k-£25k,"[""Meta Ads"", ""Microsoft Ads""]",True,71
Ashford Market GmbH,ashford-market.example,Retail,11-50,DE,Berlin,£1m-£10m,2015,Bootstrapped,Spreadsheet,under £5k,"[""Meta Ads""]",False,0
Ivywood Associates GmbH,ivywood-associates.example,Professional services,11-50,DE,Frankfurt,£10m-£50m,2018,Bootstrapped,No CRM,£5k-£25k,"[""Google Ads"", ""Microsoft Ads""]",False,0
Dunmore Cloud Inc,dunmore-cloud.example,Software,1-10,US,San Francisco,under £1m,1998,Seed,Spreadsheet,none,[],False,0
Rosewood Pharma Inc,rosewood-pharma.example,Healthcare,51-200,US,Seattle,£10m-£50m,2024,Series A,HubSpot,£25k-£100k,"[""Google Ads"", ""LinkedIn Ads"", ""Meta Ads""]",True,4
Vantage Trading Inc,vantage-trading.example,Retail,201-1000,US,Boston,£50m-£250m,1967,Series B,Salesforce,none,[],True,20
Silverline Couriers Ltd,silverline-couriers.example,Logistics,11-50,UK,Bristol,£1m-£10m,2005,Bootstrapped,Spreadsheet,under £5k,"[""Microsoft Ads""]",False,0
Bluebell Health SAS,bluebell-health.example,Healthcare,1-10,FR,Toulouse,under £1m,2003,Bootstrapped,HubSpot,£25k-£100k,"[""Google Ads"", ""Meta Ads"", ""Microsoft Ads""]",False,0
Valley Digital GmbH,valley-digital.example,Software,11-50,DE,Berlin,£1m-£10m,1996,Bootstrapped,Salesforce,£5k-£25k,"[""Google Ads"", ""Meta Ads""]",True,3
Larkspur Academy Inc,larkspur-academy.example,Education,51-200,US,Seattle,£10m-£50m,2015,Private equity,Salesforce,£5k-£25k,"[""Google Ads"", ""Microsoft Ads""]",True,9
Kingsway Consulting Ltd,kingsway-consulting.example,Professional services,201-1000,UK,Birmingham,£50m-£250m,1978,Series B,Salesforce,£5k-£25k,"[""Google Ads"", ""Meta Ads""]",True,25
Vantage Pharma Inc,vantage-pharma.example,Healthcare,201-1000,US,Austin,£50m-£250m,2014,Series C+,Salesforce,£25k-£100k,"[""Google Ads"", ""Meta Ads"", ""TikTok Ads""]",True,23
Quayside Manufacturing Ltd,quayside-manufacturing.example,Manufacturing,11-50,UK,Edinburgh,£1m-£10m,2004,Bootstrapped,HubSpot,under £5k,"[""Google Ads""]",False,0
Quayside Health Inc,quayside-health.example,Healthcare,1-10,US,San Francisco,under £1m,2000,Bootstrapped,No CRM,under £5k,"[""Google Ads""]",False,0
Oldfield Stores Inc,oldfield-stores.example,Retail,201-1000,US,Seattle,£50m-£250m,1971,Bootstrapped,Salesforce,£25k-£100k,"[""Google Ads"", ""Meta Ads"", ""TikTok Ads""]",True,18
Oldfield Legal SAS,oldfield-legal.example,Professional services,51-200,FR,Paris,£50m-£250m,2021,Series B,Salesforce,£5k-£25k,"[""LinkedIn Ads"", ""Microsoft Ads""]",False,0
Pebble Learning Inc,pebble-learning.example,Education,51-200,US,Boston,£10m-£50m,2017,Private equity,Salesforce,£5k-£25k,"[""Meta Ads"", ""Microsoft Ads""]",False,0
Emberly Goods Ltd,emberly-goods.example,Retail,201-1000,UK,London,£50m-£250m,2019,Series B,Pipedrive,£5k-£25k,"[""Google Ads"", ""LinkedIn Ads""]",False,0
Northwind Consulting BV,northwind-consulting.example,Professional services,1-10,NL,Utrecht,under £1m,2007,Bootstrapped,Spreadsheet,none,[],False,0
Jasper Partners Inc,jasper-partners.example,Financial services,11-50,US,New York,£1m-£10m,1997,Bootstrapped,HubSpot,under £5k,"[""Microsoft Ads""]",True,3
Hawthorn Industries Inc,hawthorn-industries.example,Manufacturing,11-50,US,Austin,£1m-£10m,2017,Bootstrapped,HubSpot,under £5k,"[""Meta Ads""]",False,0
Evergreen Trading BV,evergreen-trading.example,Retail,51-200,NL,Amsterdam,£10m-£50m,1999,Private equity,HubSpot,£5k-£25k,"[""Google Ads"", ""LinkedIn Ads""]",False,0
Umber Logistics SAS,umber-logistics.example,Logistics,11-50,FR,Toulouse,£1m-£10m,2012,Bootstrapped,No CRM,under £5k,"[""Microsoft Ads""]",True,3
Lantern Wealth Inc,lantern-wealth.example,Financial services,1-10,US,San Francisco,£1m-£10m,2020,Seed,Pipedrive,under £5k,"[""Google Ads""]",False,0
Thornbury College BV,thornbury-college.example,Education,201-1000,NL,Eindhoven,£10m-£50m,1992,Series C+,HubSpot,£5k-£25k,"[""Google Ads"", ""LinkedIn Ads""]",False,0
Saltmarsh Accountants Ltd,saltmarsh-accountants.example,Professional services,1-10,UK,Manchester,£1m-£10m,2011,Seed,HubSpot,none,[],False,0
Lindenwood Labs Inc,lindenwood-labs.example,Software,11-50,US,Chicago,£10m-£50m,2018,Seed,HubSpot,£5k-£25k,"[""Meta Ads"", ""Microsoft Ads""]",False,0
Foxglove Clinics Inc,foxglove-clinics.example,Healthcare,11-50,US,San Francisco,£10m-£50m,2018,Series A,Spreadsheet,£5k-£25k,"[""Meta Ads"", ""Microsoft Ads""]",False,0
Granite Education Ltd,granite-education.example,Education,51-200,UK,Leeds,£10m-£50m,1995,Series B,Salesforce,£5k-£25k,"[""Google Ads"", ""Meta Ads""]",True,6
Rosewood Learning SAS,rosewood-learning.example,Education,1000+,FR,Toulouse,£250m+,1979,Public,Salesforce,£5k-£25k,"[""Google Ads"", ""Meta Ads""]",True,55
Bluebell Couriers Inc,bluebell-couriers.example,Logistics,11-50,US,Austin,£10m-£50m,2014,Series B,HubSpot,under £5k,"[""Google Ads""]",False,0
Cedar Education SAS,cedar-education.example,Education,11-50,FR,Paris,£10m-£50m,2019,Bootstrapped,Salesforce,£5k-£25k,"[""Meta Ads"", ""TikTok Ads""]",True,5
Westbrook Couriers Ltd,westbrook-couriers.example,Logistics,201-1000,UK,Manchester,£50m-£250m,1982,Series C+,Salesforce,£25k-£100k,"[""Google Ads"", ""Meta Ads"", ""TikTok Ads""]",True,26
Willow Outfitters Ltd,willow-outfitters.example,Retail,1-10,UK,Birmingham,under £1m,2006,Bootstrapped,Pipedrive,under £5k,"[""Meta Ads""]",False,0
Kingsway Systems SAS,kingsway-systems.example,Software,11-50,FR,Lille,£1m-£10m,1996,Bootstrapped,Salesforce,£5k-£25k,"[""LinkedIn Ads"", ""Microsoft Ads""]",False,0
Pebble Stores GmbH,pebble-stores.example,Retail,51-200,DE,Hamburg,£10m-£50m,2004,Series B,Salesforce,£5k-£25k,"[""Google Ads"", ""LinkedIn Ads""]",True,11
Foxglove Systems Inc,foxglove-systems.example,Software,11-50,US,New York,£1m-£10m,2016,Bootstrapped,Spreadsheet,under £5k,"[""Google Ads""]",False,0
Oldfield Medical Ltd,oldfield-medical.example,Healthcare,201-1000,UK,London,£50m-£250m,2008,Private equity,HubSpot,£25k-£100k,"[""Google Ads"", ""Meta Ads"", ""Microsoft Ads""]",False,0
Oakridge Pharma Inc,oakridge-pharma.example,Healthcare,1-10,US,Seattle,£1m-£10m,2006,Seed,Spreadsheet,under £5k,"[""Google Ads""]",False,0
Redwood Tutors Inc,redwood-tutors.example,Education,51-200,US,Boston,£10m-£50m,2003,Series A,HubSpot,£25k-£100k,"[""Meta Ads"", ""Microsoft Ads"", ""TikTok Ads""]",True,6
Hawthorn Academy SAS,hawthorn-academy.example,Education,11-50,FR,Lyon,£1m-£10m,1999,Series B,No CRM,under £5k,"[""TikTok Ads""]",False,0
Keystone Systems Ltd,keystone-systems.example,Software,51-200,UK,Bristol,£1m-£10m,2003,Seed,HubSpot,£5k-£25k,"[""Meta Ads"", ""Microsoft Ads""]",True,14
Driftwood Lending Inc,driftwood-lending.example,Financial services,51-200,US,Boston,£10m-£50m,2003,Bootstrapped,Salesforce,£5k-£25k,"[""Google Ads"", ""LinkedIn Ads""]",False,0
Jasper Clinics Inc,jasper-clinics.example,Healthcare,1-10,US,Boston,under £1m,2014,Seed,HubSpot,under £5k,"[""Meta Ads""]",True,2
Orchard Labs Ltd,orchard-labs.example,Software,11-50,UK,Edinburgh,£1m-£10m,2008,Bootstrapped,Salesforce,£5k-£25k,"[""Google Ads"", ""Meta Ads""]",False,0
Kelvin Wealth Ltd,kelvin-wealth.example,Financial services,201-1000,UK,London,£10m-£50m,2002,Bootstrapped,Salesforce,£5k-£25k,"[""Google Ads"", ""Meta Ads""]",True,17
Larkspur Cloud Inc,larkspur-cloud.example,Software,11-50,US,San Francisco,£1m-£10m,2023,Bootstrapped,Pipedrive,under £5k,"[""Microsoft Ads""]",True,3
Harbour Software Inc,harbour-software.example,Software,201-1000,US,San Francisco,£50m-£250m,2018,Series C+,Spreadsheet,£25k-£100k,"[""LinkedIn Ads"", ""Meta Ads"", ""Microsoft Ads""]",True,15
Marigold Cloud Inc,marigold-cloud.example,Software,11-50,US,San Francisco,£10m-£50m,2021,Bootstrapped,No CRM,under £5k,"[""TikTok Ads""]",True,2
Quayside Advisory Ltd,quayside-advisory.example,Professional services,11-50,UK,Bristol,£1m-£10m,2022,Bootstrapped,Spreadsheet,£5k-£25k,"[""Google Ads"", ""TikTok Ads""]",False,0
Cedar Engineering GmbH,cedar-engineering.example,Manufacturing,201-1000,DE,Frankfurt,£50m-£250m,1993,Series A,Salesforce,£5k-£25k,"[""LinkedIn Ads"", ""Microsoft Ads""]",False,0
Stonebridge Pharma Ltd,stonebridge-pharma.example,Healthcare,11-50,UK,Edinburgh,under £1m,2015,Bootstrapped,Spreadsheet,£25k-£100k,"[""Google Ads"", ""Meta Ads"", ""Microsoft Ads""]",False,0
Northwind Medical Ltd,northwind-medical.example,Healthcare,51-200,UK,Bristol,£50m-£250m,2001,Bootstrapped,Pipedrive,£5k-£25k,"[""LinkedIn Ads"", ""Meta Ads""]",False,0
Greystone Medical Ltd,greystone-medical.example,Healthcare,51-200,UK,Bristol,£10m-£50m,2002,Series A,HubSpot,£5k-£25k,"[""Google Ads"", ""LinkedIn Ads""]",True,8
Brightwater Finance SAS,brightwater-finance.example,Financial services,201-1000,FR,Lille,£50m-£250m,2002,Series C+,HubSpot,£5k-£25k,"[""LinkedIn Ads"", ""Meta Ads""]",True,24
Beacon Fabrication GmbH,beacon-fabrication.example,Manufacturing,11-50,DE,Hamburg,£1m-£10m,2011,Bootstrapped,Pipedrive,none,[],True,4
Oakridge Stores Inc,oakridge-stores.example,Retail,51-200,US,Seattle,£10m-£50m,2014,Seed,Salesforce,£5k-£25k,"[""Google Ads"", ""Meta Ads""]",True,6
Stonebridge Dental Inc,stonebridge-dental.example,Healthcare,51-200,US,Chicago,£10m-£50m,2006,Series A,Pipedrive,£25k-£100k,"[""Google Ads"", ""LinkedIn Ads"", ""Meta Ads""]",False,0
Larkspur Systems Ltd,larkspur-systems.example,Software,1-10,UK,Manchester,under £1m,1996,Bootstrapped,HubSpot,under £5k,"[""Meta Ads""]",False,0
Lantern Learning GmbH,lantern-learning.example,Education,1-10,DE,Hamburg,under £1m,1999,Seed,Pipedrive,£5k-£25k,"[""Google Ads"", ""Meta Ads""]",False,0
Hawthorn Recruitment GmbH,hawthorn-recruitment.example,Professional services,1-10,DE,Hamburg,under £1m,2001,Bootstrapped,HubSpot,under £5k,"[""Meta Ads""]",True,1
Driftwood Shipping SAS,driftwood-shipping.example,Logistics,11-50,FR,Lyon,£1m-£10m,2004,Seed,HubSpot,under £5k,"[""Google Ads""]",False,0
Tidewater Retail Inc,tidewater-retail.example,Retail,51-200,US,Chicago,£10m-£50m,2020,Series A,HubSpot,£25k-£100k,"[""Google Ads"", ""LinkedIn Ads"", ""Meta Ads""]",False,0
Vantage Training Inc,vantage-training.example,Education,1000+,US,Boston,£250m+,1968,Series C+,Salesforce,£5k-£25k,"[""Microsoft Ads"", ""TikTok Ads""]",True,61
Northwind Training Ltd,northwind-training.example,Education,1-10,UK,Bristol,under £1m,2018,Seed,Salesforce,under £5k,"[""LinkedIn Ads""]",False,0
Jasper Trading Inc,jasper-trading.example,Retail,1000+,US,Boston,£250m+,1965,Bootstrapped,Salesforce,£100k+,"[""Google Ads"", ""Meta Ads"", ""Microsoft Ads"", ""TikTok Ads""]",True,59
Cedar Goods Inc,cedar-goods.example,Retail,1-10,US,Austin,under £1m,2018,Seed,Spreadsheet,£5k-£25k,"[""Google Ads"", ""Meta Ads""]",True,1
Ashford Insurance Ltd,ashford-insurance.example,Financial services,51-200,UK,Birmingham,£10m-£50m,2023,Series B,HubSpot,under £5k,"[""Google Ads""]",False,0
Foxglove Medical BV,foxglove-medical.example,Healthcare,1-10,NL,Amsterdam,under £1m,2012,Seed,Pipedrive,under £5k,"[""Meta Ads""]",False,0
Moorland Market Inc,moorland-market.example,Retail,11-50,US,San Francisco,£1m-£10m,2021,Bootstrapped,HubSpot,under £5k,"[""Google Ads""]",True,4
Pebble Pharma SAS,pebble-pharma.example,Healthcare,201-1000,FR,Lyon,£250m+,2000,Series C+,Salesforce,£5k-£25k,"[""Google Ads"", ""LinkedIn Ads""]",True,16
Yarrow Care SAS,yarrow-care.example,Healthcare,51-200,FR,Toulouse,£10m-£50m,2020,Bootstrapped,HubSpot,£5k-£25k,"[""Meta Ads"", ""Microsoft Ads""]",False,0
Tamarind Health Inc,tamarind-health.example,Healthcare,11-50,US,Boston,£1m-£10m,2022,Bootstrapped,HubSpot,under £5k,"[""TikTok Ads""]",True,3
Cobalt Advisory GmbH,cobalt-advisory.example,Professional services,11-50,DE,Hamburg,£1m-£10m,2013,Seed,No CRM,under £5k,"[""LinkedIn Ads""]",True,9
Rosewood Dental Inc,rosewood-dental.example,Healthcare,201-1000,US,Boston,£50m-£250m,1966,Private equity,No CRM,£100k+,"[""Google Ads"", ""LinkedIn Ads"", ""Meta Ads"", ""Microsoft Ads""]",True,23
Glenmoor Training Inc,glenmoor-training.example,Education,1000+,US,San Francisco,£250m+,1977,Private equity,Salesforce,£100k+,"[""Google Ads"", ""LinkedIn Ads"", ""Microsoft Ads"", ""TikTok Ads""]",True,69
Quartz Components Inc,quartz-components.example,Manufacturing,1-10,US,Austin,under £1m,2024,Bootstrapped,No CRM,£25k-£100k,"[""Google Ads"", ""LinkedIn Ads"", ""Microsoft Ads""]",False,0
Pennine Fabrication Inc,pennine-fabrication.example,Manufacturing,51-200,US,Chicago,£10m-£50m,1998,Seed,Pipedrive,£25k-£100k,"[""Google Ads"", ""LinkedIn Ads"", ""Meta Ads""]",True,10
Emberly Consulting Ltd,emberly-consulting.example,Professional services,1-10,UK,London,under £1m,2001,Seed,Spreadsheet,under £5k,"[""Microsoft Ads""]",True,2
Nettlefield Tutors Inc,nettlefield-tutors.example,Education,201-1000,US,Austin,£50m-£250m,2020,Private equity,HubSpot,£25k-£100k,"[""Google Ads"", ""LinkedIn Ads"", ""Meta Ads""]",True,17
Vantage College Ltd,vantage-college.example,Education,1-10,UK,London,under £1m,2011,Bootstrapped,Pipedrive,under £5k,"[""Google Ads""]",False,0
Alder Labs Ltd,alder-labs.example,Software,1-10,UK,Leeds,under £1m,2000,Bootstrapped,No CRM,under £5k,"[""Meta Ads""]",False,0
Umber Trading Ltd,umber-trading.example,Retail,11-50,UK,Bristol,£1m-£10m,2023,Series A,Spreadsheet,under £5k,"[""Meta Ads""]",False,0
Foxglove Goods SAS,foxglove-goods.example,Retail,1-10,FR,Lille,under £1m,2023,Bootstrapped,No CRM,under £5k,"[""Google Ads""]",False,0
Ivywood Partners SAS,ivywood-partners.example,Financial services,51-200,FR,Lyon,£10m-£50m,2023,Series B,Salesforce,£25k-£100k,"[""Google Ads"", ""LinkedIn Ads"", ""Microsoft Ads""]",True,4
Larkspur Manufacturing Ltd,larkspur-manufacturing.example,Manufacturing,51-200,UK,Leeds,£10m-£50m,2004,Series B,Salesforce,under £5k,"[""Google Ads""]",True,13
Beacon Labs BV,beacon-labs.example,Software,201-1000,NL,Eindhoven,£50m-£250m,1996,Series C+,Salesforce,under £5k,"[""LinkedIn Ads""]",True,13
Tidewater Health SAS,tidewater-health.example,Healthcare,51-200,FR,Lyon,£10m-£50m,2022,Series B,No CRM,£25k-£100k,"[""Google Ads"", ""Meta Ads"", ""TikTok Ads""]",False,0
Bluebell Clinics Inc,bluebell-clinics.example,Healthcare,1-10,US,Chicago,under £1m,2020,Bootstrapped,HubSpot,under £5k,"[""Google Ads""]",False,0
Lindenwood Medical GmbH,lindenwood-medical.example,Healthcare,1000+,DE,Munich,£250m+,1974,Public,Salesforce,£25k-£100k,"[""Google Ads"", ""LinkedIn Ads"", ""Meta Ads""]",True,67
Umber Stores Inc,umber-stores.example,Retail,1-10,US,New York,under £1m,2001,Bootstrapped,HubSpot,under £5k,"[""LinkedIn Ads""]",False,0
Falcon Training Ltd,falcon-training.example,Education,11-50,UK,Birmingham,£1m-£10m,2003,Series A,Spreadsheet,none,[],True,4
Nettlefield Pharma Ltd,nettlefield-pharma.example,Healthcare,51-200,UK,Birmingham,£10m-£50m,2003,Series B,HubSpot,under £5k,"[""Meta Ads""]",True,9
Granite Associates Inc,granite-associates.example,Professional services,51-200,US,New York,£10m-£50m,2022,Series B,Salesforce,£25k-£100k,"[""Google Ads"", ""LinkedIn Ads"", ""Meta Ads""]",True,10
Clearwater Advisory Ltd,clearwater-advisory.example,Professional services,1-10,UK,Birmingham,under £1m,2009,Bootstrapped,Pipedrive,£25k-£100k,"[""Google Ads"", ""LinkedIn Ads"", ""Meta Ads""]",False,0
Cobalt Lending Ltd,cobalt-lending.example,Financial services,11-50,UK,Manchester,£1m-£10m,1998,Seed,Pipedrive,under £5k,"[""Google Ads""]",True,6
Cedar Advisory Inc,cedar-advisory.example,Professional services,1-10,US,Seattle,under £1m,2012,Seed,Spreadsheet,under £5k,"[""LinkedIn Ads""]",False,0
Oldfield Freight Inc,oldfield-freight.example,Logistics,51-200,US,Chicago,£10m-£50m,2002,Bootstrapped,Salesforce,£5k-£25k,"[""Meta Ads"", ""TikTok Ads""]",False,0
Kingsway Transport SAS,kingsway-transport.example,Logistics,11-50,FR,Toulouse,£1m-£10m,2020,Seed,HubSpot,none,[],True,3
Hawthorn Goods Inc,hawthorn-goods.example,Retail,11-50,US,Austin,£1m-£10m,2020,Seed,HubSpot,£25k-£100k,"[""Google Ads"", ""Meta Ads"", ""Microsoft Ads""]",False,0
Granite Health Ltd,granite-health.example,Healthcare,1-10,UK,Bristol,under £1m,1997,Seed,HubSpot,under £5k,"[""Meta Ads""]",False,0
Pennine Legal BV,pennine-legal.example,Professional services,1-10,NL,Amsterdam,under £1m,2006,Seed,HubSpot,under £5k,"[""Meta Ads""]",False,0
Kestrel Dental Ltd,kestrel-dental.example,Healthcare,201-1000,UK,Manchester,£50m-£250m,2005,Series B,No CRM,under £5k,"[""Google Ads""]",True,24
Northwind Fabrication BV,northwind-fabrication.example,Manufacturing,51-200,NL,Eindhoven,£1m-£10m,1997,Series C+,Salesforce,£5k-£25k,"[""Meta Ads"", ""Microsoft Ads""]",True,5
Upland Retail Inc,upland-retail.example,Retail,11-50,US,Austin,under £1m,1996,Bootstrapped,Spreadsheet,under £5k,"[""LinkedIn Ads""]",True,3
Larkspur Freight GmbH,larkspur-freight.example,Logistics,201-1000,DE,Hamburg,£50m-£250m,1967,Public,HubSpot,£25k-£100k,"[""Google Ads"", ""Meta Ads"", ""Microsoft Ads""]",False,0
Norfolk Retail SAS,norfolk-retail.example,Retail,11-50,FR,Paris,£1m-£10m,2016,Bootstrapped,Salesforce,£25k-£100k,"[""LinkedIn Ads"", ""Meta Ads"", ""Microsoft Ads""]",True,2
Tamarind Pharma GmbH,tamarind-pharma.example,Healthcare,1000+,DE,Frankfurt,£250m+,2013,Public,Salesforce,£25k-£100k,"[""Google Ads"", ""Meta Ads"", ""TikTok Ads""]",True,66
Quayside Industries Ltd,quayside-industries.example,Manufacturing,1-10,UK,Bristol,under £1m,2004,Seed,No CRM,none,[],False,0
Kelvin Couriers Ltd,kelvin-couriers.example,Logistics,11-50,UK,Edinburgh,£1m-£10m,2020,Series A,Pipedrive,£25k-£100k,"[""Google Ads"", ""Meta Ads"", ""TikTok Ads""]",True,6
Greystone Clinics Ltd,greystone-clinics.example,Healthcare,11-50,UK,Birmingham,£1m-£10m,2002,Bootstrapped,Spreadsheet,none,[],True,7
Alder Fabrication GmbH,alder-fabrication.example,Manufacturing,11-50,DE,Frankfurt,£1m-£10m,1995,Series B,Spreadsheet,£5k-£25k,"[""Google Ads"", ""Meta Ads""]",False,0
Lantern Partners GmbH,lantern-partners.example,Financial services,1000+,DE,Berlin,£250m+,2014,Public,Salesforce,£100k+,"[""Google Ads"", ""LinkedIn Ads"", ""Meta Ads"", ""Microsoft Ads""]",False,0
Keystone Freight Inc,keystone-freight.example,Logistics,11-50,US,San Francisco,£1m-£10m,2007,Seed,HubSpot,£5k-£25k,"[""Microsoft Ads"", ""TikTok Ads""]",True,9
Juniper Associates Inc,juniper-associates.example,Professional services,1-10,US,Chicago,under £1m,2021,Bootstrapped,Spreadsheet,under £5k,"[""Meta Ads""]",False,0
Quayside Retail Inc,quayside-retail.example,Retail,11-50,US,Chicago,£1m-£10m,1998,Series A,HubSpot,under £5k,"[""Google Ads""]",True,3
Tamarind College BV,tamarind-college.example,Education,11-50,NL,Eindhoven,£1m-£10m,1997,Bootstrapped,Spreadsheet,£5k-£25k,"[""Google Ads"", ""Meta Ads""]",True,4
Kestrel Fabrication Inc,kestrel-fabrication.example,Manufacturing,51-200,US,Chicago,£10m-£50m,2006,Bootstrapped,Salesforce,£5k-£25k,"[""Google Ads"", ""Meta Ads""]",False,0
Elmstead Wealth Ltd,elmstead-wealth.example,Financial services,11-50,UK,Edinburgh,£1m-£10m,2000,Series A,HubSpot,under £5k,"[""Google Ads""]",True,7
Falcon Accountants SAS,falcon-accountants.example,Professional services,1-10,FR,Lille,under £1m,2024,Bootstrapped,Spreadsheet,none,[],False,0
Keystone Capital SAS,keystone-capital.example,Financial services,1000+,FR,Paris,£250m+,1977,Bootstrapped,Salesforce,£5k-£25k,"[""Google Ads"", ""LinkedIn Ads""]",False,0
Saltmarsh Systems SAS,saltmarsh-systems.example,Software,51-200,FR,Toulouse,£10m-£50m,2023,Private equity,Pipedrive,£25k-£100k,"[""Google Ads"", ""Meta Ads"", ""Microsoft Ads""]",False,0
Umber Haulage Ltd,umber-haulage.example,Logistics,51-200,UK,Birmingham,£10m-£50m,2019,Bootstrapped,Salesforce,£25k-£100k,"[""Google Ads"", ""Meta Ads"", ""TikTok Ads""]",False,0
Westbrook Industries Inc,westbrook-industries.example,Manufacturing,11-50,US,Austin,£1m-£10m,2008,Seed,Spreadsheet,none,[],True,3
Lantern Health Inc,lantern-health.example,Healthcare,11-50,US,San Francisco,£1m-£10m,2017,Series B,HubSpot,under £5k,"[""Microsoft Ads""]",True,6
Juniper Recruitment Inc,juniper-recruitment.example,Professional services,11-50,US,San Francisco,£1m-£10m,2017,Series A,HubSpot,£5k-£25k,"[""LinkedIn Ads"", ""Meta Ads""]",False,0
Kingsway Medical Ltd,kingsway-medical.example,Healthcare,1-10,UK,London,under £1m,1998,Seed,HubSpot,none,[],False,0
Rosewood Industries BV,rosewood-industries.example,Manufacturing,1000+,NL,Eindhoven,£250m+,2019,Private equity,Salesforce,£100k+,"[""Google Ads"", ""LinkedIn Ads"", ""Meta Ads"", ""Microsoft Ads""]",True,54
Hawthorn Haulage Inc,hawthorn-haulage.example,Logistics,1-10,US,Boston,£1m-£10m,2013,Seed,HubSpot,under £5k,"[""Microsoft Ads""]",False,0
Nettlefield Outfitters Ltd,nettlefield-outfitters.example,Retail,1-10,UK,Edinburgh,under £1m,1998,Seed,Pipedrive,none,[],False,0
Highgate Cloud Inc,highgate-cloud.example,Software,1000+,US,Boston,£250m+,1982,Public,Salesforce,£25k-£100k,"[""Google Ads"", ""Meta Ads"", ""Microsoft Ads""]",False,0
Norfolk Engineering SAS,norfolk-engineering.example,Manufacturing,51-200,FR,Paris,£10m-£50m,2007,Bootstrapped,HubSpot,£5k-£25k,"[""LinkedIn Ads"", ""Meta Ads""]",True,10
Bramble Care Inc,bramble-care.example,Healthcare,1-10,US,Boston,under £1m,1997,Seed,HubSpot,none,[],True,2
Cobalt Health GmbH,cobalt-health.example,Healthcare,11-50,DE,Frankfurt,£1m-£10m,2007,Bootstrapped,No CRM,none,[],True,2
Dovecote Industries SAS,dovecote-industries.example,Manufacturing,51-200,FR,Lille,£10m-£50m,2012,Series A,Pipedrive,under £5k,"[""Google Ads""]",True,11
Cedar Haulage GmbH,cedar-haulage.example,Logistics,11-50,DE,Munich,£1m-£10m,2018,Seed,Spreadsheet,under £5k,"[""Meta Ads""]",False,0
Lantern Retail Ltd,lantern-retail.example,Retail,11-50,UK,London,under £1m,2016,Bootstrapped,Spreadsheet,none,[],True,6
Fernhill Academy Inc,fernhill-academy.example,Education,1000+,US,Chicago,£250m+,2005,Public,Salesforce,£25k-£100k,"[""Google Ads"", ""LinkedIn Ads"", ""Microsoft Ads""]",True,49
Bramble Finance Inc,bramble-finance.example,Financial services,201-1000,US,Austin,£50m-£250m,1965,Bootstrapped,HubSpot,£25k-£100k,"[""Google Ads"", ""LinkedIn Ads"", ""Meta Ads""]",True,19
Jasper Market Ltd,jasper-market.example,Retail,1-10,UK,Birmingham,£1m-£10m,2010,Bootstrapped,Pipedrive,under £5k,"[""TikTok Ads""]",True,1
Oakridge Health Inc,oakridge-health.example,Healthcare,11-50,US,Chicago,£1m-£10m,2018,Bootstrapped,HubSpot,none,[],True,2
Ivywood Pharma Ltd,ivywood-pharma.example,Healthcare,1-10,UK,Birmingham,under £1m,2006,Seed,Spreadsheet,£5k-£25k,"[""Google Ads"", ""Meta Ads""]",False,0
Silverline Associates Ltd,silverline-associates.example,Professional services,11-50,UK,London,£1m-£10m,1999,Bootstrapped,HubSpot,under £5k,"[""LinkedIn Ads""]",False,0
Ivywood Couriers Inc,ivywood-couriers.example,Logistics,1-10,US,Chicago,under £1m,2006,Bootstrapped,Pipedrive,under £5k,"[""Google Ads""]",False,0
Falcon Industries Inc,falcon-industries.example,Manufacturing,11-50,US,Seattle,£1m-£10m,1998,Bootstrapped,No CRM,£5k-£25k,"[""Microsoft Ads"", ""TikTok Ads""]",True,4
Meridian Outfitters SAS,meridian-outfitters.example,Retail,1000+,FR,Paris,£250m+,1996,Series B,HubSpot,£100k+,"[""Google Ads"", ""LinkedIn Ads"", ""Meta Ads"", ""TikTok Ads""]",False,0
Greystone Cloud GmbH,greystone-cloud.example,Software,51-200,DE,Munich,£10m-£50m,2000,Series A,Pipedrive,£5k-£25k,"[""LinkedIn Ads"", ""Meta Ads""]",True,7
Nimbus Haulage GmbH,nimbus-haulage.example,Logistics,1-10,DE,Hamburg,under £1m,2020,Seed,No CRM,none,[],False,0
Bramble Advisory Ltd,bramble-advisory.example,Professional services,1-10,UK,London,under £1m,1997,Seed,Spreadsheet,£25k-£100k,"[""Google Ads"", ""LinkedIn Ads"", ""Meta Ads""]",False,0
Ironbridge Engineering SAS,ironbridge-engineering.example,Manufacturing,1000+,FR,Paris,£250m+,2016,Private equity,Salesforce,£25k-£100k,"[""Google Ads"", ""LinkedIn Ads"", ""Microsoft Ads""]",True,47
Meridian Learning Ltd,meridian-learning.example,Education,11-50,UK,Manchester,£1m-£10m,1995,Bootstrapped,HubSpot,under £5k,"[""Google Ads""]",False,0
Cobalt Data Ltd,cobalt-data.example,Software,11-50,UK,Leeds,£1m-£10m,2017,Bootstrapped,Salesforce,under £5k,"[""LinkedIn Ads""]",False,0
Cobalt Education SAS,cobalt-education.example,Education,1000+,FR,Lille,£250m+,2001,Series C+,Salesforce,£25k-£100k,"[""Google Ads"", ""Meta Ads"", ""TikTok Ads""]",True,58
Tamarind Shipping Ltd,tamarind-shipping.example,Logistics,1-10,UK,Birmingham,under £1m,2023,Series A,Spreadsheet,under £5k,"[""Meta Ads""]",False,0
Yarrow Insurance GmbH,yarrow-insurance.example,Financial services,11-50,DE,Frankfurt,£1m-£10m,1997,Series A,HubSpot,£5k-£25k,"[""Microsoft Ads"", ""TikTok Ads""]",True,4
Keystone Transport Inc,keystone-transport.example,Logistics,201-1000,US,Chicago,£50m-£250m,1990,Series B,HubSpot,£100k+,"[""Google Ads"", ""LinkedIn Ads"", ""Meta Ads"", ""Microsoft Ads""]",False,0
Moorland Components Ltd,moorland-components.example,Manufacturing,11-50,UK,Birmingham,£1m-£10m,2007,Bootstrapped,HubSpot,under £5k,"[""Meta Ads""]",False,0
Upland Outfitters Ltd,upland-outfitters.example,Retail,1-10,UK,Bristol,under £1m,2023,Seed,Spreadsheet,none,[],True,1
Upland Consulting Inc,upland-consulting.example,Professional services,1-10,US,Seattle,under £1m,2010,Bootstrapped,Pipedrive,under £5k,"[""Google Ads""]",False,0
Bluebell Labs BV,bluebell-labs.example,Software,1000+,NL,Amsterdam,£250m+,1977,Public,Salesforce,£25k-£100k,"[""Google Ads"", ""LinkedIn Ads"", ""Meta Ads""]",True,59
Norfolk Stores Ltd,norfolk-stores.example,Retail,51-200,UK,Birmingham,£10m-£50m,2002,Series A,HubSpot,under £5k,"[""LinkedIn Ads""]",False,0
Harbour Systems Ltd,harbour-systems.example,Software,11-50,UK,Bristol,£1m-£10m,2000,Seed,Salesforce,none,[],True,4
Ashford Outfitters SAS,ashford-outfitters.example,Retail,11-50,FR,Paris,£1m-£10m,2004,Bootstrapped,No CRM,£5k-£25k,"[""Google Ads"", ""Microsoft Ads""]",False,0
Nimbus Stores Inc,nimbus-stores.example,Retail,51-200,US,Austin,£10m-£50m,2005,Private equity,No CRM,£25k-£100k,"[""Google Ads"", ""Meta Ads"", ""TikTok Ads""]",True,11
Beacon Haulage BV,beacon-haulage.example,Logistics,51-200,NL,Eindhoven,£10m-£50m,2002,Series A,Spreadsheet,£5k-£25k,"[""Meta Ads"", ""TikTok Ads""]",True,16
Evergreen Medical SAS,evergreen-medical.example,Healthcare,11-50,FR,Lille,under £1m,2022,Bootstrapped,HubSpot,none,[],False,0
Foxglove Wealth Ltd,foxglove-wealth.example,Financial services,51-200,UK,Bristol,£10m-£50m,1996,Series A,Salesforce,£5k-£25k,"[""Meta Ads"", ""Microsoft Ads""]",False,0
Tamarind Systems Inc,tamarind-systems.example,Software,1-10,US,Boston,under £1m,2019,Bootstrapped,Spreadsheet,under £5k,"[""Meta Ads""]",False,0
Granite Components Ltd,granite-components.example,Manufacturing,1-10,UK,Birmingham,under £1m,1997,Bootstrapped,HubSpot,under £5k,"[""LinkedIn Ads""]",True,1
Nettlefield Health BV,nettlefield-health.example,Healthcare,1-10,NL,Rotterdam,under £1m,2021,Seed,Spreadsheet,none,[],True,2
Falcon Works SAS,falcon-works.example,Manufacturing,1000+,FR,Paris,£50m-£250m,1989,Public,Salesforce,£25k-£100k,"[""Google Ads"", ""LinkedIn Ads"", ""Meta Ads""]",True,64
Bluebell Outfitters SAS,bluebell-outfitters.example,Retail,51-200,FR,Lille,£1m-£10m,2022,Series A,Salesforce,£25k-£100k,"[""LinkedIn Ads"", ""Meta Ads"", ""Microsoft Ads""]",True,9
Marigold Medical Ltd,marigold-medical.example,Healthcare,51-200,UK,Leeds,£10m-£50m,2000,Bootstrapped,Spreadsheet,under £5k,"[""Google Ads""]",True,10
Elmstead Education Inc,elmstead-education.example,Education,51-200,US,Seattle,£10m-£50m,2010,Series B,Spreadsheet,£5k-£25k,"[""Google Ads"", ""Microsoft Ads""]",False,0
Juniper Education GmbH,juniper-education.example,Education,201-1000,DE,Munich,£50m-£250m,2019,Series C+,Salesforce,under £5k,"[""Meta Ads""]",True,24
Beacon Insurance Ltd,beacon-insurance.example,Financial services,1-10,UK,Edinburgh,under £1m,2013,Bootstrapped,HubSpot,under £5k,"[""Microsoft Ads""]",False,0
Pinecrest Legal Ltd,pinecrest-legal.example,Professional services,1-10,UK,Bristol,under £1m,1995,Bootstrapped,HubSpot,none,[],False,0
Valley Dental Ltd,valley-dental.example,Healthcare,1-10,UK,Bristol,under £1m,2019,Bootstrapped,Pipedrive,none,[],False,0
Thornbury Learning GmbH,thornbury-learning.example,Education,11-50,DE,Berlin,£1m-£10m,2022,Seed,No CRM,none,[],True,4
Pennine Dental Ltd,pennine-dental.example,Healthcare,1-10,UK,London,under £1m,2019,Bootstrapped,HubSpot,under £5k,"[""Microsoft Ads""]",False,0
Glenmoor Works Inc,glenmoor-works.example,Manufacturing,1-10,US,New York,under £1m,2014,Seed,No CRM,none,[],False,0
Lindenwood Couriers GmbH,lindenwood-couriers.example,Logistics,11-50,DE,Berlin,£1m-£10m,2005,Seed,Pipedrive,£25k-£100k,"[""Google Ads"", ""LinkedIn Ads"", ""Meta Ads""]",False,0
Lindenwood Tutors Ltd,lindenwood-tutors.example,Education,1-10,UK,London,under £1m,2019,Bootstrapped,HubSpot,under £5k,"[""Meta Ads""]",True,1
Highgate Systems Ltd,highgate-systems.example,Software,51-200,UK,Edinburgh,£50m-£250m,2001,Bootstrapped,No CRM,£5k-£25k,"[""Google Ads"", ""Meta Ads""]",True,5
Pinecrest Accountants GmbH,pinecrest-accountants.example,Professional services,1-10,DE,Hamburg,under £1m,1998,Bootstrapped,No CRM,under £5k,"[""Meta Ads""]",False,0
Brightwater Goods Inc,brightwater-goods.example,Retail,1-10,US,Austin,under £1m,1999,Seed,Salesforce,£5k-£25k,"[""Google Ads"", ""Meta Ads""]",True,4
Thornbury Fabrication Ltd,thornbury-fabrication.example,Manufacturing,1-10,UK,Edinburgh,under £1m,1996,Bootstrapped,HubSpot,£25k-£100k,"[""Google Ads"", ""LinkedIn Ads"", ""Meta Ads""]",False,0
Larkspur Dental Ltd,larkspur-dental.example,Healthcare,201-1000,UK,Birmingham,£50m-£250m,1975,Series C+,Salesforce,£25k-£100k,"[""Google Ads"", ""Meta Ads"", ""TikTok Ads""]",True,19
Alder Industries Ltd,alder-industries.example,Manufacturing,11-50,UK,London,£1m-£10m,2019,Seed,Spreadsheet,under £5k,"[""LinkedIn Ads""]",True,5
Northwind Care Ltd,northwind-care.example,Healthcare,51-200,UK,Leeds,£10m-£50m,2006,Series A,Salesforce,£5k-£25k,"[""Google Ads"", ""TikTok Ads""]",False,0
Kelvin Haulage Inc,kelvin-haulage.example,Logistics,1-10,US,New York,£1m-£10m,2006,Seed,No CRM,under £5k,"[""Meta Ads""]",True,2
Yarrow College Inc,yarrow-college.example,Education,11-50,US,Boston,£1m-£10m,2014,Bootstrapped,Salesforce,under £5k,"[""Google Ads""]",False,0
Redwood Systems SAS,redwood-systems.example,Software,201-1000,FR,Toulouse,£50m-£250m,2019,Series B,Pipedrive,£25k-£100k,"[""Google Ads"", ""LinkedIn Ads"", ""Meta Ads""]",False,0
Evergreen Associates BV,evergreen-associates.example,Professional services,11-50,NL,Utrecht,£1m-£10m,2011,Seed,HubSpot,£5k-£25k,"[""LinkedIn Ads"", ""Meta Ads""]",False,0
Vantage Learning BV,vantage-learning.example,Education,11-50,NL,Amsterdam,under £1m,2021,Bootstrapped,No CRM,under £5k,"[""Google Ads""]",False,0
Foxglove Transport Ltd,foxglove-transport.example,Logistics,11-50,UK,Birmingham,£10m-£50m,2013,Seed,Spreadsheet,£5k-£25k,"[""Google Ads"", ""Meta Ads""]",False,0
Riverside Health Inc,riverside-health.example,Healthcare,1-10,US,New York,under £1m,2012,Bootstrapped,No CRM,none,[],True,1
Ashford Transport Inc,ashford-transport.example,Logistics,1-10,US,Boston,under £1m,2012,Bootstrapped,HubSpot,under £5k,"[""Meta Ads""]",True,2
Meridian Shipping Inc,meridian-shipping.example,Logistics,51-200,US,New York,£10m-£50m,2012,Series B,Salesforce,£25k-£100k,"[""Google Ads"", ""LinkedIn Ads"", ""Meta Ads""]",False,0
Aurora Health BV,aurora-health.example,Healthcare,51-200,NL,Amsterdam,£10m-£50m,1995,Bootstrapped,Salesforce,£5k-£25k,"[""Google Ads"", ""Microsoft Ads""]",False,0
Falcon Shipping Ltd,falcon-shipping.example,Logistics,11-50,UK,Manchester,£1m-£10m,1997,Series B,HubSpot,under £5k,"[""Google Ads""]",False,0
Juniper Dental BV,juniper-dental.example,Healthcare,11-50,NL,Amsterdam,£1m-£10m,2015,Series A,HubSpot,£5k-£25k,"[""LinkedIn Ads"", ""Meta Ads""]",True,6
Ashford Accountants Ltd,ashford-accountants.example,Professional services,1-10,UK,Manchester,under £1m,2006,Bootstrapped,Salesforce,under £5k,"[""Google Ads""]",False,0
Tidewater Tutors Inc,tidewater-tutors.example,Education,1-10,US,Boston,under £1m,2021,Bootstrapped,Pipedrive,none,[],False,0
Dovecote Tutors Inc,dovecote-tutors.example,Education,51-200,US,San Francisco,£10m-£50m,2019,Series C+,HubSpot,£25k-£100k,"[""LinkedIn Ads"", ""Meta Ads"", ""TikTok Ads""]",True,9
Dovecote College Inc,dovecote-college.example,Education,11-50,US,New York,£1m-£10m,2004,Series A,HubSpot,£5k-£25k,"[""Google Ads"", ""Microsoft Ads""]",True,6
Kestrel Engineering Ltd,kestrel-engineering.example,Manufacturing,1000+,UK,Manchester,£250m+,2013,Private equity,Salesforce,£100k+,"[""Google Ads"", ""LinkedIn Ads"", ""Meta Ads"", ""Microsoft Ads""]",True,58
Alder Legal Inc,alder-legal.example,Professional services,1-10,US,New York,under £1m,2002,Bootstrapped,No CRM,none,[],False,0
Heron Transport Ltd,heron-transport.example,Logistics,51-200,UK,Manchester,£10m-£50m,2003,Bootstrapped,HubSpot,under £5k,"[""LinkedIn Ads""]",True,10
Keystone Components Inc,keystone-components.example,Manufacturing,1-10,US,San Francisco,under £1m,2020,Bootstrapped,Spreadsheet,none,[],False,0
Marigold Consulting SAS,marigold-consulting.example,Professional services,201-1000,FR,Lyon,£50m-£250m,1984,Series B,Salesforce,£100k+,"[""Google Ads"", ""LinkedIn Ads"", ""Meta Ads"", ""TikTok Ads""]",True,25
Stonebridge Partners Ltd,stonebridge-partners.example,Financial services,1-10,UK,London,under £1m,1999,Seed,Spreadsheet,under £5k,"[""Meta Ads""]",False,0
Rosewood Labs Ltd,rosewood-labs.example,Software,1-10,UK,Birmingham,under £1m,2011,Seed,Spreadsheet,none,[],False,0
Thornbury Systems Inc,thornbury-systems.example,Software,201-1000,US,San Francisco,£50m-£250m,2005,Series B,Salesforce,under £5k,"[""Google Ads""]",True,25
Yarrow Legal SAS,yarrow-legal.example,Professional services,1000+,FR,Lyon,£250m+,2006,Bootstrapped,No CRM,£100k+,"[""Google Ads"", ""LinkedIn Ads"", ""Meta Ads"", ""Microsoft Ads""]",True,54
Ashford Legal Inc,ashford-legal.example,Professional services,51-200,US,Boston,£10m-£50m,2010,Series B,Pipedrive,none,[],True,5
Marigold Systems GmbH,marigold-systems.example,Software,11-50,DE,Frankfurt,£1m-£10m,2012,Bootstrapped,No CRM,£5k-£25k,"[""Meta Ads"", ""Microsoft Ads""]",False,0
Kestrel Insurance SAS,kestrel-insurance.example,Financial services,1-10,FR,Lille,under £1m,2000,Bootstrapped,Salesforce,under £5k,"[""Google Ads""]",False,0
Moorland Works Inc,moorland-works.example,Manufacturing,11-50,US,Boston,£1m-£10m,2018,Bootstrapped,No CRM,£5k-£25k,"[""LinkedIn Ads"", ""Microsoft Ads""]",False,0
Umber Fabrication Ltd,umber-fabrication.example,Manufacturing,11-50,UK,London,£1m-£10m,2003,Bootstrapped,HubSpot,under £5k,"[""Meta Ads""]",False,0
Tamarind Care BV,tamarind-care.example,Healthcare,11-50,NL,Rotterdam,£1m-£10m,2019,Series A,Pipedrive,none,[],False,0
Marigold Stores Ltd,marigold-stores.example,Retail,201-1000,UK,Birmingham,£250m+,1967,Series C+,Salesforce,£25k-£100k,"[""Google Ads"", ""LinkedIn Ads"", ""Meta Ads""]",True,34
Nettlefield Capital Inc,nettlefield-capital.example,Financial services,1-10,US,Austin,under £1m,2003,Seed,Pipedrive,none,[],True,2
Bluebell Care Ltd,bluebell-care.example,Healthcare,1000+,UK,Edinburgh,£250m+,1988,Series B,Salesforce,£5k-£25k,"[""LinkedIn Ads"", ""Meta Ads""]",False,0
Glenmoor Data Inc,glenmoor-data.example,Software,11-50,US,Chicago,£1m-£10m,2013,Series A,Salesforce,none,[],False,0
Ivywood Market SAS,ivywood-market.example,Retail,201-1000,FR,Toulouse,£50m-£250m,2014,Series C+,Pipedrive,£5k-£25k,"[""LinkedIn Ads"", ""TikTok Ads""]",True,19
Redwood Care Inc,redwood-care.example,Healthcare,11-50,US,Austin,£1m-£10m,2020,Series A,HubSpot,£5k-£25k,"[""Google Ads"", ""TikTok Ads""]",False,0
Larkspur Haulage GmbH,larkspur-haulage.example,Logistics,51-200,DE,Munich,£10m-£50m,2000,Series B,HubSpot,none,[],False,0
Nimbus Fabrication Ltd,nimbus-fabrication.example,Manufacturing,201-1000,UK,London,£50m-£250m,2017,Bootstrapped,Salesforce,£5k-£25k,"[""Google Ads"", ""Microsoft Ads""]",False,0
Quayside Medical Inc,quayside-medical.example,Healthcare,11-50,US,Chicago,£1m-£10m,2015,Seed,Spreadsheet,none,[],False,0
Foxglove Dental SAS,foxglove-dental.example,Healthcare,1-10,FR,Lyon,under £1m,2019,Bootstrapped,Spreadsheet,under £5k,"[""LinkedIn Ads""]",False,0
Alder Training Ltd,alder-training.example,Education,11-50,UK,Edinburgh,£1m-£10m,2002,Bootstrapped,Pipedrive,£5k-£25k,"[""Google Ads"", ""LinkedIn Ads""]",False,0
Dunmore Software Inc,dunmore-software.example,Software,1-10,US,Austin,under £1m,2016,Bootstrapped,HubSpot,none,[],False,0
Saltmarsh Recruitment GmbH,saltmarsh-recruitment.example,Professional services,51-200,DE,Munich,£10m-£50m,1995,Seed,HubSpot,£5k-£25k,"[""Google Ads"", ""Meta Ads""]",True,8
Fernhill Lending Ltd,fernhill-lending.example,Financial services,11-50,UK,London,£1m-£10m,2003,Series A,HubSpot,under £5k,"[""Google Ads""]",False,0
Yarrow Accountants Ltd,yarrow-accountants.example,Professional services,51-200,UK,Birmingham,£10m-£50m,2003,Series B,Pipedrive,£5k-£25k,"[""Google Ads"", ""Meta Ads""]",True,12
Tamarind Freight Inc,tamarind-freight.example,Logistics,11-50,US,New York,£1m-£10m,2017,Bootstrapped,Spreadsheet,under £5k,"[""Google Ads""]",True,4
Glenmoor Advisory Inc,glenmoor-advisory.example,Professional services,1-10,US,New York,under £1m,2021,Seed,Spreadsheet,none,[],False,0
Driftwood Industries Ltd,driftwood-industries.example,Manufacturing,1-10,UK,Birmingham,under £1m,2005,Seed,Pipedrive,none,[],True,3
Moorland Transport GmbH,moorland-transport.example,Logistics,1-10,DE,Berlin,under £1m,1995,Bootstrapped,Spreadsheet,£25k-£100k,"[""Google Ads"", ""LinkedIn Ads"", ""Meta Ads""]",False,0
Bramble Logistics Inc,bramble-logistics.example,Logistics,51-200,US,New York,£10m-£50m,2004,Bootstrapped,Salesforce,£25k-£100k,"[""Google Ads"", ""Meta Ads"", ""Microsoft Ads""]",False,0
Tamarind Wealth Ltd,tamarind-wealth.example,Financial services,11-50,UK,London,£1m-£10m,1998,Bootstrapped,Salesforce,£25k-£100k,"[""Google Ads"", ""LinkedIn Ads"", ""TikTok Ads""]",True,5
Granite Medical SAS,granite-medical.example,Healthcare,11-50,FR,Lyon,£10m-£50m,2017,Bootstrapped,Salesforce,under £5k,"[""Google Ads""]",True,3
Ivywood Transport Ltd,ivywood-transport.example,Logistics,51-200,UK,Edinburgh,£10m-£50m,2024,Private equity,HubSpot,£25k-£100k,"[""Google Ads"", ""Meta Ads"", ""TikTok Ads""]",False,0
Glenmoor Dental Ltd,glenmoor-dental.example,Healthcare,11-50,UK,London,£1m-£10m,2012,Bootstrapped,Spreadsheet,under £5k,"[""Google Ads""]",True,3
Jasper Data Ltd,jasper-data.example,Software,11-50,UK,London,£1m-£10m,2021,Bootstrapped,No CRM,£25k-£100k,"[""Google Ads"", ""Meta Ads"", ""TikTok Ads""]",False,0
Tidewater Stores BV,tidewater-stores.example,Retail,11-50,NL,Eindhoven,£1m-£10m,2018,Bootstrapped,HubSpot,under £5k,"[""Google Ads""]",False,0
Bluebell Medical Inc,bluebell-medical.example,Healthcare,11-50,US,New York,under £1m,2013,Seed,Spreadsheet,under £5k,"[""Google Ads""]",False,0
Driftwood Associates Inc,driftwood-associates.example,Professional services,201-1000,US,Austin,£50m-£250m,1967,Bootstrapped,Salesforce,£25k-£100k,"[""Google Ads"", ""LinkedIn Ads"", ""Meta Ads""]",True,28
Heron Data Ltd,heron-data.example,Software,1-10,UK,London,under £1m,2020,Bootstrapped,Spreadsheet,under £5k,"[""Microsoft Ads""]",False,0
Nimbus Manufacturing BV,nimbus-manufacturing.example,Manufacturing,51-200,NL,Rotterdam,£10m-£50m,2021,Series A,Pipedrive,£25k-£100k,"[""LinkedIn Ads"", ""Meta Ads"", ""Microsoft Ads""]",True,6
Pinecrest Care Inc,pinecrest-care.example,Healthcare,51-200,US,Boston,£10m-£50m,2024,Seed,HubSpot,£5k-£25k,"[""Google Ads"", ""Meta Ads""]",True,4
Riverside Learning SAS,riverside-learning.example,Education,11-50,FR,Toulouse,£10m-£50m,2007,Bootstrapped,Pipedrive,under £5k,"[""Meta Ads""]",False,0
Larkspur Advisory BV,larkspur-advisory.example,Professional services,1000+,NL,Rotterdam,£250m+,1980,Bootstrapped,Salesforce,£100k+,"[""Google Ads"", ""LinkedIn Ads"", ""Meta Ads"", ""Microsoft Ads""]",True,81
Willow Haulage Inc,willow-haulage.example,Logistics,1-10,US,San Francisco,£1m-£10m,2014,Series A,No CRM,under £5k,"[""Meta Ads""]",True,3
Keystone Haulage Ltd,keystone-haulage.example,Logistics,51-200,UK,London,£10m-£50m,2019,Series A,HubSpot,£100k+,"[""Google Ads"", ""LinkedIn Ads"", ""Meta Ads"", ""Microsoft Ads""]",True,14
Thornbury Tutors Inc,thornbury-tutors.example,Education,51-200,US,Seattle,£1m-£10m,2020,Bootstrapped,Salesforce,under £5k,"[""Meta Ads""]",True,5
Clearwater Tutors GmbH,clearwater-tutors.example,Education,201-1000,DE,Munich,£50m-£250m,2001,Series C+,Pipedrive,£25k-£100k,"[""Google Ads"", ""LinkedIn Ads"", ""TikTok Ads""]",True,19
Hawthorn Retail Inc,hawthorn-retail.example,Retail,51-200,US,San Francisco,£10m-£50m,2016,Bootstrapped,HubSpot,under £5k,"[""Meta Ads""]",False,0
Granite Finance Inc,granite-finance.example,Financial services,201-1000,US,Austin,£50m-£250m,2004,Series C+,No CRM,£5k-£25k,"[""Google Ads"", ""Microsoft Ads""]",False,0
Ashford Advisory Ltd,ashford-advisory.example,Professional services,11-50,UK,London,£10m-£50m,2009,Bootstrapped,HubSpot,£5k-£25k,"[""LinkedIn Ads"", ""Meta Ads""]",False,0
Northwind Retail Inc,northwind-retail.example,Retail,51-200,US,Austin,£10m-£50m,2021,Series B,HubSpot,under £5k,"[""Meta Ads""]",True,15
Driftwood Education Inc,driftwood-education.example,Education,1-10,US,Chicago,under £1m,2019,Seed,Pipedrive,£5k-£25k,"[""Google Ads"", ""Meta Ads""]",True,1
Inkwell Components Ltd,inkwell-components.example,Manufacturing,1-10,UK,Birmingham,under £1m,2018,Seed,Spreadsheet,none,[],False,0
Pinecrest Software Inc,pinecrest-software.example,Software,51-200,US,New York,£10m-£50m,2000,Bootstrapped,HubSpot,£5k-£25k,"[""Google Ads"", ""TikTok Ads""]",False,0
Beacon Dental BV,beacon-dental.example,Healthcare,11-50,NL,Utrecht,under £1m,2020,Bootstrapped,HubSpot,under £5k,"[""TikTok Ads""]",False,0
Marigold Market Inc,marigold-market.example,Retail,11-50,US,Boston,£1m-£10m,2024,Bootstrapped,Salesforce,under £5k,"[""Meta Ads""]",False,0
Jasper Manufacturing Ltd,jasper-manufacturing.example,Manufacturing,1-10,UK,Edinburgh,under £1m,2014,Bootstrapped,HubSpot,under £5k,"[""Google Ads""]",False,0
Heron Accountants Ltd,heron-accountants.example,Professional services,11-50,UK,Birmingham,£1m-£10m,2012,Bootstrapped,HubSpot,under £5k,"[""Google Ads""]",False,0
Ivywood Advisory Inc,ivywood-advisory.example,Professional services,1000+,US,San Francisco,£250m+,1968,Public,Salesforce,£100k+,"[""Google Ads"", ""LinkedIn Ads"", ""Meta Ads"", ""TikTok Ads""]",True,65
Nimbus Associates GmbH,nimbus-associates.example,Professional services,11-50,DE,Munich,£1m-£10m,2013,Series A,Salesforce,under £5k,"[""Google Ads""]",True,1
Aurora Couriers Ltd,aurora-couriers.example,Logistics,1-10,UK,London,under £1m,2002,Bootstrapped,Spreadsheet,£5k-£25k,"[""Meta Ads"", ""TikTok Ads""]",False,0
Emberly Freight Ltd,emberly-freight.example,Logistics,51-200,UK,Manchester,£10m-£50m,2013,Series C+,HubSpot,£5k-£25k,"[""LinkedIn Ads"", ""TikTok Ads""]",True,7
Oldfield Couriers BV,oldfield-couriers.example,Logistics,1000+,NL,Amsterdam,£250m+,1977,Public,Salesforce,£25k-£100k,"[""Google Ads"", ""LinkedIn Ads"", ""Meta Ads""]",True,54
Evergreen Advisory Ltd,evergreen-advisory.example,Professional services,1-10,UK,Manchester,under £1m,2020,Bootstrapped,HubSpot,none,[],False,0
Dovecote Insurance Ltd,dovecote-insurance.example,Financial services,51-200,UK,Bristol,£10m-£50m,2018,Series B,HubSpot,£100k+,"[""Google Ads"", ""LinkedIn Ads"", ""Meta Ads"", ""TikTok Ads""]",True,14
Clearwater Clinics Ltd,clearwater-clinics.example,Healthcare,201-1000,UK,Birmingham,£250m+,1966,Public,Spreadsheet,£25k-£100k,"[""Google Ads"", ""LinkedIn Ads"", ""Meta Ads""]",True,28
Lantern Labs Inc,lantern-labs.example,Software,1000+,US,Boston,£250m+,2021,Public,Salesforce,£5k-£25k,"[""Google Ads"", ""LinkedIn Ads""]",True,51
Beacon Software GmbH,beacon-software.example,Software,11-50,DE,Munich,£1m-£10m,2018,Bootstrapped,Spreadsheet,£25k-£100k,"[""Google Ads"", ""Meta Ads"", ""Microsoft Ads""]",True,3
Falcon Cloud Inc,falcon-cloud.example,Software,51-200,US,San Francisco,£10m-£50m,1997,Bootstrapped,Salesforce,£25k-£100k,"[""Google Ads"", ""Meta Ads"", ""TikTok Ads""]",False,0
Nettlefield Legal GmbH,nettlefield-legal.example,Professional services,11-50,DE,Frankfurt,£1m-£10m,1997,Series A,No CRM,under £5k,"[""Meta Ads""]",True,5
Aurora Consulting Ltd,aurora-consulting.example,Professional services,51-200,UK,Birmingham,£10m-£50m,2002,Series A,HubSpot,under £5k,"[""Google Ads""]",True,7
Nimbus Dental Inc,nimbus-dental.example,Healthcare,51-200,US,New York,£10m-£50m,1996,Series B,Salesforce,under £5k,"[""Google Ads""]",False,0
Falcon Labs SAS,falcon-labs.example,Software,201-1000,FR,Toulouse,£50m-£250m,1969,Private equity,Salesforce,£25k-£100k,"[""LinkedIn Ads"", ""Meta Ads"", ""Microsoft Ads""]",False,0
Harbour Stores SAS,harbour-stores.example,Retail,1000+,FR,Toulouse,£50m-£250m,1985,Private equity,Salesforce,£25k-£100k,"[""Google Ads"", ""LinkedIn Ads"", ""TikTok Ads""]",True,56
Meridian Capital Ltd,meridian-capital.example,Financial services,11-50,UK,Edinburgh,£1m-£10m,2008,Seed,Spreadsheet,£5k-£25k,"[""LinkedIn Ads"", ""Microsoft Ads""]",True,7
Meridian College Inc,meridian-college.example,Education,11-50,US,New York,£1m-£10m,2002,Seed,Pipedrive,£5k-£25k,"[""Google Ads"", ""Meta Ads""]",False,0
Zephyr Goods SAS,zephyr-goods.example,Retail,51-200,FR,Paris,£10m-£50m,2007,Series B,Salesforce,£5k-£25k,"[""LinkedIn Ads"", ""Meta Ads""]",True,11
Oakridge Finance Inc,oakridge-finance.example,Financial services,11-50,US,Seattle,under £1m,2008,Series A,Pipedrive,under £5k,"[""LinkedIn Ads""]",True,3
Zephyr Clinics Ltd,zephyr-clinics.example,Healthcare,1000+,UK,Manchester,£250m+,2022,Private equity,Salesforce,£100k+,"[""Google Ads"", ""LinkedIn Ads"", ""Meta Ads"", ""TikTok Ads""]",False,0
Cobalt Shipping Inc,cobalt-shipping.example,Logistics,11-50,US,Boston,£1m-£10m,2023,Bootstrapped,Pipedrive,under £5k,"[""TikTok Ads""]",True,2
Dovecote Goods Ltd,dovecote-goods.example,Retail,51-200,UK,Birmingham,£10m-£50m,2020,Series A,Salesforce,none,[],False,0
Harbour Learning Ltd,harbour-learning.example,Education,1-10,UK,Leeds,under £1m,1998,Seed,Spreadsheet,none,[],False,0
Highgate Trading Ltd,highgate-trading.example,Retail,11-50,UK,Leeds,£1m-£10m,2008,Bootstrapped,Pipedrive,£5k-£25k,"[""Google Ads"", ""Meta Ads""]",True,7
Brightwater Data Inc,brightwater-data.example,Software,51-200,US,Austin,£50m-£250m,2016,Bootstrapped,HubSpot,£5k-£25k,"[""Google Ads"", ""LinkedIn Ads""]",True,9
Juniper Capital Ltd,juniper-capital.example,Financial services,1-10,UK,Edinburgh,under £1m,2003,Bootstrapped,No CRM,£5k-£25k,"[""Meta Ads"", ""TikTok Ads""]",False,0
Zephyr Partners Inc,zephyr-partners.example,Financial services,201-1000,US,Boston,£250m+,1992,Bootstrapped,Salesforce,£100k+,"[""Google Ads"", ""LinkedIn Ads"", ""Meta Ads"", ""Microsoft Ads""]",True,23
Bluebell Capital SAS,bluebell-capital.example,Financial services,51-200,FR,Lille,£10m-£50m,2001,Bootstrapped,Salesforce,£5k-£25k,"[""LinkedIn Ads"", ""Meta Ads""]",False,0
Keystone Market GmbH,keystone-market.example,Retail,1000+,DE,Frankfurt,£250m+,2006,Private equity,Salesforce,£25k-£100k,"[""LinkedIn Ads"", ""Meta Ads"", ""TikTok Ads""]",True,75
Glenmoor Freight Ltd,glenmoor-freight.example,Logistics,11-50,UK,Manchester,£1m-£10m,2014,Series A,Pipedrive,£25k-£100k,"[""Google Ads"", ""LinkedIn Ads"", ""Meta Ads""]",True,6
Meridian Training Ltd,meridian-training.example,Education,51-200,UK,Bristol,£10m-£50m,2008,Bootstrapped,Salesforce,none,[],False,0
Oldfield Market Ltd,oldfield-market.example,Retail,201-1000,UK,Bristol,£50m-£250m,1973,Series B,HubSpot,£25k-£100k,"[""Google Ads"", ""Meta Ads"", ""Microsoft Ads""]",True,18
Jasper Engineering Ltd,jasper-engineering.example,Manufacturing,51-200,UK,Bristol,£50m-£250m,2021,Private equity,Pipedrive,£5k-£25k,"[""Meta Ads"", ""Microsoft Ads""]",True,7
Harbour Associates Inc,harbour-associates.example,Professional services,1-10,US,San Francisco,under £1m,2022,Bootstrapped,HubSpot,none,[],False,0
Ironbridge Stores Inc,ironbridge-stores.example,Retail,1-10,US,Austin,under £1m,2018,Bootstrapped,HubSpot,under £5k,"[""Meta Ads""]",False,0
Quartz Care Inc,quartz-care.example,Healthcare,11-50,US,Chicago,£1m-£10m,1998,Bootstrapped,HubSpot,none,[],True,5
Emberly Systems Ltd,emberly-systems.example,Software,1000+,UK,Leeds,£250m+,1986,Public,Salesforce,£100k+,"[""Google Ads"", ""LinkedIn Ads"", ""Microsoft Ads"", ""TikTok Ads""]",True,60
Ivywood Learning GmbH,ivywood-learning.example,Education,1-10,DE,Munich,under £1m,2002,Seed,Pipedrive,under £5k,"[""TikTok Ads""]",False,0
Lindenwood Associates Ltd,lindenwood-associates.example,Professional services,1-10,UK,London,under £1m,2007,Bootstrapped,HubSpot,under £5k,"[""TikTok Ads""]",False,0
Orchard Pharma Inc,orchard-pharma.example,Healthcare,201-1000,US,New York,£50m-£250m,2015,Series C+,Pipedrive,£25k-£100k,"[""Google Ads"", ""LinkedIn Ads"", ""Meta Ads""]",False,0
Northwind Wealth Inc,northwind-wealth.example,Financial services,11-50,US,New York,£1m-£10m,2003,Series A,Salesforce,£5k-£25k,"[""LinkedIn Ads"", ""Meta Ads""]",False,0
Heron Goods GmbH,heron-goods.example,Retail,1000+,DE,Hamburg,£250m+,1992,Public,Salesforce,£25k-£100k,"[""Google Ads"", ""LinkedIn Ads"", ""Microsoft Ads""]",True,79
Pinecrest Pharma Inc,pinecrest-pharma.example,Healthcare,11-50,US,New York,£1m-£10m,2006,Bootstrapped,Pipedrive,£25k-£100k,"[""Google Ads"", ""LinkedIn Ads"", ""Meta Ads""]",False,0
Dunmore Academy Inc,dunmore-academy.example,Education,1000+,US,Austin,£250m+,1988,Bootstrapped,Salesforce,£100k+,"[""Google Ads"", ""LinkedIn Ads"", ""Meta Ads"", ""Microsoft Ads""]",True,66
Westbrook Insurance Ltd,westbrook-insurance.example,Financial services,51-200,UK,Bristol,£10m-£50m,2017,Private equity,Spreadsheet,under £5k,"[""LinkedIn Ads""]",False,0
Riverside Legal Ltd,riverside-legal.example,Professional services,51-200,UK,Birmingham,£10m-£50m,1999,Series B,HubSpot,none,[],False,0
Inkwell Medical Ltd,inkwell-medical.example,Healthcare,201-1000,UK,Birmingham,£250m+,1983,Bootstrapped,Pipedrive,none,[],False,0
Silverline Wealth BV,silverline-wealth.example,Financial services,201-1000,NL,Eindhoven,£250m+,1993,Series A,Salesforce,£25k-£100k,"[""Google Ads"", ""Meta Ads"", ""Microsoft Ads""]",True,18
Meridian Engineering Inc,meridian-engineering.example,Manufacturing,51-200,US,Chicago,£10m-£50m,2005,Series A,Pipedrive,£5k-£25k,"[""Meta Ads"", ""Microsoft Ads""]",True,7
Kelvin Dental Inc,kelvin-dental.example,Healthcare,1000+,US,San Francisco,£250m+,1977,Public,Salesforce,£100k+,"[""Google Ads"", ""LinkedIn Ads"", ""Microsoft Ads"", ""TikTok Ads""]",False,0
Cedar Recruitment GmbH,cedar-recruitment.example,Professional services,11-50,DE,Frankfurt,£1m-£10m,2006,Bootstrapped,HubSpot,£5k-£25k,"[""Google Ads"", ""Meta Ads""]",False,0
Inkwell Stores Ltd,inkwell-stores.example,Retail,1-10,UK,Manchester,under £1m,2000,Seed,Spreadsheet,under £5k,"[""LinkedIn Ads""]",True,1
Emberly Components GmbH,emberly-components.example,Manufacturing,1-10,DE,Frankfurt,under £1m,2023,Seed,HubSpot,under £5k,"[""Microsoft Ads""]",False,0
Stonebridge Clinics SAS,stonebridge-clinics.example,Healthcare,51-200,FR,Paris,£10m-£50m,2010,Bootstrapped,HubSpot,£5k-£25k,"[""Google Ads"", ""Microsoft Ads""]",True,6
Marigold Advisory Ltd,marigold-advisory.example,Professional services,201-1000,UK,Edinburgh,£50m-£250m,1983,Bootstrapped,Salesforce,£5k-£25k,"[""LinkedIn Ads"", ""Meta Ads""]",True,22
Riverside Recruitment Ltd,riverside-recruitment.example,Professional services,11-50,UK,Manchester,£1m-£10m,1997,Seed,Spreadsheet,none,[],False,0
Keystone Works Inc,keystone-works.example,Manufacturing,11-50,US,Chicago,£10m-£50m,2005,Series A,HubSpot,£5k-£25k,"[""Google Ads"", ""Microsoft Ads""]",False,0
Clearwater Shipping Ltd,clearwater-shipping.example,Logistics,201-1000,UK,Bristol,£50m-£250m,2016,Series C+,Salesforce,£5k-£25k,"[""Google Ads"", ""Meta Ads""]",True,22
Heron Fabrication Ltd,heron-fabrication.example,Manufacturing,1-10,UK,Birmingham,under £1m,2015,Series A,HubSpot,under £5k,"[""Google Ads""]",False,0
Norfolk Insurance GmbH,norfolk-insurance.example,Financial services,201-1000,DE,Berlin,£50m-£250m,1982,Bootstrapped,HubSpot,£25k-£100k,"[""Google Ads"", ""Meta Ads"", ""TikTok Ads""]",False,0
Ivywood Finance Ltd,ivywood-finance.example,Financial services,51-200,UK,Edinburgh,£10m-£50m,2013,Series B,HubSpot,£5k-£25k,"[""Meta Ads"", ""Microsoft Ads""]",True,14
Moorland Advisory Ltd,moorland-advisory.example,Professional services,1-10,UK,Leeds,under £1m,2014,Bootstrapped,HubSpot,£5k-£25k,"[""Meta Ads"", ""Microsoft Ads""]",False,0
Alder Academy GmbH,alder-academy.example,Education,1-10,DE,Berlin,under £1m,2008,Bootstrapped,HubSpot,none,[],False,0
Juniper Accountants Ltd,juniper-accountants.example,Professional services,1-10,UK,London,under £1m,1995,Seed,Spreadsheet,under £5k,"[""Meta Ads""]",False,0
Glenmoor Consulting SAS,glenmoor-consulting.example,Professional services,11-50,FR,Lyon,£10m-£50m,2007,Seed,No CRM,under £5k,"[""Meta Ads""]",False,0
Moorland Labs Inc,moorland-labs.example,Software,1-10,US,New York,under £1m,2007,Bootstrapped,HubSpot,none,[],True,1
Bramble Medical GmbH,bramble-medical.example,Healthcare,1-10,DE,Berlin,under £1m,2022,Bootstrapped,Salesforce,under £5k,"[""Google Ads""]",True,1
Larkspur Software GmbH,larkspur-software.example,Software,1000+,DE,Munich,£250m+,1993,Series C+,Salesforce,£100k+,"[""Google Ads"", ""LinkedIn Ads"", ""Meta Ads"", ""Microsoft Ads""]",False,0
Highgate Software Inc,highgate-software.example,Software,1-10,US,Chicago,under £1m,2010,Bootstrapped,No CRM,under £5k,"[""LinkedIn Ads""]",False,0
Evergreen Freight Ltd,evergreen-freight.example,Logistics,11-50,UK,Edinburgh,£1m-£10m,2024,Bootstrapped,Pipedrive,under £5k,"[""LinkedIn Ads""]",False,0
Heron Outfitters BV,heron-outfitters.example,Retail,201-1000,NL,Amsterdam,£50m-£250m,1988,Public,Salesforce,£25k-£100k,"[""Google Ads"", ""Meta Ads"", ""Microsoft Ads""]",False,0
Kestrel Training SAS,kestrel-training.example,Education,51-200,FR,Toulouse,£10m-£50m,2006,Series A,HubSpot,under £5k,"[""Meta Ads""]",False,0
Juniper Learning Ltd,juniper-learning.example,Education,11-50,UK,Leeds,£1m-£10m,2004,Series A,HubSpot,£5k-£25k,"[""Google Ads"", ""Microsoft Ads""]",True,1
Westbrook Haulage Ltd,westbrook-haulage.example,Logistics,201-1000,UK,Leeds,£50m-£250m,1993,Bootstrapped,Spreadsheet,£25k-£100k,"[""Google Ads"", ""LinkedIn Ads"", ""Microsoft Ads""]",True,18
Larkspur Education GmbH,larkspur-education.example,Education,11-50,DE,Frankfurt,£1m-£10m,2006,Seed,Spreadsheet,£5k-£25k,"[""LinkedIn Ads"", ""Microsoft Ads""]",False,0
Inkwell Market BV,inkwell-market.example,Retail,201-1000,NL,Rotterdam,£50m-£250m,2023,Series B,Salesforce,none,[],True,18
Quayside Haulage Inc,quayside-haulage.example,Logistics,51-200,US,Seattle,£10m-£50m,1995,Series B,Spreadsheet,£5k-£25k,"[""Meta Ads"", ""Microsoft Ads""]",False,0
Upland Clinics SAS,upland-clinics.example,Healthcare,51-200,FR,Lille,£10m-£50m,2009,Series A,Salesforce,£5k-£25k,"[""Meta Ads"", ""TikTok Ads""]",True,8
Highgate Pharma GmbH,highgate-pharma.example,Healthcare,11-50,DE,Berlin,£1m-£10m,2013,Series A,Salesforce,£5k-£25k,"[""Google Ads"", ""Microsoft Ads""]",True,4
Valley Learning Ltd,valley-learning.example,Education,1-10,UK,Bristol,under £1m,2000,Bootstrapped,Pipedrive,none,[],False,0
Marigold Data Ltd,marigold-data.example,Software,201-1000,UK,Manchester,£50m-£250m,1975,Private equity,Salesforce,£5k-£25k,"[""Google Ads"", ""Microsoft Ads""]",False,0
Fernhill College GmbH,fernhill-college.example,Education,201-1000,DE,Munich,£50m-£250m,2019,Bootstrapped,Salesforce,none,[],False,0
Falcon Logistics Inc,falcon-logistics.example,Logistics,201-1000,US,Chicago,£50m-£250m,2019,Series B,Salesforce,£5k-£25k,"[""Meta Ads"", ""Microsoft Ads""]",True,27
Driftwood Components SAS,driftwood-components.example,Manufacturing,1-10,FR,Toulouse,under £1m,2019,Series A,No CRM,£5k-£25k,"[""LinkedIn Ads"", ""Microsoft Ads""]",True,1
Dovecote Couriers Ltd,dovecote-couriers.example,Logistics,51-200,UK,Birmingham,£10m-£50m,2017,Series B,Pipedrive,£5k-£25k,"[""Meta Ads"", ""Microsoft Ads""]",False,0
Marigold Engineering Inc,marigold-engineering.example,Manufacturing,201-1000,US,Austin,£50m-£250m,1980,Bootstrapped,HubSpot,£5k-£25k,"[""Meta Ads"", ""Microsoft Ads""]",True,27
Dovecote Retail BV,dovecote-retail.example,Retail,11-50,NL,Amsterdam,£10m-£50m,2020,Seed,Spreadsheet,£5k-£25k,"[""Google Ads"", ""Meta Ads""]",False,0
Saltmarsh Freight GmbH,saltmarsh-freight.example,Logistics,1-10,DE,Hamburg,under £1m,2024,Seed,No CRM,£5k-£25k,"[""Google Ads"", ""TikTok Ads""]",False,0
Lantern Finance Ltd,lantern-finance.example,Financial services,1-10,UK,Leeds,under £1m,2005,Seed,HubSpot,under £5k,"[""Google Ads""]",False,0
Highgate Lending SAS,highgate-lending.example,Financial services,11-50,FR,Lyon,£1m-£10m,2017,Bootstrapped,HubSpot,under £5k,"[""Meta Ads""]",False,0
Thornbury Transport SAS,thornbury-transport.example,Logistics,51-200,FR,Lyon,£10m-£50m,2023,Series A,HubSpot,£25k-£100k,"[""Google Ads"", ""LinkedIn Ads"", ""Meta Ads""]",False,0
Hawthorn Transport Ltd,hawthorn-transport.example,Logistics,1-10,UK,Manchester,under £1m,2005,Series A,Spreadsheet,none,[],False,0
Aurora Accountants BV,aurora-accountants.example,Professional services,51-200,NL,Rotterdam,£10m-£50m,2000,Series B,Salesforce,under £5k,"[""Microsoft Ads""]",False,0
Riverside Components Ltd,riverside-components.example,Manufacturing,201-1000,UK,London,£50m-£250m,2012,Series B,HubSpot,£100k+,"[""Google Ads"", ""LinkedIn Ads"", ""Meta Ads"", ""Microsoft Ads""]",True,19
Ivywood Medical Ltd,ivywood-medical.example,Healthcare,11-50,UK,Edinburgh,£10m-£50m,2024,Bootstrapped,HubSpot,none,[],False,0
Juniper Engineering SAS,juniper-engineering.example,Manufacturing,51-200,FR,Toulouse,£10m-£50m,1997,Seed,Spreadsheet,£25k-£100k,"[""Google Ads"", ""LinkedIn Ads"", ""Meta Ads""]",True,9
Willow Couriers SAS,willow-couriers.example,Logistics,1000+,FR,Lyon,£250m+,1981,Private equity,HubSpot,£100k+,"[""Google Ads"", ""LinkedIn Ads"", ""Meta Ads"", ""Microsoft Ads""]",True,78
Yarrow Consulting SAS,yarrow-consulting.example,Professional services,51-200,FR,Lyon,£10m-£50m,2019,Bootstrapped,HubSpot,£5k-£25k,"[""LinkedIn Ads"", ""Meta Ads""]",True,7
Moorland Capital SAS,moorland-capital.example,Financial services,11-50,FR,Lyon,£1m-£10m,2003,Series A,Spreadsheet,none,[],False,0
Aurora Digital Ltd,aurora-digital.example,Software,1-10,UK,Birmingham,under £1m,1996,Bootstrapped,Spreadsheet,under £5k,"[""Google Ads""]",True,1
Fernhill Goods Ltd,fernhill-goods.example,Retail,11-50,UK,London,under £1m,2018,Seed,Pipedrive,none,[],False,0
Fernhill Stores Inc,fernhill-stores.example,Retail,11-50,US,Seattle,£1m-£10m,1996,Series A,Pipedrive,none,[],False,0
Hawthorn Market SAS,hawthorn-market.example,Retail,11-50,FR,Paris,£1m-£10m,2010,Bootstrapped,Spreadsheet,under £5k,"[""Google Ads""]",False,0
Emberly Stores Ltd,emberly-stores.example,Retail,1-10,UK,London,under £1m,2003,Bootstrapped,Pipedrive,under £5k,"[""Google Ads""]",False,0
Saltmarsh Care Ltd,saltmarsh-care.example,Healthcare,201-1000,UK,London,£50m-£250m,1968,Series B,Salesforce,£5k-£25k,"[""LinkedIn Ads"", ""Meta Ads""]",True,28
Nettlefield Engineering Ltd,nettlefield-engineering.example,Manufacturing,11-50,UK,Manchester,£1m-£10m,2006,Seed,HubSpot,under £5k,"[""Meta Ads""]",True,4
Dovecote Shipping Ltd,dovecote-shipping.example,Logistics,11-50,UK,London,£1m-£10m,2014,Series A,HubSpot,none,[],True,1
Tidewater Digital Inc,tidewater-digital.example,Software,11-50,US,Chicago,£1m-£10m,2020,Bootstrapped,Pipedrive,under £5k,"[""Google Ads""]",True,5
Ashford Education BV,ashford-education.example,Education,51-200,NL,Amsterdam,£10m-£50m,2003,Series A,Pipedrive,£5k-£25k,"[""Google Ads"", ""Microsoft Ads""]",False,0
Evergreen Systems Inc,evergreen-systems.example,Software,201-1000,US,New York,£50m-£250m,1972,Series C+,Salesforce,£25k-£100k,"[""Google Ads"", ""Meta Ads"", ""Microsoft Ads""]",False,0
Juniper Industries Ltd,juniper-industries.example,Manufacturing,201-1000,UK,Bristol,£50m-£250m,2012,Bootstrapped,HubSpot,£100k+,"[""Google Ads"", ""LinkedIn Ads"", ""Meta Ads"", ""Microsoft Ads""]",True,12
Tamarind Clinics Inc,tamarind-clinics.example,Healthcare,1-10,US,San Francisco,under £1m,2020,Bootstrapped,HubSpot,none,[],False,0
Norfolk Clinics Inc,norfolk-clinics.example,Healthcare,51-200,US,San Francisco,£10m-£50m,2016,Series B,Spreadsheet,£5k-£25k,"[""Meta Ads"", ""TikTok Ads""]",False,0
Quayside Engineering Inc,quayside-engineering.example,Manufacturing,51-200,US,San Francisco,£10m-£50m,2020,Series B,Pipedrive,under £5k,"[""Meta Ads""]",True,7
Quayside Outfitters Ltd,quayside-outfitters.example,Retail,11-50,UK,Bristol,£1m-£10m,2024,Seed,Spreadsheet,under £5k,"[""Meta Ads""]",True,8
Nettlefield Dental Ltd,nettlefield-dental.example,Healthcare,11-50,UK,London,£1m-£10m,2002,Bootstrapped,Spreadsheet,none,[],False,0
Alder Care SAS,alder-care.example,Healthcare,201-1000,FR,Lyon,£50m-£250m,2013,Bootstrapped,HubSpot,£5k-£25k,"[""Meta Ads"", ""Microsoft Ads""]",True,25
Alder Stores Inc,alder-stores.example,Retail,11-50,US,Boston,£1m-£10m,2005,Bootstrapped,HubSpot,none,[],False,0
Rosewood Shipping Inc,rosewood-shipping.example,Logistics,1000+,US,New York,£50m-£250m,1999,Bootstrapped,Salesforce,£5k-£25k,"[""Google Ads"", ""Meta Ads""]",True,73
Fernhill Works GmbH,fernhill-works.example,Manufacturing,201-1000,DE,Frankfurt,£50m-£250m,1972,Bootstrapped,Salesforce,£5k-£25k,"[""Google Ads"", ""Meta Ads""]",False,0
Saltmarsh Associates SAS,saltmarsh-associates.example,Professional services,11-50,FR,Lyon,£1m-£10m,2019,Bootstrapped,Salesforce,under £5k,"[""Meta Ads""]",True,7
Oldfield Data GmbH,oldfield-data.example,Software,11-50,DE,Frankfurt,£1m-£10m,2003,Bootstrapped,Pipedrive,£25k-£100k,"[""Google Ads"", ""LinkedIn Ads"", ""Microsoft Ads""]",False,0
Falcon Components GmbH,falcon-components.example,Manufacturing,51-200,DE,Frankfurt,£10m-£50m,2022,Series A,Salesforce,£5k-£25k,"[""Google Ads"", ""Microsoft Ads""]",False,0
Pinecrest Dental Ltd,pinecrest-dental.example,Healthcare,11-50,UK,London,£1m-£10m,2022,Seed,HubSpot,under £5k,"[""LinkedIn Ads""]",False,0
Aurora Trading Ltd,aurora-trading.example,Retail,11-50,UK,Bristol,£1m-£10m,2009,Bootstrapped,Spreadsheet,under £5k,"[""Google Ads""]",False,0
Foxglove Accountants SAS,foxglove-accountants.example,Professional services,1-10,FR,Toulouse,under £1m,1997,Seed,No CRM,£25k-£100k,"[""Google Ads"", ""LinkedIn Ads"", ""Meta Ads""]",False,0
Northwind Cloud SAS,northwind-cloud.example,Software,201-1000,FR,Lille,£50m-£250m,2015,Series C+,Spreadsheet,£100k+,"[""LinkedIn Ads"", ""Meta Ads"", ""Microsoft Ads"", ""TikTok Ads""]",False,0
Oakridge Components GmbH,oakridge-components.example,Manufacturing,11-50,DE,Berlin,£1m-£10m,2003,Seed,Salesforce,none,[],True,6
Pinecrest Stores Inc,pinecrest-stores.example,Retail,51-200,US,Seattle,£10m-£50m,2023,Series A,HubSpot,£5k-£25k,"[""Google Ads"", ""LinkedIn Ads""]",False,0
Northwind Manufacturing Inc,northwind-manufacturing.example,Manufacturing,51-200,US,Chicago,£50m-£250m,2021,Bootstrapped,Salesforce,under £5k,"[""Google Ads""]",True,8
Dovecote Digital BV,dovecote-digital.example,Software,11-50,NL,Utrecht,£1m-£10m,2023,Seed,HubSpot,none,[],True,2
Falcon Haulage BV,falcon-haulage.example,Logistics,51-200,NL,Eindhoven,£10m-£50m,2020,Private equity,HubSpot,under £5k,"[""Google Ads""]",False,0
Riverside Haulage Inc,riverside-haulage.example,Logistics,51-200,US,Austin,£10m-£50m,2002,Bootstrapped,Pipedrive,£25k-£100k,"[""Google Ads"", ""LinkedIn Ads"", ""Meta Ads""]",False,0
Pennine Health GmbH,pennine-health.example,Healthcare,1-10,DE,Berlin,under £1m,2011,Seed,Salesforce,none,[],False,0
Keystone Trading SAS,keystone-trading.example,Retail,51-200,FR,Paris,£10m-£50m,2011,Series A,Pipedrive,£5k-£25k,"[""Google Ads"", ""Meta Ads""]",False,0
Yarrow Components Ltd,yarrow-components.example,Manufacturing,1-10,UK,Leeds,under £1m,2019,Bootstrapped,Salesforce,£5k-£25k,"[""Google Ads"", ""Meta Ads""]",True,1
Dunmore Fabrication Ltd,dunmore-fabrication.example,Manufacturing,201-1000,UK,London,£50m-£250m,1986,Public,HubSpot,£5k-£25k,"[""Google Ads"", ""TikTok Ads""]",True,22
Brightwater Associates Inc,brightwater-associates.example,Professional services,51-200,US,San Francisco,£10m-£50m,2000,Series A,No CRM,under £5k,"[""Google Ads""]",False,0
Driftwood Engineering Inc,driftwood-engineering.example,Manufacturing,11-50,US,Seattle,£1m-£10m,2021,Seed,No CRM,under £5k,"[""Meta Ads""]",True,6
Alder Advisory Inc,alder-advisory.example,Professional services,201-1000,US,Austin,£50m-£250m,1995,Series B,No CRM,£5k-£25k,"[""Google Ads"", ""Meta Ads""]",True,24
Stonebridge Software Inc,stonebridge-software.example,Software,11-50,US,New York,£10m-£50m,2001,Bootstrapped,Spreadsheet,under £5k,"[""Google Ads""]",True,3
Orchard Academy BV,orchard-academy.example,Education,201-1000,NL,Rotterdam,£50m-£250m,1974,Series B,Salesforce,£25k-£100k,"[""Google Ads"", ""LinkedIn Ads"", ""TikTok Ads""]",False,0
Dovecote Labs Ltd,dovecote-labs.example,Software,201-1000,UK,Edinburgh,£50m-£250m,2007,Private equity,Salesforce,£25k-£100k,"[""Google Ads"", ""Meta Ads"", ""TikTok Ads""]",True,18
Orchard Insurance Ltd,orchard-insurance.example,Financial services,11-50,UK,Birmingham,£1m-£10m,1999,Seed,Spreadsheet,under £5k,"[""Google Ads""]",False,0
Driftwood Systems Inc,driftwood-systems.example,Software,11-50,US,Austin,£1m-£10m,1997,Series A,HubSpot,none,[],True,4
Falcon Software Inc,falcon-software.example,Software,51-200,US,New York,£10m-£50m,2015,Series C+,Pipedrive,£5k-£25k,"[""LinkedIn Ads"", ""Meta Ads""]",True,3
Greystone Transport BV,greystone-transport.example,Logistics,1000+,NL,Eindhoven,£250m+,2014,Public,Salesforce,£5k-£25k,"[""LinkedIn Ads"", ""Microsoft Ads""]",True,67
Quartz Medical SAS,quartz-medical.example,Healthcare,11-50,FR,Lille,£10m-£50m,2018,Seed,Salesforce,£25k-£100k,"[""Google Ads"", ""LinkedIn Ads"", ""Meta Ads""]",True,4
Dunmore College SAS,dunmore-college.example,Education,51-200,FR,Toulouse,£10m-£50m,1999,Series A,No CRM,£5k-£25k,"[""Google Ads"", ""Meta Ads""]",True,12
Jasper Medical Inc,jasper-medical.example,Healthcare,201-1000,US,Boston,£50m-£250m,1987,Bootstrapped,Spreadsheet,£25k-£100k,"[""Google Ads"", ""Meta Ads"", ""TikTok Ads""]",True,19
Inkwell Tutors Inc,inkwell-tutors.example,Education,1-10,US,Chicago,under £1m,2021,Seed,Spreadsheet,none,[],False,0
Inkwell Manufacturing Ltd,inkwell-manufacturing.example,Manufacturing,11-50,UK,Bristol,£1m-£10m,2012,Series A,Pipedrive,under £5k,"[""Meta Ads""]",False,0
Inkwell Associates BV,inkwell-associates.example,Professional services,51-200,NL,Utrecht,£10m-£50m,1998,Series B,HubSpot,£5k-£25k,"[""Google Ads"", ""Microsoft Ads""]",True,6
Heron Cloud Inc,heron-cloud.example,Software,51-200,US,San Francisco,£10m-£50m,2002,Bootstrapped,Pipedrive,£25k-£100k,"[""Google Ads"", ""LinkedIn Ads"", ""Meta Ads""]",True,6
Keystone Lending Ltd,keystone-lending.example,Financial services,11-50,UK,Edinburgh,£1m-£10m,2005,Bootstrapped,Salesforce,under £5k,"[""Meta Ads""]",False,0
Keystone Cloud BV,keystone-cloud.example,Software,1000+,NL,Amsterdam,£250m+,1995,Public,Salesforce,under £5k,"[""Google Ads""]",True,72
Brightwater Works SAS,brightwater-works.example,Manufacturing,201-1000,FR,Lyon,£50m-£250m,2007,Bootstrapped,Salesforce,£100k+,"[""Google Ads"", ""LinkedIn Ads"", ""Meta Ads"", ""Microsoft Ads""]",False,0
Emberly Training Inc,emberly-training.example,Education,1000+,US,San Francisco,£250m+,1966,Public,HubSpot,£25k-£100k,"[""Google Ads"", ""Meta Ads"", ""Microsoft Ads""]",True,61
Stonebridge Insurance Ltd,stonebridge-insurance.example,Financial services,11-50,UK,Manchester,£10m-£50m,2017,Bootstrapped,HubSpot,under £5k,"[""Meta Ads""]",True,4
Cedar Data Ltd,cedar-data.example,Software,1-10,UK,Manchester,under £1m,1998,Bootstrapped,Pipedrive,none,[],False,0
Nimbus Accountants BV,nimbus-accountants.example,Professional services,11-50,NL,Amsterdam,£1m-£10m,1996,Bootstrapped,Spreadsheet,under £5k,"[""Microsoft Ads""]",True,4
Saltmarsh Health Inc,saltmarsh-health.example,Healthcare,1-10,US,New York,under £1m,2022,Seed,Spreadsheet,under £5k,"[""Google Ads""]",True,2
Kestrel Freight Inc,kestrel-freight.example,Logistics,1-10,US,Austin,under £1m,1998,Bootstrapped,Spreadsheet,£5k-£25k,"[""LinkedIn Ads"", ""Meta Ads""]",True,2
Dunmore Partners Ltd,dunmore-partners.example,Financial services,1000+,UK,Manchester,£250m+,2016,Series C+,Salesforce,£100k+,"[""Google Ads"", ""LinkedIn Ads"", ""Meta Ads"", ""Microsoft Ads""]",True,67
Rosewood Goods Ltd,rosewood-goods.example,Retail,51-200,UK,London,£10m-£50m,2002,Series B,HubSpot,£25k-£100k,"[""Google Ads"", ""Meta Ads"", ""Microsoft Ads""]",True,9
Kelvin Logistics GmbH,kelvin-logistics.example,Logistics,201-1000,DE,Berlin,£50m-£250m,2004,Series C+,HubSpot,£100k+,"[""Google Ads"", ""Meta Ads"", ""Microsoft Ads"", ""TikTok Ads""]",True,12
Beacon Training GmbH,beacon-training.example,Education,51-200,DE,Frankfurt,£10m-£50m,2015,Bootstrapped,Salesforce,£5k-£25k,"[""Google Ads"", ""TikTok Ads""]",True,7
Vantage Wealth Inc,vantage-wealth.example,Financial services,11-50,US,Seattle,£1m-£10m,2001,Bootstrapped,HubSpot,£5k-£25k,"[""Google Ads"", ""LinkedIn Ads""]",True,2
Foxglove Insurance Inc,foxglove-insurance.example,Financial services,51-200,US,Austin,£50m-£250m,2017,Series B,Salesforce,£5k-£25k,"[""Google Ads"", ""Meta Ads""]",True,12
Hawthorn Couriers GmbH,hawthorn-couriers.example,Logistics,51-200,DE,Munich,£10m-£50m,2017,Series A,Pipedrive,£5k-£25k,"[""Meta Ads"", ""TikTok Ads""]",True,11
Cobalt Software Inc,cobalt-software.example,Software,1-10,US,Chicago,under £1m,2020,Bootstrapped,No CRM,£5k-£25k,"[""Google Ads"", ""Meta Ads""]",False,0
Westbrook Lending Ltd,westbrook-lending.example,Financial services,1-10,UK,Manchester,under £1m,2008,Bootstrapped,Spreadsheet,£5k-£25k,"[""Google Ads"", ""LinkedIn Ads""]",False,0
Inkwell College Ltd,inkwell-college.example,Education,1-10,UK,Bristol,under £1m,2011,Seed,Salesforce,under £5k,"[""Google Ads""]",False,0
Elmstead Digital Ltd,elmstead-digital.example,Software,201-1000,UK,Manchester,£50m-£250m,1982,Series B,HubSpot,£25k-£100k,"[""Google Ads"", ""LinkedIn Ads"", ""Meta Ads""]",True,23
Marigold Capital GmbH,marigold-capital.example,Financial services,1000+,DE,Hamburg,£250m+,1979,Public,Salesforce,£25k-£100k,"[""Google Ads"", ""LinkedIn Ads"", ""Meta Ads""]",True,67
Silverline Insurance Inc,silverline-insurance.example,Financial services,201-1000,US,San Francisco,£250m+,2019,Series C+,Spreadsheet,£5k-£25k,"[""Google Ads"", ""LinkedIn Ads""]",True,25
Juniper Health Ltd,juniper-health.example,Healthcare,201-1000,UK,Manchester,£50m-£250m,1966,Private equity,Salesforce,£5k-£25k,"[""Google Ads"", ""Meta Ads""]",True,21
Bluebell Works Ltd,bluebell-works.example,Manufacturing,11-50,UK,London,£1m-£10m,2022,Bootstrapped,Spreadsheet,£5k-£25k,"[""Google Ads"", ""Meta Ads""]",False,0
Aurora Learning GmbH,aurora-learning.example,Education,1-10,DE,Munich,under £1m,1996,Bootstrapped,Salesforce,none,[],False,0
Westbrook Capital GmbH,westbrook-capital.example,Financial services,51-200,DE,Berlin,£10m-£50m,2003,Series B,HubSpot,none,[],False,0
Valley Freight Inc,valley-freight.example,Logistics,1-10,US,San Francisco,under £1m,2003,Bootstrapped,Spreadsheet,none,[],True,2
Cobalt Pharma Inc,cobalt-pharma.example,Healthcare,51-200,US,Chicago,£10m-£50m,2023,Seed,HubSpot,£5k-£25k,"[""Microsoft Ads"", ""TikTok Ads""]",False,0
Beacon Tutors BV,beacon-tutors.example,Education,1-10,NL,Utrecht,under £1m,2014,Seed,Spreadsheet,none,[],False,0
Dunmore Shipping Inc,dunmore-shipping.example,Logistics,1-10,US,Chicago,under £1m,2015,Bootstrapped,HubSpot,none,[],False,0
Nettlefield College Inc,nettlefield-college.example,Education,1000+,US,Chicago,£250m+,2011,Bootstrapped,HubSpot,£25k-£100k,"[""Google Ads"", ""Meta Ads"", ""TikTok Ads""]",False,0
Willow Logistics BV,willow-logistics.example,Logistics,51-200,NL,Amsterdam,£50m-£250m,2000,Series B,No CRM,under £5k,"[""LinkedIn Ads""]",False,0
Ashford Systems Ltd,ashford-systems.example,Software,1-10,UK,London,under £1m,2014,Bootstrapped,No CRM,under £5k,"[""Microsoft Ads""]",False,0
Rosewood Works Inc,rosewood-works.example,Manufacturing,51-200,US,Seattle,£10m-£50m,2021,Series B,Pipedrive,under £5k,"[""Meta Ads""]",False,0
Elmstead Cloud Inc,elmstead-cloud.example,Software,11-50,US,San Francisco,£1m-£10m,2008,Bootstrapped,No CRM,under £5k,"[""Google Ads""]",False,0
Fernhill Systems SAS,fernhill-systems.example,Software,201-1000,FR,Lyon,£50m-£250m,2000,Bootstrapped,Salesforce,£5k-£25k,"[""Google Ads"", ""TikTok Ads""]",False,0
Pinecrest Labs Ltd,pinecrest-labs.example,Software,51-200,UK,Birmingham,£10m-£50m,2002,Series A,HubSpot,none,[],True,7
Cobalt Accountants SAS,cobalt-accountants.example,Professional services,201-1000,FR,Lille,£250m+,1988,Bootstrapped,HubSpot,£25k-£100k,"[""Google Ads"", ""LinkedIn Ads"", ""Meta Ads""]",False,0
Cobalt Industries Ltd,cobalt-industries.example,Manufacturing,51-200,UK,Manchester,£10m-£50m,2012,Seed,HubSpot,under £5k,"[""Meta Ads""]",False,0
Alder Components GmbH,alder-components.example,Manufacturing,11-50,DE,Frankfurt,£1m-£10m,2006,Bootstrapped,HubSpot,under £5k,"[""Google Ads""]",True,4
Hawthorn Training GmbH,hawthorn-training.example,Education,51-200,DE,Frankfurt,£10m-£50m,2020,Private equity,Salesforce,none,[],True,12
Greystone Logistics Inc,greystone-logistics.example,Logistics,1-10,US,San Francisco,under £1m,2019,Seed,Pipedrive,under £5k,"[""Meta Ads""]",True,2
Falcon Learning Inc,falcon-learning.example,Education,11-50,US,Seattle,£10m-£50m,2018,Bootstrapped,HubSpot,£5k-£25k,"[""Google Ads"", ""Microsoft Ads""]",False,0
Umber Industries Inc,umber-industries.example,Manufacturing,51-200,US,San Francisco,£10m-£50m,2005,Series B,Salesforce,£5k-£25k,"[""LinkedIn Ads"", ""Microsoft Ads""]",False,0
Bramble Engineering Inc,bramble-engineering.example,Manufacturing,51-200,US,Chicago,£1m-£10m,2007,Series A,HubSpot,none,[],True,8
Highgate Transport Ltd,highgate-transport.example,Logistics,1-10,UK,London,under £1m,2001,Bootstrapped,Spreadsheet,none,[],False,0
Nettlefield Manufacturing Inc,nettlefield-manufacturing.example,Manufacturing,11-50,US,San Francisco,£1m-£10m,1997,Bootstrapped,Spreadsheet,£5k-£25k,"[""Google Ads"", ""Meta Ads""]",False,0
Vantage Transport BV,vantage-transport.example,Logistics,201-1000,NL,Amsterdam,£50m-£250m,2006,Private equity,HubSpot,£100k+,"[""Google Ads"", ""LinkedIn Ads"", ""Meta Ads"", ""Microsoft Ads""]",False,0
Emberly Fabrication Inc,emberly-fabrication.example,Manufacturing,1000+,US,Boston,£250m+,1971,Series C+,No CRM,£25k-£100k,"[""Google Ads"", ""LinkedIn Ads"", ""Meta Ads""]",False,0
Aurora Systems BV,aurora-systems.example,Software,201-1000,NL,Utrecht,£10m-£50m,2016,Series C+,Salesforce,£100k+,"[""Google Ads"", ""LinkedIn Ads"", ""Meta Ads"", ""TikTok Ads""]",True,24
Willow Health Inc,willow-health.example,Healthcare,1-10,US,Chicago,under £1m,2013,Seed,Spreadsheet,under £5k,"[""Google Ads""]",False,0
Stonebridge Components Inc,stonebridge-components.example,Manufacturing,1000+,US,Chicago,£250m+,2011,Series C+,Salesforce,£5k-£25k,"[""Google Ads"", ""Microsoft Ads""]",True,68
Hawthorn Works Ltd,hawthorn-works.example,Manufacturing,1000+,UK,Bristol,£250m+,1987,Bootstrapped,Salesforce,£5k-£25k,"[""Google Ads"", ""LinkedIn Ads""]",True,54
Kingsway Couriers GmbH,kingsway-couriers.example,Logistics,1-10,DE,Hamburg,under £1m,2022,Seed,Salesforce,under £5k,"[""Google Ads""]",False,0
Tidewater Software Ltd,tidewater-software.example,Software,11-50,UK,Edinburgh,£1m-£10m,2002,Bootstrapped,Spreadsheet,under £5k,"[""Google Ads""]",False,0
Highgate Legal GmbH,highgate-legal.example,Professional services,11-50,DE,Munich,£1m-£10m,2006,Bootstrapped,No CRM,none,[],False,0
Keystone Pharma SAS,keystone-pharma.example,Healthcare,51-200,FR,Paris,£10m-£50m,2012,Series B,HubSpot,£25k-£100k,"[""Google Ads"", ""LinkedIn Ads"", ""Meta Ads""]",True,7
Quayside Labs Ltd,quayside-labs.example,Software,51-200,UK,London,£10m-£50m,2017,Series A,Salesforce,under £5k,"[""Meta Ads""]",False,0
Valley Lending Inc,valley-lending.example,Financial services,201-1000,US,Austin,£50m-£250m,1973,Series C+,Salesforce,£25k-£100k,"[""Google Ads"", ""LinkedIn Ads"", ""Meta Ads""]",True,25
Vantage Retail SAS,vantage-retail.example,Retail,11-50,FR,Toulouse,£1m-£10m,2002,Series A,Spreadsheet,none,[],False,0
Pebble Legal GmbH,pebble-legal.example,Professional services,11-50,DE,Berlin,£1m-£10m,2001,Bootstrapped,HubSpot,£25k-£100k,"[""Google Ads"", ""LinkedIn Ads"", ""Meta Ads""]",False,0
Northwind Learning BV,northwind-learning.example,Education,1-10,NL,Eindhoven,under £1m,2004,Bootstrapped,HubSpot,under £5k,"[""Microsoft Ads""]",False,0
Granite Manufacturing Ltd,granite-manufacturing.example,Manufacturing,1000+,UK,Edinburgh,£250m+,2003,Private equity,Salesforce,£5k-£25k,"[""Google Ads"", ""Meta Ads""]",False,0
Evergreen Market SAS,evergreen-market.example,Retail,51-200,FR,Toulouse,£10m-£50m,2005,Series B,Salesforce,under £5k,"[""Google Ads""]",False,0
Meridian Fabrication GmbH,meridian-fabrication.example,Manufacturing,1000+,DE,Munich,£250m+,2000,Series C+,HubSpot,£25k-£100k,"[""Google Ads"", ""Meta Ads"", ""Microsoft Ads""]",False,0
Upland Engineering Ltd,upland-engineering.example,Manufacturing,11-50,UK,Bristol,£1m-£10m,1999,Seed,HubSpot,£25k-£100k,"[""Google Ads"", ""LinkedIn Ads"", ""Microsoft Ads""]",False,0
Bluebell Digital SAS,bluebell-digital.example,Software,201-1000,FR,Toulouse,£250m+,2012,Bootstrapped,Salesforce,£100k+,"[""Google Ads"", ""LinkedIn Ads"", ""Meta Ads"", ""Microsoft Ads""]",False,0
Upland Health Inc,upland-health.example,Healthcare,1-10,US,New York,under £1m,2024,Bootstrapped,HubSpot,£5k-£25k,"[""Meta Ads"", ""TikTok Ads""]",False,0
Pennine Associates Inc,pennine-associates.example,Professional services,51-200,US,New York,£10m-£50m,2015,Seed,Spreadsheet,under £5k,"[""Meta Ads""]",False,0
Jasper Wealth Inc,jasper-wealth.example,Financial services,11-50,US,Austin,£1m-£10m,2012,Seed,HubSpot,under £5k,"[""Google Ads""]",False,0
Riverside Shipping Inc,riverside-shipping.example,Logistics,201-1000,US,San Francisco,£50m-£250m,2024,Series C+,HubSpot,£25k-£100k,"[""Google Ads"", ""Meta Ads"", ""Microsoft Ads""]",True,21
Kestrel Trading Inc,kestrel-trading.example,Retail,1000+,US,Boston,£250m+,1980,Private equity,Salesforce,£100k+,"[""Google Ads"", ""LinkedIn Ads"", ""Meta Ads"", ""Microsoft Ads""]",True,73
Emberly Haulage BV,emberly-haulage.example,Logistics,11-50,NL,Rotterdam,£1m-£10m,1999,Bootstrapped,Spreadsheet,none,[],False,0
Westbrook Labs GmbH,westbrook-labs.example,Software,1-10,DE,Berlin,under £1m,2010,Bootstrapped,Spreadsheet,under £5k,"[""Meta Ads""]",False,0
Pinecrest Market Inc,pinecrest-market.example,Retail,11-50,US,Seattle,£1m-£10m,2024,Bootstrapped,Salesforce,under £5k,"[""Meta Ads""]",True,4
Pennine Lending Inc,pennine-lending.example,Financial services,1000+,US,Seattle,£250m+,2000,Private equity,Salesforce,£5k-£25k,"[""Google Ads"", ""Meta Ads""]",True,53
Zephyr Legal Inc,zephyr-legal.example,Professional services,11-50,US,Austin,£1m-£10m,2024,Bootstrapped,HubSpot,£5k-£25k,"[""Google Ads"", ""Meta Ads""]",False,0
Pebble College SAS,pebble-college.example,Education,1-10,FR,Lyon,under £1m,2018,Seed,Spreadsheet,none,[],False,0
Quayside Systems Ltd,quayside-systems.example,Software,11-50,UK,Manchester,£1m-£10m,2006,Bootstrapped,HubSpot,£5k-£25k,"[""Google Ads"", ""Meta Ads""]",True,3
Zephyr College BV,zephyr-college.example,Education,1-10,NL,Rotterdam,under £1m,2024,Bootstrapped,Pipedrive,under £5k,"[""Google Ads""]",False,0
Valley Haulage GmbH,valley-haulage.example,Logistics,201-1000,DE,Munich,£50m-£250m,1990,Series B,HubSpot,£25k-£100k,"[""Google Ads"", ""LinkedIn Ads"", ""Microsoft Ads""]",True,25
Bramble Goods Inc,bramble-goods.example,Retail,51-200,US,Seattle,£10m-£50m,2023,Series B,Salesforce,none,[],True,12
Foxglove Learning Ltd,foxglove-learning.example,Education,11-50,UK,Bristol,£10m-£50m,1996,Series A,HubSpot,£5k-£25k,"[""Google Ads"", ""LinkedIn Ads""]",False,0
Bluebell Freight Ltd,bluebell-freight.example,Logistics,1-10,UK,London,under £1m,2009,Seed,HubSpot,under £5k,"[""Meta Ads""]",False,0
Cedar Finance Inc,cedar-finance.example,Financial services,11-50,US,Seattle,£1m-£10m,2023,Seed,HubSpot,under £5k,"[""Meta Ads""]",False,0
Kelvin Recruitment BV,kelvin-recruitment.example,Professional services,11-50,NL,Rotterdam,£1m-£10m,2019,Bootstrapped,Salesforce,£5k-£25k,"[""Google Ads"", ""Meta Ads""]",True,2
Lindenwood Legal Ltd,lindenwood-legal.example,Professional services,201-1000,UK,Manchester,£250m+,1976,Series C+,Spreadsheet,£5k-£25k,"[""Google Ads"", ""LinkedIn Ads""]",False,0
Lindenwood Manufacturing BV,lindenwood-manufacturing.example,Manufacturing,51-200,NL,Eindhoven,£10m-£50m,2010,Bootstrapped,HubSpot,none,[],False,0
Cedar Trading Ltd,cedar-trading.example,Retail,1-10,UK,London,under £1m,2018,Seed,Pipedrive,none,[],False,0
Riverside Industries Ltd,riverside-industries.example,Manufacturing,11-50,UK,Edinburgh,£1m-£10m,1999,Bootstrapped,No CRM,£5k-£25k,"[""Meta Ads"", ""Microsoft Ads""]",True,6
Lindenwood Data SAS,lindenwood-data.example,Software,51-200,FR,Paris,£10m-£50m,2009,Bootstrapped,Salesforce,under £5k,"[""LinkedIn Ads""]",False,0
Redwood Trading SAS,redwood-trading.example,Retail,201-1000,FR,Toulouse,£50m-£250m,1984,Series C+,Salesforce,£25k-£100k,"[""Google Ads"", ""Meta Ads"", ""Microsoft Ads""]",False,0
Oakridge Works BV,oakridge-works.example,Manufacturing,11-50,NL,Rotterdam,under £1m,1995,Bootstrapped,Salesforce,none,[],False,0
Oldfield Works Inc,oldfield-works.example,Manufacturing,51-200,US,New York,£10m-£50m,2020,Series A,HubSpot,none,[],True,8
Highgate Freight Ltd,highgate-freight.example,Logistics,1-10,UK,Leeds,under £1m,2004,Seed,Spreadsheet,none,[],False,0
Yarrow Labs Inc,yarrow-labs.example,Software,11-50,US,Chicago,£1m-£10m,2015,Seed,Spreadsheet,£5k-£25k,"[""LinkedIn Ads"", ""Meta Ads""]",True,3
Nimbus Labs BV,nimbus-labs.example,Software,51-200,NL,Utrecht,£10m-£50m,1999,Series B,HubSpot,£5k-£25k,"[""Meta Ads"", ""Microsoft Ads""]",True,12
Larkspur Care Inc,larkspur-care.example,Healthcare,1-10,US,Seattle,under £1m,2015,Bootstrapped,Pipedrive,none,[],True,1
Clearwater Haulage Ltd,clearwater-haulage.example,Logistics,1-10,UK,Leeds,under £1m,2015,Seed,Spreadsheet,£5k-£25k,"[""Google Ads"", ""Meta Ads""]",False,0
Kelvin Freight SAS,kelvin-freight.example,Logistics,201-1000,FR,Lyon,£50m-£250m,1973,Series C+,Salesforce,£5k-£25k,"[""Google Ads"", ""Meta Ads""]",False,0
Zephyr Components Ltd,zephyr-components.example,Manufacturing,1-10,UK,Manchester,under £1m,2016,Bootstrapped,Spreadsheet,under £5k,"[""LinkedIn Ads""]",False,0
Lindenwood Industries Inc,lindenwood-industries.example,Manufacturing,1-10,US,Chicago,under £1m,2022,Bootstrapped,Spreadsheet,under £5k,"[""Google Ads""]",False,0
Saltmarsh Wealth GmbH,saltmarsh-wealth.example,Financial services,51-200,DE,Hamburg,£10m-£50m,2018,Bootstrapped,HubSpot,£100k+,"[""Google Ads"", ""LinkedIn Ads"", ""Meta Ads"", ""TikTok Ads""]",False,0
Quartz Data Inc,quartz-data.example,Software,51-200,US,New York,£10m-£50m,2005,Series B,HubSpot,under £5k,"[""Google Ads""]",True,10
Quartz Health BV,quartz-health.example,Healthcare,1-10,NL,Rotterdam,under £1m,2007,Bootstrapped,No CRM,none,[],False,0
Vantage Fabrication SAS,vantage-fabrication.example,Manufacturing,201-1000,FR,Lyon,£50m-£250m,1995,Series C+,Salesforce,£5k-£25k,"[""Google Ads"", ""Meta Ads""]",False,0
Yarrow Education SAS,yarrow-education.example,Education,51-200,FR,Lyon,£10m-£50m,2006,Series C+,Salesforce,£5k-£25k,"[""Google Ads"", ""LinkedIn Ads""]",False,0
Quartz Trading GmbH,quartz-trading.example,Retail,11-50,DE,Hamburg,£1m-£10m,1998,Series A,HubSpot,£25k-£100k,"[""Google Ads"", ""LinkedIn Ads"", ""Meta Ads""]",False,0
Kingsway Stores Inc,kingsway-stores.example,Retail,11-50,US,Boston,£1m-£10m,2001,Bootstrapped,Pipedrive,£5k-£25k,"[""LinkedIn Ads"", ""Microsoft Ads""]",False,0
Dovecote Wealth Ltd,dovecote-wealth.example,Financial services,51-200,UK,Leeds,£10m-£50m,2017,Bootstrapped,HubSpot,under £5k,"[""LinkedIn Ads""]",False,0
Granite Retail BV,granite-retail.example,Retail,1000+,NL,Utrecht,£250m+,1985,Bootstrapped,Salesforce,£5k-£25k,"[""Google Ads"", ""Meta Ads""]",True,59
Rosewood Recruitment Ltd,rosewood-recruitment.example,Professional services,201-1000,UK,Birmingham,£50m-£250m,2016,Bootstrapped,Salesforce,£5k-£25k,"[""Google Ads"", ""Microsoft Ads""]",True,14
Bramble Freight Ltd,bramble-freight.example,Logistics,51-200,UK,Edinburgh,£10m-£50m,2024,Series B,HubSpot,£5k-£25k,"[""Google Ads"", ""Microsoft Ads""]",True,10
Moorland Medical Inc,moorland-medical.example,Healthcare,11-50,US,San Francisco,£1m-£10m,2024,Bootstrapped,HubSpot,under £5k,"[""Meta Ads""]",False,0
Silverline Labs Inc,silverline-labs.example,Software,11-50,US,Boston,£10m-£50m,2003,Seed,HubSpot,under £5k,"[""TikTok Ads""]",True,6
Redwood Software Ltd,redwood-software.example,Software,51-200,UK,Birmingham,£10m-£50m,2016,Series B,HubSpot,£5k-£25k,"[""Google Ads"", ""Meta Ads""]",False,0
Tidewater Medical SAS,tidewater-medical.example,Healthcare,1-10,FR,Lyon,under £1m,2018,Bootstrapped,No CRM,£25k-£100k,"[""LinkedIn Ads"", ""Meta Ads"", ""TikTok Ads""]",False,0
Nimbus Pharma Ltd,nimbus-pharma.example,Healthcare,51-200,UK,Edinburgh,£1m-£10m,2018,Bootstrapped,Pipedrive,£5k-£25k,"[""Google Ads"", ""Meta Ads""]",True,11
Stonebridge Fabrication Ltd,stonebridge-fabrication.example,Manufacturing,11-50,UK,Bristol,£1m-£10m,2011,Seed,HubSpot,under £5k,"[""Meta Ads""]",False,0
Beacon Lending Inc,beacon-lending.example,Financial services,11-50,US,Chicago,£1m-£10m,2016,Series A,Salesforce,£5k-£25k,"[""Google Ads"", ""Meta Ads""]",False,0
Silverline Medical BV,silverline-medical.example,Healthcare,201-1000,NL,Eindhoven,£50m-£250m,1966,Bootstrapped,Salesforce,£25k-£100k,"[""Google Ads"", ""LinkedIn Ads"", ""Meta Ads""]",True,18
Redwood Industries Ltd,redwood-industries.example,Manufacturing,11-50,UK,Manchester,£1m-£10m,2023,Seed,Spreadsheet,under £5k,"[""Meta Ads""]",False,0
Juniper Haulage Ltd,juniper-haulage.example,Logistics,1-10,UK,Leeds,under £1m,2002,Bootstrapped,Spreadsheet,£5k-£25k,"[""LinkedIn Ads"", ""Meta Ads""]",False,0
Valley Advisory BV,valley-advisory.example,Professional services,51-200,NL,Amsterdam,£10m-£50m,1995,Series B,Salesforce,under £5k,"[""Meta Ads""]",True,9
Falcon Wealth SAS,falcon-wealth.example,Financial services,51-200,FR,Paris,£10m-£50m,2013,Bootstrapped,Salesforce,none,[],True,4
Quayside Logistics BV,quayside-logistics.example,Logistics,201-1000,NL,Rotterdam,£250m+,1969,Bootstrapped,Salesforce,£25k-£100k,"[""Google Ads"", ""LinkedIn Ads"", ""Meta Ads""]",True,20
Riverside Transport SAS,riverside-transport.example,Logistics,201-1000,FR,Paris,£250m+,1992,Series B,Pipedrive,£25k-£100k,"[""Google Ads"", ""LinkedIn Ads"", ""TikTok Ads""]",False,0
Larkspur Finance Ltd,larkspur-finance.example,Financial services,11-50,UK,London,£10m-£50m,2009,Bootstrapped,HubSpot,under £5k,"[""Microsoft Ads""]",False,0
Oldfield Consulting Ltd,oldfield-consulting.example,Professional services,1-10,UK,Edinburgh,£1m-£10m,2013,Seed,Spreadsheet,under £5k,"[""LinkedIn Ads""]",False,0
Pebble Labs Inc,pebble-labs.example,Software,11-50,US,San Francisco,£1m-£10m,2009,Bootstrapped,Spreadsheet,£5k-£25k,"[""Microsoft Ads"", ""TikTok Ads""]",False,0
Quayside Recruitment GmbH,quayside-recruitment.example,Professional services,201-1000,DE,Berlin,£50m-£250m,1983,Public,Salesforce,£25k-£100k,"[""Google Ads"", ""LinkedIn Ads"", ""Meta Ads""]",True,30
Beacon Data Inc,beacon-data.example,Software,51-200,US,Austin,£10m-£50m,2018,Private equity,Salesforce,£5k-£25k,"[""Google Ads"", ""Meta Ads""]",False,0
Heron Digital Inc,heron-digital.example,Software,51-200,US,Chicago,£10m-£50m,2008,Series A,Pipedrive,£25k-£100k,"[""Google Ads"", ""Meta Ads"", ""Microsoft Ads""]",True,7
Rosewood Data SAS,rosewood-data.example,Software,201-1000,FR,Toulouse,£50m-£250m,1983,Series B,Pipedrive,none,[],True,15
Orchard Components Ltd,orchard-components.example,Manufacturing,51-200,UK,Bristol,£10m-£50m,2021,Private equity,Spreadsheet,£100k+,"[""Google Ads"", ""LinkedIn Ads"", ""Meta Ads"", ""Microsoft Ads""]",True,7
Cedar Software Inc,cedar-software.example,Software,51-200,US,San Francisco,£50m-£250m,2003,Series A,Spreadsheet,£25k-£100k,"[""Google Ads"", ""LinkedIn Ads"", ""Meta Ads""]",False,0
Kingsway Finance BV,kingsway-finance.example,Financial services,11-50,NL,Rotterdam,£1m-£10m,1999,Seed,Pipedrive,£25k-£100k,"[""LinkedIn Ads"", ""Meta Ads"", ""Microsoft Ads""]",False,0
Stonebridge Wealth Inc,stonebridge-wealth.example,Financial services,201-1000,US,Austin,£50m-£250m,2019,Series C+,No CRM,£5k-£25k,"[""Google Ads"", ""LinkedIn Ads""]",True,13
Granite Pharma SAS,granite-pharma.example,Healthcare,11-50,FR,Toulouse,£1m-£10m,2023,Bootstrapped,Salesforce,£5k-£25k,"[""Google Ads"", ""Meta Ads""]",False,0
Heron Works Ltd,heron-works.example,Manufacturing,1-10,UK,Manchester,under £1m,1995,Bootstrapped,HubSpot,£5k-£25k,"[""LinkedIn Ads"", ""Meta Ads""]",False,0
Redwood Market BV,redwood-market.example,Retail,11-50,NL,Eindhoven,£1m-£10m,2015,Seed,Spreadsheet,under £5k,"[""LinkedIn Ads""]",False,0
Elmstead Care Ltd,elmstead-care.example,Healthcare,201-1000,UK,Edinburgh,£50m-£250m,1979,Series C+,Pipedrive,under £5k,"[""Google Ads""]",False,0
Highgate Stores Ltd,highgate-stores.example,Retail,1-10,UK,Birmingham,under £1m,2008,Seed,No CRM,£25k-£100k,"[""Google Ads"", ""Meta Ads"", ""Microsoft Ads""]",False,0
Granite Digital Inc,granite-digital.example,Software,201-1000,US,Seattle,£50m-£250m,1991,Series B,Salesforce,£25k-£100k,"[""Google Ads"", ""LinkedIn Ads"", ""Meta Ads""]",True,24
Bramble Capital GmbH,bramble-capital.example,Financial services,11-50,DE,Berlin,£1m-£10m,2000,Bootstrapped,HubSpot,£5k-£25k,"[""Google Ads"", ""LinkedIn Ads""]",True,5
Heron Retail Inc,heron-retail.example,Retail,1000+,US,Seattle,£250m+,2014,Bootstrapped,Salesforce,£100k+,"[""Google Ads"", ""LinkedIn Ads"", ""Meta Ads"", ""Microsoft Ads""]",True,58
Inkwell Couriers Ltd,inkwell-couriers.example,Logistics,51-200,UK,Birmingham,£10m-£50m,2024,Series C+,Salesforce,under £5k,"[""Meta Ads""]",False,0
Dovecote Trading Ltd,dovecote-trading.example,Retail,11-50,UK,London,£1m-£10m,2003,Series A,HubSpot,under £5k,"[""TikTok Ads""]",True,4
Evergreen Pharma Ltd,evergreen-pharma.example,Healthcare,1-10,UK,Leeds,under £1m,2013,Bootstrapped,HubSpot,none,[],True,1
Aurora Insurance GmbH,aurora-insurance.example,Financial services,51-200,DE,Munich,£50m-£250m,2023,Series B,No CRM,under £5k,"[""Google Ads""]",False,0
Greystone Tutors GmbH,greystone-tutors.example,Education,1-10,DE,Hamburg,under £1m,2015,Series A,HubSpot,none,[],False,0
Kelvin Clinics GmbH,kelvin-clinics.example,Healthcare,11-50,DE,Hamburg,£1m-£10m,2001,Seed,Pipedrive,£5k-£25k,"[""Microsoft Ads"", ""TikTok Ads""]",True,5
Willow Tutors Inc,willow-tutors.example,Education,1-10,US,New York,under £1m,2007,Bootstrapped,No CRM,under £5k,"[""Microsoft Ads""]",False,0
Cobalt Digital Ltd,cobalt-digital.example,Software,1-10,UK,Manchester,under £1m,2013,Seed,No CRM,under £5k,"[""Meta Ads""]",True,2
Orchard Care Inc,orchard-care.example,Healthcare,11-50,US,San Francisco,£1m-£10m,2007,Bootstrapped,HubSpot,none,[],False,0
Greystone Finance Ltd,greystone-finance.example,Financial services,1-10,UK,Birmingham,under £1m,2013,Seed,No CRM,none,[],False,0
Riverside Associates Inc,riverside-associates.example,Professional services,1000+,US,Austin,£250m+,1965,Bootstrapped,Salesforce,£5k-£25k,"[""Google Ads"", ""LinkedIn Ads""]",True,67
Kelvin Market Ltd,kelvin-market.example,Retail,1-10,UK,Birmingham,under £1m,2009,Bootstrapped,Pipedrive,under £5k,"[""Google Ads""]",False,0
Falcon Finance Inc,falcon-finance.example,Financial services,11-50,US,San Francisco,£1m-£10m,2019,Seed,Spreadsheet,none,[],False,0
Ironbridge College GmbH,ironbridge-college.example,Education,11-50,DE,Hamburg,£1m-£10m,1996,Bootstrapped,Pipedrive,none,[],True,6
Fernhill Couriers Inc,fernhill-couriers.example,Logistics,1000+,US,Chicago,£250m+,2020,Series C+,Salesforce,£25k-£100k,"[""Google Ads"", ""Meta Ads"", ""Microsoft Ads""]",True,59
Bluebell Accountants SAS,bluebell-accountants.example,Professional services,1000+,FR,Paris,£250m+,2014,Private equity,No CRM,£25k-£100k,"[""Google Ads"", ""LinkedIn Ads"", ""Meta Ads""]",True,50
Pebble Consulting Ltd,pebble-consulting.example,Professional services,51-200,UK,Edinburgh,£10m-£50m,2018,Bootstrapped,Spreadsheet,£5k-£25k,"[""LinkedIn Ads"", ""Meta Ads""]",True,6
Vantage Cloud SAS,vantage-cloud.example,Software,11-50,FR,Lille,£1m-£10m,2005,Bootstrapped,Salesforce,£25k-£100k,"[""Google Ads"", ""Meta Ads"", ""TikTok Ads""]",True,2
Upland Works SAS,upland-works.example,Manufacturing,11-50,FR,Paris,£10m-£50m,2011,Series A,Spreadsheet,under £5k,"[""Microsoft Ads""]",False,0
Emberly Works SAS,emberly-works.example,Manufacturing,1-10,FR,Lille,under £1m,2005,Seed,Spreadsheet,none,[],False,0
Willow Lending SAS,willow-lending.example,Financial services,1-10,FR,Lyon,under £1m,2015,Seed,No CRM,under £5k,"[""LinkedIn Ads""]",False,0
Kestrel Tutors Inc,kestrel-tutors.example,Education,201-1000,US,Chicago,£50m-£250m,1969,Private equity,Pipedrive,£5k-£25k,"[""Google Ads"", ""LinkedIn Ads""]",False,0
Willow Works SAS,willow-works.example,Manufacturing,51-200,FR,Toulouse,£10m-£50m,2003,Bootstrapped,HubSpot,£5k-£25k,"[""LinkedIn Ads"", ""Meta Ads""]",True,11
Redwood Digital BV,redwood-digital.example,Software,1-10,NL,Rotterdam,under £1m,2023,Bootstrapped,HubSpot,under £5k,"[""Microsoft Ads""]",False,0
Tidewater Clinics BV,tidewater-clinics.example,Healthcare,1-10,NL,Eindhoven,£1m-£10m,2022,Bootstrapped,Spreadsheet,none,[],False,0
Yarrow Learning Ltd,yarrow-learning.example,Education,1000+,UK,Manchester,£250m+,1987,Private equity,Salesforce,under £5k,"[""Meta Ads""]",True,58
Aurora Recruitment Inc,aurora-recruitment.example,Professional services,11-50,US,Boston,£1m-£10m,2023,Bootstrapped,HubSpot,£5k-£25k,"[""Google Ads"", ""Meta Ads""]",False,0
Keystone Insurance Ltd,keystone-insurance.example,Financial services,201-1000,UK,Birmingham,£50m-£250m,1977,Bootstrapped,HubSpot,£100k+,"[""Google Ads"", ""LinkedIn Ads"", ""Meta Ads"", ""Microsoft Ads""]",True,21
Bramble Health Ltd,bramble-health.example,Healthcare,201-1000,UK,Edinburgh,£50m-£250m,1986,Private equity,HubSpot,none,[],False,0
Willow Learning Ltd,willow-learning.example,Education,51-200,UK,Edinburgh,£10m-£50m,2021,Series B,HubSpot,none,[],True,10
Hawthorn Advisory Inc,hawthorn-advisory.example,Professional services,1-10,US,New York,under £1m,2001,Seed,Spreadsheet,under £5k,"[""Google Ads""]",True,2
Tamarind Capital Ltd,tamarind-capital.example,Financial services,11-50,UK,Edinburgh,under £1m,2009,Bootstrapped,No CRM,under £5k,"[""Meta Ads""]",False,0
Pebble Retail Inc,pebble-retail.example,Retail,1-10,US,New York,under £1m,2006,Seed,Spreadsheet,under £5k,"[""Google Ads""]",False,0
Stonebridge College Inc,stonebridge-college.example,Education,51-200,US,New York,£10m-£50m,2005,Series A,HubSpot,none,[],True,7
Lantern Trading GmbH,lantern-trading.example,Retail,201-1000,DE,Hamburg,£50m-£250m,1988,Series B,Salesforce,£100k+,"[""Google Ads"", ""LinkedIn Ads"", ""Meta Ads"", ""Microsoft Ads""]",False,0
Juniper Stores Inc,juniper-stores.example,Retail,51-200,US,Boston,£10m-£50m,2015,Bootstrapped,HubSpot,none,[],False,0
Aurora Engineering SAS,aurora-engineering.example,Manufacturing,11-50,FR,Lyon,under £1m,2021,Bootstrapped,HubSpot,under £5k,"[""Meta Ads""]",False,0
Glenmoor Logistics Ltd,glenmoor-logistics.example,Logistics,11-50,UK,Manchester,£1m-£10m,2012,Bootstrapped,Spreadsheet,£5k-£25k,"[""Google Ads"", ""Meta Ads""]",True,5
Saltmarsh Partners SAS,saltmarsh-partners.example,Financial services,201-1000,FR,Lille,£50m-£250m,1971,Series B,Salesforce,£25k-£100k,"[""Google Ads"", ""Microsoft Ads"", ""TikTok Ads""]",False,0
Kestrel Manufacturing SAS,kestrel-manufacturing.example,Manufacturing,11-50,FR,Lyon,£1m-£10m,2002,Bootstrapped,Pipedrive,under £5k,"[""Google Ads""]",False,0
Riverside Wealth SAS,riverside-wealth.example,Financial services,11-50,FR,Lille,£1m-£10m,2000,Series A,HubSpot,£5k-£25k,"[""Google Ads"", ""TikTok Ads""]",False,0
Thornbury Couriers Ltd,thornbury-couriers.example,Logistics,11-50,UK,Birmingham,£1m-£10m,1999,Seed,Pipedrive,none,[],True,5
Silverline Capital GmbH,silverline-capital.example,Financial services,51-200,DE,Frankfurt,£10m-£50m,2008,Bootstrapped,HubSpot,£5k-£25k,"[""LinkedIn Ads"", ""Microsoft Ads""]",False,0
Larkspur Market GmbH,larkspur-market.example,Retail,201-1000,DE,Munich,£50m-£250m,2005,Series A,Pipedrive,£5k-£25k,"[""Google Ads"", ""LinkedIn Ads""]",False,0
Bramble Lending SAS,bramble-lending.example,Financial services,11-50,FR,Lille,£1m-£10m,2011,Bootstrapped,Pipedrive,under £5k,"[""LinkedIn Ads""]",True,2
Highgate Engineering SAS,highgate-engineering.example,Manufacturing,1000+,FR,Paris,£250m+,1976,Series C+,Salesforce,£100k+,"[""Google Ads"", ""LinkedIn Ads"", ""Meta Ads"", ""Microsoft Ads""]",True,53
Highgate Goods Inc,highgate-goods.example,Retail,51-200,US,New York,£1m-£10m,2000,Series B,Pipedrive,under £5k,"[""Microsoft Ads""]",False,0
Elmstead Medical GmbH,elmstead-medical.example,Healthcare,1-10,DE,Berlin,under £1m,2000,Seed,Spreadsheet,under £5k,"[""Google Ads""]",False,0
Ironbridge Education Ltd,ironbridge-education.example,Education,201-1000,UK,London,£50m-£250m,2020,Bootstrapped,HubSpot,£5k-£25k,"[""Meta Ads"", ""Microsoft Ads""]",True,22
Silverline Freight Ltd,silverline-freight.example,Logistics,51-200,UK,Edinburgh,£10m-£50m,2012,Bootstrapped,Salesforce,£25k-£100k,"[""Google Ads"", ""Meta Ads"", ""Microsoft Ads""]",True,8
Clearwater Health BV,clearwater-health.example,Healthcare,1-10,NL,Eindhoven,under £1m,1997,Bootstrapped,Spreadsheet,under £5k,"[""Meta Ads""]",False,0
Harbour Dental Inc,harbour-dental.example,Healthcare,51-200,US,New York,£1m-£10m,2003,Series B,HubSpot,£5k-£25k,"[""Google Ads"", ""Microsoft Ads""]",False,0
Pebble Transport GmbH,pebble-transport.example,Logistics,1-10,DE,Hamburg,under £1m,1996,Bootstrapped,Spreadsheet,none,[],True,1
Umber Works GmbH,umber-works.example,Manufacturing,11-50,DE,Hamburg,£1m-£10m,2014,Seed,HubSpot,under £5k,"[""Meta Ads""]",True,4
Northwind Tutors Ltd,northwind-tutors.example,Education,51-200,UK,Leeds,£10m-£50m,2008,Series A,HubSpot,£5k-£25k,"[""Google Ads"", ""Microsoft Ads""]",False,0
Granite Transport SAS,granite-transport.example,Logistics,201-1000,FR,Lille,£250m+,2012,Series B,Salesforce,£5k-£25k,"[""Google Ads"", ""Meta Ads""]",False,0
Foxglove Fabrication GmbH,foxglove-fabrication.example,Manufacturing,201-1000,DE,Frankfurt,£50m-£250m,2010,Series C+,No CRM,£25k-£100k,"[""Google Ads"", ""Meta Ads"", ""TikTok Ads""]",True,19
Westbrook Tutors Ltd,westbrook-tutors.example,Education,51-200,UK,Edinburgh,£10m-£50m,2020,Series A,Pipedrive,£5k-£25k,"[""Google Ads"", ""Meta Ads""]",True,9
Ivywood Training SAS,ivywood-training.example,Education,51-200,FR,Lyon,£10m-£50m,1999,Bootstrapped,HubSpot,£5k-£25k,"[""Google Ads"", ""LinkedIn Ads""]",False,0
Yarrow Goods Inc,yarrow-goods.example,Retail,1-10,US,New York,under £1m,2003,Bootstrapped,No CRM,under £5k,"[""Meta Ads""]",False,0
Emberly Transport Inc,emberly-transport.example,Logistics,1-10,US,San Francisco,£1m-£10m,2018,Seed,Spreadsheet,none,[],False,0
Beacon Care SAS,beacon-care.example,Healthcare,11-50,FR,Paris,£1m-£10m,1995,Series A,HubSpot,under £5k,"[""LinkedIn Ads""]",False,0
Silverline Software GmbH,silverline-software.example,Software,1000+,DE,Frankfurt,£250m+,2014,Bootstrapped,Salesforce,£5k-£25k,"[""Google Ads"", ""LinkedIn Ads""]",False,0
Foxglove Pharma GmbH,foxglove-pharma.example,Healthcare,51-200,DE,Berlin,£10m-£50m,2007,Bootstrapped,Salesforce,£5k-£25k,"[""Google Ads"", ""LinkedIn Ads""]",True,7
Moorland Engineering Ltd,moorland-engineering.example,Manufacturing,1-10,UK,London,£1m-£10m,1998,Bootstrapped,Pipedrive,under £5k,"[""Google Ads""]",False,0
Pebble Digital Ltd,pebble-digital.example,Software,1-10,UK,Leeds,under £1m,2019,Seed,Spreadsheet,£25k-£100k,"[""Google Ads"", ""Meta Ads"", ""Microsoft Ads""]",False,0
Elmstead Outfitters GmbH,elmstead-outfitters.example,Retail,201-1000,DE,Berlin,£50m-£250m,1991,Series B,Salesforce,£100k+,"[""Google Ads"", ""LinkedIn Ads"", ""Meta Ads"", ""Microsoft Ads""]",True,24
Harbour Health Inc,harbour-health.example,Healthcare,51-200,US,San Francisco,£10m-£50m,2006,Series A,Salesforce,£5k-£25k,"[""Google Ads"", ""Meta Ads""]",False,0
Norfolk Manufacturing SAS,norfolk-manufacturing.example,Manufacturing,1000+,FR,Toulouse,£250m+,2011,Series B,Salesforce,£5k-£25k,"[""LinkedIn Ads"", ""Meta Ads""]",True,60
Nettlefield Works BV,nettlefield-works.example,Manufacturing,11-50,NL,Amsterdam,£1m-£10m,2019,Series A,Salesforce,£5k-£25k,"[""Google Ads"", ""Meta Ads""]",True,4
Valley Data SAS,valley-data.example,Software,201-1000,FR,Paris,£50m-£250m,1984,Series A,Spreadsheet,£25k-£100k,"[""Google Ads"", ""LinkedIn Ads"", ""Meta Ads""]",False,0
Lindenwood Market Ltd,lindenwood-market.example,Retail,11-50,UK,Edinburgh,£1m-£10m,2009,Series A,HubSpot,£5k-£25k,"[""Google Ads"", ""Meta Ads""]",True,3
Pennine Components Ltd,pennine-components.example,Manufacturing,11-50,UK,Bristol,£1m-£10m,2006,Bootstrapped,Salesforce,£5k-£25k,"[""Google Ads"", ""LinkedIn Ads""]",False,0
Hawthorn Manufacturing BV,hawthorn-manufacturing.example,Manufacturing,201-1000,NL,Amsterdam,£50m-£250m,1982,Series B,HubSpot,£5k-£25k,"[""Google Ads"", ""Meta Ads""]",False,0
Larkspur Industries BV,larkspur-industries.example,Manufacturing,51-200,NL,Amsterdam,£10m-£50m,2009,Series A,HubSpot,£5k-£25k,"[""Meta Ads"", ""Microsoft Ads""]",True,8
Quartz Haulage GmbH,quartz-haulage.example,Logistics,1-10,DE,Frankfurt,under £1m,2009,Seed,Pipedrive,under £5k,"[""Google Ads""]",False,0
Harbour Education GmbH,harbour-education.example,Education,51-200,DE,Hamburg,£50m-£250m,2023,Series B,Pipedrive,£5k-£25k,"[""Google Ads"", ""Meta Ads""]",True,9
Cobalt Outfitters GmbH,cobalt-outfitters.example,Retail,11-50,DE,Hamburg,£1m-£10m,2022,Bootstrapped,Spreadsheet,under £5k,"[""Google Ads""]",False,0
Emberly Associates Ltd,emberly-associates.example,Professional services,51-200,UK,Birmingham,£1m-£10m,2009,Bootstrapped,HubSpot,none,[],False,0
Pinecrest Outfitters Ltd,pinecrest-outfitters.example,Retail,1-10,UK,Birmingham,under £1m,2013,Seed,Spreadsheet,under £5k,"[""Meta Ads""]",False,0
Ironbridge Care Ltd,ironbridge-care.example,Healthcare,201-1000,UK,Birmingham,£250m+,1973,Series C+,Spreadsheet,£25k-£100k,"[""Google Ads"", ""LinkedIn Ads"", ""Meta Ads""]",True,19
Heron Associates Ltd,heron-associates.example,Professional services,11-50,UK,Edinburgh,£10m-£50m,2000,Series A,Spreadsheet,under £5k,"[""Meta Ads""]",False,0
Harbour Capital SAS,harbour-capital.example,Financial services,51-200,FR,Paris,£10m-£50m,2009,Seed,Salesforce,£100k+,"[""Google Ads"", ""LinkedIn Ads"", ""Meta Ads"", ""Microsoft Ads""]",False,0
Pebble Accountants Inc,pebble-accountants.example,Professional services,11-50,US,Boston,£10m-£50m,2002,Series A,Spreadsheet,£5k-£25k,"[""Google Ads"", ""Meta Ads""]",False,0
Pennine Market SAS,pennine-market.example,Retail,51-200,FR,Lyon,£10m-£50m,2015,Bootstrapped,Salesforce,£5k-£25k,"[""Google Ads"", ""Meta Ads""]",False,0
Elmstead Tutors SAS,elmstead-tutors.example,Education,51-200,FR,Lille,£10m-£50m,2022,Bootstrapped,Pipedrive,£25k-£100k,"[""Google Ads"", ""Meta Ads"", ""Microsoft Ads""]",True,7
Glenmoor Digital Inc,glenmoor-digital.example,Software,1-10,US,San Francisco,under £1m,2004,Bootstrapped,Spreadsheet,under £5k,"[""Meta Ads""]",True,3
Quartz Software SAS,quartz-software.example,Software,1-10,FR,Paris,under £1m,2013,Seed,HubSpot,£5k-£25k,"[""Google Ads"", ""Meta Ads""]",False,0
Thornbury Finance BV,thornbury-finance.example,Financial services,1-10,NL,Eindhoven,under £1m,1996,Seed,Spreadsheet,under £5k,"[""Google Ads""]",False,0
Jasper College SAS,jasper-college.example,Education,11-50,FR,Lille,£1m-£10m,2006,Seed,HubSpot,under £5k,"[""LinkedIn Ads""]",False,0
Lantern Clinics Ltd,lantern-clinics.example,Healthcare,51-200,UK,Manchester,£10m-£50m,2003,Series A,Salesforce,£25k-£100k,"[""Google Ads"", ""Meta Ads"", ""Microsoft Ads""]",False,0
Inkwell Shipping Ltd,inkwell-shipping.example,Logistics,1000+,UK,Bristol,£250m+,1998,Series C+,Salesforce,£100k+,"[""Google Ads"", ""LinkedIn Ads"", ""Meta Ads"", ""Microsoft Ads""]",False,0
Emberly Labs Ltd,emberly-labs.example,Software,51-200,UK,Leeds,£10m-£50m,2017,Series B,Pipedrive,£5k-£25k,"[""Meta Ads"", ""Microsoft Ads""]",False,0
Stonebridge Trading BV,stonebridge-trading.example,Retail,1-10,NL,Amsterdam,under £1m,2001,Bootstrapped,HubSpot,£5k-£25k,"[""Google Ads"", ""Meta Ads""]",False,0
Ironbridge Haulage Ltd,ironbridge-haulage.example,Logistics,11-50,UK,Birmingham,£1m-£10m,2004,Series A,Spreadsheet,under £5k,"[""Google Ads""]",False,0
Harbour Consulting Ltd,harbour-consulting.example,Professional services,1-10,UK,London,under £1m,2007,Seed,Spreadsheet,under £5k,"[""Microsoft Ads""]",True,1
Cobalt Logistics SAS,cobalt-logistics.example,Logistics,51-200,FR,Paris,£10m-£50m,2001,Series A,Pipedrive,£25k-£100k,"[""Google Ads"", ""Meta Ads"", ""TikTok Ads""]",True,9
Juniper Retail Ltd,juniper-retail.example,Retail,1-10,UK,London,under £1m,2000,Seed,Spreadsheet,none,[],True,3
Alder Clinics Ltd,alder-clinics.example,Healthcare,1-10,UK,Manchester,under £1m,1997,Seed,Pipedrive,none,[],False,0
Dunmore Advisory Ltd,dunmore-advisory.example,Professional services,1-10,UK,London,under £1m,2022,Bootstrapped,HubSpot,under £5k,"[""Google Ads""]",False,0
Zephyr Couriers BV,zephyr-couriers.example,Logistics,201-1000,NL,Rotterdam,£50m-£250m,1978,Bootstrapped,HubSpot,£5k-£25k,"[""Google Ads"", ""Microsoft Ads""]",True,26
Kestrel Pharma Inc,kestrel-pharma.example,Healthcare,1-10,US,Chicago,under £1m,2020,Seed,Spreadsheet,under £5k,"[""Meta Ads""]",False,0
Rosewood Fabrication Ltd,rosewood-fabrication.example,Manufacturing,11-50,UK,London,£1m-£10m,2001,Series A,Spreadsheet,£5k-£25k,"[""LinkedIn Ads"", ""TikTok Ads""]",False,0
Clearwater Capital GmbH,clearwater-capital.example,Financial services,11-50,DE,Berlin,£1m-£10m,2004,Series B,Pipedrive,under £5k,"[""Google Ads""]",False,0
Tidewater Legal BV,tidewater-legal.example,Professional services,51-200,NL,Amsterdam,£10m-£50m,2013,Series A,Salesforce,under £5k,"[""Google Ads""]",False,0
Elmstead Transport Ltd,elmstead-transport.example,Logistics,201-1000,UK,London,£50m-£250m,2008,Series B,Salesforce,under £5k,"[""LinkedIn Ads""]",True,21
Hawthorn Consulting SAS,hawthorn-consulting.example,Professional services,1-10,FR,Lyon,under £1m,1998,Seed,Spreadsheet,under £5k,"[""Google Ads""]",False,0
Nimbus Lending GmbH,nimbus-lending.example,Financial services,11-50,DE,Hamburg,£1m-£10m,2022,Seed,Pipedrive,none,[],True,2
Ivywood Components Ltd,ivywood-components.example,Manufacturing,1-10,UK,Bristol,£1m-£10m,2020,Seed,Spreadsheet,none,[],False,0
Pinecrest Components Ltd,pinecrest-components.example,Manufacturing,51-200,UK,Leeds,£10m-£50m,2019,Series B,HubSpot,£5k-£25k,"[""LinkedIn Ads"", ""Meta Ads""]",True,7
Nettlefield Labs Ltd,nettlefield-labs.example,Software,11-50,UK,Leeds,£1m-£10m,1998,Series A,HubSpot,under £5k,"[""LinkedIn Ads""]",True,6
Heron Health SAS,heron-health.example,Healthcare,1000+,FR,Lille,£250m+,2024,Bootstrapped,Pipedrive,£25k-£100k,"[""Google Ads"", ""LinkedIn Ads"", ""Meta Ads""]",False,0
Cedar Capital Ltd,cedar-capital.example,Financial services,201-1000,UK,Bristol,£50m-£250m,1974,Series C+,Salesforce,£25k-£100k,"[""Google Ads"", ""LinkedIn Ads"", ""Meta Ads""]",True,15
Kelvin Industries Inc,kelvin-industries.example,Manufacturing,1-10,US,New York,under £1m,2016,Bootstrapped,Spreadsheet,under £5k,"[""Microsoft Ads""]",False,0
Highgate Wealth Ltd,highgate-wealth.example,Financial services,11-50,UK,Birmingham,£1m-£10m,2006,Series A,HubSpot,under £5k,"[""Google Ads""]",False,0
Kingsway Insurance Inc,kingsway-insurance.example,Financial services,51-200,US,Austin,£10m-£50m,1995,Bootstrapped,Salesforce,£5k-£25k,"[""Meta Ads"", ""Microsoft Ads""]",True,14
Stonebridge Retail Ltd,stonebridge-retail.example,Retail,201-1000,UK,Leeds,£50m-£250m,1989,Series C+,Salesforce,£25k-£100k,"[""Google Ads"", ""LinkedIn Ads"", ""Meta Ads""]",True,19
Lantern Consulting Ltd,lantern-consulting.example,Professional services,1000+,UK,Manchester,£250m+,2023,Private equity,Salesforce,£25k-£100k,"[""Google Ads"", ""LinkedIn Ads"", ""Meta Ads""]",True,75
Kingsway Recruitment Ltd,kingsway-recruitment.example,Professional services,1-10,UK,Manchester,under £1m,1996,Bootstrapped,HubSpot,£5k-£25k,"[""LinkedIn Ads"", ""Meta Ads""]",False,0
Ironbridge Legal GmbH,ironbridge-legal.example,Professional services,201-1000,DE,Berlin,£10m-£50m,2005,Bootstrapped,Salesforce,£25k-£100k,"[""Google Ads"", ""Meta Ads"", ""Microsoft Ads""]",True,26
Lindenwood Academy Ltd,lindenwood-academy.example,Education,11-50,UK,Birmingham,£1m-£10m,1997,Series B,HubSpot,under £5k,"[""Google Ads""]",True,3
Vantage Data BV,vantage-data.example,Software,11-50,NL,Utrecht,£1m-£10m,2005,Bootstrapped,HubSpot,£25k-£100k,"[""Google Ads"", ""Meta Ads"", ""TikTok Ads""]",True,5
Westbrook College GmbH,westbrook-college.example,Education,11-50,DE,Munich,£1m-£10m,2006,Bootstrapped,Salesforce,none,[],True,4
Clearwater Wealth SAS,clearwater-wealth.example,Financial services,201-1000,FR,Lille,£50m-£250m,2022,Series A,Pipedrive,£5k-£25k,"[""Google Ads"", ""Microsoft Ads""]",True,22
Moorland Shipping Inc,moorland-shipping.example,Logistics,51-200,US,Seattle,£10m-£50m,2011,Bootstrapped,HubSpot,under £5k,"[""Meta Ads""]",False,0
Oakridge Recruitment Inc,oakridge-recruitment.example,Professional services,11-50,US,New York,£1m-£10m,2012,Bootstrapped,Salesforce,under £5k,"[""Meta Ads""]",True,5
Pennine Engineering Ltd,pennine-engineering.example,Manufacturing,201-1000,UK,Manchester,£50m-£250m,1965,Public,Salesforce,£25k-£100k,"[""Google Ads"", ""LinkedIn Ads"", ""Meta Ads""]",True,19
Vantage Industries Inc,vantage-industries.example,Manufacturing,1-10,US,New York,under £1m,2016,Seed,Pipedrive,none,[],False,0
Kingsway Outfitters Ltd,kingsway-outfitters.example,Retail,1-10,UK,Manchester,£1m-£10m,2009,Series A,Pipedrive,£5k-£25k,"[""Google Ads"", ""LinkedIn Ads""]",False,0
Heron Software GmbH,heron-software.example,Software,201-1000,DE,Berlin,£50m-£250m,2016,Series B,Salesforce,£5k-£25k,"[""Google Ads"", ""Meta Ads""]",True,24
Westbrook Logistics SAS,westbrook-logistics.example,Logistics,51-200,FR,Lyon,£1m-£10m,2024,Bootstrapped,Salesforce,£5k-£25k,"[""Google Ads"", ""LinkedIn Ads""]",True,9
Dunmore Freight Ltd,dunmore-freight.example,Logistics,201-1000,UK,Edinburgh,£250m+,2007,Series C+,Salesforce,£5k-£25k,"[""Meta Ads"", ""TikTok Ads""]",True,18
Tidewater Care Ltd,tidewater-care.example,Healthcare,1-10,UK,Edinburgh,under £1m,2015,Seed,Pipedrive,£5k-£25k,"[""LinkedIn Ads"", ""Meta Ads""]",False,0
Meridian Works GmbH,meridian-works.example,Manufacturing,201-1000,DE,Hamburg,£50m-£250m,1991,Private equity,Salesforce,£25k-£100k,"[""Google Ads"", ""LinkedIn Ads"", ""Meta Ads""]",True,24
Yarrow Associates Inc,yarrow-associates.example,Professional services,11-50,US,Austin,£1m-£10m,2023,Series A,Pipedrive,under £5k,"[""Google Ads""]",False,0
Falcon Goods SAS,falcon-goods.example,Retail,11-50,FR,Paris,£1m-£10m,2009,Series A,Salesforce,under £5k,"[""LinkedIn Ads""]",True,5
Highgate Recruitment Ltd,highgate-recruitment.example,Professional services,51-200,UK,Edinburgh,£1m-£10m,2016,Series A,Salesforce,under £5k,"[""Meta Ads""]",False,0
Oakridge Training GmbH,oakridge-training.example,Education,51-200,DE,Hamburg,£1m-£10m,2000,Bootstrapped,HubSpot,£5k-£25k,"[""Google Ads"", ""Meta Ads""]",True,8
Kelvin Tutors Inc,kelvin-tutors.example,Education,11-50,US,Chicago,under £1m,2015,Bootstrapped,HubSpot,none,[],True,4
Lindenwood Training BV,lindenwood-training.example,Education,11-50,NL,Utrecht,£1m-£10m,2003,Bootstrapped,Spreadsheet,under £5k,"[""Google Ads""]",True,2
Kelvin Consulting Ltd,kelvin-consulting.example,Professional services,201-1000,UK,Bristol,£50m-£250m,1993,Bootstrapped,HubSpot,£25k-£100k,"[""Google Ads"", ""LinkedIn Ads"", ""Meta Ads""]",False,0
Westbrook Care Inc,westbrook-care.example,Healthcare,11-50,US,Seattle,£1m-£10m,1998,Bootstrapped,Spreadsheet,none,[],True,4
Meridian Manufacturing Inc,meridian-manufacturing.example,Manufacturing,1-10,US,Chicago,under £1m,2016,Seed,HubSpot,under £5k,"[""Meta Ads""]",False,0
Ironbridge Digital Ltd,ironbridge-digital.example,Software,51-200,UK,London,£10m-£50m,2009,Series A,HubSpot,£5k-£25k,"[""Google Ads"", ""Meta Ads""]",False,0
Hawthorn Finance Inc,hawthorn-finance.example,Financial services,1-10,US,Chicago,under £1m,2008,Bootstrapped,Pipedrive,under £5k,"[""Meta Ads""]",False,0
Silverline Data Inc,silverline-data.example,Software,201-1000,US,Austin,£10m-£50m,1999,Series C+,No CRM,under £5k,"[""Meta Ads""]",True,21
Stonebridge Digital BV,stonebridge-digital.example,Software,201-1000,NL,Eindhoven,£10m-£50m,1989,Series C+,Salesforce,£25k-£100k,"[""Google Ads"", ""LinkedIn Ads"", ""Meta Ads""]",True,20
Umber Data Ltd,umber-data.example,Software,1-10,UK,Manchester,under £1m,2009,Seed,Spreadsheet,none,[],True,1
Alder Couriers GmbH,alder-couriers.example,Logistics,11-50,DE,Frankfurt,£1m-£10m,1998,Series A,No CRM,under £5k,"[""LinkedIn Ads""]",False,0
Silverline Systems BV,silverline-systems.example,Software,1000+,NL,Amsterdam,£250m+,2014,Private equity,Salesforce,£25k-£100k,"[""Google Ads"", ""Meta Ads"", ""Microsoft Ads""]",True,64
Valley Couriers Inc,valley-couriers.example,Logistics,51-200,US,Seattle,£10m-£50m,2022,Bootstrapped,Pipedrive,none,[],True,12
Nimbus Consulting Inc,nimbus-consulting.example,Professional services,1-10,US,Chicago,under £1m,2000,Bootstrapped,Pipedrive,under £5k,"[""Google Ads""]",False,0
Meridian Partners Ltd,meridian-partners.example,Financial services,11-50,UK,Bristol,£1m-£10m,2018,Seed,HubSpot,£5k-£25k,"[""Google Ads"", ""Meta Ads""]",True,3
Oakridge Tutors GmbH,oakridge-tutors.example,Education,1-10,DE,Frankfurt,£1m-£10m,2015,Bootstrapped,Spreadsheet,none,[],False,0
Brightwater Advisory Ltd,brightwater-advisory.example,Professional services,201-1000,UK,Leeds,£50m-£250m,1996,Series C+,Pipedrive,£5k-£25k,"[""Google Ads"", ""Meta Ads""]",True,21
Cedar Training Ltd,cedar-training.example,Education,1000+,UK,Birmingham,£250m+,2022,Series C+,Salesforce,£25k-£100k,"[""Google Ads"", ""Meta Ads"", ""Microsoft Ads""]",True,71
Alder Pharma Inc,alder-pharma.example,Healthcare,1000+,US,San Francisco,£250m+,1992,Public,HubSpot,£25k-£100k,"[""Google Ads"", ""Meta Ads"", ""TikTok Ads""]",True,62
Inkwell Fabrication BV,inkwell-fabrication.example,Manufacturing,201-1000,NL,Rotterdam,£50m-£250m,1992,Series C+,Salesforce,under £5k,"[""TikTok Ads""]",True,17
Kestrel Couriers BV,kestrel-couriers.example,Logistics,51-200,NL,Rotterdam,£10m-£50m,2019,Series A,Pipedrive,£5k-£25k,"[""Google Ads"", ""Meta Ads""]",False,0
Ivywood Dental Ltd,ivywood-dental.example,Healthcare,51-200,UK,Edinburgh,£10m-£50m,2001,Series B,HubSpot,£100k+,"[""Google Ads"", ""LinkedIn Ads"", ""Meta Ads"", ""Microsoft Ads""]",False,0
Harbour Tutors Ltd,harbour-tutors.example,Education,11-50,UK,Manchester,£1m-£10m,2010,Bootstrapped,Pipedrive,£5k-£25k,"[""Meta Ads"", ""Microsoft Ads""]",False,0
Pebble Software GmbH,pebble-software.example,Software,51-200,DE,Frankfurt,£10m-£50m,1998,Series A,Salesforce,£25k-£100k,"[""Google Ads"", ""LinkedIn Ads"", ""Meta Ads""]",False,0
Heron Clinics Ltd,heron-clinics.example,Healthcare,1-10,UK,Edinburgh,under £1m,1999,Seed,Spreadsheet,£5k-£25k,"[""LinkedIn Ads"", ""Microsoft Ads""]",False,0
Kestrel Medical GmbH,kestrel-medical.example,Healthcare,1-10,DE,Frankfurt,under £1m,2007,Bootstrapped,Spreadsheet,under £5k,"[""Microsoft Ads""]",False,0
Tidewater Labs BV,tidewater-labs.example,Software,11-50,NL,Eindhoven,£1m-£10m,2020,Series B,HubSpot,£25k-£100k,"[""Google Ads"", ""LinkedIn Ads"", ""Meta Ads""]",False,0
Brightwater Shipping Ltd,brightwater-shipping.example,Logistics,1-10,UK,Bristol,under £1m,2023,Seed,HubSpot,under £5k,"[""Meta Ads""]",True,1
Beacon Recruitment Ltd,beacon-recruitment.example,Professional services,11-50,UK,Edinburgh,£1m-£10m,2009,Bootstrapped,Pipedrive,under £5k,"[""Google Ads""]",True,4
Jasper Goods Ltd,jasper-goods.example,Retail,201-1000,UK,Leeds,£10m-£50m,1970,Private equity,HubSpot,£5k-£25k,"[""Google Ads"", ""LinkedIn Ads""]",True,19
Valley Industries BV,valley-industries.example,Manufacturing,1-10,NL,Eindhoven,under £1m,2019,Series A,Spreadsheet,none,[],False,0
Elmstead Lending Inc,elmstead-lending.example,Financial services,201-1000,US,Boston,£50m-£250m,1990,Public,HubSpot,£100k+,"[""Google Ads"", ""Meta Ads"", ""Microsoft Ads"", ""TikTok Ads""]",False,0
Nimbus Health Inc,nimbus-health.example,Healthcare,11-50,US,Chicago,£1m-£10m,1998,Bootstrapped,Spreadsheet,under £5k,"[""Meta Ads""]",True,6
Thornbury Academy BV,thornbury-academy.example,Education,51-200,NL,Eindhoven,£10m-£50m,2000,Series B,Spreadsheet,£25k-£100k,"[""Google Ads"", ""LinkedIn Ads"", ""Meta Ads""]",False,0
Pebble Logistics Ltd,pebble-logistics.example,Logistics,201-1000,UK,Birmingham,£10m-£50m,1967,Series B,Salesforce,£25k-£100k,"[""Google Ads"", ""LinkedIn Ads"", ""Meta Ads""]",False,0
Glenmoor Components Inc,glenmoor-components.example,Manufacturing,1-10,US,Austin,£1m-£10m,2010,Bootstrapped,No CRM,none,[],False,0
Heron Tutors Ltd,heron-tutors.example,Education,1000+,UK,Birmingham,£250m+,1974,Private equity,Salesforce,£100k+,"[""Google Ads"", ""LinkedIn Ads"", ""Meta Ads"", ""Microsoft Ads""]",True,69
Brightwater Tutors Ltd,brightwater-tutors.example,Education,11-50,UK,Bristol,£1m-£10m,2004,Seed,HubSpot,none,[],False,0
Foxglove Capital GmbH,foxglove-capital.example,Financial services,11-50,DE,Hamburg,under £1m,2009,Seed,HubSpot,£5k-£25k,"[""Google Ads"", ""LinkedIn Ads""]",False,0
Highgate Health Ltd,highgate-health.example,Healthcare,1000+,UK,Bristol,£250m+,1984,Private equity,Salesforce,£5k-£25k,"[""Google Ads"", ""Meta Ads""]",False,0
Dovecote Stores Ltd,dovecote-stores.example,Retail,201-1000,UK,London,£50m-£250m,1976,Series B,Salesforce,£5k-£25k,"[""Google Ads"", ""Meta Ads""]",False,0
Nettlefield Goods Ltd,nettlefield-goods.example,Retail,51-200,UK,Manchester,£10m-£50m,2016,Series B,Pipedrive,under £5k,"[""Google Ads""]",True,9
Larkspur Outfitters SAS,larkspur-outfitters.example,Retail,1-10,FR,Lyon,under £1m,2001,Seed,Pipedrive,£5k-£25k,"[""Google Ads"", ""LinkedIn Ads""]",False,0
Dunmore Trading Ltd,dunmore-trading.example,Retail,51-200,UK,Edinburgh,£10m-£50m,2002,Bootstrapped,Pipedrive,£5k-£25k,"[""Google Ads"", ""Meta Ads""]",False,0
Vantage Partners Inc,vantage-partners.example,Financial services,11-50,US,Chicago,£1m-£10m,1998,Seed,Pipedrive,£25k-£100k,"[""LinkedIn Ads"", ""Meta Ads"", ""TikTok Ads""]",False,0
Umber Manufacturing Inc,umber-manufacturing.example,Manufacturing,201-1000,US,San Francisco,£10m-£50m,1989,Bootstrapped,HubSpot,£100k+,"[""Google Ads"", ""LinkedIn Ads"", ""Meta Ads"", ""Microsoft Ads""]",False,0
Alder Software Ltd,alder-software.example,Software,1-10,UK,Birmingham,£1m-£10m,2012,Bootstrapped,HubSpot,£5k-£25k,"[""LinkedIn Ads"", ""Meta Ads""]",False,0
Harbour Clinics Inc,harbour-clinics.example,Healthcare,1-10,US,Boston,under £1m,1997,Bootstrapped,Spreadsheet,none,[],False,0
Emberly Digital Ltd,emberly-digital.example,Software,11-50,UK,Edinburgh,£1m-£10m,2024,Seed,HubSpot,£25k-£100k,"[""Google Ads"", ""Meta Ads"", ""TikTok Ads""]",False,0
Dunmore Associates Inc,dunmore-associates.example,Professional services,1000+,US,San Francisco,£250m+,2022,Bootstrapped,Salesforce,£100k+,"[""Google Ads"", ""LinkedIn Ads"", ""Meta Ads"", ""TikTok Ads""]",True,61
Quartz Legal GmbH,quartz-legal.example,Professional services,1-10,DE,Munich,under £1m,2009,Series A,Spreadsheet,under £5k,"[""LinkedIn Ads""]",False,0
Upland Labs Ltd,upland-labs.example,Software,1-10,UK,Bristol,under £1m,2016,Seed,HubSpot,under £5k,"[""Google Ads""]",False,0
Stonebridge Outfitters BV,stonebridge-outfitters.example,Retail,51-200,NL,Eindhoven,£10m-£50m,1996,Bootstrapped,Salesforce,£5k-£25k,"[""Google Ads"", ""Meta Ads""]",True,3
Dunmore Recruitment Ltd,dunmore-recruitment.example,Professional services,11-50,UK,Edinburgh,£1m-£10m,2008,Series A,Spreadsheet,£5k-£25k,"[""Meta Ads"", ""Microsoft Ads""]",False,0
Elmstead Accountants Ltd,elmstead-accountants.example,Professional services,11-50,UK,Birmingham,£1m-£10m,1999,Bootstrapped,No CRM,under £5k,"[""Microsoft Ads""]",False,0
Thornbury Wealth Inc,thornbury-wealth.example,Financial services,1-10,US,Seattle,under £1m,2009,Seed,HubSpot,under £5k,"[""Meta Ads""]",False,0
Quartz Retail Ltd,quartz-retail.example,Retail,51-200,UK,London,£10m-£50m,2017,Series A,Pipedrive,£5k-£25k,"[""Google Ads"", ""Microsoft Ads""]",False,0
Cedar Wealth Ltd,cedar-wealth.example,Financial services,1-10,UK,Bristol,under £1m,2020,Bootstrapped,Pipedrive,£5k-£25k,"[""Google Ads"", ""Meta Ads""]",False,0
Kelvin Stores BV,kelvin-stores.example,Retail,11-50,NL,Amsterdam,under £1m,2016,Bootstrapped,Pipedrive,under £5k,"[""LinkedIn Ads""]",True,3
Pebble Systems Ltd,pebble-systems.example,Software,11-50,UK,Leeds,£1m-£10m,2019,Bootstrapped,Spreadsheet,under £5k,"[""Meta Ads""]",False,0
Larkspur Training BV,larkspur-training.example,Education,1-10,NL,Eindhoven,under £1m,2000,Bootstrapped,HubSpot,under £5k,"[""Meta Ads""]",False,0
Dovecote Recruitment SAS,dovecote-recruitment.example,Professional services,201-1000,FR,Toulouse,£10m-£50m,1968,Series B,No CRM,£5k-£25k,"[""Google Ads"", ""Meta Ads""]",False,0
Pebble Academy GmbH,pebble-academy.example,Education,1-10,DE,Munich,under £1m,2004,Bootstrapped,Spreadsheet,under £5k,"[""Google Ads""]",False,0
Cedar Cloud Inc,cedar-cloud.example,Software,51-200,US,New York,£1m-£10m,2006,Series A,Salesforce,£5k-£25k,"[""Meta Ads"", ""Microsoft Ads""]",False,0
Aurora Capital GmbH,aurora-capital.example,Financial services,201-1000,DE,Hamburg,£50m-£250m,1989,Series B,Salesforce,£100k+,"[""Google Ads"", ""LinkedIn Ads"", ""Meta Ads"", ""Microsoft Ads""]",True,27
Heron Academy Inc,heron-academy.example,Education,11-50,US,Austin,£1m-£10m,2021,Bootstrapped,HubSpot,under £5k,"[""Meta Ads""]",False,0
Orchard Retail GmbH,orchard-retail.example,Retail,11-50,DE,Frankfurt,£1m-£10m,1995,Bootstrapped,Spreadsheet,£25k-£100k,"[""Google Ads"", ""Meta Ads"", ""Microsoft Ads""]",False,0
Rosewood Clinics GmbH,rosewood-clinics.example,Healthcare,51-200,DE,Frankfurt,£10m-£50m,2002,Bootstrapped,HubSpot,under £5k,"[""Google Ads""]",False,0
Quartz Labs Ltd,quartz-labs.example,Software,201-1000,UK,Birmingham,£50m-£250m,2003,Public,No CRM,£5k-£25k,"[""LinkedIn Ads"", ""Meta Ads""]",False,0
Emberly Pharma Ltd,emberly-pharma.example,Healthcare,1-10,UK,London,under £1m,2011,Bootstrapped,HubSpot,under £5k,"[""Microsoft Ads""]",True,3
Heron Advisory Ltd,heron-advisory.example,Professional services,201-1000,UK,Edinburgh,£50m-£250m,2011,Private equity,Salesforce,under £5k,"[""Microsoft Ads""]",False,0
Saltmarsh Dental Ltd,saltmarsh-dental.example,Healthcare,51-200,UK,Edinburgh,£10m-£50m,2005,Bootstrapped,Spreadsheet,none,[],True,8
Juniper Tutors Inc,juniper-tutors.example,Education,1-10,US,Austin,under £1m,1998,Bootstrapped,Pipedrive,£25k-£100k,"[""Google Ads"", ""Meta Ads"", ""Microsoft Ads""]",False,0
Jasper Learning Ltd,jasper-learning.example,Education,51-200,UK,Leeds,£50m-£250m,2001,Series A,HubSpot,under £5k,"[""Meta Ads""]",False,0
Bramble Dental Inc,bramble-dental.example,Healthcare,51-200,US,Austin,£10m-£50m,2019,Series A,Spreadsheet,under £5k,"[""Meta Ads""]",False,0
Willow Components Ltd,willow-components.example,Manufacturing,11-50,UK,Manchester,£1m-£10m,2018,Series A,HubSpot,£5k-£25k,"[""Google Ads"", ""Meta Ads""]",True,6
Ashford Associates BV,ashford-associates.example,Professional services,11-50,NL,Rotterdam,£1m-£10m,2016,Series A,Pipedrive,£25k-£100k,"[""Google Ads"", ""LinkedIn Ads"", ""Meta Ads""]",True,2
Fernhill Shipping SAS,fernhill-shipping.example,Logistics,11-50,FR,Lyon,£1m-£10m,1999,Series A,HubSpot,under £5k,"[""Google Ads""]",False,0
Orchard Associates Inc,orchard-associates.example,Professional services,11-50,US,Seattle,£1m-£10m,2007,Seed,HubSpot,under £5k,"[""TikTok Ads""]",False,0
Stonebridge Academy SAS,stonebridge-academy.example,Education,51-200,FR,Lille,£10m-£50m,1995,Series B,Salesforce,under £5k,"[""Google Ads""]",False,0
Greystone Components Ltd,greystone-components.example,Manufacturing,201-1000,UK,London,£250m+,2018,Series C+,HubSpot,£5k-£25k,"[""Google Ads"", ""Meta Ads""]",True,23
Lindenwood College Ltd,lindenwood-college.example,Education,1000+,UK,Bristol,£250m+,1970,Public,No CRM,£5k-£25k,"[""Google Ads"", ""LinkedIn Ads""]",False,0
Inkwell Recruitment Ltd,inkwell-recruitment.example,Professional services,51-200,UK,Birmingham,£10m-£50m,2003,Series B,No CRM,£5k-£25k,"[""Google Ads"", ""Meta Ads""]",True,8
Saltmarsh Works Inc,saltmarsh-works.example,Manufacturing,1-10,US,Chicago,under £1m,2016,Seed,Spreadsheet,under £5k,"[""Microsoft Ads""]",False,0
Clearwater Labs Inc,clearwater-labs.example,Software,201-1000,US,Austin,£50m-£250m,2016,Bootstrapped,Spreadsheet,£5k-£25k,"[""Google Ads"", ""LinkedIn Ads""]",True,13
Pennine Labs Ltd,pennine-labs.example,Software,1-10,UK,Bristol,under £1m,2020,Bootstrapped,HubSpot,none,[],False,0
Driftwood Data Ltd,driftwood-data.example,Software,11-50,UK,Bristol,£1m-£10m,2009,Bootstrapped,HubSpot,under £5k,"[""Meta Ads""]",False,0
Juniper Care BV,juniper-care.example,Healthcare,201-1000,NL,Rotterdam,£50m-£250m,1969,Series B,Spreadsheet,£25k-£100k,"[""Google Ads"", ""Meta Ads"", ""Microsoft Ads""]",True,20
Bramble Academy Ltd,bramble-academy.example,Education,201-1000,UK,Bristol,£50m-£250m,1972,Bootstrapped,Salesforce,£5k-£25k,"[""LinkedIn Ads"", ""Microsoft Ads""]",False,0
Kelvin Learning Inc,kelvin-learning.example,Education,1-10,US,Boston,under £1m,2014,Seed,Spreadsheet,none,[],False,0
Jasper Insurance Inc,jasper-insurance.example,Financial services,11-50,US,New York,£1m-£10m,2018,Bootstrapped,HubSpot,£5k-£25k,"[""Google Ads"", ""Meta Ads""]",False,0
Northwind Education Ltd,northwind-education.example,Education,1-10,UK,Manchester,under £1m,2003,Bootstrapped,Spreadsheet,none,[],False,0
Meridian Advisory Ltd,meridian-advisory.example,Professional services,1-10,UK,Edinburgh,under £1m,2009,Bootstrapped,Spreadsheet,£5k-£25k,"[""Google Ads"", ""TikTok Ads""]",False,0
Fernhill Dental GmbH,fernhill-dental.example,Healthcare,11-50,DE,Munich,£1m-£10m,2019,Bootstrapped,HubSpot,under £5k,"[""TikTok Ads""]",False,0
Umber Accountants SAS,umber-accountants.example,Professional services,1-10,FR,Paris,under £1m,2000,Bootstrapped,Spreadsheet,under £5k,"[""Meta Ads""]",False,0
Bluebell Goods Ltd,bluebell-goods.example,Retail,1000+,UK,Leeds,£250m+,2005,Private equity,Salesforce,£100k+,"[""Google Ads"", ""LinkedIn Ads"", ""Meta Ads"", ""Microsoft Ads""]",True,65
Rosewood Medical Ltd,rosewood-medical.example,Healthcare,201-1000,UK,Bristol,£50m-£250m,1999,Series B,Salesforce,£25k-£100k,"[""Google Ads"", ""LinkedIn Ads"", ""Microsoft Ads""]",True,24
Kestrel Legal Inc,kestrel-legal.example,Professional services,1-10,US,Seattle,under £1m,2007,Bootstrapped,HubSpot,none,[],False,0
Cedar Medical SAS,cedar-medical.example,Healthcare,51-200,FR,Lille,£10m-£50m,2005,Bootstrapped,HubSpot,£5k-£25k,"[""Google Ads"", ""Meta Ads""]",False,0
Pennine Clinics SAS,pennine-clinics.example,Healthcare,1-10,FR,Toulouse,under £1m,1996,Bootstrapped,Salesforce,£5k-£25k,"[""Google Ads"", ""Microsoft Ads""]",False,0
Meridian Stores BV,meridian-stores.example,Retail,1-10,NL,Amsterdam,under £1m,2014,Bootstrapped,Pipedrive,none,[],False,0
Beacon Components BV,beacon-components.example,Manufacturing,201-1000,NL,Amsterdam,£50m-£250m,2008,Private equity,HubSpot,£25k-£100k,"[""Google Ads"", ""Meta Ads"", ""Microsoft Ads""]",True,20
Alder Finance Inc,alder-finance.example,Financial services,1000+,US,Boston,£250m+,2009,Public,Salesforce,£25k-£100k,"[""Google Ads"", ""Meta Ads"", ""TikTok Ads""]",False,0
Zephyr Freight Inc,zephyr-freight.example,Logistics,11-50,US,Austin,£1m-£10m,2014,Bootstrapped,Pipedrive,£25k-£100k,"[""Google Ads"", ""LinkedIn Ads"", ""Meta Ads""]",False,0
Tamarind Consulting Ltd,tamarind-consulting.example,Professional services,1000+,UK,Leeds,£250m+,1993,Bootstrapped,Salesforce,£25k-£100k,"[""Google Ads"", ""LinkedIn Ads"", ""TikTok Ads""]",True,68
Dunmore Learning Ltd,dunmore-learning.example,Education,1000+,UK,Manchester,£250m+,1981,Series C+,Salesforce,£25k-£100k,"[""Google Ads"", ""Meta Ads"", ""Microsoft Ads""]",True,51
Fernhill Market SAS,fernhill-market.example,Retail,1000+,FR,Lyon,£250m+,1974,Bootstrapped,Salesforce,£25k-£100k,"[""Google Ads"", ""Meta Ads"", ""Microsoft Ads""]",True,60
Moorland Data GmbH,moorland-data.example,Software,201-1000,DE,Frankfurt,£10m-£50m,1994,Bootstrapped,Salesforce,under £5k,"[""Microsoft Ads""]",False,0
Pinecrest Insurance Inc,pinecrest-insurance.example,Financial services,11-50,US,Boston,£1m-£10m,2023,Seed,HubSpot,under £5k,"[""Google Ads""]",False,0
Ashford College Ltd,ashford-college.example,Education,51-200,UK,Bristol,£10m-£50m,2017,Series A,Salesforce,none,[],True,10
Silverline Retail Inc,silverline-retail.example,Retail,11-50,US,San Francisco,£1m-£10m,2016,Seed,Pipedrive,under £5k,"[""Google Ads""]",False,0
Evergreen Capital GmbH,evergreen-capital.example,Financial services,51-200,DE,Hamburg,£50m-£250m,2014,Series B,Salesforce,£100k+,"[""Google Ads"", ""LinkedIn Ads"", ""Meta Ads"", ""Microsoft Ads""]",False,0
Nettlefield Retail GmbH,nettlefield-retail.example,Retail,1-10,DE,Hamburg,under £1m,1997,Seed,No CRM,under £5k,"[""Google Ads""]",False,0
Lantern Accountants Inc,lantern-accountants.example,Professional services,1-10,US,Chicago,under £1m,2016,Bootstrapped,Spreadsheet,none,[],False,0
Pinecrest Recruitment BV,pinecrest-recruitment.example,Professional services,11-50,NL,Rotterdam,£1m-£10m,2009,Seed,No CRM,£5k-£25k,"[""Meta Ads"", ""Microsoft Ads""]",False,0
Cedar Industries Inc,cedar-industries.example,Manufacturing,51-200,US,Chicago,£10m-£50m,2010,Series A,Salesforce,£5k-£25k,"[""Google Ads"", ""Meta Ads""]",True,12
Lantern Digital Ltd,lantern-digital.example,Software,1-10,UK,London,under £1m,2009,Seed,HubSpot,£5k-£25k,"[""Google Ads"", ""LinkedIn Ads""]",False,0
Falcon Pharma BV,falcon-pharma.example,Healthcare,11-50,NL,Utrecht,£1m-£10m,2018,Series A,HubSpot,£25k-£100k,"[""Google Ads"", ""LinkedIn Ads"", ""Meta Ads""]",False,0
Quartz Freight Inc,quartz-freight.example,Logistics,51-200,US,Seattle,£10m-£50m,2014,Bootstrapped,Pipedrive,£25k-£100k,"[""Google Ads"", ""Meta Ads"", ""TikTok Ads""]",True,15
Aurora Care GmbH,aurora-care.example,Healthcare,1-10,DE,Hamburg,under £1m,2016,Seed,Spreadsheet,under £5k,"[""LinkedIn Ads""]",False,0
Fernhill Logistics Ltd,fernhill-logistics.example,Logistics,201-1000,UK,Bristol,£50m-£250m,1994,Series A,Salesforce,£100k+,"[""Google Ads"", ""Meta Ads"", ""Microsoft Ads"", ""TikTok Ads""]",False,0
Yarrow Outfitters Inc,yarrow-outfitters.example,Retail,11-50,US,Boston,£1m-£10m,2022,Seed,Pipedrive,£5k-£25k,"[""Google Ads"", ""Microsoft Ads""]",True,2
Oldfield Advisory Ltd,oldfield-advisory.example,Professional services,51-200,UK,London,£10m-£50m,2001,Bootstrapped,Pipedrive,none,[],False,0
Upland Logistics Inc,upland-logistics.example,Logistics,201-1000,US,New York,£50m-£250m,1983,Series C+,Salesforce,£100k+,"[""Google Ads"", ""LinkedIn Ads"", ""Meta Ads"", ""Microsoft Ads""]",False,0
Tamarind Partners Inc,tamarind-partners.example,Financial services,11-50,US,Chicago,£1m-£10m,2020,Series A,HubSpot,under £5k,"[""Google Ads""]",False,0
Westbrook Fabrication Ltd,westbrook-fabrication.example,Manufacturing,1-10,UK,Edinburgh,under £1m,2007,Series A,Spreadsheet,under £5k,"[""Microsoft Ads""]",False,0
Westbrook Associates Ltd,westbrook-associates.example,Professional services,11-50,UK,London,£1m-£10m,2009,Seed,Spreadsheet,£5k-£25k,"[""Google Ads"", ""LinkedIn Ads""]",False,0
Cobalt Stores BV,cobalt-stores.example,Retail,51-200,NL,Eindhoven,£10m-£50m,2024,Series A,Salesforce,under £5k,"[""Google Ads""]",True,12
Kelvin Outfitters GmbH,kelvin-outfitters.example,Retail,11-50,DE,Berlin,£1m-£10m,2013,Seed,Spreadsheet,none,[],False,0
Lantern Data SAS,lantern-data.example,Software,201-1000,FR,Lyon,£50m-£250m,1997,Series C+,Salesforce,£25k-£100k,"[""Google Ads"", ""LinkedIn Ads"", ""Meta Ads""]",True,18
Foxglove Education GmbH,foxglove-education.example,Education,11-50,DE,Frankfurt,£1m-£10m,1998,Seed,Spreadsheet,£5k-£25k,"[""LinkedIn Ads"", ""Meta Ads""]",True,4
Redwood Outfitters GmbH,redwood-outfitters.example,Retail,1-10,DE,Hamburg,£1m-£10m,2013,Seed,Spreadsheet,under £5k,"[""Google Ads""]",False,0
Cedar Partners GmbH,cedar-partners.example,Financial services,11-50,DE,Frankfurt,£1m-£10m,2004,Bootstrapped,No CRM,£5k-£25k,"[""Google Ads"", ""Microsoft Ads""]",True,5
Yarrow Freight Ltd,yarrow-freight.example,Logistics,11-50,UK,Birmingham,£10m-£50m,2019,Bootstrapped,Spreadsheet,under £5k,"[""Microsoft Ads""]",False,0
Aurora Software Inc,aurora-software.example,Software,11-50,US,New York,£1m-£10m,2013,Bootstrapped,Salesforce,none,[],False,0
Fernhill Training Inc,fernhill-training.example,Education,11-50,US,San Francisco,£10m-£50m,2008,Seed,Salesforce,£25k-£100k,"[""Google Ads"", ""LinkedIn Ads"", ""Meta Ads""]",False,0
Silverline Learning Ltd,silverline-learning.example,Education,1-10,UK,Leeds,under £1m,2012,Bootstrapped,HubSpot,none,[],False,0
Heron Industries SAS,heron-industries.example,Manufacturing,51-200,FR,Lyon,£10m-£50m,2012,Bootstrapped,Spreadsheet,£25k-£100k,"[""Google Ads"", ""LinkedIn Ads"", ""Microsoft Ads""]",True,11
Redwood Training SAS,redwood-training.example,Education,1000+,FR,Paris,£250m+,1971,Private equity,Salesforce,£5k-£25k,"[""Google Ads"", ""Microsoft Ads""]",True,69
Zephyr Engineering Inc,zephyr-engineering.example,Manufacturing,11-50,US,New York,£10m-£50m,2003,Series A,HubSpot,none,[],True,3
Keystone Engineering SAS,keystone-engineering.example,Manufacturing,1-10,FR,Toulouse,under £1m,1998,Bootstrapped,Spreadsheet,none,[],True,3
Inkwell Industries SAS,inkwell-industries.example,Manufacturing,11-50,FR,Toulouse,£1m-£10m,2022,Seed,HubSpot,none,[],False,0
Zephyr Labs Ltd,zephyr-labs.example,Software,51-200,UK,Leeds,£10m-£50m,1995,Bootstrapped,Salesforce,£5k-£25k,"[""Google Ads"", ""Meta Ads""]",False,0
Saltmarsh Labs GmbH,saltmarsh-labs.example,Software,11-50,DE,Hamburg,£1m-£10m,2017,Seed,Salesforce,under £5k,"[""Google Ads""]",False,0
Kestrel Stores Ltd,kestrel-stores.example,Retail,11-50,UK,Bristol,£1m-£10m,1995,Series A,Pipedrive,under £5k,"[""Microsoft Ads""]",False,0
Silverline Tutors Ltd,silverline-tutors.example,Education,11-50,UK,London,£1m-£10m,2010,Series A,Pipedrive,under £5k,"[""Google Ads""]",False,0
Granite Stores Inc,granite-stores.example,Retail,1-10,US,New York,under £1m,2017,Seed,Spreadsheet,under £5k,"[""LinkedIn Ads""]",False,0
Yarrow Capital BV,yarrow-capital.example,Financial services,51-200,NL,Utrecht,£10m-£50m,2024,Series B,Salesforce,£5k-£25k,"[""Google Ads"", ""Meta Ads""]",False,0
Nimbus Medical Ltd,nimbus-medical.example,Healthcare,201-1000,UK,Leeds,£50m-£250m,2022,Private equity,Salesforce,£25k-£100k,"[""Google Ads"", ""LinkedIn Ads"", ""Meta Ads""]",False,0
Clearwater Associates Inc,clearwater-associates.example,Professional services,11-50,US,San Francisco,£1m-£10m,2001,Bootstrapped,HubSpot,none,[],True,6
Stonebridge Freight GmbH,stonebridge-freight.example,Logistics,1-10,DE,Berlin,under £1m,2021,Seed,Spreadsheet,none,[],False,0
Kelvin Manufacturing Inc,kelvin-manufacturing.example,Manufacturing,201-1000,US,Seattle,£50m-£250m,1978,Series C+,Salesforce,£5k-£25k,"[""Google Ads"", ""TikTok Ads""]",False,0
Valley Engineering GmbH,valley-engineering.example,Manufacturing,1-10,DE,Frankfurt,under £1m,2015,Seed,HubSpot,none,[],False,0
Brightwater Logistics SAS,brightwater-logistics.example,Logistics,1000+,FR,Toulouse,£250m+,1970,Bootstrapped,Salesforce,£25k-£100k,"[""Google Ads"", ""LinkedIn Ads"", ""TikTok Ads""]",True,61
Foxglove Consulting GmbH,foxglove-consulting.example,Professional services,201-1000,DE,Berlin,£250m+,1990,Series C+,HubSpot,£25k-£100k,"[""Google Ads"", ""LinkedIn Ads"", ""Meta Ads""]",True,22
Upland Industries GmbH,upland-industries.example,Manufacturing,51-200,DE,Berlin,£10m-£50m,2019,Series B,HubSpot,£25k-£100k,"[""Google Ads"", ""Meta Ads"", ""Microsoft Ads""]",False,0
Meridian Cloud BV,meridian-cloud.example,Software,51-200,NL,Eindhoven,£10m-£50m,1999,Bootstrapped,HubSpot,£25k-£100k,"[""Google Ads"", ""LinkedIn Ads"", ""Meta Ads""]",True,7
Saltmarsh Shipping Ltd,saltmarsh-shipping.example,Logistics,1000+,UK,Bristol,£250m+,1976,Series B,Spreadsheet,£100k+,"[""Google Ads"", ""LinkedIn Ads"", ""Meta Ads"", ""Microsoft Ads""]",True,69
Highgate Associates BV,highgate-associates.example,Professional services,51-200,NL,Eindhoven,£10m-£50m,2010,Bootstrapped,HubSpot,£5k-£25k,"[""Google Ads"", ""Meta Ads""]",False,0
Oldfield Cloud SAS,oldfield-cloud.example,Software,1-10,FR,Paris,under £1m,2016,Series A,Spreadsheet,£5k-£25k,"[""LinkedIn Ads"", ""Meta Ads""]",False,0
Falcon Fabrication Ltd,falcon-fabrication.example,Manufacturing,11-50,UK,Manchester,£1m-£10m,2015,Series A,No CRM,under £5k,"[""Meta Ads""]",True,4
Kingsway Freight Inc,kingsway-freight.example,Logistics,1-10,US,Chicago,under £1m,1999,Seed,No CRM,under £5k,"[""Google Ads""]",False,0
Heron Consulting Inc,heron-consulting.example,Professional services,11-50,US,San Francisco,£1m-£10m,1996,Bootstrapped,HubSpot,under £5k,"[""Google Ads""]",False,0
Larkspur Works Inc,larkspur-works.example,Manufacturing,201-1000,US,Austin,£50m-£250m,2005,Series C+,Salesforce,£5k-£25k,"[""Google Ads"", ""LinkedIn Ads""]",True,18
Beacon College Ltd,beacon-college.example,Education,51-200,UK,London,£10m-£50m,1998,Series A,Salesforce,none,[],True,9
Norfolk Transport Ltd,norfolk-transport.example,Logistics,1000+,UK,Birmingham,£250m+,1992,Public,Salesforce,under £5k,"[""Meta Ads""]",True,51
Saltmarsh Legal BV,saltmarsh-legal.example,Professional services,1-10,NL,Eindhoven,under £1m,1995,Bootstrapped,Spreadsheet,under £5k,"[""Meta Ads""]",False,0
Meridian Wealth GmbH,meridian-wealth.example,Financial services,1000+,DE,Munich,£250m+,2000,Public,Salesforce,£100k+,"[""Google Ads"", ""LinkedIn Ads"", ""Meta Ads"", ""TikTok Ads""]",False,0
Lindenwood Cloud GmbH,lindenwood-cloud.example,Software,1-10,DE,Frankfurt,under £1m,2007,Bootstrapped,HubSpot,none,[],False,0
Zephyr Trading Inc,zephyr-trading.example,Retail,1-10,US,Boston,under £1m,2020,Bootstrapped,No CRM,under £5k,"[""Meta Ads""]",False,0
Thornbury Associates Ltd,thornbury-associates.example,Professional services,51-200,UK,Edinburgh,£10m-£50m,2008,Series A,Pipedrive,none,[],True,6
Umber Freight Inc,umber-freight.example,Logistics,11-50,US,Austin,£1m-£10m,2019,Seed,HubSpot,under £5k,"[""TikTok Ads""]",False,0
Dovecote Capital BV,dovecote-capital.example,Financial services,11-50,NL,Eindhoven,£1m-£10m,2015,Bootstrapped,Pipedrive,none,[],True,6
Marigold Outfitters Inc,marigold-outfitters.example,Retail,1000+,US,Chicago,£250m+,1979,Bootstrapped,Salesforce,£25k-£100k,"[""Google Ads"", ""Meta Ads"", ""Microsoft Ads""]",True,66
Granite Goods Inc,granite-goods.example,Retail,11-50,US,San Francisco,£1m-£10m,1995,Bootstrapped,Salesforce,none,[],False,0
Greystone Dental GmbH,greystone-dental.example,Healthcare,11-50,DE,Hamburg,£1m-£10m,2023,Bootstrapped,Pipedrive,under £5k,"[""Google Ads""]",False,0
Meridian Insurance Ltd,meridian-insurance.example,Financial services,1-10,UK,Leeds,under £1m,2015,Bootstrapped,Pipedrive,under £5k,"[""TikTok Ads""]",True,1
Kelvin Partners Ltd,kelvin-partners.example,Financial services,1000+,UK,London,£50m-£250m,2024,Public,Salesforce,£100k+,"[""Google Ads"", ""LinkedIn Ads"", ""Meta Ads"", ""TikTok Ads""]",False,0
Juniper Cloud BV,juniper-cloud.example,Software,11-50,NL,Eindhoven,£1m-£10m,2013,Series A,HubSpot,£5k-£25k,"[""Google Ads"", ""LinkedIn Ads""]",False,0
Juniper Manufacturing Ltd,juniper-manufacturing.example,Manufacturing,1-10,UK,Edinburgh,under £1m,2018,Seed,No CRM,under £5k,"[""Microsoft Ads""]",False,0
Cobalt Systems Inc,cobalt-systems.example,Software,11-50,US,New York,£1m-£10m,2021,Bootstrapped,Salesforce,£25k-£100k,"[""Google Ads"", ""LinkedIn Ads"", ""Meta Ads""]",True,2
Redwood Fabrication Ltd,redwood-fabrication.example,Manufacturing,1-10,UK,Manchester,under £1m,2005,Seed,Spreadsheet,none,[],False,0
Bluebell Insurance GmbH,bluebell-insurance.example,Financial services,11-50,DE,Berlin,£1m-£10m,2005,Seed,Salesforce,none,[],True,4
Upland Goods GmbH,upland-goods.example,Retail,51-200,DE,Berlin,£10m-£50m,2023,Series C+,HubSpot,£25k-£100k,"[""Google Ads"", ""Meta Ads"", ""Microsoft Ads""]",True,10
Cobalt Learning SAS,cobalt-learning.example,Education,1-10,FR,Toulouse,under £1m,2020,Bootstrapped,Salesforce,under £5k,"[""Meta Ads""]",False,0
Cobalt Cloud Ltd,cobalt-cloud.example,Software,11-50,UK,Leeds,£1m-£10m,2012,Seed,Pipedrive,none,[],False,0
Vantage Tutors Inc,vantage-tutors.example,Education,51-200,US,San Francisco,£10m-£50m,2024,Series B,Salesforce,£100k+,"[""Google Ads"", ""LinkedIn Ads"", ""Meta Ads"", ""Microsoft Ads""]",True,5
Northwind Dental GmbH,northwind-dental.example,Healthcare,51-200,DE,Munich,£10m-£50m,2000,Bootstrapped,Spreadsheet,£100k+,"[""Google Ads"", ""Meta Ads"", ""Microsoft Ads"", ""TikTok Ads""]",True,9
Kingsway College BV,kingsway-college.example,Education,1000+,NL,Utrecht,£250m+,1970,Private equity,Salesforce,£100k+,"[""Google Ads"", ""Meta Ads"", ""Microsoft Ads"", ""TikTok Ads""]",False,0
Tamarind Digital SAS,tamarind-digital.example,Software,51-200,FR,Lille,£10m-£50m,2007,Bootstrapped,HubSpot,under £5k,"[""Google Ads""]",True,5
Granite Data Ltd,granite-data.example,Software,11-50,UK,Edinburgh,£1m-£10m,2012,Seed,Spreadsheet,£5k-£25k,"[""Google Ads"", ""TikTok Ads""]",True,3
Saltmarsh Learning Inc,saltmarsh-learning.example,Education,1-10,US,Boston,under £1m,2022,Seed,No CRM,under £5k,"[""Google Ads""]",True,2
Ironbridge Goods Ltd,ironbridge-goods.example,Retail,201-1000,UK,Leeds,£50m-£250m,2007,Bootstrapped,Salesforce,£100k+,"[""Google Ads"", ""LinkedIn Ads"", ""Meta Ads"", ""Microsoft Ads""]",False,0
Evergreen Training Ltd,evergreen-training.example,Education,1-10,UK,Leeds,£1m-£10m,2019,Seed,HubSpot,£5k-£25k,"[""Google Ads"", ""Meta Ads""]",False,0
Valley Consulting BV,valley-consulting.example,Professional services,51-200,NL,Eindhoven,£10m-£50m,2014,Series B,Salesforce,£5k-£25k,"[""Google Ads"", ""Microsoft Ads""]",True,9
Clearwater Consulting GmbH,clearwater-consulting.example,Professional services,11-50,DE,Berlin,£1m-£10m,2011,Bootstrapped,No CRM,£25k-£100k,"[""Google Ads"", ""LinkedIn Ads"", ""Meta Ads""]",False,0
Cedar Insurance BV,cedar-insurance.example,Financial services,11-50,NL,Utrecht,£1m-£10m,2022,Seed,HubSpot,under £5k,"[""Meta Ads""]",False,0
Pinecrest Training Ltd,pinecrest-training.example,Education,1000+,UK,London,£250m+,1971,Series B,HubSpot,£100k+,"[""Google Ads"", ""LinkedIn Ads"", ""Meta Ads"", ""Microsoft Ads""]",True,74
Tidewater Partners SAS,tidewater-partners.example,Financial services,11-50,FR,Toulouse,£1m-£10m,1998,Series A,Pipedrive,£25k-£100k,"[""Google Ads"", ""Meta Ads"", ""TikTok Ads""]",False,0
Norfolk College Ltd,norfolk-college.example,Education,1-10,UK,Birmingham,under £1m,2015,Series A,Spreadsheet,under £5k,"[""LinkedIn Ads""]",False,0
Pennine Capital SAS,pennine-capital.example,Financial services,11-50,FR,Lille,£1m-£10m,2008,Bootstrapped,Pipedrive,none,[],False,0
Foxglove Components GmbH,foxglove-components.example,Manufacturing,1-10,DE,Munich,under £1m,2016,Seed,Spreadsheet,under £5k,"[""Google Ads""]",False,0
Pebble Components BV,pebble-components.example,Manufacturing,51-200,NL,Utrecht,£10m-£50m,2024,Bootstrapped,HubSpot,£25k-£100k,"[""Google Ads"", ""Meta Ads"", ""TikTok Ads""]",False,0
Tidewater Academy Ltd,tidewater-academy.example,Education,51-200,UK,Birmingham,£10m-£50m,2009,Bootstrapped,Pipedrive,£5k-£25k,"[""Google Ads"", ""LinkedIn Ads""]",True,15
Alder Data GmbH,alder-data.example,Software,201-1000,DE,Frankfurt,£250m+,2001,Bootstrapped,Salesforce,£25k-£100k,"[""Google Ads"", ""LinkedIn Ads"", ""Meta Ads""]",False,0
Upland Training BV,upland-training.example,Education,11-50,NL,Amsterdam,£1m-£10m,2015,Bootstrapped,Pipedrive,none,[],False,0
Bramble Accountants Inc,bramble-accountants.example,Professional services,51-200,US,New York,£50m-£250m,2022,Series C+,Salesforce,none,[],False,0
Alder Cloud Inc,alder-cloud.example,Software,51-200,US,Austin,£10m-£50m,2001,Bootstrapped,HubSpot,£5k-£25k,"[""Meta Ads"", ""Microsoft Ads""]",False,0
Bluebell Cloud Ltd,bluebell-cloud.example,Software,51-200,UK,Leeds,£10m-£50m,2014,Series A,Pipedrive,£100k+,"[""Google Ads"", ""LinkedIn Ads"", ""Meta Ads"", ""TikTok Ads""]",False,0
Silverline Stores Inc,silverline-stores.example,Retail,11-50,US,New York,£1m-£10m,2000,Bootstrapped,Pipedrive,under £5k,"[""LinkedIn Ads""]",False,0
Granite Recruitment SAS,granite-recruitment.example,Professional services,11-50,FR,Lyon,£1m-£10m,1996,Series A,Spreadsheet,£5k-£25k,"[""Google Ads"", ""Meta Ads""]",True,3
Saltmarsh Trading SAS,saltmarsh-trading.example,Retail,1-10,FR,Lyon,£1m-£10m,2001,Bootstrapped,HubSpot,under £5k,"[""Meta Ads""]",False,0
Foxglove Stores Inc,foxglove-stores.example,Retail,51-200,US,Boston,£10m-£50m,2002,Bootstrapped,HubSpot,£25k-£100k,"[""Google Ads"", ""LinkedIn Ads"", ""Meta Ads""]",True,10
Jasper Health Ltd,jasper-health.example,Healthcare,11-50,UK,Bristol,£1m-£10m,1995,Bootstrapped,HubSpot,none,[],True,6
Thornbury Insurance Ltd,thornbury-insurance.example,Financial services,201-1000,UK,London,£50m-£250m,1977,Series B,Pipedrive,none,[],True,27
Tidewater Education GmbH,tidewater-education.example,Education,51-200,DE,Berlin,£50m-£250m,2013,Seed,Spreadsheet,£5k-£25k,"[""Google Ads"", ""Meta Ads""]",False,0
Granite Training Inc,granite-training.example,Education,51-200,US,Austin,£10m-£50m,2017,Private equity,HubSpot,£100k+,"[""Google Ads"", ""LinkedIn Ads"", ""Meta Ads"", ""Microsoft Ads""]",False,0
Valley Cloud Inc,valley-cloud.example,Software,201-1000,US,Seattle,£50m-£250m,1974,Private equity,HubSpot,£25k-£100k,"[""Google Ads"", ""LinkedIn Ads"", ""Microsoft Ads""]",True,27
Thornbury Freight Inc,thornbury-freight.example,Logistics,1-10,US,San Francisco,under £1m,2018,Bootstrapped,Pipedrive,under £5k,"[""LinkedIn Ads""]",True,1
Northwind Logistics SAS,northwind-logistics.example,Logistics,201-1000,FR,Toulouse,£50m-£250m,2002,Series C+,Pipedrive,£25k-£100k,"[""Google Ads"", ""Meta Ads"", ""TikTok Ads""]",False,0
Kestrel Capital GmbH,kestrel-capital.example,Financial services,51-200,DE,Hamburg,£1m-£10m,2018,Bootstrapped,Salesforce,£5k-£25k,"[""Google Ads"", ""Meta Ads""]",False,0
Lantern Logistics GmbH,lantern-logistics.example,Logistics,51-200,DE,Hamburg,£10m-£50m,2005,Seed,Salesforce,under £5k,"[""TikTok Ads""]",False,0
Kelvin Transport Ltd,kelvin-transport.example,Logistics,51-200,UK,Bristol,£50m-£250m,1996,Bootstrapped,Salesforce,under £5k,"[""Google Ads""]",True,13
Rosewood Tutors Ltd,rosewood-tutors.example,Education,1-10,UK,Manchester,under £1m,2016,Bootstrapped,HubSpot,£5k-£25k,"[""Google Ads"", ""Meta Ads""]",False,0
Greystone Labs Ltd,greystone-labs.example,Software,11-50,UK,Manchester,£10m-£50m,1999,Seed,Spreadsheet,under £5k,"[""Meta Ads""]",True,2
Quartz Learning GmbH,quartz-learning.example,Education,11-50,DE,Berlin,£1m-£10m,1996,Bootstrapped,Spreadsheet,£5k-£25k,"[""Google Ads"", ""TikTok Ads""]",True,4
Pinecrest College Ltd,pinecrest-college.example,Education,1-10,UK,Bristol,under £1m,2004,Bootstrapped,HubSpot,under £5k,"[""Google Ads""]",True,3
Greystone Accountants SAS,greystone-accountants.example,Professional services,11-50,FR,Toulouse,£1m-£10m,2004,Bootstrapped,No CRM,under £5k,"[""Google Ads""]",False,0
Cobalt Training BV,cobalt-training.example,Education,1-10,NL,Utrecht,£1m-£10m,2008,Bootstrapped,HubSpot,under £5k,"[""Google Ads""]",False,0
Marigold Lending Ltd,marigold-lending.example,Financial services,1-10,UK,Birmingham,under £1m,2018,Bootstrapped,No CRM,none,[],False,0
Harbour Freight Ltd,harbour-freight.example,Logistics,201-1000,UK,Manchester,£50m-£250m,2023,Private equity,HubSpot,£25k-£100k,"[""Google Ads"", ""Meta Ads"", ""TikTok Ads""]",False,0
Keystone Consulting Ltd,keystone-consulting.example,Professional services,11-50,UK,London,£1m-£10m,2023,Seed,HubSpot,none,[],False,0
Yarrow Lending Ltd,yarrow-lending.example,Financial services,1-10,UK,London,£1m-£10m,2016,Bootstrapped,Spreadsheet,none,[],False,0
Nettlefield Insurance Ltd,nettlefield-insurance.example,Financial services,1-10,UK,London,under £1m,2014,Seed,HubSpot,none,[],False,0
Emberly Engineering BV,emberly-engineering.example,Manufacturing,11-50,NL,Amsterdam,£10m-£50m,2002,Bootstrapped,HubSpot,£5k-£25k,"[""LinkedIn Ads"", ""Meta Ads""]",False,0
Vantage Stores GmbH,vantage-stores.example,Retail,51-200,DE,Frankfurt,£10m-£50m,2000,Bootstrapped,Salesforce,£5k-£25k,"[""Google Ads"", ""LinkedIn Ads""]",False,0
Nettlefield Recruitment Ltd,nettlefield-recruitment.example,Professional services,11-50,UK,Bristol,£10m-£50m,2008,Bootstrapped,No CRM,under £5k,"[""Google Ads""]",False,0
Westbrook Wealth Inc,westbrook-wealth.example,Financial services,201-1000,US,Seattle,£50m-£250m,1996,Private equity,Pipedrive,£25k-£100k,"[""Google Ads"", ""LinkedIn Ads"", ""Meta Ads""]",True,23
Inkwell Wealth BV,inkwell-wealth.example,Financial services,51-200,NL,Rotterdam,£50m-£250m,2011,Seed,Salesforce,£5k-£25k,"[""Google Ads"", ""LinkedIn Ads""]",True,11
Glenmoor Tutors SAS,glenmoor-tutors.example,Education,201-1000,FR,Paris,£50m-£250m,2004,Series B,Salesforce,£100k+,"[""Google Ads"", ""LinkedIn Ads"", ""Meta Ads"", ""Microsoft Ads""]",False,0
Evergreen Clinics Inc,evergreen-clinics.example,Healthcare,1-10,US,San Francisco,under £1m,2020,Seed,No CRM,£5k-£25k,"[""LinkedIn Ads"", ""Microsoft Ads""]",False,0
Evergreen Tutors Inc,evergreen-tutors.example,Education,201-1000,US,Austin,£50m-£250m,1996,Bootstrapped,Salesforce,£5k-£25k,"[""Google Ads"", ""LinkedIn Ads""]",False,0
Ashford Consulting Inc,ashford-consulting.example,Professional services,201-1000,US,San Francisco,£50m-£250m,1977,Series A,Salesforce,£5k-£25k,"[""Google Ads"", ""Microsoft Ads""]",True,16
Granite Dental SAS,granite-dental.example,Healthcare,11-50,FR,Lyon,£1m-£10m,2022,Bootstrapped,HubSpot,£5k-£25k,"[""LinkedIn Ads"", ""Meta Ads""]",True,2
Tamarind Logistics GmbH,tamarind-logistics.example,Logistics,1000+,DE,Hamburg,£50m-£250m,1991,Private equity,HubSpot,£25k-£100k,"[""Google Ads"", ""Meta Ads"", ""TikTok Ads""]",True,53
Elmstead College Inc,elmstead-college.example,Education,51-200,US,Boston,£10m-£50m,2003,Series B,HubSpot,£5k-£25k,"[""Google Ads"", ""TikTok Ads""]",False,0
Dovecote Freight SAS,dovecote-freight.example,Logistics,51-200,FR,Lille,£50m-£250m,2002,Series B,No CRM,£25k-£100k,"[""Google Ads"", ""LinkedIn Ads"", ""Meta Ads""]",False,0
Brightwater Couriers GmbH,brightwater-couriers.example,Logistics,51-200,DE,Hamburg,£10m-£50m,2019,Bootstrapped,Salesforce,£5k-£25k,"[""Meta Ads"", ""Microsoft Ads""]",True,7
Juniper Fabrication Ltd,juniper-fabrication.example,Manufacturing,1000+,UK,London,£250m+,1972,Series C+,Salesforce,£5k-£25k,"[""Google Ads"", ""Microsoft Ads""]",True,69
Redwood Clinics Inc,redwood-clinics.example,Healthcare,1-10,US,Boston,under £1m,2013,Bootstrapped,No CRM,none,[],False,0
Ironbridge Associates Inc,ironbridge-associates.example,Professional services,1-10,US,Austin,under £1m,2005,Bootstrapped,No CRM,none,[],True,1
Foxglove Cloud Ltd,foxglove-cloud.example,Software,11-50,UK,Edinburgh,£1m-£10m,2014,Bootstrapped,Salesforce,under £5k,"[""Meta Ads""]",False,0
Zephyr Outfitters Inc,zephyr-outfitters.example,Retail,51-200,US,San Francisco,£10m-£50m,1999,Seed,Salesforce,£5k-£25k,"[""Google Ads"", ""Microsoft Ads""]",False,0
Bramble Retail BV,bramble-retail.example,Retail,11-50,NL,Eindhoven,£1m-£10m,2000,Bootstrapped,Spreadsheet,under £5k,"[""Microsoft Ads""]",True,3
Cedar Freight GmbH,cedar-freight.example,Logistics,201-1000,DE,Frankfurt,£50m-£250m,1981,Private equity,HubSpot,none,[],False,0
Cedar Manufacturing Ltd,cedar-manufacturing.example,Manufacturing,11-50,UK,Birmingham,£1m-£10m,2020,Series A,Pipedrive,none,[],False,0
Riverside Digital Inc,riverside-digital.example,Software,11-50,US,Boston,£1m-£10m,2020,Bootstrapped,Pipedrive,under £5k,"[""LinkedIn Ads""]",True,2
Hawthorn Data SAS,hawthorn-data.example,Software,201-1000,FR,Paris,£50m-£250m,2016,Bootstrapped,Salesforce,£5k-£25k,"[""Google Ads"", ""LinkedIn Ads""]",True,16
Driftwood Haulage Inc,driftwood-haulage.example,Logistics,201-1000,US,Seattle,£50m-£250m,2003,Series C+,Salesforce,£5k-£25k,"[""Google Ads"", ""TikTok Ads""]",True,18
Clearwater Outfitters Inc,clearwater-outfitters.example,Retail,51-200,US,Austin,£10m-£50m,2008,Bootstrapped,Spreadsheet,under £5k,"[""LinkedIn Ads""]",True,15
Rosewood Trading Ltd,rosewood-trading.example,Retail,11-50,UK,Bristol,£1m-£10m,2011,Bootstrapped,Pipedrive,£5k-£25k,"[""LinkedIn Ads"", ""Meta Ads""]",False,0
Redwood Legal SAS,redwood-legal.example,Professional services,11-50,FR,Toulouse,£1m-£10m,2002,Bootstrapped,HubSpot,£5k-£25k,"[""LinkedIn Ads"", ""Microsoft Ads""]",False,0
Saltmarsh Software Ltd,saltmarsh-software.example,Software,1-10,UK,Bristol,under £1m,1998,Bootstrapped,HubSpot,£5k-£25k,"[""LinkedIn Ads"", ""Meta Ads""]",False,0
Elmstead Advisory Ltd,elmstead-advisory.example,Professional services,11-50,UK,London,£1m-£10m,1996,Bootstrapped,Salesforce,under £5k,"[""Meta Ads""]",False,0
Valley Associates Ltd,valley-associates.example,Professional services,201-1000,UK,Leeds,£50m-£250m,1983,Public,Pipedrive,£100k+,"[""Google Ads"", ""LinkedIn Ads"", ""Meta Ads"", ""TikTok Ads""]",False,0
Cedar Market GmbH,cedar-market.example,Retail,1-10,DE,Frankfurt,under £1m,2009,Bootstrapped,Spreadsheet,£5k-£25k,"[""Google Ads"", ""LinkedIn Ads""]",False,0
Bluebell Legal Inc,bluebell-legal.example,Professional services,201-1000,US,Chicago,£50m-£250m,1981,Series B,Salesforce,£5k-£25k,"[""Google Ads"", ""TikTok Ads""]",False,0
Ironbridge Systems Inc,ironbridge-systems.example,Software,1000+,US,Boston,£250m+,1974,Public,Salesforce,£100k+,"[""Google Ads"", ""LinkedIn Ads"", ""Meta Ads"", ""Microsoft Ads""]",True,74
Rosewood Systems Ltd,rosewood-systems.example,Software,1-10,UK,Birmingham,under £1m,2000,Bootstrapped,Pipedrive,under £5k,"[""Google Ads""]",False,0
Northwind Health SAS,northwind-health.example,Healthcare,1-10,FR,Paris,under £1m,2007,Bootstrapped,No CRM,£5k-£25k,"[""Google Ads"", ""LinkedIn Ads""]",False,0
Yarrow Works Inc,yarrow-works.example,Manufacturing,11-50,US,New York,£1m-£10m,2013,Seed,HubSpot,£5k-£25k,"[""Meta Ads"", ""Microsoft Ads""]",True,4
Larkspur Components GmbH,larkspur-components.example,Manufacturing,201-1000,DE,Berlin,£10m-£50m,1971,Bootstrapped,HubSpot,£5k-£25k,"[""Google Ads"", ""Meta Ads""]",True,24
Beacon Legal BV,beacon-legal.example,Professional services,1-10,NL,Amsterdam,under £1m,1996,Seed,No CRM,none,[],True,1
Nimbus Components Inc,nimbus-components.example,Manufacturing,51-200,US,New York,£10m-£50m,2007,Bootstrapped,HubSpot,£5k-£25k,"[""Google Ads"", ""LinkedIn Ads""]",False,0
Driftwood Partners Inc,driftwood-partners.example,Financial services,1000+,US,New York,£250m+,1973,Private equity,Salesforce,£25k-£100k,"[""Google Ads"", ""Meta Ads"", ""Microsoft Ads""]",True,66
Nettlefield Accountants Inc,nettlefield-accountants.example,Professional services,201-1000,US,Seattle,£50m-£250m,1997,Bootstrapped,Spreadsheet,£25k-£100k,"[""Google Ads"", ""LinkedIn Ads"", ""Microsoft Ads""]",True,26
Bluebell Trading Inc,bluebell-trading.example,Retail,1-10,US,Seattle,£1m-£10m,2011,Bootstrapped,No CRM,none,[],False,0
Dovecote Accountants Inc,dovecote-accountants.example,Professional services,1-10,US,San Francisco,under £1m,2010,Bootstrapped,Pipedrive,under £5k,"[""Meta Ads""]",True,3
Oldfield Dental Inc,oldfield-dental.example,Healthcare,51-200,US,Chicago,£10m-£50m,1998,Seed,Salesforce,£5k-£25k,"[""Google Ads"", ""Meta Ads""]",False,0
Glenmoor Learning Inc,glenmoor-learning.example,Education,1000+,US,Boston,£250m+,2014,Public,Salesforce,£100k+,"[""LinkedIn Ads"", ""Meta Ads"", ""Microsoft Ads"", ""TikTok Ads""]",False,0
Ironbridge Finance Inc,ironbridge-finance.example,Financial services,201-1000,US,Chicago,£50m-£250m,2021,Bootstrapped,Spreadsheet,under £5k,"[""Google Ads""]",True,19
Glenmoor Retail GmbH,glenmoor-retail.example,Retail,1000+,DE,Frankfurt,£250m+,1998,Public,Salesforce,£25k-£100k,"[""Google Ads"", ""Meta Ads"", ""Microsoft Ads""]",True,55
Riverside Labs Ltd,riverside-labs.example,Software,1-10,UK,Leeds,under £1m,2015,Seed,Spreadsheet,under £5k,"[""Google Ads""]",False,0
Ashford Pharma Ltd,ashford-pharma.example,Healthcare,51-200,UK,Bristol,£10m-£50m,2002,Private equity,Pipedrive,under £5k,"[""Google Ads""]",False,0
Greystone Industries Ltd,greystone-industries.example,Manufacturing,1-10,UK,London,under £1m,2019,Bootstrapped,Pipedrive,none,[],False,0
Cobalt Partners Inc,cobalt-partners.example,Financial services,11-50,US,San Francisco,£1m-£10m,2014,Seed,HubSpot,none,[],False,0
Thornbury Dental Inc,thornbury-dental.example,Healthcare,1000+,US,San Francisco,£250m+,1998,Series C+,Salesforce,£5k-£25k,"[""Meta Ads"", ""TikTok Ads""]",True,60
Pennine Trading Inc,pennine-trading.example,Retail,11-50,US,Boston,£1m-£10m,2024,Series A,HubSpot,none,[],True,1
Brightwater Medical Ltd,brightwater-medical.example,Healthcare,11-50,UK,Leeds,under £1m,1996,Series B,HubSpot,£5k-£25k,"[""Google Ads"", ""Meta Ads""]",False,0
Oakridge Retail SAS,oakridge-retail.example,Retail,201-1000,FR,Lille,£250m+,2002,Bootstrapped,HubSpot,under £5k,"[""Google Ads""]",False,0
Highgate Advisory SAS,highgate-advisory.example,Professional services,1-10,FR,Lyon,under £1m,2003,Seed,HubSpot,none,[],False,0
Nimbus Trading SAS,nimbus-trading.example,Retail,51-200,FR,Lyon,£10m-£50m,2022,Bootstrapped,HubSpot,under £5k,"[""Microsoft Ads""]",False,0
Oldfield Recruitment Ltd,oldfield-recruitment.example,Professional services,1-10,UK,Manchester,under £1m,2010,Bootstrapped,Spreadsheet,under £5k,"[""Google Ads""]",False,0
Fernhill Care GmbH,fernhill-care.example,Healthcare,1-10,DE,Munich,under £1m,2005,Series A,HubSpot,under £5k,"[""Google Ads""]",False,0
Oakridge Systems Ltd,oakridge-systems.example,Software,11-50,UK,Bristol,£1m-£10m,2009,Series A,No CRM,under £5k,"[""LinkedIn Ads""]",False,0
Bramble Pharma Ltd,bramble-pharma.example,Healthcare,11-50,UK,Leeds,£1m-£10m,2009,Bootstrapped,Pipedrive,£5k-£25k,"[""Google Ads"", ""Microsoft Ads""]",False,0
Hawthorn Outfitters GmbH,hawthorn-outfitters.example,Retail,11-50,DE,Hamburg,under £1m,2000,Seed,Pipedrive,£25k-£100k,"[""Google Ads"", ""LinkedIn Ads"", ""Meta Ads""]",True,3
Marigold Education Inc,marigold-education.example,Education,51-200,US,San Francisco,£10m-£50m,2003,Series C+,Salesforce,under £5k,"[""Meta Ads""]",False,0
Fernhill Wealth Ltd,fernhill-wealth.example,Financial services,201-1000,UK,London,£50m-£250m,1997,Series B,Salesforce,none,[],False,0
Tidewater Market Ltd,tidewater-market.example,Retail,201-1000,UK,Manchester,£50m-£250m,2021,Bootstrapped,HubSpot,under £5k,"[""Google Ads""]",False,0
Vantage Insurance Inc,vantage-insurance.example,Financial services,1000+,US,New York,£250m+,2024,Bootstrapped,Salesforce,£25k-£100k,"[""LinkedIn Ads"", ""Microsoft Ads"", ""TikTok Ads""]",True,75
Ashford Care Ltd,ashford-care.example,Healthcare,11-50,UK,Birmingham,£1m-£10m,2004,Series A,HubSpot,£5k-£25k,"[""Google Ads"", ""Microsoft Ads""]",False,0
Meridian Retail Ltd,meridian-retail.example,Retail,51-200,UK,Bristol,£10m-£50m,2011,Bootstrapped,Salesforce,£5k-£25k,"[""LinkedIn Ads"", ""Meta Ads""]",True,12
Nimbus Partners GmbH,nimbus-partners.example,Financial services,11-50,DE,Frankfurt,£1m-£10m,2022,Bootstrapped,Salesforce,£5k-£25k,"[""LinkedIn Ads"", ""Meta Ads""]",False,0
Pebble Care Inc,pebble-care.example,Healthcare,51-200,US,Austin,£10m-£50m,2019,Private equity,Salesforce,£100k+,"[""Google Ads"", ""LinkedIn Ads"", ""Meta Ads"", ""Microsoft Ads""]",True,5
Granite Engineering GmbH,granite-engineering.example,Manufacturing,51-200,DE,Munich,£10m-£50m,2005,Series A,Salesforce,£5k-£25k,"[""Google Ads"", ""Meta Ads""]",False,0
Northwind Market SAS,northwind-market.example,Retail,1-10,FR,Paris,under £1m,2002,Bootstrapped,HubSpot,under £5k,"[""LinkedIn Ads""]",False,0
Inkwell Haulage Ltd,inkwell-haulage.example,Logistics,11-50,UK,London,£1m-£10m,2019,Series A,Spreadsheet,under £5k,"[""Google Ads""]",False,0
Brightwater Recruitment Inc,brightwater-recruitment.example,Professional services,11-50,US,Austin,£1m-£10m,2008,Series A,Spreadsheet,none,[],True,2
Zephyr Pharma BV,zephyr-pharma.example,Healthcare,51-200,NL,Eindhoven,£10m-£50m,2024,Series B,HubSpot,£25k-£100k,"[""Google Ads"", ""LinkedIn Ads"", ""Meta Ads""]",True,10
Inkwell Training Inc,inkwell-training.example,Education,51-200,US,Austin,£10m-£50m,1996,Series A,Pipedrive,£25k-£100k,"[""LinkedIn Ads"", ""Meta Ads"", ""TikTok Ads""]",True,8
Marigold Fabrication Ltd,marigold-fabrication.example,Manufacturing,51-200,UK,London,£10m-£50m,2021,Series A,HubSpot,£25k-£100k,"[""Google Ads"", ""LinkedIn Ads"", ""Meta Ads""]",False,0
Lindenwood Transport GmbH,lindenwood-transport.example,Logistics,1-10,DE,Hamburg,£1m-£10m,2003,Bootstrapped,No CRM,under £5k,"[""Microsoft Ads""]",False,0
Evergreen Retail Ltd,evergreen-retail.example,Retail,11-50,UK,Birmingham,£1m-£10m,2002,Bootstrapped,HubSpot,£5k-£25k,"[""Google Ads"", ""TikTok Ads""]",False,0
Westbrook Data GmbH,westbrook-data.example,Software,1-10,DE,Hamburg,under £1m,2019,Bootstrapped,Pipedrive,under £5k,"[""TikTok Ads""]",False,0
Granite Shipping SAS,granite-shipping.example,Logistics,11-50,FR,Lille,£1m-£10m,2011,Bootstrapped,No CRM,£5k-£25k,"[""Google Ads"", ""Microsoft Ads""]",False,0
Nettlefield Advisory BV,nettlefield-advisory.example,Professional services,1-10,NL,Rotterdam,under £1m,2011,Seed,Salesforce,under £5k,"[""LinkedIn Ads""]",False,0
Glenmoor Care GmbH,glenmoor-care.example,Healthcare,1-10,DE,Hamburg,under £1m,1996,Seed,Pipedrive,under £5k,"[""Meta Ads""]",False,0
Zephyr Digital GmbH,zephyr-digital.example,Software,51-200,DE,Hamburg,£10m-£50m,2018,Series B,Pipedrive,£25k-£100k,"[""Google Ads"", ""Meta Ads"", ""Microsoft Ads""]",True,12
Tidewater Associates Inc,tidewater-associates.example,Professional services,201-1000,US,Seattle,£50m-£250m,1983,Series C+,HubSpot,£100k+,"[""Google Ads"", ""LinkedIn Ads"", ""Meta Ads"", ""Microsoft Ads""]",True,18
Harbour Manufacturing Ltd,harbour-manufacturing.example,Manufacturing,1-10,UK,Bristol,under £1m,2012,Bootstrapped,Salesforce,£5k-£25k,"[""Google Ads"", ""Meta Ads""]",True,2
Aurora Freight SAS,aurora-freight.example,Logistics,1000+,FR,Lille,£50m-£250m,2015,Bootstrapped,Salesforce,£100k+,"[""Google Ads"", ""Meta Ads"", ""Microsoft Ads"", ""TikTok Ads""]",False,0
Heron Care Inc,heron-care.example,Healthcare,1-10,US,Seattle,under £1m,1995,Bootstrapped,HubSpot,none,[],False,0
Meridian Medical BV,meridian-medical.example,Healthcare,1-10,NL,Amsterdam,under £1m,2019,Bootstrapped,HubSpot,none,[],False,0
Granite Advisory BV,granite-advisory.example,Professional services,11-50,NL,Utrecht,£1m-£10m,2007,Bootstrapped,HubSpot,under £5k,"[""LinkedIn Ads""]",False,0
Riverside Goods Inc,riverside-goods.example,Retail,1-10,US,Chicago,£1m-£10m,1996,Bootstrapped,No CRM,under £5k,"[""LinkedIn Ads""]",False,0
Kelvin Academy Ltd,kelvin-academy.example,Education,201-1000,UK,London,£50m-£250m,1997,Bootstrapped,HubSpot,£5k-£25k,"[""Meta Ads"", ""Microsoft Ads""]",False,0
Cedar Tutors Ltd,cedar-tutors.example,Education,11-50,UK,London,£1m-£10m,2000,Seed,Salesforce,£5k-£25k,"[""Google Ads"", ""TikTok Ads""]",True,3
Ivywood Software SAS,ivywood-software.example,Software,1-10,FR,Paris,under £1m,2005,Bootstrapped,No CRM,none,[],False,0
Dovecote Systems SAS,dovecote-systems.example,Software,1-10,FR,Paris,under £1m,1997,Bootstrapped,Pipedrive,under £5k,"[""Google Ads""]",False,0
Quayside Partners Ltd,quayside-partners.example,Financial services,201-1000,UK,Bristol,£50m-£250m,1978,Public,Spreadsheet,£5k-£25k,"[""Google Ads"", ""TikTok Ads""]",True,13
Dovecote Software Inc,dovecote-software.example,Software,1-10,US,Boston,under £1m,2010,Seed,HubSpot,under £5k,"[""Google Ads""]",False,0
Nimbus Logistics Ltd,nimbus-logistics.example,Logistics,1000+,UK,Manchester,£250m+,2010,Bootstrapped,Salesforce,£25k-£100k,"[""Google Ads"", ""Microsoft Ads"", ""TikTok Ads""]",True,60
Umber Engineering Inc,umber-engineering.example,Manufacturing,11-50,US,Austin,£1m-£10m,1999,Seed,No CRM,£5k-£25k,"[""LinkedIn Ads"", ""Meta Ads""]",True,4
Elmstead Freight Ltd,elmstead-freight.example,Logistics,1-10,UK,Leeds,under £1m,1996,Bootstrapped,HubSpot,under £5k,"[""Google Ads""]",False,0
Harbour Partners Ltd,harbour-partners.example,Financial services,51-200,UK,Manchester,£10m-£50m,2004,Bootstrapped,No CRM,none,[],False,0
Pinecrest Tutors Ltd,pinecrest-tutors.example,Education,201-1000,UK,Leeds,£50m-£250m,1995,Series B,Salesforce,£5k-£25k,"[""Google Ads"", ""Meta Ads""]",True,24
Tidewater Lending Inc,tidewater-lending.example,Financial services,1000+,US,San Francisco,£250m+,1981,Public,Salesforce,£100k+,"[""Google Ads"", ""Meta Ads"", ""Microsoft Ads"", ""TikTok Ads""]",True,80
Redwood Works SAS,redwood-works.example,Manufacturing,1-10,FR,Lille,under £1m,1996,Seed,No CRM,under £5k,"[""Meta Ads""]",True,1
Elmstead Training Ltd,elmstead-training.example,Education,51-200,UK,Manchester,£10m-£50m,2019,Bootstrapped,Pipedrive,£25k-£100k,"[""Meta Ads"", ""Microsoft Ads"", ""TikTok Ads""]",False,0
Yarrow Engineering Inc,yarrow-engineering.example,Manufacturing,1-10,US,Seattle,under £1m,2024,Bootstrapped,Spreadsheet,none,[],False,0
Aurora Industries Ltd,aurora-industries.example,Manufacturing,11-50,UK,Birmingham,£1m-£10m,2017,Seed,Spreadsheet,£25k-£100k,"[""LinkedIn Ads"", ""Meta Ads"", ""Microsoft Ads""]",True,2
Quayside Care Ltd,quayside-care.example,Healthcare,11-50,UK,Edinburgh,£1m-£10m,2004,Seed,Salesforce,under £5k,"[""Google Ads""]",True,3
Marigold Haulage Ltd,marigold-haulage.example,Logistics,1-10,UK,London,under £1m,2024,Seed,Spreadsheet,under £5k,"[""Google Ads""]",False,0
Beacon Engineering BV,beacon-engineering.example,Manufacturing,51-200,NL,Amsterdam,£10m-£50m,2001,Bootstrapped,Salesforce,under £5k,"[""Microsoft Ads""]",True,15
Thornbury Labs Inc,thornbury-labs.example,Software,1-10,US,Seattle,under £1m,1998,Seed,HubSpot,none,[],False,0
Inkwell Advisory Ltd,inkwell-advisory.example,Professional services,11-50,UK,Manchester,£10m-£50m,2018,Series A,HubSpot,under £5k,"[""Meta Ads""]",False,0
Clearwater Software BV,clearwater-software.example,Software,51-200,NL,Utrecht,£10m-£50m,2001,Series A,Salesforce,under £5k,"[""Google Ads""]",True,9
Zephyr Recruitment Inc,zephyr-recruitment.example,Professional services,11-50,US,Austin,£1m-£10m,1998,Seed,Salesforce,none,[],True,3
Vantage Logistics Ltd,vantage-logistics.example,Logistics,1-10,UK,London,under £1m,2021,Bootstrapped,Spreadsheet,£25k-£100k,"[""Google Ads"", ""LinkedIn Ads"", ""TikTok Ads""]",False,0
Westbrook Finance SAS,westbrook-finance.example,Financial services,1000+,FR,Toulouse,£50m-£250m,1984,Public,HubSpot,£100k+,"[""Google Ads"", ""LinkedIn Ads"", ""Meta Ads"", ""Microsoft Ads""]",True,58
Driftwood Learning Inc,driftwood-learning.example,Education,1-10,US,Chicago,under £1m,2002,Bootstrapped,Spreadsheet,under £5k,"[""TikTok Ads""]",False,0
Driftwood Couriers Inc,driftwood-couriers.example,Logistics,51-200,US,Seattle,£50m-£250m,2018,Series B,HubSpot,under £5k,"[""Meta Ads""]",True,9
Granite Freight Ltd,granite-freight.example,Logistics,1000+,UK,Birmingham,£250m+,2022,Public,Salesforce,£5k-£25k,"[""Google Ads"", ""Meta Ads""]",True,54
Nimbus Capital Ltd,nimbus-capital.example,Financial services,51-200,UK,London,£10m-£50m,2016,Series A,HubSpot,£5k-£25k,"[""Meta Ads"", ""Microsoft Ads""]",False,0
Ashford Fabrication Ltd,ashford-fabrication.example,Manufacturing,1-10,UK,Birmingham,under £1m,2013,Series A,Spreadsheet,none,[],False,0
Riverside Market BV,riverside-market.example,Retail,201-1000,NL,Rotterdam,£50m-£250m,1988,Series C+,No CRM,£25k-£100k,"[""Google Ads"", ""Microsoft Ads"", ""TikTok Ads""]",True,18
Bluebell Haulage Ltd,bluebell-haulage.example,Logistics,1-10,UK,London,under £1m,2010,Seed,HubSpot,none,[],False,0
Cobalt Freight SAS,cobalt-freight.example,Logistics,1-10,FR,Lyon,under £1m,2012,Seed,Salesforce,£5k-£25k,"[""Google Ads"", ""TikTok Ads""]",True,2
Lantern Medical Inc,lantern-medical.example,Healthcare,51-200,US,Seattle,£10m-£50m,2021,Seed,Pipedrive,£5k-£25k,"[""Google Ads"", ""LinkedIn Ads""]",True,9
Vantage Shipping BV,vantage-shipping.example,Logistics,201-1000,NL,Amsterdam,£50m-£250m,1993,Private equity,Salesforce,£100k+,"[""Google Ads"", ""LinkedIn Ads"", ""Meta Ads"", ""Microsoft Ads""]",False,0
Riverside Partners BV,riverside-partners.example,Financial services,1000+,NL,Utrecht,£250m+,2016,Public,Salesforce,under £5k,"[""Microsoft Ads""]",True,75
Juniper Partners Inc,juniper-partners.example,Financial services,1-10,US,Seattle,£1m-£10m,2020,Series A,No CRM,none,[],True,1
Lindenwood Clinics Ltd,lindenwood-clinics.example,Healthcare,11-50,UK,Edinburgh,£1m-£10m,2002,Bootstrapped,No CRM,none,[],True,5
Redwood Wealth Ltd,redwood-wealth.example,Financial services,201-1000,UK,London,£50m-£250m,2022,Bootstrapped,Salesforce,£5k-£25k,"[""LinkedIn Ads"", ""Meta Ads""]",False,0
Norfolk Care SAS,norfolk-care.example,Healthcare,201-1000,FR,Lille,£50m-£250m,1979,Private equity,HubSpot,none,[],False,0
Brightwater Clinics SAS,brightwater-clinics.example,Healthcare,51-200,FR,Paris,£10m-£50m,2024,Bootstrapped,No CRM,£5k-£25k,"[""LinkedIn Ads"", ""Meta Ads""]",False,0
Saltmarsh Insurance Ltd,saltmarsh-insurance.example,Financial services,201-1000,UK,Bristol,£50m-£250m,2011,Series C+,Salesforce,£25k-£100k,"[""Google Ads"", ""LinkedIn Ads"", ""Microsoft Ads""]",True,22
Rosewood Stores Inc,rosewood-stores.example,Retail,11-50,US,New York,£1m-£10m,2019,Seed,Spreadsheet,under £5k,"[""Meta Ads""]",False,0
Norfolk Legal GmbH,norfolk-legal.example,Professional services,201-1000,DE,Frankfurt,£50m-£250m,1982,Series A,Salesforce,£5k-£25k,"[""LinkedIn Ads"", ""Meta Ads""]",True,20
Umber Transport Ltd,umber-transport.example,Logistics,51-200,UK,Bristol,£10m-£50m,2024,Series B,Salesforce,£5k-£25k,"[""Google Ads"", ""TikTok Ads""]",True,10
Oldfield Insurance Ltd,oldfield-insurance.example,Financial services,1-10,UK,Manchester,under £1m,1998,Seed,Spreadsheet,under £5k,"[""Meta Ads""]",False,0
Jasper Digital Inc,jasper-digital.example,Software,11-50,US,Seattle,£1m-£10m,2016,Bootstrapped,Spreadsheet,under £5k,"[""Google Ads""]",True,1
Larkspur Consulting SAS,larkspur-consulting.example,Professional services,1-10,FR,Lille,under £1m,1995,Bootstrapped,HubSpot,none,[],False,0
Dovecote Training SAS,dovecote-training.example,Education,201-1000,FR,Paris,£50m-£250m,1972,Series C+,HubSpot,£5k-£25k,"[""LinkedIn Ads"", ""Microsoft Ads""]",True,16
Silverline Recruitment Ltd,silverline-recruitment.example,Professional services,201-1000,UK,Edinburgh,£50m-£250m,2007,Series C+,Salesforce,none,[],True,24
Pinecrest Clinics Ltd,pinecrest-clinics.example,Healthcare,201-1000,UK,Birmingham,£50m-£250m,2019,Bootstrapped,HubSpot,none,[],True,21
Cobalt Goods Ltd,cobalt-goods.example,Retail,1-10,UK,Manchester,under £1m,2015,Bootstrapped,No CRM,none,[],True,2
Inkwell Accountants SAS,inkwell-accountants.example,Professional services,51-200,FR,Lyon,£10m-£50m,2008,Seed,Salesforce,£25k-£100k,"[""Google Ads"", ""LinkedIn Ads"", ""Microsoft Ads""]",False,0
Granite Logistics Inc,granite-logistics.example,Logistics,51-200,US,Chicago,£10m-£50m,2020,Series A,Pipedrive,£25k-£100k,"[""Google Ads"", ""LinkedIn Ads"", ""Meta Ads""]",True,6
Rosewood College GmbH,rosewood-college.example,Education,201-1000,DE,Hamburg,£50m-£250m,2008,Series B,Salesforce,£5k-£25k,"[""Google Ads"", ""LinkedIn Ads""]",False,0
Alder Haulage GmbH,alder-haulage.example,Logistics,1-10,DE,Munich,under £1m,2010,Bootstrapped,Spreadsheet,none,[],False,0
Juniper Couriers Ltd,juniper-couriers.example,Logistics,51-200,UK,Bristol,£10m-£50m,2008,Series B,Spreadsheet,£5k-£25k,"[""Google Ads"", ""Meta Ads""]",True,11
Aurora Advisory Ltd,aurora-advisory.example,Professional services,1000+,UK,Edinburgh,£250m+,1991,Bootstrapped,Salesforce,£100k+,"[""Google Ads"", ""LinkedIn Ads"", ""Meta Ads"", ""Microsoft Ads""]",True,64
Beacon Works Ltd,beacon-works.example,Manufacturing,11-50,UK,Manchester,£1m-£10m,2017,Bootstrapped,Salesforce,£5k-£25k,"[""Google Ads"", ""Meta Ads""]",False,0
Alder Wealth Ltd,alder-wealth.example,Financial services,1-10,UK,Manchester,£1m-£10m,2014,Seed,HubSpot,under £5k,"[""LinkedIn Ads""]",False,0
Norfolk Digital GmbH,norfolk-digital.example,Software,1-10,DE,Berlin,under £1m,1999,Bootstrapped,No CRM,none,[],False,0
Oakridge Logistics Inc,oakridge-logistics.example,Logistics,11-50,US,Chicago,under £1m,2024,Seed,Spreadsheet,none,[],False,0
Valley Outfitters GmbH,valley-outfitters.example,Retail,51-200,DE,Munich,£1m-£10m,2019,Series B,Salesforce,under £5k,"[""Microsoft Ads""]",True,5
Granite Care SAS,granite-care.example,Healthcare,1-10,FR,Toulouse,under £1m,2018,Seed,HubSpot,under £5k,"[""Meta Ads""]",False,0
Tidewater Manufacturing Inc,tidewater-manufacturing.example,Manufacturing,1-10,US,Boston,under £1m,1995,Seed,HubSpot,under £5k,"[""Google Ads""]",True,1
Nettlefield Lending Ltd,nettlefield-lending.example,Financial services,1-10,UK,Birmingham,under £1m,2003,Seed,Salesforce,£5k-£25k,"[""Google Ads"", ""Meta Ads""]",False,0
Saltmarsh Outfitters Ltd,saltmarsh-outfitters.example,Retail,51-200,UK,Manchester,£10m-£50m,2001,Series B,HubSpot,under £5k,"[""Google Ads""]",True,10
Beacon Learning SAS,beacon-learning.example,Education,1-10,FR,Lille,under £1m,2019,Bootstrapped,Spreadsheet,none,[],False,0
Orchard Education Ltd,orchard-education.example,Education,51-200,UK,Leeds,£10m-£50m,2012,Seed,Salesforce,£5k-£25k,"[""LinkedIn Ads"", ""Meta Ads""]",True,6
Zephyr Industries GmbH,zephyr-industries.example,Manufacturing,1000+,DE,Frankfurt,£50m-£250m,2012,Private equity,Salesforce,£100k+,"[""Google Ads"", ""Meta Ads"", ""Microsoft Ads"", ""TikTok Ads""]",False,0
Meridian Education Ltd,meridian-education.example,Education,11-50,UK,Leeds,under £1m,1999,Seed,No CRM,under £5k,"[""Google Ads""]",False,0
Norfolk Dental Ltd,norfolk-dental.example,Healthcare,1-10,UK,London,£1m-£10m,2021,Bootstrapped,Spreadsheet,under £5k,"[""Google Ads""]",False,0
Jasper Outfitters GmbH,jasper-outfitters.example,Retail,1-10,DE,Frankfurt,under £1m,2003,Bootstrapped,Salesforce,none,[],False,0
Jasper Legal Ltd,jasper-legal.example,Professional services,1000+,UK,London,£250m+,2022,Public,Spreadsheet,£100k+,"[""Google Ads"", ""LinkedIn Ads"", ""Meta Ads"", ""Microsoft Ads""]",True,54
Oldfield Components Ltd,oldfield-components.example,Manufacturing,1-10,UK,London,£1m-£10m,1997,Bootstrapped,HubSpot,under £5k,"[""Meta Ads""]",True,2
Rosewood Retail Ltd,rosewood-retail.example,Retail,1-10,UK,Leeds,under £1m,1997,Bootstrapped,HubSpot,under £5k,"[""Microsoft Ads""]",True,4
Pebble Works Inc,pebble-works.example,Manufacturing,51-200,US,Seattle,£10m-£50m,1995,Series B,Salesforce,£25k-£100k,"[""Google Ads"", ""Meta Ads"", ""Microsoft Ads""]",True,15
Driftwood Clinics GmbH,driftwood-clinics.example,Healthcare,51-200,DE,Munich,£10m-£50m,2008,Bootstrapped,Salesforce,none,[],True,11
Heron Recruitment Inc,heron-recruitment.example,Professional services,201-1000,US,New York,£50m-£250m,1990,Private equity,Salesforce,£25k-£100k,"[""Google Ads"", ""Meta Ads"", ""Microsoft Ads""]",False,0
Zephyr Fabrication GmbH,zephyr-fabrication.example,Manufacturing,11-50,DE,Berlin,£1m-£10m,2002,Seed,HubSpot,under £5k,"[""Google Ads""]",True,3
Norfolk Finance Ltd,norfolk-finance.example,Financial services,201-1000,UK,London,£50m-£250m,1987,Bootstrapped,Salesforce,£100k+,"[""Google Ads"", ""Meta Ads"", ""Microsoft Ads"", ""TikTok Ads""]",False,0
Oldfield Partners GmbH,oldfield-partners.example,Financial services,51-200,DE,Munich,£10m-£50m,2001,Series A,Spreadsheet,£5k-£25k,"[""Google Ads"", ""LinkedIn Ads""]",False,0
Orchard Shipping Inc,orchard-shipping.example,Logistics,51-200,US,Seattle,£10m-£50m,1995,Seed,Salesforce,£25k-£100k,"[""Google Ads"", ""LinkedIn Ads"", ""Meta Ads""]",False,0
Foxglove Training GmbH,foxglove-training.example,Education,51-200,DE,Frankfurt,£10m-£50m,2003,Series A,HubSpot,£5k-£25k,"[""Google Ads"", ""Meta Ads""]",True,9
Orchard Haulage Ltd,orchard-haulage.example,Logistics,51-200,UK,Leeds,£10m-£50m,2012,Bootstrapped,Spreadsheet,under £5k,"[""Google Ads""]",True,20
Lantern Education Inc,lantern-education.example,Education,11-50,US,Chicago,£1m-£10m,2014,Seed,Spreadsheet,under £5k,"[""Meta Ads""]",True,7
Greystone Freight SAS,greystone-freight.example,Logistics,51-200,FR,Lyon,£10m-£50m,2016,Bootstrapped,HubSpot,£5k-£25k,"[""Google Ads"", ""Meta Ads""]",False,0
Thornbury Consulting SAS,thornbury-consulting.example,Professional services,201-1000,FR,Lyon,£50m-£250m,1977,Series B,Salesforce,£5k-£25k,"[""Meta Ads"", ""Microsoft Ads""]",False,0
Granite Fabrication Inc,granite-fabrication.example,Manufacturing,51-200,US,Chicago,£10m-£50m,2006,Series B,HubSpot,£25k-£100k,"[""Google Ads"", ""LinkedIn Ads"", ""Meta Ads""]",False,0
Emberly Trading Ltd,emberly-trading.example,Retail,201-1000,UK,Edinburgh,£50m-£250m,2004,Bootstrapped,HubSpot,£100k+,"[""Google Ads"", ""LinkedIn Ads"", ""Meta Ads"", ""Microsoft Ads""]",False,0
Pebble Cloud SAS,pebble-cloud.example,Software,1-10,FR,Paris,under £1m,2004,Bootstrapped,HubSpot,none,[],False,0
Fernhill Labs Inc,fernhill-labs.example,Software,201-1000,US,New York,£50m-£250m,2020,Series C+,Salesforce,£5k-£25k,"[""Google Ads"", ""Meta Ads""]",True,24
Quayside Insurance Inc,quayside-insurance.example,Financial services,11-50,US,Seattle,£1m-£10m,2019,Series A,HubSpot,none,[],True,6
Highgate Haulage SAS,highgate-haulage.example,Logistics,51-200,FR,Lille,£10m-£50m,2021,Series C+,HubSpot,£5k-£25k,"[""Google Ads"", ""LinkedIn Ads""]",True,6
Moorland Clinics BV,moorland-clinics.example,Healthcare,11-50,NL,Utrecht,£1m-£10m,2007,Seed,Spreadsheet,£5k-£25k,"[""LinkedIn Ads"", ""Meta Ads""]",True,2
Ashford Shipping Ltd,ashford-shipping.example,Logistics,1-10,UK,Bristol,under £1m,2002,Seed,HubSpot,none,[],True,1
Orchard College Inc,orchard-college.example,Education,51-200,US,Boston,£1m-£10m,2024,Seed,Salesforce,£100k+,"[""Google Ads"", ""Meta Ads"", ""Microsoft Ads"", ""TikTok Ads""]",False,0
Oakridge Trading Ltd,oakridge-trading.example,Retail,1-10,UK,Edinburgh,under £1m,1995,Seed,HubSpot,under £5k,"[""Meta Ads""]",False,0
Kelvin Labs Ltd,kelvin-labs.example,Software,1-10,UK,Leeds,under £1m,2002,Seed,Spreadsheet,under £5k,"[""Meta Ads""]",False,0
Norfolk Logistics Ltd,norfolk-logistics.example,Logistics,201-1000,UK,Leeds,£50m-£250m,1988,Series C+,Salesforce,£25k-£100k,"[""Google Ads"", ""LinkedIn Ads"", ""Meta Ads""]",True,17
Oakridge Fabrication GmbH,oakridge-fabrication.example,Manufacturing,201-1000,DE,Hamburg,£50m-£250m,1977,Series C+,Salesforce,£5k-£25k,"[""Meta Ads"", ""Microsoft Ads""]",True,20
Thornbury Education Ltd,thornbury-education.example,Education,11-50,UK,Edinburgh,£1m-£10m,2022,Bootstrapped,HubSpot,£5k-£25k,"[""Google Ads"", ""Meta Ads""]",False,0
Silverline Shipping Ltd,silverline-shipping.example,Logistics,51-200,UK,Leeds,£10m-£50m,1999,Series A,Salesforce,£5k-£25k,"[""Google Ads"", ""Meta Ads""]",True,10
Brightwater Partners SAS,brightwater-partners.example,Financial services,11-50,FR,Lyon,£1m-£10m,2012,Seed,No CRM,£5k-£25k,"[""LinkedIn Ads"", ""Microsoft Ads""]",False,0
Ashford Academy BV,ashford-academy.example,Education,201-1000,NL,Eindhoven,£50m-£250m,1996,Bootstrapped,Salesforce,£100k+,"[""Google Ads"", ""LinkedIn Ads"", ""Meta Ads"", ""Microsoft Ads""]",True,15
Bramble Couriers BV,bramble-couriers.example,Logistics,1-10,NL,Amsterdam,under £1m,2001,Seed,Pipedrive,none,[],False,0
Tamarind Accountants SAS,tamarind-accountants.example,Professional services,1000+,FR,Toulouse,£50m-£250m,2021,Bootstrapped,No CRM,£100k+,"[""Google Ads"", ""LinkedIn Ads"", ""Meta Ads"", ""Microsoft Ads""]",False,0
Emberly Accountants Ltd,emberly-accountants.example,Professional services,51-200,UK,Birmingham,£1m-£10m,1996,Seed,HubSpot,£5k-£25k,"[""Google Ads"", ""Meta Ads""]",False,0
Alder Digital Inc,alder-digital.example,Software,51-200,US,Chicago,£50m-£250m,2023,Bootstrapped,Salesforce,£5k-£25k,"[""Google Ads"", ""LinkedIn Ads""]",False,0
Dunmore Digital GmbH,dunmore-digital.example,Software,11-50,DE,Munich,£1m-£10m,2003,Seed,Pipedrive,under £5k,"[""Microsoft Ads""]",False,0
Brightwater Lending GmbH,brightwater-lending.example,Financial services,1-10,DE,Munich,under £1m,1995,Bootstrapped,No CRM,£25k-£100k,"[""Google Ads"", ""LinkedIn Ads"", ""Meta Ads""]",False,0
Moorland Systems Ltd,moorland-systems.example,Software,51-200,UK,Edinburgh,£10m-£50m,1999,Bootstrapped,Spreadsheet,£5k-£25k,"[""LinkedIn Ads"", ""Microsoft Ads""]",True,13
Zephyr Wealth Inc,zephyr-wealth.example,Financial services,51-200,US,New York,£10m-£50m,1996,Bootstrapped,Salesforce,none,[],True,5
Riverside Freight Inc,riverside-freight.example,Logistics,11-50,US,Boston,£1m-£10m,2022,Series A,HubSpot,£5k-£25k,"[""LinkedIn Ads"", ""Meta Ads""]",True,3
Aurora Goods Inc,aurora-goods.example,Retail,11-50,US,Chicago,£1m-£10m,2007,Bootstrapped,No CRM,£5k-£25k,"[""Google Ads"", ""Meta Ads""]",False,0
Oldfield Care GmbH,oldfield-care.example,Healthcare,51-200,DE,Hamburg,£10m-£50m,2006,Bootstrapped,Salesforce,£5k-£25k,"[""Google Ads"", ""Microsoft Ads""]",True,6
Pebble Haulage Inc,pebble-haulage.example,Logistics,51-200,US,Chicago,£1m-£10m,2010,Series A,Pipedrive,£25k-£100k,"[""LinkedIn Ads"", ""Microsoft Ads"", ""TikTok Ads""]",False,0
Bluebell Data Inc,bluebell-data.example,Software,1-10,US,Seattle,under £1m,2015,Seed,Salesforce,£5k-£25k,"[""Google Ads"", ""Meta Ads""]",False,0
Glenmoor Health SAS,glenmoor-health.example,Healthcare,1-10,FR,Toulouse,£1m-£10m,2024,Seed,Pipedrive,under £5k,"[""Microsoft Ads""]",False,0
Stonebridge Learning Ltd,stonebridge-learning.example,Education,11-50,UK,Leeds,£1m-£10m,2000,Series A,Spreadsheet,under £5k,"[""Google Ads""]",False,0
Pinecrest Advisory GmbH,pinecrest-advisory.example,Professional services,1-10,DE,Frankfurt,under £1m,2006,Seed,Spreadsheet,under £5k,"[""TikTok Ads""]",False,0
Lindenwood Learning GmbH,lindenwood-learning.example,Education,11-50,DE,Munich,under £1m,2001,Seed,HubSpot,under £5k,"[""Meta Ads""]",True,4
Heron Stores Ltd,heron-stores.example,Retail,1-10,UK,Bristol,under £1m,2017,Bootstrapped,No CRM,none,[],False,0
Jasper Retail BV,jasper-retail.example,Retail,11-50,NL,Amsterdam,£10m-£50m,2020,Bootstrapped,HubSpot,under £5k,"[""Google Ads""]",False,0
Ironbridge Shipping GmbH,ironbridge-shipping.example,Logistics,1-10,DE,Frankfurt,under £1m,2014,Seed,Spreadsheet,under £5k,"[""LinkedIn Ads""]",False,0
Meridian Freight Ltd,meridian-freight.example,Logistics,1-10,UK,Leeds,under £1m,2009,Bootstrapped,HubSpot,under £5k,"[""TikTok Ads""]",True,2
Umber Labs Ltd,umber-labs.example,Software,51-200,UK,London,£10m-£50m,2015,Series B,HubSpot,under £5k,"[""Microsoft Ads""]",True,11
Northwind Digital BV,northwind-digital.example,Software,1-10,NL,Utrecht,under £1m,2013,Bootstrapped,Pipedrive,under £5k,"[""Meta Ads""]",False,0
Oldfield Pharma Inc,oldfield-pharma.example,Healthcare,11-50,US,Austin,£1m-£10m,2005,Seed,Spreadsheet,£25k-£100k,"[""Google Ads"", ""Meta Ads"", ""Microsoft Ads""]",True,3
Meridian Lending Ltd,meridian-lending.example,Financial services,1-10,UK,Leeds,under £1m,2022,Bootstrapped,Pipedrive,under £5k,"[""Meta Ads""]",False,0
Silverline Manufacturing Inc,silverline-manufacturing.example,Manufacturing,201-1000,US,Chicago,£10m-£50m,2004,Series B,HubSpot,£25k-£100k,"[""Google Ads"", ""Meta Ads"", ""TikTok Ads""]",True,25
Hawthorn Components SAS,hawthorn-components.example,Manufacturing,1000+,FR,Lyon,£250m+,2016,Public,Salesforce,£5k-£25k,"[""LinkedIn Ads"", ""Meta Ads""]",False,0
Thornbury Pharma Ltd,thornbury-pharma.example,Healthcare,51-200,UK,Bristol,£10m-£50m,2003,Bootstrapped,Pipedrive,£5k-£25k,"[""Google Ads"", ""Meta Ads""]",False,0
Foxglove Care Ltd,foxglove-care.example,Healthcare,1-10,UK,Bristol,under £1m,2024,Bootstrapped,Spreadsheet,under £5k,"[""Google Ads""]",False,0
Nimbus Market Inc,nimbus-market.example,Retail,1-10,US,Chicago,under £1m,2015,Series A,HubSpot,£5k-£25k,"[""Google Ads"", ""Meta Ads""]",False,0
Kingsway Legal GmbH,kingsway-legal.example,Professional services,11-50,DE,Berlin,£10m-£50m,2011,Series B,HubSpot,£5k-£25k,"[""Google Ads"", ""LinkedIn Ads""]",True,5
Marigold Pharma BV,marigold-pharma.example,Healthcare,11-50,NL,Eindhoven,£1m-£10m,1998,Bootstrapped,HubSpot,£5k-£25k,"[""Google Ads"", ""Meta Ads""]",True,4
Alder Manufacturing BV,alder-manufacturing.example,Manufacturing,11-50,NL,Rotterdam,£1m-£10m,2013,Seed,Salesforce,£5k-£25k,"[""Google Ads"", ""Meta Ads""]",True,4
Cedar Outfitters Ltd,cedar-outfitters.example,Retail,11-50,UK,Birmingham,£1m-£10m,2005,Seed,No CRM,under £5k,"[""Microsoft Ads""]",False,0
Rosewood Training Ltd,rosewood-training.example,Education,11-50,UK,Edinburgh,£1m-£10m,2020,Bootstrapped,Salesforce,under £5k,"[""Google Ads""]",True,3
Westbrook Goods Ltd,westbrook-goods.example,Retail,11-50,UK,Leeds,£1m-£10m,2011,Series A,Spreadsheet,£5k-£25k,"[""Google Ads"", ""Meta Ads""]",False,0
Ashford Couriers Ltd,ashford-couriers.example,Logistics,51-200,UK,London,£10m-£50m,2017,Series B,Salesforce,under £5k,"[""Meta Ads""]",True,13
Granite Legal Ltd,granite-legal.example,Professional services,51-200,UK,Birmingham,£10m-£50m,2004,Series B,Pipedrive,under £5k,"[""Microsoft Ads""]",True,7
Quartz College Inc,quartz-college.example,Education,51-200,US,New York,£10m-£50m,2024,Bootstrapped,Spreadsheet,£5k-£25k,"[""Google Ads"", ""Meta Ads""]",False,0
Tidewater Couriers BV,tidewater-couriers.example,Logistics,51-200,NL,Eindhoven,£10m-£50m,2014,Bootstrapped,Salesforce,£5k-£25k,"[""LinkedIn Ads"", ""Meta Ads""]",False,0
Vantage Manufacturing Ltd,vantage-manufacturing.example,Manufacturing,51-200,UK,London,£10m-£50m,2002,Bootstrapped,Salesforce,£5k-£25k,"[""Google Ads"", ""LinkedIn Ads""]",True,16
Upland Associates Ltd,upland-associates.example,Professional services,201-1000,UK,Birmingham,£50m-£250m,1997,Bootstrapped,Pipedrive,£25k-£100k,"[""Google Ads"", ""Meta Ads"", ""Microsoft Ads""]",False,0
Pinecrest Wealth Inc,pinecrest-wealth.example,Financial services,1-10,US,Boston,under £1m,2010,Bootstrapped,Salesforce,under £5k,"[""Meta Ads""]",False,0
Hawthorn Freight Ltd,hawthorn-freight.example,Logistics,51-200,UK,Leeds,£10m-£50m,2003,Series B,HubSpot,under £5k,"[""Meta Ads""]",False,0
Brightwater Dental Inc,brightwater-dental.example,Healthcare,51-200,US,New York,£10m-£50m,2013,Bootstrapped,Spreadsheet,under £5k,"[""Google Ads""]",True,7
Norfolk Learning GmbH,norfolk-learning.example,Education,1-10,DE,Frankfurt,£1m-£10m,1997,Series A,Spreadsheet,none,[],False,0
Ashford Cloud Inc,ashford-cloud.example,Software,51-200,US,Chicago,£10m-£50m,2008,Seed,Salesforce,£5k-£25k,"[""Google Ads"", ""Meta Ads""]",False,0
Emberly Cloud BV,emberly-cloud.example,Software,51-200,NL,Rotterdam,£10m-£50m,2002,Series B,HubSpot,none,[],True,10
Dovecote Lending BV,dovecote-lending.example,Financial services,11-50,NL,Amsterdam,£1m-£10m,2011,Seed,HubSpot,under £5k,"[""Meta Ads""]",False,0
Dovecote Clinics Inc,dovecote-clinics.example,Healthcare,1-10,US,San Francisco,£1m-£10m,2015,Bootstrapped,Pipedrive,none,[],False,0
Ashford Tutors Ltd,ashford-tutors.example,Education,1-10,UK,Leeds,under £1m,2016,Series A,No CRM,none,[],True,2
Clearwater Works Inc,clearwater-works.example,Manufacturing,11-50,US,San Francisco,£1m-£10m,2012,Series A,HubSpot,none,[],False,0
Bluebell Tutors BV,bluebell-tutors.example,Education,11-50,NL,Eindhoven,£1m-£10m,1999,Bootstrapped,HubSpot,none,[],False,0
Brightwater Software BV,brightwater-software.example,Software,11-50,NL,Eindhoven,£1m-£10m,2008,Bootstrapped,Spreadsheet,£25k-£100k,"[""Google Ads"", ""Meta Ads"", ""Microsoft Ads""]",False,0
Norfolk Health Inc,norfolk-health.example,Healthcare,1000+,US,New York,£250m+,2007,Bootstrapped,Salesforce,none,[],True,59
Pebble Couriers BV,pebble-couriers.example,Logistics,11-50,NL,Amsterdam,£1m-£10m,2020,Bootstrapped,Salesforce,under £5k,"[""TikTok Ads""]",False,0
Beacon Manufacturing Inc,beacon-manufacturing.example,Manufacturing,11-50,US,Chicago,£1m-£10m,1999,Bootstrapped,Pipedrive,£25k-£100k,"[""Google Ads"", ""Meta Ads"", ""Microsoft Ads""]",True,7
Westbrook Academy Inc,westbrook-academy.example,Education,11-50,US,Seattle,£1m-£10m,1997,Series A,HubSpot,£25k-£100k,"[""LinkedIn Ads"", ""Meta Ads"", ""Microsoft Ads""]",False,0
Clearwater College Ltd,clearwater-college.example,Education,51-200,UK,London,£10m-£50m,2023,Bootstrapped,Pipedrive,£25k-£100k,"[""Google Ads"", ""Microsoft Ads"", ""TikTok Ads""]",False,0
Harbour Data Ltd,harbour-data.example,Software,1-10,UK,Birmingham,under £1m,2015,Bootstrapped,Salesforce,under £5k,"[""Meta Ads""]",False,0
Beacon Accountants BV,beacon-accountants.example,Professional services,201-1000,NL,Amsterdam,£50m-£250m,2006,Private equity,Salesforce,£5k-£25k,"[""Google Ads"", ""LinkedIn Ads""]",False,0
Bluebell Transport BV,bluebell-transport.example,Logistics,1-10,NL,Utrecht,under £1m,2002,Seed,No CRM,under £5k,"[""LinkedIn Ads""]",False,0
Highgate Training Inc,highgate-training.example,Education,1-10,US,Boston,under £1m,2006,Bootstrapped,Spreadsheet,under £5k,"[""Meta Ads""]",True,1
Brightwater Retail GmbH,brightwater-retail.example,Retail,1-10,DE,Munich,under £1m,2010,Bootstrapped,HubSpot,none,[],False,0
Inkwell Legal Inc,inkwell-legal.example,Professional services,51-200,US,New York,£10m-£50m,2017,Bootstrapped,HubSpot,under £5k,"[""Meta Ads""]",False,0
Westbrook Shipping Ltd,westbrook-shipping.example,Logistics,201-1000,UK,Birmingham,£50m-£250m,2005,Bootstrapped,Salesforce,£100k+,"[""Google Ads"", ""LinkedIn Ads"", ""Meta Ads"", ""Microsoft Ads""]",False,0
Quartz Insurance Inc,quartz-insurance.example,Financial services,11-50,US,San Francisco,£1m-£10m,2016,Bootstrapped,Spreadsheet,£5k-£25k,"[""Google Ads"", ""LinkedIn Ads""]",False,0
Brightwater Transport SAS,brightwater-transport.example,Logistics,1-10,FR,Toulouse,under £1m,2022,Seed,Spreadsheet,under £5k,"[""LinkedIn Ads""]",False,0
Valley Fabrication GmbH,valley-fabrication.example,Manufacturing,11-50,DE,Hamburg,£1m-£10m,2005,Series A,HubSpot,£5k-£25k,"[""Google Ads"", ""LinkedIn Ads""]",True,4
Oakridge Freight SAS,oakridge-freight.example,Logistics,1-10,FR,Toulouse,under £1m,2013,Seed,Pipedrive,£25k-£100k,"[""LinkedIn Ads"", ""Meta Ads"", ""Microsoft Ads""]",True,4
Pebble Advisory GmbH,pebble-advisory.example,Professional services,11-50,DE,Munich,£1m-£10m,2011,Seed,HubSpot,none,[],True,3
Greystone Market Inc,greystone-market.example,Retail,51-200,US,Seattle,£10m-£50m,2010,Bootstrapped,HubSpot,£5k-£25k,"[""LinkedIn Ads"", ""Meta Ads""]",True,9
Westbrook Trading Ltd,westbrook-trading.example,Retail,1-10,UK,Birmingham,under £1m,2016,Seed,No CRM,under £5k,"[""Meta Ads""]",False,0
Aurora Tutors GmbH,aurora-tutors.example,Education,201-1000,DE,Frankfurt,£50m-£250m,1976,Public,Salesforce,£5k-£25k,"[""Google Ads"", ""LinkedIn Ads""]",True,21
Clearwater Market BV,clearwater-market.example,Retail,51-200,NL,Utrecht,£10m-£50m,2008,Series A,Spreadsheet,£5k-£25k,"[""LinkedIn Ads"", ""Microsoft Ads""]",False,0
Pennine Industries Inc,pennine-industries.example,Manufacturing,1-10,US,San Francisco,under £1m,2022,Bootstrapped,HubSpot,none,[],False,0
Cedar Works Ltd,cedar-works.example,Manufacturing,201-1000,UK,Bristol,£50m-£250m,2020,Series C+,Salesforce,under £5k,"[""Google Ads""]",True,22
Aurora Works Ltd,aurora-works.example,Manufacturing,201-1000,UK,Leeds,£50m-£250m,2009,Private equity,Pipedrive,£25k-£100k,"[""Google Ads"", ""LinkedIn Ads"", ""TikTok Ads""]",False,0
Thornbury Digital Ltd,thornbury-digital.example,Software,51-200,UK,Leeds,£10m-£50m,1998,Bootstrapped,HubSpot,under £5k,"[""Google Ads""]",True,9
Heron Capital Ltd,heron-capital.example,Financial services,51-200,UK,Manchester,£10m-£50m,2002,Series B,HubSpot,£5k-£25k,"[""Meta Ads"", ""Microsoft Ads""]",True,11
Orchard Tutors Inc,orchard-tutors.example,Education,11-50,US,New York,£1m-£10m,2023,Seed,Pipedrive,under £5k,"[""Google Ads""]",True,3
Hawthorn Shipping Inc,hawthorn-shipping.example,Logistics,11-50,US,San Francisco,£1m-£10m,2018,Series A,Spreadsheet,£5k-£25k,"[""Google Ads"", ""LinkedIn Ads""]",True,1
Inkwell Systems Inc,inkwell-systems.example,Software,1-10,US,San Francisco,under £1m,2018,Seed,Pipedrive,under £5k,"[""Google Ads""]",False,0
Thornbury Software Ltd,thornbury-software.example,Software,1-10,UK,Leeds,under £1m,1999,Seed,Pipedrive,under £5k,"[""Microsoft Ads""]",False,0
Larkspur Logistics BV,larkspur-logistics.example,Logistics,1-10,NL,Amsterdam,under £1m,1999,Seed,Spreadsheet,none,[],True,1
Inkwell Capital GmbH,inkwell-capital.example,Financial services,51-200,DE,Berlin,£10m-£50m,2008,Series A,Salesforce,£5k-£25k,"[""Meta Ads"", ""Microsoft Ads""]",False,0
Cobalt Labs BV,cobalt-labs.example,Software,1000+,NL,Eindhoven,£250m+,1995,Series B,No CRM,£25k-£100k,"[""Google Ads"", ""Meta Ads"", ""TikTok Ads""]",True,64
Oakridge Outfitters Inc,oakridge-outfitters.example,Retail,1000+,US,San Francisco,£250m+,1972,Series B,Pipedrive,£25k-£100k,"[""LinkedIn Ads"", ""Microsoft Ads"", ""TikTok Ads""]",True,58
Foxglove Lending GmbH,foxglove-lending.example,Financial services,11-50,DE,Frankfurt,£1m-£10m,2009,Bootstrapped,Pipedrive,none,[],False,0
Bramble Partners Ltd,bramble-partners.example,Financial services,1-10,UK,Bristol,under £1m,2000,Bootstrapped,HubSpot,under £5k,"[""LinkedIn Ads""]",False,0
Emberly Partners GmbH,emberly-partners.example,Financial services,11-50,DE,Hamburg,£1m-£10m,1995,Series B,Salesforce,£25k-£100k,"[""Google Ads"", ""LinkedIn Ads"", ""Meta Ads""]",False,0
Ashford Software Ltd,ashford-software.example,Software,1000+,UK,Manchester,£250m+,1969,Public,Salesforce,£5k-£25k,"[""Google Ads"", ""Meta Ads""]",True,66
Upland Market Ltd,upland-market.example,Retail,11-50,UK,Bristol,£1m-£10m,2009,Seed,HubSpot,under £5k,"[""Google Ads""]",False,0
Aurora Haulage SAS,aurora-haulage.example,Logistics,1000+,FR,Lille,£250m+,1978,Bootstrapped,Salesforce,£100k+,"[""Google Ads"", ""LinkedIn Ads"", ""Meta Ads"", ""Microsoft Ads""]",True,70
Upland Education Ltd,upland-education.example,Education,201-1000,UK,Edinburgh,£50m-£250m,1996,Bootstrapped,Salesforce,£100k+,"[""Google Ads"", ""LinkedIn Ads"", ""Meta Ads"", ""TikTok Ads""]",True,20
Umber Consulting Ltd,umber-consulting.example,Professional services,51-200,UK,Leeds,£50m-£250m,2021,Bootstrapped,HubSpot,£5k-£25k,"[""Meta Ads"", ""Microsoft Ads""]",True,7
Moorland Cloud BV,moorland-cloud.example,Software,201-1000,NL,Rotterdam,£50m-£250m,1986,Bootstrapped,HubSpot,£5k-£25k,"[""LinkedIn Ads"", ""Microsoft Ads""]",False,0
Glenmoor Haulage Ltd,glenmoor-haulage.example,Logistics,1-10,UK,Birmingham,under £1m,2012,Bootstrapped,HubSpot,under £5k,"[""Google Ads""]",False,0
Umber Medical Ltd,umber-medical.example,Healthcare,11-50,UK,Manchester,£1m-£10m,2007,Bootstrapped,HubSpot,under £5k,"[""Meta Ads""]",False,0
Nimbus Engineering SAS,nimbus-engineering.example,Manufacturing,1-10,FR,Lyon,under £1m,2017,Seed,Spreadsheet,none,[],False,0
Rosewood Software SAS,rosewood-software.example,Software,1-10,FR,Lyon,under £1m,1996,Seed,HubSpot,under £5k,"[""TikTok Ads""]",False,0
Harbour Goods Ltd,harbour-goods.example,Retail,51-200,UK,Birmingham,£10m-£50m,2006,Private equity,Salesforce,£5k-£25k,"[""Google Ads"", ""Meta Ads""]",False,0
Bluebell Partners GmbH,bluebell-partners.example,Financial services,11-50,DE,Frankfurt,£1m-£10m,2004,Bootstrapped,Pipedrive,under £5k,"[""LinkedIn Ads""]",True,3
Thornbury Cloud Inc,thornbury-cloud.example,Software,51-200,US,Boston,£10m-£50m,1998,Bootstrapped,Salesforce,£100k+,"[""Google Ads"", ""LinkedIn Ads"", ""Meta Ads"", ""TikTok Ads""]",True,9
Alder Goods Ltd,alder-goods.example,Retail,11-50,UK,Bristol,£1m-£10m,1998,Series A,Spreadsheet,£5k-£25k,"[""Google Ads"", ""Meta Ads""]",True,3
Tamarind Trading Inc,tamarind-trading.example,Retail,1-10,US,Chicago,£1m-£10m,2019,Bootstrapped,HubSpot,£25k-£100k,"[""Google Ads"", ""LinkedIn Ads"", ""Meta Ads""]",False,0
Stonebridge Finance Inc,stonebridge-finance.example,Financial services,1000+,US,Seattle,£250m+,1980,Public,Salesforce,£100k+,"[""Google Ads"", ""Meta Ads"", ""Microsoft Ads"", ""TikTok Ads""]",True,67
Riverside Capital Ltd,riverside-capital.example,Financial services,51-200,UK,London,£10m-£50m,2016,Series B,HubSpot,none,[],True,13
Driftwood Accountants Ltd,driftwood-accountants.example,Professional services,51-200,UK,Manchester,£10m-£50m,2005,Series A,HubSpot,under £5k,"[""Google Ads""]",False,0
Oakridge Software Ltd,oakridge-software.example,Software,1-10,UK,Leeds,under £1m,2002,Bootstrapped,No CRM,none,[],False,0
Westbrook Cloud Ltd,westbrook-cloud.example,Software,1-10,UK,London,under £1m,2011,Bootstrapped,Spreadsheet,none,[],False,0
Bramble Legal Ltd,bramble-legal.example,Professional services,1000+,UK,Manchester,£250m+,1980,Series C+,Salesforce,£25k-£100k,"[""Google Ads"", ""LinkedIn Ads"", ""Meta Ads""]",True,50
Oldfield Outfitters Inc,oldfield-outfitters.example,Retail,201-1000,US,Seattle,£50m-£250m,1979,Private equity,Salesforce,£25k-£100k,"[""Google Ads"", ""LinkedIn Ads"", ""TikTok Ads""]",True,21
Tidewater Components Inc,tidewater-components.example,Manufacturing,1000+,US,Seattle,£250m+,1984,Bootstrapped,Salesforce,£25k-£100k,"[""Google Ads"", ""Meta Ads"", ""TikTok Ads""]",True,58
Lantern Pharma BV,lantern-pharma.example,Healthcare,51-200,NL,Eindhoven,£10m-£50m,2024,Series B,HubSpot,£100k+,"[""Google Ads"", ""LinkedIn Ads"", ""Meta Ads"", ""Microsoft Ads""]",True,5
Tidewater Logistics GmbH,tidewater-logistics.example,Logistics,11-50,DE,Hamburg,£1m-£10m,2014,Series A,Salesforce,under £5k,"[""Meta Ads""]",True,4
Nettlefield Wealth Inc,nettlefield-wealth.example,Financial services,1-10,US,San Francisco,under £1m,2013,Seed,HubSpot,£5k-£25k,"[""Google Ads"", ""Meta Ads""]",False,0
Evergreen Accountants Ltd,evergreen-accountants.example,Professional services,201-1000,UK,Leeds,£50m-£250m,1983,Bootstrapped,Pipedrive,£5k-£25k,"[""LinkedIn Ads"", ""Meta Ads""]",True,17
Northwind Legal GmbH,northwind-legal.example,Professional services,51-200,DE,Hamburg,£10m-£50m,1998,Series B,HubSpot,£5k-£25k,"[""Google Ads"", ""Microsoft Ads""]",False,0
Elmstead Legal Ltd,elmstead-legal.example,Professional services,201-1000,UK,Birmingham,£50m-£250m,2010,Series C+,Salesforce,£5k-£25k,"[""Google Ads"", ""Microsoft Ads""]",False,0
Pinecrest Health BV,pinecrest-health.example,Healthcare,1000+,NL,Amsterdam,£250m+,1999,Public,Salesforce,£100k+,"[""LinkedIn Ads"", ""Meta Ads"", ""Microsoft Ads"", ""TikTok Ads""]",True,65
Upland Shipping BV,upland-shipping.example,Logistics,1000+,NL,Eindhoven,£250m+,2009,Private equity,Salesforce,under £5k,"[""TikTok Ads""]",True,62
Beacon Couriers Inc,beacon-couriers.example,Logistics,201-1000,US,Seattle,£50m-£250m,1990,Series C+,HubSpot,£5k-£25k,"[""Google Ads"", ""Meta Ads""]",True,21
Tidewater Wealth Inc,tidewater-wealth.example,Financial services,51-200,US,Boston,£10m-£50m,1999,Series A,Spreadsheet,£5k-£25k,"[""LinkedIn Ads"", ""Microsoft Ads""]",False,0
Inkwell Retail SAS,inkwell-retail.example,Retail,201-1000,FR,Lyon,£50m-£250m,1986,Series C+,Salesforce,under £5k,"[""Microsoft Ads""]",False,0
Tamarind Legal Ltd,tamarind-legal.example,Professional services,11-50,UK,Bristol,£1m-£10m,2003,Seed,Salesforce,under £5k,"[""Google Ads""]",True,4
Nimbus Digital Inc,nimbus-digital.example,Software,11-50,US,San Francisco,£1m-£10m,2012,Bootstrapped,Spreadsheet,none,[],False,0
Quartz Digital Inc,quartz-digital.example,Software,1-10,US,Austin,under £1m,2011,Seed,Spreadsheet,none,[],True,1
Tamarind Works Ltd,tamarind-works.example,Manufacturing,51-200,UK,Birmingham,£10m-£50m,2004,Bootstrapped,Salesforce,£25k-£100k,"[""Google Ads"", ""Meta Ads"", ""Microsoft Ads""]",False,0
Elmstead Trading Ltd,elmstead-trading.example,Retail,1000+,UK,Birmingham,£250m+,2020,Private equity,Salesforce,£25k-£100k,"[""Google Ads"", ""Meta Ads"", ""TikTok Ads""]",True,60
Quayside Consulting Ltd,quayside-consulting.example,Professional services,1-10,UK,Bristol,under £1m,2004,Series A,HubSpot,none,[],False,0
Thornbury Advisory Inc,thornbury-advisory.example,Professional services,1-10,US,Austin,under £1m,1995,Seed,No CRM,none,[],False,0
Orchard Digital Ltd,orchard-digital.example,Software,1-10,UK,Bristol,under £1m,2023,Bootstrapped,Spreadsheet,£5k-£25k,"[""LinkedIn Ads"", ""Meta Ads""]",False,0
Kestrel Advisory Inc,kestrel-advisory.example,Professional services,1-10,US,New York,under £1m,2021,Seed,No CRM,under £5k,"[""Google Ads""]",True,1
Highgate Manufacturing Ltd,highgate-manufacturing.example,Manufacturing,201-1000,UK,London,£50m-£250m,2018,Public,Pipedrive,£25k-£100k,"[""Google Ads"", ""LinkedIn Ads"", ""TikTok Ads""]",True,23
Umber Learning Inc,umber-learning.example,Education,11-50,US,Austin,£1m-£10m,1999,Series A,No CRM,£5k-£25k,"[""Google Ads"", ""Microsoft Ads""]",False,0
Bluebell Training Inc,bluebell-training.example,Education,11-50,US,Seattle,£1m-£10m,1995,Series A,Salesforce,none,[],False,0
Upland Components Ltd,upland-components.example,Manufacturing,1-10,UK,Birmingham,under £1m,2020,Series A,HubSpot,under £5k,"[""Google Ads""]",True,1
Keystone Data Ltd,keystone-data.example,Software,51-200,UK,Leeds,£10m-£50m,2021,Bootstrapped,HubSpot,£5k-£25k,"[""Google Ads"", ""Meta Ads""]",False,0
Hawthorn Tutors SAS,hawthorn-tutors.example,Education,51-200,FR,Toulouse,£10m-£50m,2023,Bootstrapped,HubSpot,£5k-£25k,"[""LinkedIn Ads"", ""Meta Ads""]",False,0
Redwood Stores SAS,redwood-stores.example,Retail,201-1000,FR,Lyon,£50m-£250m,2021,Series B,Salesforce,£5k-£25k,"[""Google Ads"", ""Meta Ads""]",True,25
Bramble Training Inc,bramble-training.example,Education,11-50,US,New York,£1m-£10m,2013,Bootstrapped,Pipedrive,£5k-£25k,"[""Google Ads"", ""Meta Ads""]",True,1
Cedar Academy Inc,cedar-academy.example,Education,51-200,US,New York,£10m-£50m,2005,Series B,Pipedrive,under £5k,"[""Microsoft Ads""]",False,0
Fernhill Health Inc,fernhill-health.example,Healthcare,201-1000,US,San Francisco,£50m-£250m,1997,Bootstrapped,HubSpot,£25k-£100k,"[""Google Ads"", ""LinkedIn Ads"", ""Meta Ads""]",True,17
Westbrook Health SAS,westbrook-health.example,Healthcare,1-10,FR,Toulouse,£1m-£10m,1997,Bootstrapped,HubSpot,none,[],True,1
Kestrel Industries Ltd,kestrel-industries.example,Manufacturing,1-10,UK,Birmingham,under £1m,2021,Seed,Spreadsheet,none,[],False,0
Thornbury Outfitters Inc,thornbury-outfitters.example,Retail,11-50,US,Chicago,£1m-£10m,1995,Bootstrapped,No CRM,none,[],False,0
Emberly Data Ltd,emberly-data.example,Software,201-1000,UK,Bristol,£50m-£250m,1987,Series A,HubSpot,£100k+,"[""Google Ads"", ""Meta Ads"", ""Microsoft Ads"", ""TikTok Ads""]",False,0
Emberly Couriers Inc,emberly-couriers.example,Logistics,51-200,US,Seattle,£10m-£50m,2019,Bootstrapped,Salesforce,none,[],False,0
Dunmore Training BV,dunmore-training.example,Education,1-10,NL,Utrecht,under £1m,2009,Bootstrapped,Pipedrive,none,[],False,0
Zephyr Education Ltd,zephyr-education.example,Education,201-1000,UK,Bristol,£10m-£50m,2019,Public,Salesforce,£25k-£100k,"[""Google Ads"", ""LinkedIn Ads"", ""Meta Ads""]",False,0
Fernhill Components SAS,fernhill-components.example,Manufacturing,1000+,FR,Paris,£250m+,2018,Series C+,HubSpot,£100k+,"[""Google Ads"", ""LinkedIn Ads"", ""Meta Ads"", ""TikTok Ads""]",True,72
Glenmoor Stores Inc,glenmoor-stores.example,Retail,1-10,US,Austin,under £1m,2007,Bootstrapped,HubSpot,under £5k,"[""Meta Ads""]",False,0
Stonebridge Medical SAS,stonebridge-medical.example,Healthcare,1-10,FR,Lille,under £1m,2009,Bootstrapped,Pipedrive,£5k-£25k,"[""LinkedIn Ads"", ""Microsoft Ads""]",False,0
Emberly Market Inc,emberly-market.example,Retail,1-10,US,Boston,under £1m,1995,Seed,Spreadsheet,none,[],False,0
Quartz Academy GmbH,quartz-academy.example,Education,51-200,DE,Berlin,£10m-£50m,2012,Series B,HubSpot,under £5k,"[""Meta Ads""]",True,15
Hawthorn Capital Ltd,hawthorn-capital.example,Financial services,1-10,UK,Bristol,under £1m,2004,Bootstrapped,Pipedrive,none,[],False,0
Northwind Capital Ltd,northwind-capital.example,Financial services,1000+,UK,Bristol,£250m+,1984,Series C+,Salesforce,£25k-£100k,"[""Google Ads"", ""Meta Ads"", ""Microsoft Ads""]",True,65
Nimbus Recruitment Ltd,nimbus-recruitment.example,Professional services,201-1000,UK,Bristol,£50m-£250m,1983,Series B,Salesforce,£100k+,"[""Google Ads"", ""Meta Ads"", ""Microsoft Ads"", ""TikTok Ads""]",False,0
Ivywood Wealth Inc,ivywood-wealth.example,Financial services,201-1000,US,Seattle,£50m-£250m,1969,Series C+,Salesforce,none,[],True,26
Keystone Shipping Inc,keystone-shipping.example,Logistics,51-200,US,Chicago,£50m-£250m,1996,Series B,Salesforce,under £5k,"[""Google Ads""]",True,11
Moorland Insurance BV,moorland-insurance.example,Financial services,1-10,NL,Rotterdam,under £1m,2006,Bootstrapped,Spreadsheet,under £5k,"[""Meta Ads""]",True,4
Oakridge Medical BV,oakridge-medical.example,Healthcare,51-200,NL,Rotterdam,£10m-£50m,2014,Series B,No CRM,£25k-£100k,"[""Google Ads"", ""Meta Ads"", ""TikTok Ads""]",True,6
Redwood Lending Inc,redwood-lending.example,Financial services,11-50,US,Seattle,£1m-£10m,2006,Seed,Salesforce,under £5k,"[""Meta Ads""]",False,0
Silverline Engineering Ltd,silverline-engineering.example,Manufacturing,11-50,UK,Bristol,£1m-£10m,2012,Seed,Spreadsheet,under £5k,"[""Google Ads""]",False,0
Granite Tutors BV,granite-tutors.example,Education,1-10,NL,Amsterdam,under £1m,2024,Bootstrapped,No CRM,under £5k,"[""LinkedIn Ads""]",False,0
Kingsway Logistics BV,kingsway-logistics.example,Logistics,201-1000,NL,Eindhoven,£50m-£250m,1981,Bootstrapped,HubSpot,£100k+,"[""Google Ads"", ""LinkedIn Ads"", ""Meta Ads"", ""Microsoft Ads""]",False,0
Inkwell Health Inc,inkwell-health.example,Healthcare,1-10,US,Seattle,under £1m,2013,Bootstrapped,Spreadsheet,none,[],False,0
Oakridge Engineering Ltd,oakridge-engineering.example,Manufacturing,51-200,UK,Leeds,£10m-£50m,2017,Series A,Spreadsheet,none,[],False,0
Thornbury Partners Inc,thornbury-partners.example,Financial services,1-10,US,Seattle,under £1m,2015,Bootstrapped,Salesforce,none,[],False,0
Greystone Advisory BV,greystone-advisory.example,Professional services,1-10,NL,Amsterdam,under £1m,2001,Seed,HubSpot,under £5k,"[""Google Ads""]",False,0
Vantage Associates SAS,vantage-associates.example,Professional services,1-10,FR,Paris,under £1m,2017,Bootstrapped,HubSpot,£5k-£25k,"[""Google Ads"", ""Meta Ads""]",False,0
Tamarind Goods GmbH,tamarind-goods.example,Retail,11-50,DE,Berlin,£1m-£10m,2021,Bootstrapped,Salesforce,£5k-£25k,"[""Google Ads"", ""Meta Ads""]",True,1
Tamarind Market SAS,tamarind-market.example,Retail,11-50,FR,Toulouse,£1m-£10m,2009,Bootstrapped,HubSpot,under £5k,"[""Meta Ads""]",False,0
Kelvin Digital Ltd,kelvin-digital.example,Software,1-10,UK,Bristol,under £1m,2018,Seed,Spreadsheet,none,[],False,0
Marigold Associates Inc,marigold-associates.example,Professional services,1-10,US,Boston,under £1m,2000,Seed,No CRM,under £5k,"[""Google Ads""]",False,0
Quayside Tutors BV,quayside-tutors.example,Education,1-10,NL,Rotterdam,under £1m,2019,Bootstrapped,HubSpot,under £5k,"[""Meta Ads""]",False,0
Zephyr Medical GmbH,zephyr-medical.example,Healthcare,1-10,DE,Munich,£1m-£10m,2005,Bootstrapped,HubSpot,none,[],False,0
Pinecrest Finance Inc,pinecrest-finance.example,Financial services,201-1000,US,Chicago,£50m-£250m,1994,Series C+,HubSpot,£25k-£100k,"[""Google Ads"", ""LinkedIn Ads"", ""Microsoft Ads""]",False,0
Tidewater Accountants SAS,tidewater-accountants.example,Professional services,51-200,FR,Lyon,£10m-£50m,2015,Bootstrapped,HubSpot,£25k-£100k,"[""Google Ads"", ""LinkedIn Ads"", ""Meta Ads""]",False,0
Kingsway Dental Ltd,kingsway-dental.example,Healthcare,201-1000,UK,Manchester,£50m-£250m,1977,Series C+,Salesforce,£25k-£100k,"[""Google Ads"", ""Meta Ads"", ""Microsoft Ads""]",True,25
Dunmore Data Ltd,dunmore-data.example,Software,11-50,UK,Bristol,£1m-£10m,2006,Bootstrapped,Pipedrive,under £5k,"[""Microsoft Ads""]",True,6
Aurora Partners Ltd,aurora-partners.example,Financial services,1-10,UK,London,under £1m,1996,Seed,Spreadsheet,under £5k,"[""Google Ads""]",False,0
Moorland Retail Inc,moorland-retail.example,Retail,11-50,US,Chicago,£10m-£50m,2013,Series A,Pipedrive,£25k-£100k,"[""Google Ads"", ""Meta Ads"", ""Microsoft Ads""]",False,0
Moorland Consulting SAS,moorland-consulting.example,Professional services,1-10,FR,Lyon,under £1m,2020,Seed,Pipedrive,£5k-£25k,"[""Google Ads"", ""LinkedIn Ads""]",True,1
Kelvin Shipping Ltd,kelvin-shipping.example,Logistics,11-50,UK,Edinburgh,£1m-£10m,2011,Seed,Spreadsheet,none,[],False,0
Tamarind Finance Ltd,tamarind-finance.example,Financial services,1-10,UK,Birmingham,under £1m,2024,Bootstrapped,Pipedrive,none,[],True,2
Riverside Insurance SAS,riverside-insurance.example,Financial services,51-200,FR,Paris,£10m-£50m,1997,Series A,HubSpot,£25k-£100k,"[""Google Ads"", ""LinkedIn Ads"", ""Meta Ads""]",True,7
Zephyr Market Inc,zephyr-market.example,Retail,11-50,US,San Francisco,£1m-£10m,1999,Bootstrapped,Pipedrive,under £5k,"[""Google Ads""]",False,0
Meridian Transport Inc,meridian-transport.example,Logistics,11-50,US,New York,£1m-£10m,2000,Series A,Salesforce,£5k-£25k,"[""Meta Ads"", ""TikTok Ads""]",False,0
Highgate Digital Inc,highgate-digital.example,Software,201-1000,US,Seattle,£50m-£250m,2008,Series B,HubSpot,£5k-£25k,"[""Google Ads"", ""LinkedIn Ads""]",False,0
Tidewater Advisory Ltd,tidewater-advisory.example,Professional services,11-50,UK,Manchester,£1m-£10m,2018,Bootstrapped,HubSpot,under £5k,"[""Google Ads""]",False,0
Elmstead Insurance BV,elmstead-insurance.example,Financial services,11-50,NL,Eindhoven,£1m-£10m,1996,Seed,Pipedrive,under £5k,"[""Google Ads""]",True,5
Highgate Capital Inc,highgate-capital.example,Financial services,1-10,US,San Francisco,under £1m,2020,Bootstrapped,Pipedrive,£5k-£25k,"[""LinkedIn Ads"", ""Microsoft Ads""]",False,0
Evergreen Works Inc,evergreen-works.example,Manufacturing,11-50,US,Boston,£1m-£10m,1995,Bootstrapped,HubSpot,none,[],False,0
Tamarind Medical Ltd,tamarind-medical.example,Healthcare,11-50,UK,Bristol,£1m-£10m,2010,Bootstrapped,Salesforce,none,[],False,0
Rosewood Couriers GmbH,rosewood-couriers.example,Logistics,11-50,DE,Munich,£1m-£10m,2001,Seed,Pipedrive,£5k-£25k,"[""Google Ads"", ""LinkedIn Ads""]",False,0
Falcon Consulting Inc,falcon-consulting.example,Professional services,51-200,US,San Francisco,£10m-£50m,1996,Bootstrapped,HubSpot,under £5k,"[""Google Ads""]",True,8
Evergreen Industries Inc,evergreen-industries.example,Manufacturing,1-10,US,New York,under £1m,2014,Bootstrapped,No CRM,none,[],False,0
Ironbridge Pharma SAS,ironbridge-pharma.example,Healthcare,51-200,FR,Lyon,£10m-£50m,2021,Bootstrapped,Pipedrive,£5k-£25k,"[""Google Ads"", ""LinkedIn Ads""]",True,10
Northwind Transport Inc,northwind-transport.example,Logistics,201-1000,US,Seattle,£250m+,2013,Series B,Salesforce,£25k-£100k,"[""Meta Ads"", ""Microsoft Ads"", ""TikTok Ads""]",True,16
Ivywood Haulage GmbH,ivywood-haulage.example,Logistics,201-1000,DE,Hamburg,£50m-£250m,1968,Public,Salesforce,£5k-£25k,"[""Google Ads"", ""Meta Ads""]",True,21
Granite Wealth SAS,granite-wealth.example,Financial services,11-50,FR,Paris,£1m-£10m,2023,Bootstrapped,No CRM,none,[],False,0
Kelvin Insurance BV,kelvin-insurance.example,Financial services,201-1000,NL,Rotterdam,£50m-£250m,1991,Series B,Salesforce,£5k-£25k,"[""Google Ads"", ""Meta Ads""]",True,23
Redwood Manufacturing GmbH,redwood-manufacturing.example,Manufacturing,201-1000,DE,Hamburg,£50m-£250m,1986,Series C+,Salesforce,£5k-£25k,"[""Google Ads"", ""LinkedIn Ads""]",True,16
Upland Legal Inc,upland-legal.example,Professional services,51-200,US,Boston,£10m-£50m,2008,Bootstrapped,Spreadsheet,£100k+,"[""Google Ads"", ""LinkedIn Ads"", ""Meta Ads"", ""Microsoft Ads""]",True,12
Lindenwood Finance Inc,lindenwood-finance.example,Financial services,11-50,US,Seattle,£1m-£10m,2005,Bootstrapped,Spreadsheet,under £5k,"[""Google Ads""]",False,0
Brightwater Academy GmbH,brightwater-academy.example,Education,1-10,DE,Hamburg,under £1m,2006,Bootstrapped,Spreadsheet,under £5k,"[""Meta Ads""]",True,1
Lindenwood Engineering Ltd,lindenwood-engineering.example,Manufacturing,11-50,UK,London,£1m-£10m,2015,Bootstrapped,HubSpot,£5k-£25k,"[""Google Ads"", ""Meta Ads""]",False,0
Bluebell Wealth Ltd,bluebell-wealth.example,Financial services,1-10,UK,Manchester,under £1m,1996,Bootstrapped,Spreadsheet,none,[],False,0
Tamarind Advisory SAS,tamarind-advisory.example,Professional services,11-50,FR,Paris,£1m-£10m,2002,Seed,HubSpot,none,[],False,0
Inkwell Logistics SAS,inkwell-logistics.example,Logistics,11-50,FR,Lyon,£1m-£10m,2017,Seed,Pipedrive,under £5k,"[""LinkedIn Ads""]",True,1
Brightwater Capital Ltd,brightwater-capital.example,Financial services,1000+,UK,Edinburgh,£250m+,2013,Public,Salesforce,£25k-£100k,"[""Google Ads"", ""Meta Ads"", ""Microsoft Ads""]",True,63
Kelvin Legal GmbH,kelvin-legal.example,Professional services,1-10,DE,Hamburg,under £1m,2010,Bootstrapped,Spreadsheet,under £5k,"[""Microsoft Ads""]",True,3
Keystone Stores Inc,keystone-stores.example,Retail,11-50,US,Boston,£1m-£10m,2014,Bootstrapped,HubSpot,none,[],False,0
Keystone Recruitment BV,keystone-recruitment.example,Professional services,11-50,NL,Utrecht,£1m-£10m,2013,Series A,HubSpot,under £5k,"[""Meta Ads""]",True,3
Zephyr Haulage Inc,zephyr-haulage.example,Logistics,11-50,US,Austin,£1m-£10m,2002,Seed,Salesforce,under £5k,"[""TikTok Ads""]",False,0
Nimbus Care Inc,nimbus-care.example,Healthcare,1-10,US,Seattle,under £1m,2006,Bootstrapped,HubSpot,under £5k,"[""LinkedIn Ads""]",False,0
Riverside Tutors Inc,riverside-tutors.example,Education,1-10,US,Chicago,under £1m,1997,Seed,HubSpot,under £5k,"[""TikTok Ads""]",False,0
Lindenwood Education Inc,lindenwood-education.example,Education,11-50,US,Chicago,£1m-£10m,2008,Bootstrapped,Spreadsheet,under £5k,"[""Google Ads""]",True,3
Umber College Inc,umber-college.example,Education,1000+,US,Austin,£250m+,2016,Series C+,Salesforce,£5k-£25k,"[""Google Ads"", ""LinkedIn Ads""]",False,0
Willow Digital Ltd,willow-digital.example,Software,11-50,UK,Bristol,£1m-£10m,2019,Seed,HubSpot,none,[],True,7
Pinecrest Engineering Inc,pinecrest-engineering.example,Manufacturing,51-200,US,Boston,£50m-£250m,2023,Bootstrapped,Spreadsheet,none,[],True,12
Glenmoor Insurance Ltd,glenmoor-insurance.example,Financial services,11-50,UK,London,£1m-£10m,2011,Seed,HubSpot,£5k-£25k,"[""Google Ads"", ""Microsoft Ads""]",True,2
Emberly Finance Inc,emberly-finance.example,Financial services,11-50,US,San Francisco,£1m-£10m,2020,Bootstrapped,No CRM,under £5k,"[""LinkedIn Ads""]",False,0
Hawthorn Logistics SAS,hawthorn-logistics.example,Logistics,1000+,FR,Toulouse,£250m+,1991,Series C+,Salesforce,£100k+,"[""Google Ads"", ""LinkedIn Ads"", ""Microsoft Ads"", ""TikTok Ads""]",True,73
Harbour Care Ltd,harbour-care.example,Healthcare,201-1000,UK,Edinburgh,£50m-£250m,1985,Series B,Salesforce,£5k-£25k,"[""Google Ads"", ""Meta Ads""]",True,27
Oakridge Advisory Ltd,oakridge-advisory.example,Professional services,51-200,UK,Leeds,£10m-£50m,1998,Series C+,Salesforce,£25k-£100k,"[""Google Ads"", ""LinkedIn Ads"", ""Meta Ads""]",False,0
Moorland Health Inc,moorland-health.example,Healthcare,11-50,US,Chicago,£1m-£10m,2016,Seed,Spreadsheet,£5k-£25k,"[""Meta Ads"", ""Microsoft Ads""]",True,6
Nettlefield Shipping Ltd,nettlefield-shipping.example,Logistics,201-1000,UK,Manchester,£50m-£250m,2021,Bootstrapped,Salesforce,£5k-£25k,"[""Google Ads"", ""Microsoft Ads""]",False,0
Redwood College Inc,redwood-college.example,Education,11-50,US,Austin,£1m-£10m,1998,Bootstrapped,Pipedrive,£5k-£25k,"[""Google Ads"", ""Meta Ads""]",False,0
Pennine Systems Ltd,pennine-systems.example,Software,11-50,UK,Edinburgh,£1m-£10m,2016,Bootstrapped,Spreadsheet,£5k-£25k,"[""LinkedIn Ads"", ""Meta Ads""]",False,0
Valley Legal Inc,valley-legal.example,Professional services,1000+,US,Seattle,£250m+,1975,Private equity,Salesforce,£5k-£25k,"[""LinkedIn Ads"", ""Meta Ads""]",False,0
Pinecrest Capital Inc,pinecrest-capital.example,Financial services,1-10,US,Austin,under £1m,2001,Bootstrapped,No CRM,none,[],True,2
Cedar Dental Ltd,cedar-dental.example,Healthcare,51-200,UK,Edinburgh,£10m-£50m,2011,Bootstrapped,HubSpot,£5k-£25k,"[""Google Ads"", ""LinkedIn Ads""]",False,0
Evergreen Transport GmbH,evergreen-transport.example,Logistics,51-200,DE,Munich,£10m-£50m,2014,Series B,Spreadsheet,£25k-£100k,"[""Google Ads"", ""Meta Ads"", ""Microsoft Ads""]",True,12
Brightwater Wealth Ltd,brightwater-wealth.example,Financial services,1-10,UK,Manchester,under £1m,2005,Bootstrapped,Pipedrive,under £5k,"[""Microsoft Ads""]",True,2
Yarrow Shipping Ltd,yarrow-shipping.example,Logistics,11-50,UK,Birmingham,under £1m,2007,Bootstrapped,HubSpot,£5k-£25k,"[""Google Ads"", ""Microsoft Ads""]",False,0
Driftwood Pharma Inc,driftwood-pharma.example,Healthcare,1-10,US,Boston,under £1m,2013,Bootstrapped,Spreadsheet,under £5k,"[""LinkedIn Ads""]",False,0
Falcon Data Ltd,falcon-data.example,Software,11-50,UK,Bristol,£1m-£10m,2023,Series A,HubSpot,under £5k,"[""Google Ads""]",False,0
Aurora Data Inc,aurora-data.example,Software,51-200,US,San Francisco,£10m-£50m,2015,Series A,Salesforce,£100k+,"[""Google Ads"", ""LinkedIn Ads"", ""Meta Ads"", ""Microsoft Ads""]",True,7
Granite Haulage Ltd,granite-haulage.example,Logistics,11-50,UK,Leeds,£1m-£10m,1995,Seed,No CRM,none,[],False,0
Driftwood Consulting SAS,driftwood-consulting.example,Professional services,1000+,FR,Toulouse,£250m+,2019,Series B,HubSpot,none,[],True,60
Thornbury Stores GmbH,thornbury-stores.example,Retail,1-10,DE,Hamburg,under £1m,2004,Seed,Salesforce,£5k-£25k,"[""Google Ads"", ""Meta Ads""]",False,0
Jasper Industries Ltd,jasper-industries.example,Manufacturing,51-200,UK,London,£10m-£50m,2010,Seed,HubSpot,£25k-£100k,"[""Google Ads"", ""Meta Ads"", ""Microsoft Ads""]",True,9
Ashford Trading SAS,ashford-trading.example,Retail,51-200,FR,Paris,£10m-£50m,2007,Bootstrapped,Spreadsheet,under £5k,"[""Meta Ads""]",False,0
Westbrook Medical Ltd,westbrook-medical.example,Healthcare,11-50,UK,Bristol,£1m-£10m,2017,Series A,HubSpot,none,[],False,0
Silverline Logistics Inc,silverline-logistics.example,Logistics,51-200,US,San Francisco,£10m-£50m,2016,Bootstrapped,HubSpot,£25k-£100k,"[""Google Ads"", ""LinkedIn Ads"", ""Meta Ads""]",True,9
Driftwood Logistics BV,driftwood-logistics.example,Logistics,1-10,NL,Eindhoven,under £1m,2005,Series A,No CRM,none,[],False,0
Kelvin Components Inc,kelvin-components.example,Manufacturing,201-1000,US,San Francisco,£50m-£250m,2010,Series A,Salesforce,£25k-£100k,"[""Google Ads"", ""LinkedIn Ads"", ""Meta Ads""]",False,0
Nettlefield Partners SAS,nettlefield-partners.example,Financial services,11-50,FR,Paris,£1m-£10m,1997,Series A,Spreadsheet,£5k-£25k,"[""Meta Ads"", ""Microsoft Ads""]",False,0
Inkwell Labs Inc,inkwell-labs.example,Software,51-200,US,Seattle,£10m-£50m,2011,Bootstrapped,HubSpot,none,[],True,7
Evergreen Insurance Ltd,evergreen-insurance.example,Financial services,51-200,UK,Birmingham,£10m-£50m,2005,Bootstrapped,Salesforce,£25k-£100k,"[""Google Ads"", ""LinkedIn Ads"", ""Meta Ads""]",False,0
Brightwater Cloud Ltd,brightwater-cloud.example,Software,201-1000,UK,Edinburgh,£50m-£250m,2007,Bootstrapped,Pipedrive,£25k-£100k,"[""Google Ads"", ""Meta Ads"", ""Microsoft Ads""]",True,23
Stonebridge Associates BV,stonebridge-associates.example,Professional services,1000+,NL,Eindhoven,£250m+,2013,Private equity,Salesforce,£100k+,"[""Google Ads"", ""LinkedIn Ads"", ""Meta Ads"", ""TikTok Ads""]",True,54
Pinecrest Couriers SAS,pinecrest-couriers.example,Logistics,201-1000,FR,Paris,£50m-£250m,1975,Bootstrapped,HubSpot,£100k+,"[""Google Ads"", ""LinkedIn Ads"", ""Meta Ads"", ""Microsoft Ads""]",False,0
Ironbridge Consulting SAS,ironbridge-consulting.example,Professional services,11-50,FR,Paris,£1m-£10m,1999,Bootstrapped,No CRM,under £5k,"[""Microsoft Ads""]",True,3
Silverline Advisory BV,silverline-advisory.example,Professional services,1-10,NL,Amsterdam,under £1m,2003,Bootstrapped,Spreadsheet,none,[],False,0
Keystone Education BV,keystone-education.example,Education,201-1000,NL,Rotterdam,£50m-£250m,1972,Series C+,Salesforce,£5k-£25k,"[""Google Ads"", ""Meta Ads""]",False,0
Tamarind Fabrication SAS,tamarind-fabrication.example,Manufacturing,201-1000,FR,Paris,£50m-£250m,1999,Private equity,Salesforce,£25k-£100k,"[""Google Ads"", ""LinkedIn Ads"", ""Meta Ads""]",False,0
Dunmore Finance Ltd,dunmore-finance.example,Financial services,51-200,UK,Bristol,£10m-£50m,2014,Series B,HubSpot,none,[],True,13
Hawthorn Stores Inc,hawthorn-stores.example,Retail,1-10,US,Austin,£1m-£10m,2007,Seed,No CRM,under £5k,"[""LinkedIn Ads""]",False,0
Silverline Clinics Ltd,silverline-clinics.example,Healthcare,201-1000,UK,Manchester,£50m-£250m,1973,Series B,Salesforce,£25k-£100k,"[""Google Ads"", ""LinkedIn Ads"", ""Meta Ads""]",False,0
Ivywood Manufacturing BV,ivywood-manufacturing.example,Manufacturing,1000+,NL,Eindhoven,£250m+,2010,Private equity,Salesforce,£25k-£100k,"[""Google Ads"", ""LinkedIn Ads"", ""Meta Ads""]",True,61
Brightwater Labs GmbH,brightwater-labs.example,Software,1-10,DE,Frankfurt,under £1m,2005,Bootstrapped,No CRM,under £5k,"[""Google Ads""]",False,0
Cobalt Trading Ltd,cobalt-trading.example,Retail,1-10,UK,Bristol,under £1m,2011,Seed,HubSpot,under £5k,"[""Google Ads""]",True,1
Marigold Digital Ltd,marigold-digital.example,Software,11-50,UK,Leeds,£1m-£10m,2012,Seed,No CRM,under £5k,"[""Google Ads""]",False,0
Larkspur Digital Ltd,larkspur-digital.example,Software,1000+,UK,Bristol,£250m+,1979,Bootstrapped,Salesforce,£25k-£100k,"[""Google Ads"", ""Meta Ads"", ""Microsoft Ads""]",True,55
Ivywood Goods GmbH,ivywood-goods.example,Retail,201-1000,DE,Munich,£50m-£250m,2009,Private equity,Salesforce,£100k+,"[""Google Ads"", ""LinkedIn Ads"", ""Meta Ads"", ""Microsoft Ads""]",True,23
Orchard Goods Inc,orchard-goods.example,Retail,201-1000,US,Seattle,£50m-£250m,2020,Series B,Salesforce,£25k-£100k,"[""Google Ads"", ""Meta Ads"", ""TikTok Ads""]",False,0
Larkspur Health SAS,larkspur-health.example,Healthcare,51-200,FR,Toulouse,£10m-£50m,2024,Seed,Salesforce,£25k-£100k,"[""Google Ads"", ""LinkedIn Ads"", ""Microsoft Ads""]",True,4
Pinecrest Haulage Ltd,pinecrest-haulage.example,Logistics,201-1000,UK,London,£50m-£250m,1982,Series B,No CRM,£5k-£25k,"[""Google Ads"", ""TikTok Ads""]",True,16
Quayside Learning Ltd,quayside-learning.example,Education,11-50,UK,Bristol,£1m-£10m,2021,Series B,HubSpot,£5k-£25k,"[""Google Ads"", ""Meta Ads""]",False,0
Dunmore Medical Inc,dunmore-medical.example,Healthcare,1-10,US,Austin,under £1m,1997,Bootstrapped,Pipedrive,none,[],True,4
Emberly Health SAS,emberly-health.example,Healthcare,1000+,FR,Toulouse,£250m+,1995,Private equity,Salesforce,£25k-£100k,"[""Google Ads"", ""LinkedIn Ads"", ""Meta Ads""]",True,61
Harbour Cloud SAS,harbour-cloud.example,Software,201-1000,FR,Toulouse,£50m-£250m,1983,Series A,Salesforce,£5k-£25k,"[""LinkedIn Ads"", ""Meta Ads""]",False,0
Rosewood Components Ltd,rosewood-components.example,Manufacturing,51-200,UK,Manchester,£50m-£250m,2001,Series B,Spreadsheet,none,[],False,0
Falcon Market BV,falcon-market.example,Retail,51-200,NL,Utrecht,£10m-£50m,1997,Bootstrapped,HubSpot,£25k-£100k,"[""Google Ads"", ""Meta Ads"", ""Microsoft Ads""]",False,0
Meridian Software SAS,meridian-software.example,Software,51-200,FR,Toulouse,£10m-£50m,2005,Bootstrapped,Pipedrive,under £5k,"[""LinkedIn Ads""]",True,11
Valley Logistics SAS,valley-logistics.example,Logistics,51-200,FR,Toulouse,£10m-£50m,2015,Series A,Salesforce,£5k-£25k,"[""Google Ads"", ""Meta Ads""]",False,0
Bramble Trading BV,bramble-trading.example,Retail,201-1000,NL,Amsterdam,£50m-£250m,2023,Private equity,Salesforce,£25k-£100k,"[""Google Ads"", ""Meta Ads"", ""TikTok Ads""]",True,18
Larkspur Associates GmbH,larkspur-associates.example,Professional services,1000+,DE,Hamburg,£250m+,1981,Public,Pipedrive,£100k+,"[""Google Ads"", ""LinkedIn Ads"", ""Meta Ads"", ""Microsoft Ads""]",True,65
Clearwater Recruitment Inc,clearwater-recruitment.example,Professional services,201-1000,US,Seattle,£50m-£250m,2024,Bootstrapped,Salesforce,£5k-£25k,"[""Google Ads"", ""LinkedIn Ads""]",False,0
Quartz Advisory Ltd,quartz-advisory.example,Professional services,1000+,UK,Manchester,£250m+,2008,Bootstrapped,HubSpot,£25k-£100k,"[""Google Ads"", ""Meta Ads"", ""TikTok Ads""]",True,68
Elmstead Goods Ltd,elmstead-goods.example,Retail,51-200,UK,Bristol,£10m-£50m,2017,Bootstrapped,Pipedrive,under £5k,"[""Meta Ads""]",True,6
Falcon Lending Inc,falcon-lending.example,Financial services,1-10,US,Chicago,under £1m,2022,Seed,Spreadsheet,none,[],False,0
Tamarind Software Ltd,tamarind-software.example,Software,11-50,UK,Edinburgh,under £1m,2004,Bootstrapped,Salesforce,under £5k,"[""Meta Ads""]",True,4
Ironbridge Clinics Inc,ironbridge-clinics.example,Healthcare,51-200,US,Austin,£10m-£50m,2000,Bootstrapped,Spreadsheet,£5k-£25k,"[""Google Ads"", ""Meta Ads""]",False,0
Marigold Recruitment Inc,marigold-recruitment.example,Professional services,1-10,US,Seattle,under £1m,2002,Seed,No CRM,£5k-£25k,"[""Google Ads"", ""LinkedIn Ads""]",False,0
Yarrow Tutors Inc,yarrow-tutors.example,Education,1-10,US,New York,under £1m,2010,Bootstrapped,Spreadsheet,under £5k,"[""Microsoft Ads""]",False,0
Upland Insurance BV,upland-insurance.example,Financial services,1000+,NL,Amsterdam,£250m+,1967,Public,Salesforce,£5k-£25k,"[""Google Ads"", ""TikTok Ads""]",True,74
Umber Goods SAS,umber-goods.example,Retail,1000+,FR,Lyon,£250m+,1970,Public,Salesforce,£25k-£100k,"[""Google Ads"", ""Meta Ads"", ""Microsoft Ads""]",True,62
Stonebridge Stores Ltd,stonebridge-stores.example,Retail,201-1000,UK,Bristol,£50m-£250m,1992,Series B,Salesforce,£25k-£100k,"[""Google Ads"", ""Meta Ads"", ""TikTok Ads""]",False,0
Marigold Legal GmbH,marigold-legal.example,Professional services,1-10,DE,Hamburg,under £1m,2023,Series A,Pipedrive,under £5k,"[""Google Ads""]",False,0
Marigold Goods Inc,marigold-goods.example,Retail,1-10,US,Chicago,under £1m,2010,Bootstrapped,Spreadsheet,none,[],False,0
Westbrook Digital Inc,westbrook-digital.example,Software,11-50,US,New York,£1m-£10m,2015,Seed,No CRM,£5k-£25k,"[""Meta Ads"", ""Microsoft Ads""]",True,2
Quayside Software Inc,quayside-software.example,Software,11-50,US,Seattle,£1m-£10m,2007,Bootstrapped,No CRM,under £5k,"[""Google Ads""]",False,0
Granite Market SAS,granite-market.example,Retail,51-200,FR,Paris,£10m-£50m,2019,Seed,HubSpot,£25k-£100k,"[""Google Ads"", ""LinkedIn Ads"", ""TikTok Ads""]",False,0
Elmstead Capital BV,elmstead-capital.example,Financial services,11-50,NL,Rotterdam,£1m-£10m,2001,Series A,Salesforce,none,[],False,0
Quartz Logistics BV,quartz-logistics.example,Logistics,1-10,NL,Eindhoven,£1m-£10m,2013,Bootstrapped,Pipedrive,none,[],True,5
Willow Clinics Ltd,willow-clinics.example,Healthcare,1-10,UK,London,under £1m,2019,Bootstrapped,No CRM,£5k-£25k,"[""Google Ads"", ""TikTok Ads""]",False,0
Beacon Advisory SAS,beacon-advisory.example,Professional services,11-50,FR,Lyon,£1m-£10m,1995,Bootstrapped,HubSpot,£5k-£25k,"[""Google Ads"", ""LinkedIn Ads""]",False,0
Saltmarsh Data Ltd,saltmarsh-data.example,Software,1-10,UK,Manchester,under £1m,1996,Bootstrapped,HubSpot,under £5k,"[""Microsoft Ads""]",False,0
Lantern Insurance GmbH,lantern-insurance.example,Financial services,1000+,DE,Munich,£250m+,1999,Private equity,Salesforce,£5k-£25k,"[""Google Ads"", ""LinkedIn Ads""]",True,65
Lindenwood Health GmbH,lindenwood-health.example,Healthcare,1-10,DE,Berlin,£1m-£10m,1996,Seed,Salesforce,under £5k,"[""LinkedIn Ads""]",True,2
Lantern Industries SAS,lantern-industries.example,Manufacturing,1000+,FR,Paris,£250m+,1987,Bootstrapped,HubSpot,£25k-£100k,"[""Google Ads"", ""LinkedIn Ads"", ""Meta Ads""]",True,73
Kestrel Data Ltd,kestrel-data.example,Software,11-50,UK,Birmingham,under £1m,2003,Bootstrapped,Salesforce,none,[],False,0
Meridian Goods GmbH,meridian-goods.example,Retail,1-10,DE,Berlin,under £1m,2015,Seed,Pipedrive,none,[],False,0
Oakridge Data Ltd,oakridge-data.example,Software,201-1000,UK,Edinburgh,£50m-£250m,1975,Private equity,Salesforce,£25k-£100k,"[""LinkedIn Ads"", ""Meta Ads"", ""Microsoft Ads""]",False,0
Kestrel Market Inc,kestrel-market.example,Retail,1-10,US,San Francisco,under £1m,2020,Series A,Pipedrive,under £5k,"[""TikTok Ads""]",False,0
Beacon Partners BV,beacon-partners.example,Financial services,201-1000,NL,Amsterdam,£50m-£250m,2020,Bootstrapped,HubSpot,£100k+,"[""Google Ads"", ""LinkedIn Ads"", ""Meta Ads"", ""Microsoft Ads""]",True,28
Moorland Care BV,moorland-care.example,Healthcare,1-10,NL,Eindhoven,under £1m,2014,Seed,Spreadsheet,under £5k,"[""Google Ads""]",False,0
Ivywood Works BV,ivywood-works.example,Manufacturing,11-50,NL,Eindhoven,£1m-£10m,1996,Bootstrapped,No CRM,none,[],False,0
Pennine Medical GmbH,pennine-medical.example,Healthcare,1000+,DE,Berlin,£250m+,1966,Private equity,Salesforce,£25k-£100k,"[""Google Ads"", ""LinkedIn Ads"", ""Meta Ads""]",True,61
Beacon Wealth SAS,beacon-wealth.example,Financial services,51-200,FR,Lille,£10m-£50m,2009,Bootstrapped,Salesforce,none,[],False,0
Dovecote Consulting BV,dovecote-consulting.example,Professional services,51-200,NL,Eindhoven,£10m-£50m,1998,Bootstrapped,HubSpot,none,[],False,0
Stonebridge Systems Inc,stonebridge-systems.example,Software,51-200,US,Chicago,£10m-£50m,1996,Series A,Salesforce,£25k-£100k,"[""Google Ads"", ""LinkedIn Ads"", ""Meta Ads""]",True,13
Jasper Accountants BV,jasper-accountants.example,Professional services,51-200,NL,Amsterdam,£1m-£10m,2016,Series A,No CRM,£25k-£100k,"[""Google Ads"", ""LinkedIn Ads"", ""Meta Ads""]",True,6
Nettlefield Trading SAS,nettlefield-trading.example,Retail,1-10,FR,Toulouse,under £1m,2002,Bootstrapped,No CRM,none,[],True,2
Willow Wealth Inc,willow-wealth.example,Financial services,51-200,US,Chicago,£10m-£50m,2020,Series A,Spreadsheet,£5k-£25k,"[""Google Ads"", ""Meta Ads""]",False,0
Lantern Capital Ltd,lantern-capital.example,Financial services,51-200,UK,Birmingham,£10m-£50m,2014,Series B,Pipedrive,£25k-£100k,"[""Google Ads"", ""Microsoft Ads"", ""TikTok Ads""]",False,0
Vantage Academy Inc,vantage-academy.example,Education,1-10,US,Seattle,under £1m,2005,Seed,Spreadsheet,under £5k,"[""LinkedIn Ads""]",False,0
Oakridge Learning GmbH,oakridge-learning.example,Education,11-50,DE,Hamburg,£10m-£50m,2013,Bootstrapped,Pipedrive,none,[],False,0
Tidewater Goods Ltd,tidewater-goods.example,Retail,11-50,UK,Birmingham,£1m-£10m,1996,Series A,Pipedrive,under £5k,"[""Microsoft Ads""]",False,0
Kingsway Academy Inc,kingsway-academy.example,Education,11-50,US,San Francisco,£1m-£10m,2003,Bootstrapped,Spreadsheet,£25k-£100k,"[""Google Ads"", ""LinkedIn Ads"", ""Meta Ads""]",False,0
Glenmoor Market Ltd,glenmoor-market.example,Retail,201-1000,UK,Bristol,£50m-£250m,1965,Bootstrapped,Pipedrive,£5k-£25k,"[""LinkedIn Ads"", ""Meta Ads""]",True,16
Greystone Manufacturing Inc,greystone-manufacturing.example,Manufacturing,201-1000,US,Boston,£50m-£250m,2003,Bootstrapped,Salesforce,£100k+,"[""Google Ads"", ""LinkedIn Ads"", ""Meta Ads"", ""TikTok Ads""]",True,15
Orchard Trading Inc,orchard-trading.example,Retail,201-1000,US,New York,£50m-£250m,1975,Series B,Salesforce,£100k+,"[""Google Ads"", ""LinkedIn Ads"", ""Meta Ads"", ""Microsoft Ads""]",True,15
Quayside Components Inc,quayside-components.example,Manufacturing,1-10,US,Seattle,under £1m,2000,Bootstrapped,No CRM,£25k-£100k,"[""Google Ads"", ""LinkedIn Ads"", ""Meta Ads""]",False,0
Glenmoor Legal Ltd,glenmoor-legal.example,Professional services,51-200,UK,Edinburgh,£10m-£50m,1999,Series C+,No CRM,£5k-£25k,"[""Meta Ads"", ""TikTok Ads""]",True,8
Falcon Couriers Ltd,falcon-couriers.example,Logistics,11-50,UK,Birmingham,£1m-£10m,2018,Bootstrapped,HubSpot,under £5k,"[""Meta Ads""]",True,8
Ivywood Health BV,ivywood-health.example,Healthcare,51-200,NL,Rotterdam,£10m-£50m,1997,Seed,Salesforce,none,[],True,7
Pennine Data Ltd,pennine-data.example,Software,1-10,UK,Birmingham,under £1m,2015,Bootstrapped,No CRM,£5k-£25k,"[""Google Ads"", ""Microsoft Ads""]",False,0
Juniper Academy Ltd,juniper-academy.example,Education,1-10,UK,Manchester,under £1m,2006,Seed,Spreadsheet,£5k-£25k,"[""Google Ads"", ""LinkedIn Ads""]",False,0
Upland College Ltd,upland-college.example,Education,1-10,UK,Edinburgh,under £1m,2024,Seed,HubSpot,£5k-£25k,"[""Google Ads"", ""Microsoft Ads""]",False,0
Quayside Freight Inc,quayside-freight.example,Logistics,201-1000,US,New York,£50m-£250m,2002,Bootstrapped,Salesforce,£5k-£25k,"[""Google Ads"", ""LinkedIn Ads""]",True,18
Ivywood Retail Inc,ivywood-retail.example,Retail,1-10,US,New York,under £1m,2014,Seed,Pipedrive,under £5k,"[""Google Ads""]",False,0
Dovecote Advisory Inc,dovecote-advisory.example,Professional services,51-200,US,Austin,£1m-£10m,2001,Series A,Salesforce,£5k-£25k,"[""Google Ads"", ""Microsoft Ads""]",True,5
Moorland Software Ltd,moorland-software.example,Software,201-1000,UK,Bristol,£50m-£250m,2004,Series C+,Salesforce,£25k-£100k,"[""Google Ads"", ""Meta Ads"", ""Microsoft Ads""]",True,23
Willow Systems Ltd,willow-systems.example,Software,11-50,UK,Edinburgh,£1m-£10m,2004,Bootstrapped,Salesforce,£5k-£25k,"[""Google Ads"", ""Meta Ads""]",True,4
Rosewood Consulting Ltd,rosewood-consulting.example,Professional services,51-200,UK,London,£10m-£50m,2015,Series A,No CRM,£25k-£100k,"[""LinkedIn Ads"", ""Meta Ads"", ""TikTok Ads""]",False,0
Kingsway Manufacturing Inc,kingsway-manufacturing.example,Manufacturing,11-50,US,New York,under £1m,2011,Seed,HubSpot,£5k-£25k,"[""LinkedIn Ads"", ""Microsoft Ads""]",False,0
Quartz Accountants GmbH,quartz-accountants.example,Professional services,1-10,DE,Berlin,under £1m,1996,Bootstrapped,Spreadsheet,none,[],False,0
Ashford Medical SAS,ashford-medical.example,Healthcare,201-1000,FR,Paris,£50m-£250m,2015,Bootstrapped,Salesforce,none,[],True,25
Harbour Market GmbH,harbour-market.example,Retail,11-50,DE,Hamburg,£1m-£10m,2016,Bootstrapped,Spreadsheet,none,[],False,0
Willow Shipping SAS,willow-shipping.example,Logistics,11-50,FR,Lyon,under £1m,2020,Bootstrapped,Spreadsheet,under £5k,"[""LinkedIn Ads""]",False,0
Dovecote Learning SAS,dovecote-learning.example,Education,1000+,FR,Lille,£50m-£250m,2006,Public,Salesforce,£100k+,"[""Google Ads"", ""LinkedIn Ads"", ""Meta Ads"", ""Microsoft Ads""]",True,70
Oakridge Care Ltd,oakridge-care.example,Healthcare,1-10,UK,Leeds,under £1m,2024,Seed,Pipedrive,none,[],True,3
Jasper Capital Ltd,jasper-capital.example,Financial services,201-1000,UK,Manchester,£50m-£250m,1981,Series C+,HubSpot,£25k-£100k,"[""Google Ads"", ""LinkedIn Ads"", ""Meta Ads""]",True,17
Driftwood Software Ltd,driftwood-software.example,Software,1-10,UK,Leeds,under £1m,2024,Series A,Spreadsheet,under £5k,"[""Google Ads""]",False,0
Ivywood Care Ltd,ivywood-care.example,Healthcare,1000+,UK,Birmingham,£250m+,2014,Public,HubSpot,£100k+,"[""Google Ads"", ""LinkedIn Ads"", ""Meta Ads"", ""TikTok Ads""]",True,61
Brightwater Haulage GmbH,brightwater-haulage.example,Logistics,51-200,DE,Berlin,£10m-£50m,2023,Series B,HubSpot,£5k-£25k,"[""Google Ads"", ""Meta Ads""]",False,0
Pebble Clinics Ltd,pebble-clinics.example,Healthcare,11-50,UK,Leeds,£1m-£10m,1995,Series A,HubSpot,none,[],True,6
Falcon Systems Ltd,falcon-systems.example,Software,201-1000,UK,Bristol,£50m-£250m,2014,Bootstrapped,Spreadsheet,£25k-£100k,"[""Google Ads"", ""LinkedIn Ads"", ""TikTok Ads""]",True,30
Bramble Education Inc,bramble-education.example,Education,1-10,US,Boston,under £1m,2002,Seed,Pipedrive,none,[],False,0
Dovecote Dental Inc,dovecote-dental.example,Healthcare,11-50,US,Seattle,£1m-£10m,1995,Seed,Spreadsheet,£25k-£100k,"[""Google Ads"", ""Microsoft Ads"", ""TikTok Ads""]",False,0
Dunmore Labs Ltd,dunmore-labs.example,Software,51-200,UK,Birmingham,£10m-£50m,1997,Bootstrapped,Salesforce,under £5k,"[""Meta Ads""]",True,11
Juniper Insurance Ltd,juniper-insurance.example,Financial services,1-10,UK,Birmingham,under £1m,2020,Seed,Spreadsheet,none,[],False,0
Aurora Pharma BV,aurora-pharma.example,Healthcare,1-10,NL,Utrecht,under £1m,2003,Bootstrapped,Salesforce,under £5k,"[""Meta Ads""]",False,0
Marigold Insurance Ltd,marigold-insurance.example,Financial services,1000+,UK,Leeds,£250m+,2005,Private equity,Salesforce,£25k-£100k,"[""Google Ads"", ""LinkedIn Ads"", ""Meta Ads""]",False,0
Willow Market BV,willow-market.example,Retail,51-200,NL,Utrecht,£10m-£50m,2012,Series C+,HubSpot,under £5k,"[""Meta Ads""]",False,0
Willow Legal Inc,willow-legal.example,Professional services,11-50,US,Seattle,£1m-£10m,2003,Bootstrapped,No CRM,under £5k,"[""Meta Ads""]",True,4
Riverside Fabrication Inc,riverside-fabrication.example,Manufacturing,51-200,US,New York,£10m-£50m,2008,Seed,Salesforce,£5k-£25k,"[""Google Ads"", ""Meta Ads""]",True,7
Ivywood Data GmbH,ivywood-data.example,Software,11-50,DE,Frankfurt,£1m-£10m,2006,Bootstrapped,Pipedrive,£25k-£100k,"[""Google Ads"", ""LinkedIn Ads"", ""Microsoft Ads""]",True,3
Vantage Advisory SAS,vantage-advisory.example,Professional services,51-200,FR,Lyon,£10m-£50m,2005,Private equity,Spreadsheet,£5k-£25k,"[""Google Ads"", ""LinkedIn Ads""]",True,9
Oakridge Manufacturing Ltd,oakridge-manufacturing.example,Manufacturing,201-1000,UK,Bristol,£50m-£250m,1971,Series C+,Pipedrive,none,[],True,17
Emberly College Ltd,emberly-college.example,Education,201-1000,UK,Leeds,£50m-£250m,1974,Series C+,Salesforce,£5k-£25k,"[""Google Ads"", ""Meta Ads""]",True,18
Heron College Inc,heron-college.example,Education,11-50,US,Austin,£10m-£50m,2011,Bootstrapped,Spreadsheet,£5k-£25k,"[""LinkedIn Ads"", ""Meta Ads""]",False,0
Heron Labs Inc,heron-labs.example,Software,51-200,US,Boston,£50m-£250m,2012,Series A,HubSpot,under £5k,"[""Meta Ads""]",False,0
Moorland Associates SAS,moorland-associates.example,Professional services,1-10,FR,Paris,under £1m,2003,Seed,HubSpot,none,[],False,0
Vantage Components GmbH,vantage-components.example,Manufacturing,11-50,DE,Berlin,£1m-£10m,2010,Bootstrapped,Salesforce,under £5k,"[""Google Ads""]",False,0
Norfolk Software Inc,norfolk-software.example,Software,201-1000,US,Austin,£10m-£50m,1967,Series B,Salesforce,£5k-£25k,"[""Google Ads"", ""Meta Ads""]",True,25
Nettlefield Digital BV,nettlefield-digital.example,Software,51-200,NL,Rotterdam,£50m-£250m,2017,Bootstrapped,HubSpot,none,[],True,3
Alder Dental Ltd,alder-dental.example,Healthcare,1-10,UK,Edinburgh,under £1m,1998,Seed,Spreadsheet,£5k-£25k,"[""Google Ads"", ""LinkedIn Ads""]",False,0
Cedar Transport Ltd,cedar-transport.example,Logistics,201-1000,UK,Bristol,£50m-£250m,2002,Series C+,Salesforce,£25k-£100k,"[""Meta Ads"", ""Microsoft Ads"", ""TikTok Ads""]",False,0
Ashford Stores Inc,ashford-stores.example,Retail,1000+,US,New York,£250m+,1981,Series C+,Salesforce,under £5k,"[""Google Ads""]",True,55
Dunmore Education SAS,dunmore-education.example,Education,201-1000,FR,Paris,£50m-£250m,1968,Series C+,Salesforce,under £5k,"[""LinkedIn Ads""]",True,18
Elmstead Systems Inc,elmstead-systems.example,Software,1-10,US,Chicago,under £1m,2009,Bootstrapped,Spreadsheet,none,[],False,0
Ashford Capital Inc,ashford-capital.example,Financial services,11-50,US,Seattle,£1m-£10m,2013,Bootstrapped,Spreadsheet,under £5k,"[""LinkedIn Ads""]",True,4
Inkwell Partners Inc,inkwell-partners.example,Financial services,11-50,US,San Francisco,under £1m,2003,Series B,Spreadsheet,under £5k,"[""LinkedIn Ads""]",False,0
Moorland Dental SAS,moorland-dental.example,Healthcare,11-50,FR,Lille,£1m-£10m,2020,Series A,Pipedrive,under £5k,"[""Google Ads""]",False,0
Yarrow Market GmbH,yarrow-market.example,Retail,1-10,DE,Berlin,under £1m,2021,Seed,No CRM,under £5k,"[""LinkedIn Ads""]",True,3
Hawthorn Accountants Inc,hawthorn-accountants.example,Professional services,11-50,US,Seattle,£1m-£10m,2018,Bootstrapped,HubSpot,under £5k,"[""Meta Ads""]",False,0
Valley Manufacturing GmbH,valley-manufacturing.example,Manufacturing,11-50,DE,Munich,£1m-£10m,2017,Series B,Spreadsheet,£5k-£25k,"[""Google Ads"", ""LinkedIn Ads""]",False,0
Saltmarsh Medical Inc,saltmarsh-medical.example,Healthcare,11-50,US,Boston,£10m-£50m,2002,Seed,HubSpot,none,[],True,6
Granite Couriers SAS,granite-couriers.example,Logistics,11-50,FR,Toulouse,£1m-£10m,2019,Seed,HubSpot,none,[],True,9
Nimbus Software Ltd,nimbus-software.example,Software,1-10,UK,Bristol,under £1m,2011,Bootstrapped,HubSpot,none,[],False,0
Evergreen Software Ltd,evergreen-software.example,Software,1-10,UK,Manchester,under £1m,2005,Bootstrapped,No CRM,£25k-£100k,"[""Google Ads"", ""Meta Ads"", ""TikTok Ads""]",False,0
Greystone Outfitters Inc,greystone-outfitters.example,Retail,11-50,US,Seattle,£1m-£10m,2024,Series A,Salesforce,none,[],True,4
Saltmarsh Logistics Ltd,saltmarsh-logistics.example,Logistics,11-50,UK,Birmingham,£1m-£10m,2005,Series A,Spreadsheet,under £5k,"[""Google Ads""]",False,0
Marigold Labs SAS,marigold-labs.example,Software,1-10,FR,Paris,under £1m,2011,Seed,HubSpot,£5k-£25k,"[""Google Ads"", ""LinkedIn Ads""]",False,0
Foxglove Tutors Inc,foxglove-tutors.example,Education,201-1000,US,Chicago,£50m-£250m,1993,Series C+,Pipedrive,£5k-£25k,"[""LinkedIn Ads"", ""Meta Ads""]",False,0
Heron Shipping SAS,heron-shipping.example,Logistics,51-200,FR,Paris,£10m-£50m,2016,Series A,Salesforce,£5k-£25k,"[""Meta Ads"", ""TikTok Ads""]",False,0
Marigold Clinics Inc,marigold-clinics.example,Healthcare,51-200,US,San Francisco,£10m-£50m,2014,Series A,No CRM,under £5k,"[""Google Ads""]",False,0
Evergreen Fabrication Ltd,evergreen-fabrication.example,Manufacturing,1-10,UK,Bristol,under £1m,1995,Bootstrapped,HubSpot,£5k-£25k,"[""Google Ads"", ""Microsoft Ads""]",False,0
Falcon Stores GmbH,falcon-stores.example,Retail,51-200,DE,Berlin,£10m-£50m,2010,Series B,Salesforce,under £5k,"[""Google Ads""]",False,0
Brightwater Consulting Ltd,brightwater-consulting.example,Professional services,1000+,UK,Manchester,£250m+,1994,Private equity,Salesforce,£5k-£25k,"[""LinkedIn Ads"", ""Meta Ads""]",True,63
Quartz Partners GmbH,quartz-partners.example,Financial services,1-10,DE,Berlin,under £1m,2006,Seed,Salesforce,under £5k,"[""Google Ads""]",False,0
Ironbridge Industries Inc,ironbridge-industries.example,Manufacturing,11-50,US,Chicago,£1m-£10m,2005,Bootstrapped,No CRM,£5k-£25k,"[""Google Ads"", ""Meta Ads""]",False,0
Rosewood Manufacturing Inc,rosewood-manufacturing.example,Manufacturing,11-50,US,San Francisco,£1m-£10m,2023,Bootstrapped,Salesforce,£25k-£100k,"[""Google Ads"", ""Meta Ads"", ""Microsoft Ads""]",True,3
Highgate Components Inc,highgate-components.example,Manufacturing,51-200,US,Boston,£10m-£50m,1995,Series B,Salesforce,under £5k,"[""LinkedIn Ads""]",False,0
Kingsway Education GmbH,kingsway-education.example,Education,1-10,DE,Frankfurt,under £1m,1995,Seed,No CRM,£5k-£25k,"[""Google Ads"", ""Meta Ads""]",False,0
Kestrel Learning SAS,kestrel-learning.example,Education,201-1000,FR,Toulouse,£250m+,1966,Series C+,Pipedrive,under £5k,"[""Google Ads""]",True,39
Elmstead Associates GmbH,elmstead-associates.example,Professional services,51-200,DE,Berlin,£1m-£10m,2005,Seed,HubSpot,£25k-£100k,"[""Google Ads"", ""LinkedIn Ads"", ""TikTok Ads""]",True,11
Kestrel Wealth Ltd,kestrel-wealth.example,Financial services,1-10,UK,Birmingham,under £1m,2015,Seed,Pipedrive,under £5k,"[""LinkedIn Ads""]",False,0
Lantern Goods SAS,lantern-goods.example,Retail,1-10,FR,Paris,under £1m,2015,Bootstrapped,Salesforce,under £5k,"[""Microsoft Ads""]",True,2
Kestrel Recruitment Ltd,kestrel-recruitment.example,Professional services,11-50,UK,Bristol,£1m-£10m,2009,Seed,HubSpot,under £5k,"[""Google Ads""]",False,0
Willow Freight Inc,willow-freight.example,Logistics,1-10,US,New York,under £1m,1996,Seed,Spreadsheet,£5k-£25k,"[""Meta Ads"", ""TikTok Ads""]",False,0
Juniper Consulting SAS,juniper-consulting.example,Professional services,1000+,FR,Lyon,£250m+,2017,Public,Salesforce,£100k+,"[""Google Ads"", ""LinkedIn Ads"", ""Meta Ads"", ""Microsoft Ads""]",True,58
Elmstead Stores Ltd,elmstead-stores.example,Retail,11-50,UK,London,£1m-£10m,2013,Series B,HubSpot,none,[],False,0
Tamarind Associates Inc,tamarind-associates.example,Professional services,11-50,US,Austin,£1m-£10m,2012,Seed,HubSpot,under £5k,"[""Meta Ads""]",True,3
Elmstead Components Ltd,elmstead-components.example,Manufacturing,11-50,UK,Bristol,£1m-£10m,2014,Bootstrapped,No CRM,£5k-£25k,"[""Google Ads"", ""LinkedIn Ads""]",False,0
Quayside Trading SAS,quayside-trading.example,Retail,51-200,FR,Toulouse,£10m-£50m,2016,Bootstrapped,Pipedrive,£5k-£25k,"[""LinkedIn Ads"", ""Microsoft Ads""]",True,17
Nettlefield Systems Ltd,nettlefield-systems.example,Software,201-1000,UK,Birmingham,£50m-£250m,2015,Bootstrapped,HubSpot,£25k-£100k,"[""Google Ads"", ""LinkedIn Ads"", ""Microsoft Ads""]",True,18
Falcon Medical BV,falcon-medical.example,Healthcare,1-10,NL,Rotterdam,under £1m,2002,Bootstrapped,Spreadsheet,none,[],False,0
Riverside Lending Inc,riverside-lending.example,Financial services,51-200,US,Boston,£10m-£50m,1998,Series B,Spreadsheet,under £5k,"[""Google Ads""]",True,11
Valley Education SAS,valley-education.example,Education,1-10,FR,Toulouse,under £1m,2009,Seed,Spreadsheet,under £5k,"[""Google Ads""]",False,0
Keystone Care Ltd,keystone-care.example,Healthcare,11-50,UK,Edinburgh,£1m-£10m,2001,Bootstrapped,Salesforce,under £5k,"[""Meta Ads""]",False,0
Juniper Legal Ltd,juniper-legal.example,Professional services,1-10,UK,Bristol,under £1m,2010,Seed,No CRM,none,[],False,0
Redwood Consulting Inc,redwood-consulting.example,Professional services,11-50,US,Boston,£1m-£10m,2024,Series A,Salesforce,£5k-£25k,"[""Google Ads"", ""Meta Ads""]",True,6
Silverline Digital Inc,silverline-digital.example,Software,11-50,US,San Francisco,£1m-£10m,2002,Seed,Spreadsheet,£5k-£25k,"[""Google Ads"", ""Microsoft Ads""]",False,0
Dunmore Accountants Inc,dunmore-accountants.example,Professional services,1000+,US,San Francisco,£250m+,1977,Private equity,Salesforce,none,[],True,52
Tidewater Engineering GmbH,tidewater-engineering.example,Manufacturing,11-50,DE,Berlin,£1m-£10m,2007,Series A,HubSpot,under £5k,"[""Meta Ads""]",True,2
Pennine Pharma Inc,pennine-pharma.example,Healthcare,1-10,US,Austin,under £1m,2007,Seed,HubSpot,£5k-£25k,"[""LinkedIn Ads"", ""TikTok Ads""]",True,2
Emberly Advisory Inc,emberly-advisory.example,Professional services,11-50,US,Chicago,£1m-£10m,2021,Series A,No CRM,£5k-£25k,"[""Google Ads"", ""TikTok Ads""]",False,0
Bramble Data SAS,bramble-data.example,Software,51-200,FR,Lille,£10m-£50m,1998,Private equity,HubSpot,£25k-£100k,"[""Google Ads"", ""LinkedIn Ads"", ""Microsoft Ads""]",False,0
Fernhill Tutors Ltd,fernhill-tutors.example,Education,1-10,UK,Leeds,under £1m,2015,Seed,Spreadsheet,none,[],False,0
Nimbus Outfitters Ltd,nimbus-outfitters.example,Retail,51-200,UK,Bristol,£10m-£50m,1997,Bootstrapped,Salesforce,£5k-£25k,"[""Google Ads"", ""LinkedIn Ads""]",False,0
Silverline Lending Inc,silverline-lending.example,Financial services,1-10,US,Chicago,under £1m,2004,Bootstrapped,HubSpot,under £5k,"[""Meta Ads""]",False,0
Brightwater Education GmbH,brightwater-education.example,Education,201-1000,DE,Munich,£50m-£250m,2008,Series B,Salesforce,£100k+,"[""Google Ads"", ""LinkedIn Ads"", ""Meta Ads"", ""Microsoft Ads""]",True,26
Upland Finance Ltd,upland-finance.example,Financial services,11-50,UK,Bristol,£1m-£10m,2009,Bootstrapped,No CRM,none,[],True,1
Orchard Partners Ltd,orchard-partners.example,Financial services,1-10,UK,London,under £1m,2013,Bootstrapped,Spreadsheet,under £5k,"[""Google Ads""]",False,0
Harbour Wealth Ltd,harbour-wealth.example,Financial services,201-1000,UK,London,£50m-£250m,2017,Private equity,Salesforce,£5k-£25k,"[""Google Ads"", ""Meta Ads""]",True,18
Silverline Transport SAS,silverline-transport.example,Logistics,11-50,FR,Lille,£1m-£10m,2019,Seed,Spreadsheet,under £5k,"[""Google Ads""]",True,4
Falcon Advisory Inc,falcon-advisory.example,Professional services,1-10,US,San Francisco,under £1m,2008,Seed,HubSpot,under £5k,"[""Google Ads""]",False,0
Ivywood College Inc,ivywood-college.example,Education,1-10,US,Seattle,under £1m,2003,Bootstrapped,Pipedrive,under £5k,"[""Meta Ads""]",False,0
Lantern Works Inc,lantern-works.example,Manufacturing,51-200,US,Boston,£10m-£50m,1996,Series B,Salesforce,£5k-£25k,"[""Meta Ads"", ""Microsoft Ads""]",False,0
Evergreen Manufacturing Ltd,evergreen-manufacturing.example,Manufacturing,11-50,UK,Edinburgh,£1m-£10m,2000,Seed,No CRM,under £5k,"[""Google Ads""]",True,3
Keystone Learning Inc,keystone-learning.example,Education,1000+,US,Austin,£250m+,2007,Series C+,Salesforce,£5k-£25k,"[""Google Ads"", ""Meta Ads""]",True,85
Umber Advisory Ltd,umber-advisory.example,Professional services,11-50,UK,Birmingham,£1m-£10m,2024,Bootstrapped,No CRM,£5k-£25k,"[""Microsoft Ads"", ""TikTok Ads""]",True,2
Greystone Haulage Ltd,greystone-haulage.example,Logistics,201-1000,UK,Edinburgh,£50m-£250m,1991,Series A,HubSpot,£25k-£100k,"[""LinkedIn Ads"", ""Meta Ads"", ""Microsoft Ads""]",True,20
Kingsway Associates Ltd,kingsway-associates.example,Professional services,1-10,UK,London,under £1m,2007,Seed,Spreadsheet,under £5k,"[""Google Ads""]",False,0
Vantage Market Ltd,vantage-market.example,Retail,1-10,UK,Bristol,under £1m,1996,Seed,No CRM,under £5k,"[""Meta Ads""]",True,1
Kelvin Works Ltd,kelvin-works.example,Manufacturing,11-50,UK,Leeds,under £1m,2024,Bootstrapped,Salesforce,£25k-£100k,"[""Google Ads"", ""LinkedIn Ads"", ""Meta Ads""]",False,0
Foxglove Outfitters Ltd,foxglove-outfitters.example,Retail,51-200,UK,Edinburgh,£10m-£50m,2017,Series B,HubSpot,£5k-£25k,"[""Google Ads"", ""Microsoft Ads""]",True,12
Brightwater Learning Inc,brightwater-learning.example,Education,51-200,US,Seattle,£10m-£50m,2022,Series B,HubSpot,£5k-£25k,"[""Google Ads"", ""LinkedIn Ads""]",True,10
Bramble Labs GmbH,bramble-labs.example,Software,1000+,DE,Berlin,£250m+,2024,Private equity,HubSpot,£5k-£25k,"[""Meta Ads"", ""TikTok Ads""]",True,53
Kestrel Software BV,kestrel-software.example,Software,1000+,NL,Rotterdam,£250m+,1971,Bootstrapped,Salesforce,£5k-£25k,"[""Google Ads"", ""Meta Ads""]",True,73
Westbrook Education BV,westbrook-education.example,Education,11-50,NL,Amsterdam,£1m-£10m,2007,Series A,HubSpot,none,[],False,0
