email,age_band,household_income_band,country,region,city,job_title,seniority,department,years_in_role,is_homeowner,match_confidence
a.anderson@ashford-tutors.example,25-34,£100k-£150k,UK,London,London,Operations Manager,Manager,Operations,2,True,0.66
a.anderson@beacon-fabrication.example,25-34,£50k-£100k,DE,Hesse,Frankfurt,Operations Manager,Manager,Operations,1,False,0.96
a.anderson@emberly-health.example,35-44,£50k-£100k,FR,Occitanie,Toulouse,Head of Marketing,Manager,Marketing,6,True,0.6
a.anderson@emberly-medical.example,18-24,£50k-£100k,US,Texas,Austin,Assistant,Individual contributor,Operations,2,False,0.8
a.anderson@evergreen-learning.example,25-34,£50k-£100k,FR,Ile-de-France,Paris,Marketing Manager,Manager,Marketing,1,False,0.91
a.anderson@hawthorn-industries.example,25-34,under £25k,US,Massachusetts,Boston,Marketing Executive,Individual contributor,Marketing,2,False,0.85
a.anderson@lindenwood-logistics.example,35-44,£100k-£150k,UK,North West,Manchester,Demand Gen Manager,Manager,Marketing,4,False,0.7
a.anderson@nimbus-capital.example,45-54,£25k-£50k,UK,London,London,Operations Manager,Manager,Operations,5,True,0.77
a.anderson@nimbus-logistics.example,35-44,£150k+,UK,North West,Manchester,Director of Sales,Director or above,Sales,2,True,0.78
a.anderson@pinecrest-pharma.example,35-44,£100k-£150k,US,Illinois,Chicago,Head of Growth,Manager,Marketing,3,True,0.63
a.anderson@riverside-associates.example,45-54,£100k-£150k,US,New York,New York,Director of Sales,Director or above,Sales,6,False,0.76
a.baker@falcon-education.example,35-44,£25k-£50k,UK,North West,Manchester,Demand Gen Manager,Manager,Marketing,2,False,0.66
a.baker@glenmoor-software.example,45-54,under £25k,UK,Scotland,Edinburgh,Marketing Executive,Individual contributor,Marketing,1,False,0.88
a.baker@lindenwood-college.example,35-44,£150k+,UK,Scotland,Edinburgh,Director of Sales,Director or above,Sales,1,True,0.83
a.baker@pennine-legal.example,25-34,£25k-£50k,NL,Utrecht,Utrecht,Analyst,Individual contributor,Operations,1,False,0.89
a.baker@zephyr-engineering.example,35-44,£100k-£150k,US,New York,New York,Marketing Manager,Manager,Marketing,8,True,0.9
a.bakker@beacon-shipping.example,45-54,£50k-£100k,US,New York,New York,Director of Sales,Director or above,Sales,3,True,0.63
a.bakker@foxglove-cloud.example,18-24,under £25k,UK,North West,Manchester,Student,Student,Student,0,False,0.79
a.bakker@kingsway-systems.example,45-54,£50k-£100k,FR,Auvergne-Rhone-Alpes,Lyon,Managing Director,Director or above,Executive,0,True,0.73
a.bakker@nettlefield-outfitters.example,25-34,£50k-£100k,UK,Yorkshire,Leeds,Marketing Manager,Manager,Marketing,2,False,0.71
a.bakker@quartz-dental.example,18-24,£50k-£100k,DE,Berlin,Berlin,Analyst,Individual contributor,Operations,3,False,0.71
a.bakker@umber-engineering.example,25-34,under £25k,US,New York,New York,Assistant,Individual contributor,Operations,2,False,0.71
a.bernard@ivywood-digital.example,35-44,£25k-£50k,NL,North Brabant,Eindhoven,Demand Gen Manager,Manager,Marketing,9,True,0.82
a.bernard@pinecrest-finance.example,25-34,£100k-£150k,US,Massachusetts,Boston,Demand Gen Manager,Manager,Marketing,3,False,0.87
a.bernard@willow-works.example,35-44,£100k-£150k,FR,Auvergne-Rhone-Alpes,Lyon,Head of Growth,Manager,Marketing,2,False,0.71
a.brown@cedar-training.example,25-34,under £25k,UK,Yorkshire,Leeds,Analyst,Individual contributor,Operations,5,False,0.61
a.brown@ivywood-digital.example,25-34,£25k-£50k,NL,North Brabant,Eindhoven,Analyst,Individual contributor,Operations,5,False,0.88
a.brown@thornbury-partners.example,25-34,£50k-£100k,US,Massachusetts,Boston,Assistant,Individual contributor,Operations,4,True,0.86
a.brown@willow-logistics.example,35-44,£25k-£50k,NL,North Holland,Amsterdam,Operations Manager,Manager,Operations,1,True,0.64
a.clarke@juniper-industries.example,55-64,£50k-£100k,UK,West Midlands,Birmingham,Chief Revenue Officer,Director or above,Executive,10,True,0.62
a.clarke@lindenwood-manufacturing.example,25-34,under £25k,NL,North Holland,Amsterdam,Analyst,Individual contributor,Operations,2,True,0.65
a.clarke@nettlefield-medical.example,35-44,£150k+,US,Washington,Seattle,Demand Gen Manager,Manager,Marketing,0,False,0.95
a.clarke@redwood-digital.example,18-24,£25k-£50k,NL,Utrecht,Utrecht,Marketing Coordinator,Individual contributor,Marketing,6,False,0.81
a.clarke@umber-goods.example,18-24,£50k-£100k,FR,Occitanie,Toulouse,Marketing Executive,Individual contributor,Marketing,3,False,0.82
a.clarke@yarrow-shipping.example,25-34,£50k-£100k,UK,Scotland,Edinburgh,Head of Marketing,Manager,Marketing,2,False,0.99
a.davies@cedar-partners.example,45-54,£25k-£50k,DE,Berlin,Berlin,Head of Growth,Manager,Marketing,10,True,0.93
a.davies@westbrook-lending.example,35-44,£25k-£50k,UK,West Midlands,Birmingham,Marketing Manager,Manager,Marketing,7,False,0.67
a.devries@inkwell-trading.example,25-34,£50k-£100k,FR,Auvergne-Rhone-Alpes,Lyon,Demand Gen Manager,Manager,Marketing,4,True,0.72
a.devries@silverline-haulage.example,25-34,under £25k,US,Washington,Seattle,Analyst,Individual contributor,Operations,1,False,0.61
a.dubois@bramble-training.example,35-44,£50k-£100k,US,Massachusetts,Boston,Assistant,Individual contributor,Operations,15,False,0.85
a.dubois@juniper-industries.example,25-34,£100k-£150k,UK,West Midlands,Birmingham,Marketing Director,Director or above,Marketing,17,True,0.71
a.dubois@pennine-associates.example,18-24,under £25k,US,Massachusetts,Boston,Student,Student,Student,0,False,0.61
a.dubois@pinecrest-training.example,25-34,under £25k,UK,Scotland,Edinburgh,Marketing Executive,Individual contributor,Marketing,1,True,0.82
a.dubois@westbrook-health.example,35-44,£50k-£100k,FR,Auvergne-Rhone-Alpes,Lyon,Demand Gen Manager,Manager,Marketing,2,True,0.82
a.dubois@zephyr-goods.example,35-44,£50k-£100k,FR,Occitanie,Toulouse,Head of Marketing,Manager,Marketing,3,True,0.88
a.evans@bluebell-accountants.example,35-44,£100k-£150k,FR,Occitanie,Toulouse,Operations Manager,Manager,Operations,5,False,0.71
a.evans@harbour-partners.example,25-34,under £25k,UK,West Midlands,Birmingham,Marketing Executive,Individual contributor,Marketing,1,False,0.87
a.evans@orchard-labs.example,25-34,£50k-£100k,UK,Scotland,Edinburgh,Marketing Executive,Individual contributor,Marketing,2,False,0.68
a.evans@saltmarsh-partners.example,35-44,£25k-£50k,FR,Occitanie,Toulouse,Head of Growth,Manager,Marketing,3,False,0.67
a.evans@tamarind-medical.example,18-24,under £25k,UK,Scotland,Edinburgh,Student,Student,Student,0,False,0.95
a.evans@westbrook-college.example,35-44,£100k-£150k,DE,Hamburg,Hamburg,Head of Marketing,Manager,Marketing,3,False,0.92
a.evans@willow-fabrication.example,45-54,£50k-£100k,US,Massachusetts,Boston,Founder,Director or above,Executive,4,True,0.89
a.garcia@alder-care.example,35-44,£25k-£50k,FR,Auvergne-Rhone-Alpes,Lyon,Marketing Executive,Individual contributor,Marketing,2,False,0.83
a.garcia@bluebell-health.example,25-34,£25k-£50k,FR,Hauts-de-France,Lille,Assistant,Individual contributor,Operations,3,False,0.65
a.garcia@clearwater-haulage.example,45-54,£100k-£150k,UK,South West,Bristol,Marketing Director,Director or above,Marketing,4,True,0.72
a.garcia@cobalt-logistics.example,45-54,£50k-£100k,FR,Ile-de-France,Paris,Sales Manager,Manager,Sales,4,True,0.95
a.garcia@dunmore-legal.example,25-34,£25k-£50k,FR,Ile-de-France,Paris,Head of Marketing,Manager,Marketing,2,True,0.88
a.garcia@glenmoor-retail.example,35-44,£150k+,DE,Berlin,Berlin,Marketing Director,Director or above,Marketing,2,True,0.62
a.garcia@kingsway-couriers.example,25-34,£50k-£100k,DE,Berlin,Berlin,Marketing Manager,Manager,Marketing,12,True,0.91
a.green@glenmoor-clinics.example,25-34,£50k-£100k,DE,Bavaria,Munich,Demand Gen Manager,Manager,Marketing,0,False,0.77
a.green@oldfield-goods.example,45-54,£100k-£150k,US,California,San Francisco,Director of Sales,Director or above,Sales,7,True,0.81
a.green@rosewood-trading.example,25-34,£50k-£100k,UK,Scotland,Edinburgh,Marketing Executive,Individual contributor,Marketing,0,False,0.71
a.hall@cobalt-industries.example,45-54,£50k-£100k,UK,Yorkshire,Leeds,Founder,Director or above,Executive,4,False,0.98
a.hall@hawthorn-finance.example,25-34,£50k-£100k,US,Illinois,Chicago,Marketing Manager,Manager,Marketing,2,False,0.7
a.hall@heron-pharma.example,45-54,£100k-£150k,FR,Auvergne-Rhone-Alpes,Lyon,Chief Revenue Officer,Director or above,Executive,2,True,0.91
a.hall@quayside-partners.example,35-44,£50k-£100k,UK,West Midlands,Birmingham,Marketing Manager,Manager,Marketing,1,False,0.92
a.hughes@bluebell-works.example,25-34,£25k-£50k,UK,South West,Bristol,Demand Gen Manager,Manager,Marketing,3,False,0.8
a.hughes@cobalt-industries.example,25-34,under £25k,UK,Yorkshire,Leeds,Analyst,Individual contributor,Operations,3,False,0.68
a.hughes@fernhill-stores.example,18-24,£25k-£50k,US,Illinois,Chicago,Analyst,Individual contributor,Operations,3,False,0.91
a.hughes@heron-tutors.example,25-34,£25k-£50k,UK,South West,Bristol,Assistant,Individual contributor,Operations,1,False,0.9
a.hughes@ironbridge-pharma.example,45-54,£50k-£100k,FR,Hauts-de-France,Lille,Marketing Director,Director or above,Marketing,3,False,0.88
a.hughes@meridian-college.example,35-44,£50k-£100k,US,New York,New York,Demand Gen Manager,Manager,Marketing,10,True,0.86
a.hughes@nettlefield-engineering.example,25-34,£25k-£50k,UK,South West,Bristol,Sales Rep,Individual contributor,Sales,1,False,0.87
a.hughes@pinecrest-works.example,25-34,£25k-£50k,DE,Berlin,Berlin,Operations Manager,Manager,Operations,3,True,0.93
a.hughes@thornbury-dental.example,55-64,£50k-£100k,US,California,San Francisco,Marketing Manager,Manager,Marketing,16,True,0.97
a.hughes@valley-education.example,45-54,£50k-£100k,FR,Occitanie,Toulouse,Operations Manager,Manager,Operations,3,False,0.72
a.jansen@cobalt-insurance.example,25-34,under £25k,US,Texas,Austin,Sales Rep,Individual contributor,Sales,3,True,0.9
a.jansen@nettlefield-systems.example,25-34,£25k-£50k,UK,South West,Bristol,Marketing Executive,Individual contributor,Marketing,1,True,0.98
a.johnson@foxglove-learning.example,35-44,£50k-£100k,UK,Scotland,Edinburgh,Sales Manager,Manager,Sales,3,False,0.97
a.johnson@ivywood-dental.example,25-34,£25k-£50k,UK,Yorkshire,Leeds,Head of Growth,Manager,Marketing,1,False,0.91
a.jones@heron-fabrication.example,25-34,£100k-£150k,UK,West Midlands,Birmingham,Operations Manager,Manager,Operations,4,False,0.61
a.jones@heron-pharma.example,35-44,£50k-£100k,FR,Hauts-de-France,Lille,Demand Gen Manager,Manager,Marketing,4,False,0.87
a.jones@quayside-systems.example,25-34,£50k-£100k,UK,Yorkshire,Leeds,Demand Gen Manager,Manager,Marketing,3,True,0.69
a.khan@orchard-education.example,25-34,£25k-£50k,UK,West Midlands,Birmingham,Marketing Executive,Individual contributor,Marketing,1,False,0.86
a.khan@tamarind-freight.example,35-44,£25k-£50k,US,California,San Francisco,Marketing Executive,Individual contributor,Marketing,1,False,0.7
a.king@driftwood-fabrication.example,25-34,£100k-£150k,DE,Hesse,Frankfurt,Sales Manager,Manager,Sales,3,True,0.68
a.king@greystone-tutors.example,45-54,£100k-£150k,DE,Berlin,Berlin,Director of Sales,Director or above,Sales,5,True,0.85
a.king@keystone-consulting.example,25-34,£25k-£50k,UK,North West,Manchester,Assistant,Individual contributor,Operations,2,False,0.79
a.lewis@cedar-manufacturing.example,35-44,£50k-£100k,UK,West Midlands,Birmingham,Marketing Coordinator,Individual contributor,Marketing,1,False,0.63
a.lewis@heron-pharma.example,35-44,£25k-£50k,FR,Ile-de-France,Paris,Head of Growth,Manager,Marketing,3,False,0.62
a.lewis@pebble-consulting.example,18-24,under £25k,UK,Yorkshire,Leeds,Assistant,Individual contributor,Operations,2,False,0.65
a.martin@falcon-lending.example,35-44,£100k-£150k,US,Texas,Austin,Demand Gen Manager,Manager,Marketing,2,False,0.77
a.martin@foxglove-college.example,35-44,£25k-£50k,UK,West Midlands,Birmingham,Head of Growth,Manager,Marketing,14,True,0.78
a.martin@highgate-pharma.example,35-44,£150k+,DE,Berlin,Berlin,VP Marketing,Director or above,Marketing,1,True,0.66
a.martin@ironbridge-industries.example,35-44,£150k+,US,Washington,Seattle,Director of Sales,Director or above,Sales,2,True,0.98
a.martin@orchard-learning.example,25-34,£50k-£100k,UK,North West,Manchester,Operations Manager,Manager,Operations,2,True,0.93
a.martin@zephyr-associates.example,35-44,£50k-£100k,US,California,San Francisco,Head of Marketing,Manager,Marketing,3,True,0.97
a.miller@tidewater-components.example,25-34,£50k-£100k,US,New York,New York,Sales Rep,Individual contributor,Sales,2,False,0.61
a.miller@zephyr-medical.example,45-54,£50k-£100k,DE,Hesse,Frankfurt,Head of Marketing,Manager,Marketing,4,True,0.98
a.moore@alder-wealth.example,35-44,£150k+,UK,West Midlands,Birmingham,Director of Sales,Director or above,Sales,4,False,0.75
a.moore@oakridge-training.example,35-44,£100k-£150k,DE,Berlin,Berlin,Founder,Director or above,Executive,1,True,0.85
a.moore@tamarind-goods.example,25-34,£100k-£150k,DE,Bavaria,Munich,Head of Marketing,Manager,Marketing,20,False,0.65
a.muller@juniper-care.example,35-44,£50k-£100k,NL,Utrecht,Utrecht,VP Marketing,Director or above,Marketing,1,False,0.71
a.muller@lindenwood-associates.example,18-24,£50k-£100k,UK,South West,Bristol,Sales Rep,Individual contributor,Sales,2,False,0.66
a.muller@pennine-clinics.example,35-44,£50k-£100k,FR,Hauts-de-France,Lille,Sales Manager,Manager,Sales,2,False,0.87
a.muller@pennine-retail.example,45-54,£100k-£150k,FR,Occitanie,Toulouse,CEO,Director or above,Executive,9,True,0.68
a.muller@redwood-care.example,35-44,£25k-£50k,US,Texas,Austin,Marketing Executive,Individual contributor,Marketing,2,True,0.74
a.muller@silverline-logistics.example,35-44,£100k-£150k,US,New York,New York,Sales Manager,Manager,Sales,1,False,0.67
a.muller@silverline-stores.example,25-34,£100k-£150k,US,New York,New York,Marketing Manager,Manager,Marketing,9,True,0.85
a.muller@yarrow-legal.example,45-54,£25k-£50k,FR,Ile-de-France,Paris,Operations Manager,Manager,Operations,4,False,0.7
a.murphy@ashford-accountants.example,35-44,£50k-£100k,UK,West Midlands,Birmingham,Marketing Manager,Manager,Marketing,3,True,0.87
a.murphy@elmstead-medical.example,25-34,£100k-£150k,DE,Hamburg,Hamburg,Marketing Manager,Manager,Marketing,0,False,0.68
a.murphy@fernhill-couriers.example,25-34,£100k-£150k,US,New York,New York,Analyst,Individual contributor,Operations,3,False,0.78
a.murphy@highgate-manufacturing.example,25-34,£25k-£50k,UK,West Midlands,Birmingham,Marketing Coordinator,Individual contributor,Marketing,4,False,0.61
a.murphy@kelvin-outfitters.example,18-24,under £25k,DE,Hamburg,Hamburg,Student,Student,Student,0,False,0.71
a.murphy@saltmarsh-cloud.example,45-54,£150k+,UK,North West,Manchester,VP Marketing,Director or above,Marketing,1,True,0.65
a.patel@beacon-fabrication.example,35-44,£25k-£50k,DE,Hamburg,Hamburg,Assistant,Individual contributor,Operations,4,False,0.68
a.patel@fernhill-cloud.example,25-34,£25k-£50k,UK,Yorkshire,Leeds,Marketing Executive,Individual contributor,Marketing,3,False,0.84
a.patel@lantern-pharma.example,45-54,£25k-£50k,NL,South Holland,Rotterdam,Marketing Manager,Manager,Marketing,3,True,0.73
a.patel@northwind-engineering.example,25-34,£25k-£50k,US,Massachusetts,Boston,Marketing Manager,Manager,Marketing,3,True,0.89
a.patel@oakridge-engineering.example,18-24,£25k-£50k,UK,London,London,Assistant,Individual contributor,Operations,4,False,0.84
a.roberts@kelvin-dental.example,35-44,£25k-£50k,US,Illinois,Chicago,Marketing Manager,Manager,Marketing,4,False,0.71
a.roberts@marigold-wealth.example,35-44,£50k-£100k,UK,West Midlands,Birmingham,Marketing Director,Director or above,Marketing,4,True,0.83
a.schmidt@driftwood-haulage.example,35-44,£50k-£100k,US,Texas,Austin,Marketing Executive,Individual contributor,Marketing,2,True,0.73
a.schmidt@harbour-health.example,35-44,£25k-£50k,US,Texas,Austin,Marketing Executive,Individual contributor,Marketing,4,False,0.84
a.schmidt@hawthorn-couriers.example,35-44,£50k-£100k,DE,Berlin,Berlin,Head of Growth,Manager,Marketing,1,True,0.9
a.schmidt@moorland-medical.example,25-34,£50k-£100k,US,Texas,Austin,Analyst,Individual contributor,Operations,5,False,0.96
a.schmidt@thornbury-learning.example,25-34,£25k-£50k,DE,Berlin,Berlin,Analyst,Individual contributor,Operations,1,True,0.63
a.schmidt@umber-insurance.example,35-44,£25k-£50k,US,New York,New York,Marketing Coordinator,Individual contributor,Marketing,1,False,0.96
a.smith@alder-trading.example,45-54,£50k-£100k,US,Washington,Seattle,Head of Growth,Manager,Marketing,1,True,0.71
a.smith@kelvin-couriers.example,45-54,£150k+,UK,Yorkshire,Leeds,Founder,Director or above,Executive,1,True,0.9
a.smith@lantern-dental.example,35-44,£100k-£150k,UK,Yorkshire,Leeds,Director of Sales,Director or above,Sales,5,True,0.77
a.smith@northwind-digital.example,18-24,under £25k,NL,South Holland,Rotterdam,Marketing Executive,Individual contributor,Marketing,13,False,0.98
a.smith@orchard-training.example,18-24,£25k-£50k,UK,North West,Manchester,Marketing Executive,Individual contributor,Marketing,3,False,0.78
a.taylor@foxglove-goods.example,35-44,£25k-£50k,FR,Auvergne-Rhone-Alpes,Lyon,Marketing Executive,Individual contributor,Marketing,4,False,0.86
a.taylor@harbour-partners.example,18-24,under £25k,UK,Scotland,Edinburgh,Sales Rep,Individual contributor,Sales,7,False,0.78
a.taylor@valley-engineering.example,35-44,£50k-£100k,DE,Berlin,Berlin,Director of Sales,Director or above,Sales,6,False,0.86
a.thompson@cobalt-manufacturing.example,25-34,under £25k,US,California,San Francisco,Analyst,Individual contributor,Operations,6,False,0.65
a.thompson@falcon-haulage.example,65+,£50k-£100k,NL,North Brabant,Eindhoven,Director of Sales,Director or above,Sales,1,True,0.98
a.thompson@juniper-retail.example,25-34,£25k-£50k,UK,South West,Bristol,Sales Rep,Individual contributor,Sales,2,False,0.67
a.thompson@nimbus-legal.example,25-34,£25k-£50k,US,Illinois,Chicago,Analyst,Individual contributor,Operations,0,True,0.71
a.thompson@quayside-engineering.example,25-34,£100k-£150k,US,New York,New York,Operations Manager,Manager,Operations,2,True,0.75
a.walker@cedar-transport.example,25-34,£25k-£50k,UK,South West,Bristol,Marketing Coordinator,Individual contributor,Marketing,2,True,0.83
a.walker@clearwater-outfitters.example,55-64,£25k-£50k,US,Massachusetts,Boston,Marketing Manager,Manager,Marketing,2,True,0.66
a.walker@driftwood-learning.example,45-54,£150k+,US,California,San Francisco,VP Marketing,Director or above,Marketing,2,True,0.7
a.walker@quayside-software.example,25-34,£100k-£150k,US,Texas,Austin,Head of Marketing,Manager,Marketing,1,True,0.95
a.weber@granite-recruitment.example,18-24,£50k-£100k,FR,Hauts-de-France,Lille,Sales Rep,Individual contributor,Sales,5,False,0.64
a.weber@harbour-lending.example,45-54,£100k-£150k,UK,West Midlands,Birmingham,Head of Growth,Manager,Marketing,2,False,0.82
a.weber@kestrel-freight.example,45-54,£25k-£50k,US,New York,New York,Demand Gen Manager,Manager,Marketing,3,True,0.95
a.weber@marigold-dental.example,25-34,under £25k,DE,Hamburg,Hamburg,Sales Rep,Individual contributor,Sales,2,False,0.82
a.weber@thornbury-haulage.example,25-34,under £25k,UK,South West,Bristol,Assistant,Individual contributor,Operations,5,True,0.8
a.weber@willow-outfitters.example,45-54,£50k-£100k,UK,West Midlands,Birmingham,Marketing Director,Director or above,Marketing,2,True,0.84
a.white@bramble-academy.example,18-24,£50k-£100k,UK,Yorkshire,Leeds,Marketing Manager,Manager,Marketing,1,True,0.84
a.white@driftwood-accountants.example,25-34,£100k-£150k,UK,North West,Manchester,Operations Manager,Manager,Operations,1,True,0.67
a.white@driftwood-associates.example,18-24,£50k-£100k,US,Massachusetts,Boston,Sales Rep,Individual contributor,Sales,1,False,0.68
a.white@larkspur-industries.example,25-34,£25k-£50k,NL,Utrecht,Utrecht,Marketing Coordinator,Individual contributor,Marketing,3,True,0.96
a.white@nimbus-software.example,45-54,£50k-£100k,UK,North West,Manchester,Head of Growth,Manager,Marketing,3,False,0.69
a.white@orchard-lending.example,35-44,£100k-£150k,FR,Occitanie,Toulouse,VP Marketing,Director or above,Marketing,15,True,0.98
a.white@upland-industries.example,55-64,£50k-£100k,DE,Berlin,Berlin,Founder,Director or above,Executive,4,True,0.85
a.williams@granite-digital.example,25-34,£50k-£100k,US,Washington,Seattle,Assistant,Individual contributor,Operations,11,False,0.8
a.williams@kelvin-shipping.example,25-34,£25k-£50k,UK,North West,Manchester,Marketing Executive,Individual contributor,Marketing,1,False,0.79
a.williams@keystone-shipping.example,25-34,£50k-£100k,US,Texas,Austin,Sales Manager,Manager,Sales,1,True,0.61
a.williams@valley-digital.example,35-44,£50k-£100k,DE,Hesse,Frankfurt,Marketing Director,Director or above,Marketing,4,True,0.95
a.wilson@jasper-trading.example,25-34,£100k-£150k,US,Illinois,Chicago,Marketing Manager,Manager,Marketing,3,True,0.8
a.wilson@marigold-insurance.example,25-34,£25k-£50k,UK,South West,Bristol,Assistant,Individual contributor,Operations,3,False,0.73
a.wilson@saltmarsh-labs.example,25-34,£25k-£50k,DE,Hesse,Frankfurt,Marketing Executive,Individual contributor,Marketing,2,False,0.91
a.wood@cobalt-engineering.example,25-34,£25k-£50k,DE,Hesse,Frankfurt,Analyst,Individual contributor,Operations,1,False,0.96
a.wright@clearwater-labs.example,35-44,£25k-£50k,US,Illinois,Chicago,Marketing Executive,Individual contributor,Marketing,2,False,0.9
a.wright@cobalt-care.example,25-34,£25k-£50k,UK,West Midlands,Birmingham,Marketing Coordinator,Individual contributor,Marketing,1,True,0.95
a.wright@marigold-transport.example,35-44,£25k-£50k,NL,North Brabant,Eindhoven,Analyst,Individual contributor,Operations,4,False,0.78
a.wright@meridian-fabrication.example,35-44,£50k-£100k,DE,Berlin,Berlin,Chief Revenue Officer,Director or above,Executive,0,False,0.63
a.wright@oldfield-insurance.example,25-34,£25k-£50k,UK,Scotland,Edinburgh,Assistant,Individual contributor,Operations,3,False,0.8
a.wright@rosewood-goods.example,35-44,£50k-£100k,UK,South West,Bristol,Operations Manager,Manager,Operations,8,True,0.79
a.wright@vantage-transport.example,25-34,£25k-£50k,NL,North Brabant,Eindhoven,Assistant,Individual contributor,Operations,6,True,0.82
a.young@brightwater-tutors.example,25-34,£50k-£100k,UK,Scotland,Edinburgh,Marketing Coordinator,Individual contributor,Marketing,1,False,0.79
a.young@tidewater-dental.example,45-54,£50k-£100k,UK,North West,Manchester,VP Marketing,Director or above,Marketing,0,True,0.71
a.young@willow-wealth.example,18-24,under £25k,US,New York,New York,Student,Student,Student,0,False,0.64
aanderson216@icloud.example,35-44,£25k-£50k,UK,Scotland,Edinburgh,Head of Growth,Manager,Marketing,2,False,0.65
aanderson792@icloud.example,25-34,under £25k,NL,North Holland,Amsterdam,Marketing Executive,Individual contributor,Marketing,6,False,0.75
abrown475@gmail.example,45-54,£25k-£50k,DE,Berlin,Berlin,Assistant,Individual contributor,Operations,3,False,0.79
aclarke072@icloud.example,35-44,under £25k,US,California,San Francisco,Head of Growth,Manager,Marketing,1,True,0.67
aclarke414@outlook.example,25-34,£100k-£150k,US,California,San Francisco,Head of Growth,Manager,Marketing,9,True,0.79
adam.baker@willow-works.example,35-44,£100k-£150k,FR,Auvergne-Rhone-Alpes,Lyon,Sales Manager,Manager,Sales,0,True,0.83
adam.bakker@hotmail.example,45-54,£150k+,UK,South West,Bristol,CEO,Director or above,Executive,2,True,0.74
adam.bakker@icloud.example,35-44,£25k-£50k,DE,Hamburg,Hamburg,Marketing Manager,Manager,Marketing,6,False,0.86
adam.clarke@marigold-transport.example,35-44,£100k-£150k,NL,Utrecht,Utrecht,Marketing Manager,Manager,Marketing,2,True,0.99
adam.davies@pebble-tutors.example,18-24,under £25k,DE,Hamburg,Hamburg,Marketing Coordinator,Individual contributor,Marketing,6,False,0.87
adam.dubois@hotmail.example,25-34,under £25k,UK,West Midlands,Birmingham,Marketing Coordinator,Individual contributor,Marketing,2,True,0.95
adam.dubois@yahoo.example,35-44,£50k-£100k,FR,Hauts-de-France,Lille,Operations Manager,Manager,Operations,6,False,0.68
adam.evans@evergreen-pharma.example,25-34,£100k-£150k,UK,London,London,Marketing Director,Director or above,Marketing,3,True,0.94
adam.evans@ironbridge-systems.example,55-64,£150k+,US,Massachusetts,Boston,VP Marketing,Director or above,Marketing,1,False,0.8
adam.evans@meridian-retail.example,35-44,£100k-£150k,UK,South West,Bristol,Head of Marketing,Manager,Marketing,5,False,0.91
adam.garcia@quartz-digital.example,35-44,£150k+,US,New York,New York,VP Marketing,Director or above,Marketing,10,True,0.81
adam.green@outlook.example,25-34,£25k-£50k,UK,West Midlands,Birmingham,Analyst,Individual contributor,Operations,1,False,0.88
adam.hughes@icloud.example,25-34,£50k-£100k,DE,Bavaria,Munich,Marketing Coordinator,Individual contributor,Marketing,2,False,0.81
adam.hughes@willow-outfitters.example,45-54,£100k-£150k,UK,West Midlands,Birmingham,Marketing Manager,Manager,Marketing,3,True,0.91
adam.jansen@evergreen-medical.example,55-64,£150k+,FR,Ile-de-France,Paris,Founder,Director or above,Executive,1,True,0.88
adam.jansen@tamarind-works.example,35-44,£50k-£100k,UK,North West,Manchester,Marketing Manager,Manager,Marketing,2,True,0.97
adam.jones@cobalt-goods.example,25-34,under £25k,UK,South West,Bristol,Analyst,Individual contributor,Operations,1,False,0.65
adam.khan@alder-cloud.example,35-44,£50k-£100k,US,New York,New York,Head of Growth,Manager,Marketing,6,False,0.74
adam.khan@northwind-digital.example,25-34,£25k-£50k,NL,North Brabant,Eindhoven,Marketing Executive,Individual contributor,Marketing,5,False,0.72
adam.khan@redwood-care.example,45-54,£100k-£150k,US,California,San Francisco,Marketing Director,Director or above,Marketing,2,True,0.75
adam.king@vantage-manufacturing.example,25-34,£50k-£100k,UK,North West,Manchester,Assistant,Individual contributor,Operations,0,False,0.62
adam.lewis@norfolk-academy.example,25-34,£25k-£50k,NL,North Holland,Amsterdam,Marketing Coordinator,Individual contributor,Marketing,1,False,0.95
adam.martin@outlook.example,45-54,£150k+,US,California,San Francisco,Chief Revenue Officer,Director or above,Executive,1,True,0.64
adam.miller@ashford-consulting.example,35-44,£100k-£150k,US,Massachusetts,Boston,Sales Manager,Manager,Sales,7,False,0.69
adam.miller@gmail.example,25-34,£100k-£150k,FR,Ile-de-France,Paris,Demand Gen Manager,Manager,Marketing,3,True,0.69
adam.muller@pebble-retail.example,25-34,£100k-£150k,US,New York,New York,Sales Manager,Manager,Sales,1,True,0.71
adam.muller@silverline-capital.example,35-44,£100k-£150k,DE,Bavaria,Munich,Managing Director,Director or above,Executive,0,True,0.82
adam.muller@valley-legal.example,45-54,£25k-£50k,US,Illinois,Chicago,Sales Manager,Manager,Sales,1,True,0.92
adam.murphy53@hotmail.example,18-24,£50k-£100k,US,Massachusetts,Boston,Student,Student,Student,0,False,0.64
adam.murphy@alder-wealth.example,35-44,£25k-£50k,UK,Scotland,Edinburgh,Head of Marketing,Manager,Marketing,4,False,0.77
adam.murphy@foxglove-outfitters.example,25-34,£25k-£50k,UK,North West,Manchester,Operations Manager,Manager,Operations,0,True,0.69
adam.murphy@harbour-care.example,25-34,£50k-£100k,UK,Yorkshire,Leeds,Analyst,Individual contributor,Operations,1,False,0.62
adam.patel@dovecote-tutors.example,25-34,£25k-£50k,US,New York,New York,Head of Growth,Manager,Marketing,0,False,0.89
adam.smith@orchard-cloud.example,35-44,£50k-£100k,UK,West Midlands,Birmingham,Director of Sales,Director or above,Sales,1,True,0.94
adam.weber@dovecote-systems.example,25-34,£50k-£100k,FR,Occitanie,Toulouse,Marketing Manager,Manager,Marketing,3,False,0.97
adam.weber@gmail.example,45-54,£150k+,FR,Hauts-de-France,Lille,Managing Director,Director or above,Executive,4,True,0.98
adam.weber@umber-accountants.example,35-44,£50k-£100k,FR,Occitanie,Toulouse,Sales Manager,Manager,Sales,2,True,0.68
adam.white@dunmore-education.example,25-34,£50k-£100k,FR,Ile-de-France,Paris,Marketing Manager,Manager,Marketing,1,True,0.75
adam.white@elmstead-college.example,55-64,£50k-£100k,US,Massachusetts,Boston,Sales Manager,Manager,Sales,1,True,0.98
adam.white@oldfield-partners.example,35-44,£100k-£150k,DE,Bavaria,Munich,Operations Manager,Manager,Operations,0,True,0.76
adam.wood@highgate-pharma.example,35-44,£50k-£100k,DE,Berlin,Berlin,Managing Director,Director or above,Executive,2,True,0.66
adam.wood@outlook.example,18-24,under £25k,US,Illinois,Chicago,Student,Student,Student,0,False,0.69
adam.wright@ivywood-data.example,45-54,£100k-£150k,DE,Hesse,Frankfurt,Managing Director,Director or above,Executive,5,True,0.76
adam.wright@thornbury-partners.example,18-24,£50k-£100k,US,California,San Francisco,Marketing Executive,Individual contributor,Marketing,4,False,0.94
adam.young@nettlefield-advisory.example,18-24,£25k-£50k,NL,South Holland,Rotterdam,Marketing Executive,Individual contributor,Marketing,3,True,0.73
adam@cedar-dental.example,25-34,£50k-£100k,UK,London,London,Assistant,Individual contributor,Operations,4,False,0.71
adam@dovecote-tutors.example,25-34,£100k-£150k,US,California,San Francisco,Marketing Coordinator,Individual contributor,Marketing,4,False,0.69
adam@driftwood-pharma.example,25-34,£50k-£100k,US,California,San Francisco,Assistant,Individual contributor,Operations,1,False,0.69
adam@emberly-finance.example,25-34,£25k-£50k,US,California,San Francisco,Marketing Executive,Individual contributor,Marketing,4,True,0.73
adam@fernhill-logistics.example,55-64,£100k-£150k,UK,North West,Manchester,Chief Revenue Officer,Director or above,Executive,4,True,0.78
adam@glenmoor-pharma.example,55-64,£100k-£150k,US,New York,New York,Director of Sales,Director or above,Sales,10,True,0.94
adam@hawthorn-cloud.example,35-44,under £25k,US,Illinois,Chicago,Marketing Executive,Individual contributor,Marketing,4,False,0.98
adam@hawthorn-learning.example,25-34,£50k-£100k,US,California,San Francisco,Head of Marketing,Manager,Marketing,1,True,0.79
adam@jasper-retail.example,25-34,£50k-£100k,NL,South Holland,Rotterdam,Operations Manager,Manager,Operations,3,False,0.63
adam@larkspur-couriers.example,25-34,under £25k,FR,Auvergne-Rhone-Alpes,Lyon,Marketing Coordinator,Individual contributor,Marketing,1,False,0.61
adam@norfolk-dental.example,35-44,£50k-£100k,UK,Scotland,Edinburgh,Founder,Director or above,Executive,25,True,0.8
adam@norfolk-logistics.example,35-44,£25k-£50k,UK,South West,Bristol,Head of Growth,Manager,Marketing,1,True,0.67
adam@oldfield-tutors.example,25-34,under £25k,NL,North Brabant,Eindhoven,Sales Rep,Individual contributor,Sales,1,False,0.83
adam@orchard-capital.example,18-24,under £25k,DE,Bavaria,Munich,Student,Student,Student,0,False,0.75
adam@pennine-fabrication.example,18-24,under £25k,US,New York,New York,Analyst,Individual contributor,Operations,3,False,0.74
adam@pinecrest-stores.example,35-44,under £25k,US,Washington,Seattle,Marketing Executive,Individual contributor,Marketing,2,False,0.72
adam@quartz-retail.example,55-64,£100k-£150k,UK,Yorkshire,Leeds,Marketing Director,Director or above,Marketing,1,False,0.75
adam@silverline-associates.example,55-64,£50k-£100k,UK,West Midlands,Birmingham,VP Marketing,Director or above,Marketing,1,False,0.78
adam@stonebridge-academy.example,25-34,£50k-£100k,FR,Auvergne-Rhone-Alpes,Lyon,Sales Rep,Individual contributor,Sales,4,False,0.79
adam@stonebridge-components.example,45-54,£25k-£50k,US,New York,New York,Assistant,Individual contributor,Operations,4,True,0.96
adam@tamarind-market.example,45-54,£150k+,FR,Ile-de-France,Paris,Founder,Director or above,Executive,1,True,0.91
adam@tidewater-manufacturing.example,25-34,£50k-£100k,US,New York,New York,Head of Growth,Manager,Marketing,1,False,0.76
adam@upland-associates.example,35-44,£25k-£50k,UK,North West,Manchester,Marketing Executive,Individual contributor,Marketing,3,True,0.76
adam@valley-manufacturing.example,55-64,£150k+,DE,Berlin,Berlin,Director of Sales,Director or above,Sales,2,True,0.61
adam@vantage-partners.example,25-34,£100k-£150k,US,New York,New York,Analyst,Individual contributor,Operations,2,True,0.66
adam@willow-freight.example,35-44,£50k-£100k,US,Texas,Austin,Sales Manager,Manager,Sales,1,False,0.9
adam@yarrow-tutors.example,45-54,£100k-£150k,US,Washington,Seattle,Operations Manager,Manager,Operations,21,False,0.67
adamanderson89@outlook.example,45-54,£50k-£100k,DE,Bavaria,Munich,Sales Manager,Manager,Sales,4,False,0.64
adambaker18@outlook.example,45-54,£50k-£100k,UK,Scotland,Edinburgh,Chief Revenue Officer,Director or above,Executive,3,False,0.97
adambaker32@icloud.example,25-34,£100k-£150k,US,Texas,Austin,Assistant,Individual contributor,Operations,2,False,0.89
adambakker22@gmail.example,45-54,£50k-£100k,UK,Yorkshire,Leeds,Head of Growth,Manager,Marketing,1,True,0.85
adambernard31@hotmail.example,18-24,£50k-£100k,DE,Hesse,Frankfurt,Assistant,Individual contributor,Operations,2,True,0.84
adamdavies41@outlook.example,18-24,£25k-£50k,US,California,San Francisco,Student,Student,Student,0,False,0.74
adamdevries89@yahoo.example,35-44,£150k+,US,New York,New York,Demand Gen Manager,Manager,Marketing,4,False,0.79
adamjones39@gmail.example,25-34,under £25k,US,Illinois,Chicago,Assistant,Individual contributor,Operations,1,False,0.65
adampatel99@icloud.example,18-24,£25k-£50k,US,Texas,Austin,Student,Student,Student,0,False,0.65
adamschmidt23@icloud.example,25-34,£25k-£50k,UK,North West,Manchester,Sales Manager,Manager,Sales,0,True,0.63
adamschmidt70@yahoo.example,25-34,£25k-£50k,UK,Scotland,Edinburgh,Analyst,Individual contributor,Operations,3,False,0.84
adamscott92@yahoo.example,35-44,under £25k,UK,South West,Bristol,Assistant,Individual contributor,Operations,2,False,0.85
adamthompson84@yahoo.example,45-54,£50k-£100k,NL,North Holland,Amsterdam,Sales Manager,Manager,Sales,3,True,0.84
adamthompson98@icloud.example,25-34,£150k+,US,Washington,Seattle,Sales Manager,Manager,Sales,7,True,0.94
adamweber53@gmail.example,45-54,£100k-£150k,US,Massachusetts,Boston,CEO,Director or above,Executive,2,False,0.94
adamwilliams55@yahoo.example,35-44,£50k-£100k,UK,Yorkshire,Leeds,Marketing Director,Director or above,Marketing,1,True,0.98
adamwood21@yahoo.example,35-44,£25k-£50k,US,Massachusetts,Boston,Sales Manager,Manager,Sales,11,False,0.78
adevries159@yahoo.example,45-54,£50k-£100k,FR,Ile-de-France,Paris,Head of Growth,Manager,Marketing,2,True,0.78
adubois857@icloud.example,25-34,£25k-£50k,US,Illinois,Chicago,Sales Rep,Individual contributor,Sales,3,True,0.8
aevans181@outlook.example,25-34,£50k-£100k,NL,North Holland,Amsterdam,Head of Marketing,Manager,Marketing,4,True,0.99
agreen664@outlook.example,25-34,£25k-£50k,FR,Auvergne-Rhone-Alpes,Lyon,Marketing Coordinator,Individual contributor,Marketing,9,False,0.64
ajones201@outlook.example,25-34,under £25k,DE,Berlin,Berlin,Assistant,Individual contributor,Operations,11,False,0.68
ajones755@icloud.example,35-44,£100k-£150k,UK,North West,Manchester,CEO,Director or above,Executive,5,True,0.96
ajones842@hotmail.example,55-64,£100k-£150k,DE,Hesse,Frankfurt,Director of Sales,Director or above,Sales,5,True,0.98
alewis689@hotmail.example,25-34,£50k-£100k,US,Washington,Seattle,Assistant,Individual contributor,Operations,5,False,0.84
amartin482@yahoo.example,18-24,£25k-£50k,DE,Bavaria,Munich,Marketing Coordinator,Individual contributor,Marketing,6,True,0.79
amartin541@outlook.example,18-24,under £25k,US,Illinois,Chicago,Sales Rep,Individual contributor,Sales,3,False,0.97
amelia.anderson@keystone-care.example,35-44,£50k-£100k,UK,North West,Manchester,Marketing Executive,Individual contributor,Marketing,2,False,0.63
amelia.anderson@outlook.example,35-44,£25k-£50k,UK,South West,Bristol,Assistant,Individual contributor,Operations,0,False,0.85
amelia.bakker@granite-manufacturing.example,35-44,£150k+,UK,West Midlands,Birmingham,Managing Director,Director or above,Executive,8,False,0.76
amelia.bakker@yahoo.example,35-44,£25k-£50k,US,Texas,Austin,Operations Manager,Manager,Operations,3,True,0.82
amelia.bernard@aurora-systems.example,45-54,£25k-£50k,NL,North Brabant,Eindhoven,Marketing Manager,Manager,Marketing,3,True,0.9
amelia.clarke@driftwood-fabrication.example,18-24,under £25k,DE,Berlin,Berlin,Analyst,Individual contributor,Operations,1,True,0.96
amelia.clarke@gmail.example,35-44,£50k-£100k,UK,South West,Bristol,VP Marketing,Director or above,Marketing,3,True,0.89
amelia.clarke@highgate-engineering.example,45-54,under £25k,FR,Hauts-de-France,Lille,Analyst,Individual contributor,Operations,2,False,0.83
amelia.clarke@vantage-pharma.example,25-34,£50k-£100k,US,Massachusetts,Boston,Sales Manager,Manager,Sales,7,True,0.88
amelia.davies@outlook.example,55-64,£50k-£100k,UK,London,London,VP Marketing,Director or above,Marketing,8,False,0.85
amelia.davies@tamarind-data.example,35-44,£50k-£100k,FR,Occitanie,Toulouse,Sales Manager,Manager,Sales,1,False,0.96
amelia.evans@icloud.example,25-34,£50k-£100k,US,Illinois,Chicago,Marketing Executive,Individual contributor,Marketing,0,True,0.82
amelia.evans@saltmarsh-outfitters.example,45-54,£25k-£50k,UK,North West,Manchester,Head of Marketing,Manager,Marketing,1,True,0.61
amelia.green@marigold-cloud.example,55-64,£150k+,US,California,San Francisco,CEO,Director or above,Executive,4,True,0.72
amelia.hall@nimbus-fabrication.example,25-34,£25k-£50k,UK,London,London,Marketing Executive,Individual contributor,Marketing,2,False,0.62
amelia.hughes@glenmoor-industries.example,45-54,£100k-£150k,US,Texas,Austin,Founder,Director or above,Executive,2,False,0.78
amelia.hughes@hotmail.example,35-44,£25k-£50k,US,Texas,Austin,Marketing Executive,Individual contributor,Marketing,1,False,0.6
amelia.hughes@nettlefield-tutors.example,35-44,£100k-£150k,US,Massachusetts,Boston,Head of Growth,Manager,Marketing,0,True,0.96
amelia.hughes@thornbury-advisory.example,25-34,£50k-£100k,US,Illinois,Chicago,Sales Manager,Manager,Sales,7,True,0.78
amelia.jansen@upland-works.example,25-34,£25k-£50k,FR,Occitanie,Toulouse,Sales Manager,Manager,Sales,6,False,0.73
amelia.jones@brightwater-retail.example,25-34,£50k-£100k,DE,Berlin,Berlin,Marketing Manager,Manager,Marketing,10,False,0.67
amelia.jones@evergreen-fabrication.example,25-34,under £25k,UK,West Midlands,Birmingham,Marketing Coordinator,Individual contributor,Marketing,2,False,0.96
amelia.jones@moorland-dental.example,35-44,£100k-£150k,FR,Ile-de-France,Paris,Chief Revenue Officer,Director or above,Executive,3,True,0.63
amelia.khan@harbour-shipping.example,18-24,£25k-£50k,UK,South West,Bristol,Analyst,Individual contributor,Operations,17,False,0.76
amelia.khan@yahoo.example,18-24,under £25k,UK,West Midlands,Birmingham,Student,Student,Student,0,False,0.74
amelia.king@norfolk-care.example,35-44,£150k+,FR,Occitanie,Toulouse,VP Marketing,Director or above,Marketing,5,False,0.98
amelia.lewis@juniper-outfitters.example,25-34,£25k-£50k,US,California,San Francisco,Marketing Executive,Individual contributor,Marketing,2,False,0.97
amelia.lewis@saltmarsh-trading.example,25-34,£25k-£50k,FR,Auvergne-Rhone-Alpes,Lyon,Assistant,Individual contributor,Operations,2,False,0.77
amelia.martin@beacon-software.example,25-34,£25k-£50k,DE,Hamburg,Hamburg,Assistant,Individual contributor,Operations,1,False,0.94
amelia.martin@highgate-capital.example,45-54,£100k-£150k,US,Texas,Austin,CEO,Director or above,Executive,3,True,0.83
amelia.martin@rosewood-clinics.example,18-24,under £25k,DE,Berlin,Berlin,Analyst,Individual contributor,Operations,25,False,0.96
amelia.martin@umber-logistics.example,25-34,£50k-£100k,FR,Hauts-de-France,Lille,Sales Manager,Manager,Sales,2,False,0.62
amelia.miller@oldfield-legal.example,45-54,£150k+,FR,Occitanie,Toulouse,Managing Director,Director or above,Executive,14,True,0.97
amelia.moore@emberly-labs.example,25-34,£25k-£50k,UK,London,London,Marketing Executive,Individual contributor,Marketing,1,False,0.75
amelia.moore@oakridge-stores.example,25-34,£100k-£150k,US,Texas,Austin,Assistant,Individual contributor,Operations,6,True,0.63
amelia.muller@yahoo.example,25-34,£50k-£100k,US,Washington,Seattle,Marketing Coordinator,Individual contributor,Marketing,2,True,0.85
amelia.roberts@clearwater-systems.example,35-44,£25k-£50k,DE,Hamburg,Hamburg,Head of Marketing,Manager,Marketing,1,True,0.62
amelia.roberts@valley-outfitters.example,55-64,£100k-£150k,DE,Hesse,Frankfurt,CEO,Director or above,Executive,4,True,0.98
amelia.schmidt@hotmail.example,18-24,under £25k,UK,South West,Bristol,Sales Rep,Individual contributor,Sales,1,False,0.7
amelia.scott@juniper-insurance.example,35-44,£50k-£100k,UK,Scotland,Edinburgh,Marketing Manager,Manager,Marketing,1,True,0.87
amelia.scott@pebble-consulting.example,25-34,£25k-£50k,UK,South West,Bristol,Sales Manager,Manager,Sales,5,True,0.69
amelia.smith@kestrel-recruitment.example,35-44,£50k-£100k,UK,North West,Manchester,Sales Manager,Manager,Sales,2,True,0.94
amelia.thompson@pebble-components.example,25-34,under £25k,NL,South Holland,Rotterdam,Sales Rep,Individual contributor,Sales,4,False,0.68
amelia.walker@greystone-stores.example,45-54,£100k-£150k,UK,Yorkshire,Leeds,Founder,Director or above,Executive,1,True,0.97
amelia.weber@kestrel-advisory.example,35-44,£100k-£150k,US,California,San Francisco,Head of Growth,Manager,Marketing,4,False,0.8
amelia.white@dovecote-labs.example,25-34,£50k-£100k,UK,North West,Manchester,Demand Gen Manager,Manager,Marketing,2,False,0.99
amelia.williams@tidewater-engineering.example,18-24,under £25k,DE,Hamburg,Hamburg,Assistant,Individual contributor,Operations,1,False,0.69
amelia.wilson54@outlook.example,18-24,under £25k,DE,Hesse,Frankfurt,Student,Student,Student,0,False,0.67
amelia.wood@foxglove-wealth.example,35-44,£25k-£50k,UK,Scotland,Edinburgh,Sales Rep,Individual contributor,Sales,5,True,0.93
amelia.wood@hawthorn-manufacturing.example,25-34,£50k-£100k,NL,South Holland,Rotterdam,Head of Marketing,Manager,Marketing,8,True,0.87
amelia.wood@marigold-education.example,45-54,£50k-£100k,US,New York,New York,Head of Marketing,Manager,Marketing,7,True,0.63
amelia.wright@gmail.example,35-44,£25k-£50k,US,Texas,Austin,Head of Growth,Manager,Marketing,7,False,0.94
amelia.wright@nimbus-haulage.example,35-44,£25k-£50k,DE,Berlin,Berlin,Head of Growth,Manager,Marketing,8,True,0.92
amelia.young@clearwater-consulting.example,25-34,£25k-£50k,DE,Bavaria,Munich,Marketing Coordinator,Individual contributor,Marketing,2,False,0.7
amelia@beacon-haulage.example,25-34,£50k-£100k,NL,North Holland,Amsterdam,Demand Gen Manager,Manager,Marketing,2,False,0.7
amelia@bluebell-outfitters.example,25-34,£50k-£100k,FR,Hauts-de-France,Lille,Operations Manager,Manager,Operations,9,True,0.79
amelia@cedar-haulage.example,25-34,£25k-£50k,DE,Hesse,Frankfurt,Demand Gen Manager,Manager,Marketing,1,False,0.81
amelia@driftwood-learning.example,25-34,£50k-£100k,US,California,San Francisco,Analyst,Individual contributor,Operations,14,False,0.81
amelia@falcon-training.example,25-34,£25k-£50k,UK,West Midlands,Birmingham,Marketing Coordinator,Individual contributor,Marketing,8,False,0.89
amelia@fernhill-goods.example,45-54,£100k-£150k,UK,North West,Manchester,Head of Growth,Manager,Marketing,1,False,0.61
amelia@granite-data.example,45-54,£100k-£150k,UK,Yorkshire,Leeds,Founder,Director or above,Executive,4,True,0.66
amelia@heron-data.example,45-54,£50k-£100k,UK,South West,Bristol,Sales Manager,Manager,Sales,2,True,0.96
amelia@highgate-pharma.example,35-44,£100k-£150k,DE,Hesse,Frankfurt,Director of Sales,Director or above,Sales,3,True,0.86
amelia@kelvin-outfitters.example,35-44,£50k-£100k,DE,Bavaria,Munich,Head of Marketing,Manager,Marketing,6,False,0.99
amelia@keystone-recruitment.example,45-54,£50k-£100k,NL,Utrecht,Utrecht,Marketing Manager,Manager,Marketing,4,False,0.92
amelia@larkspur-health.example,25-34,£50k-£100k,FR,Auvergne-Rhone-Alpes,Lyon,Demand Gen Manager,Manager,Marketing,3,True,0.92
amelia@marigold-market.example,35-44,£25k-£50k,US,Washington,Seattle,Analyst,Individual contributor,Operations,4,False,0.83
amelia@meridian-lending.example,25-34,£25k-£50k,UK,North West,Manchester,Assistant,Individual contributor,Operations,19,False,0.87
amelia@moorland-wealth.example,18-24,£25k-£50k,NL,Utrecht,Utrecht,Sales Rep,Individual contributor,Sales,0,False,0.6
amelia@nettlefield-engineering.example,45-54,£50k-£100k,UK,North West,Manchester,Founder,Director or above,Executive,0,True,0.74
amelia@nimbus-freight.example,65+,£50k-£100k,DE,Hamburg,Hamburg,Chief Revenue Officer,Director or above,Executive,8,True,0.95
amelia@oakridge-advisory.example,25-34,£25k-£50k,UK,Yorkshire,Leeds,Marketing Coordinator,Individual contributor,Marketing,0,True,0.86
amelia@pinecrest-outfitters.example,35-44,£50k-£100k,UK,Yorkshire,Leeds,Operations Manager,Manager,Operations,2,False,0.92
amelia@redwood-outfitters.example,55-64,£50k-£100k,DE,Berlin,Berlin,Operations Manager,Manager,Operations,1,False,0.94
amelia@tamarind-academy.example,25-34,£25k-£50k,US,Texas,Austin,Sales Rep,Individual contributor,Sales,2,False,0.71
amelia@thornbury-digital.example,18-24,under £25k,UK,North West,Manchester,Student,Student,Student,0,False,0.79
amelia@umber-recruitment.example,35-44,£25k-£50k,US,Washington,Seattle,Marketing Coordinator,Individual contributor,Marketing,6,False,0.86
amelia@vantage-logistics.example,45-54,£100k-£150k,UK,West Midlands,Birmingham,Marketing Director,Director or above,Marketing,2,False,0.97
ameliabaker09@icloud.example,25-34,£25k-£50k,UK,South West,Bristol,Marketing Executive,Individual contributor,Marketing,6,False,0.76
ameliabaker80@yahoo.example,25-34,£25k-£50k,US,Texas,Austin,Marketing Coordinator,Individual contributor,Marketing,1,False,0.73
ameliaevans23@outlook.example,18-24,under £25k,FR,Occitanie,Toulouse,Student,Student,Student,0,True,0.85
ameliaevans95@gmail.example,18-24,£50k-£100k,US,New York,New York,Marketing Executive,Individual contributor,Marketing,10,False,0.84
ameliagarcia88@gmail.example,35-44,£50k-£100k,FR,Auvergne-Rhone-Alpes,Lyon,Chief Revenue Officer,Director or above,Executive,3,True,0.96
ameliagreen83@yahoo.example,45-54,£50k-£100k,UK,Scotland,Edinburgh,Head of Marketing,Manager,Marketing,6,False,0.78
ameliajohnson35@yahoo.example,35-44,£25k-£50k,UK,South West,Bristol,Demand Gen Manager,Manager,Marketing,1,True,0.74
ameliaking15@icloud.example,35-44,£100k-£150k,US,Washington,Seattle,Head of Marketing,Manager,Marketing,6,False,0.91
ameliamartin87@gmail.example,25-34,£25k-£50k,US,California,San Francisco,Analyst,Individual contributor,Operations,1,True,0.63
ameliaroberts93@icloud.example,25-34,£25k-£50k,DE,Hesse,Frankfurt,Marketing Executive,Individual contributor,Marketing,3,False,0.96
ameliawalker24@yahoo.example,35-44,£150k+,DE,Berlin,Berlin,Founder,Director or above,Executive,8,True,0.71
ameliawood37@icloud.example,35-44,under £25k,FR,Auvergne-Rhone-Alpes,Lyon,Marketing Coordinator,Individual contributor,Marketing,6,True,0.8
amiller232@gmail.example,25-34,£25k-£50k,FR,Auvergne-Rhone-Alpes,Lyon,Analyst,Individual contributor,Operations,10,False,0.8
amiller454@gmail.example,25-34,£25k-£50k,FR,Occitanie,Toulouse,Marketing Coordinator,Individual contributor,Marketing,3,False,0.74
amiller535@gmail.example,25-34,under £25k,UK,North West,Manchester,Marketing Executive,Individual contributor,Marketing,2,False,0.99
amiller580@outlook.example,55-64,£50k-£100k,UK,Yorkshire,Leeds,Managing Director,Director or above,Executive,3,True,0.93
amoore100@outlook.example,25-34,£25k-£50k,FR,Auvergne-Rhone-Alpes,Lyon,Operations Manager,Manager,Operations,3,True,0.85
amuller146@hotmail.example,35-44,£25k-£50k,DE,Berlin,Berlin,Marketing Manager,Manager,Marketing,6,False,0.91
amuller317@outlook.example,25-34,£50k-£100k,US,California,San Francisco,Sales Rep,Individual contributor,Sales,0,False,0.7
amurphy618@hotmail.example,35-44,£25k-£50k,FR,Hauts-de-France,Lille,Marketing Manager,Manager,Marketing,24,True,0.82
apatel908@yahoo.example,25-34,under £25k,NL,Utrecht,Utrecht,Analyst,Individual contributor,Operations,1,False,0.87
arjun.baker@marigold-dental.example,18-24,£100k-£150k,DE,Bavaria,Munich,Operations Manager,Manager,Operations,2,False,0.71
arjun.bernard@pinecrest-finance.example,35-44,£150k+,US,Texas,Austin,Marketing Director,Director or above,Marketing,3,False,0.63
arjun.bernard@umber-retail.example,18-24,£50k-£100k,US,New York,New York,Sales Manager,Manager,Sales,3,False,0.78
arjun.brown@moorland-health.example,45-54,£50k-£100k,US,New York,New York,Operations Manager,Manager,Operations,4,False,0.68
arjun.clarke@icloud.example,35-44,£100k-£150k,UK,West Midlands,Birmingham,Marketing Director,Director or above,Marketing,3,True,0.78
arjun.devries@ironbridge-digital.example,35-44,£100k-£150k,UK,South West,Bristol,VP Marketing,Director or above,Marketing,6,False,0.63
arjun.devries@keystone-market.example,25-34,£50k-£100k,DE,Hesse,Frankfurt,Marketing Manager,Manager,Marketing,14,True,0.68
arjun.evans@jasper-training.example,35-44,£50k-£100k,NL,North Holland,Amsterdam,Head of Growth,Manager,Marketing,0,True,0.97
arjun.evans@quayside-partners.example,18-24,£25k-£50k,UK,Scotland,Edinburgh,Analyst,Individual contributor,Operations,1,False,0.98
arjun.green@nimbus-trading.example,35-44,£100k-£150k,FR,Occitanie,Toulouse,Chief Revenue Officer,Director or above,Executive,8,True,0.71
arjun.hughes@pinecrest-market.example,35-44,£100k-£150k,US,California,San Francisco,Sales Manager,Manager,Sales,3,True,0.98
arjun.jansen@kingsway-systems.example,25-34,£100k-£150k,FR,Ile-de-France,Paris,Marketing Manager,Manager,Marketing,1,False,0.71
arjun.johnson@gmail.example,35-44,£25k-£50k,UK,Scotland,Edinburgh,Operations Manager,Manager,Operations,4,False,0.63
arjun.johnson@highgate-freight.example,45-54,£100k-£150k,UK,Yorkshire,Leeds,Operations Manager,Manager,Operations,2,True,0.77
arjun.jones@gmail.example,25-34,£25k-£50k,DE,Hamburg,Hamburg,Marketing Manager,Manager,Marketing,4,False,0.96
arjun.jones@outlook.example,25-34,under £25k,UK,South West,Bristol,Marketing Coordinator,Individual contributor,Marketing,2,False,0.88
arjun.king@bluebell-couriers.example,25-34,£50k-£100k,US,Washington,Seattle,Sales Rep,Individual contributor,Sales,2,True,0.66
arjun.king@bramble-medical.example,35-44,£50k-£100k,DE,Hesse,Frankfurt,Sales Rep,Individual contributor,Sales,5,True,0.92
arjun.lewis@gmail.example,25-34,£25k-£50k,US,Massachusetts,Boston,Head of Growth,Manager,Marketing,3,True,0.88
arjun.miller@ironbridge-care.example,65+,£100k-£150k,UK,North West,Manchester,CEO,Director or above,Executive,2,True,0.95
arjun.moore94@outlook.example,25-34,£25k-£50k,FR,Occitanie,Toulouse,Head of Growth,Manager,Marketing,5,False,0.99
arjun.moore@heron-transport.example,55-64,£100k-£150k,UK,South West,Bristol,Director of Sales,Director or above,Sales,3,False,0.91
arjun.moore@outlook.example,25-34,under £25k,US,Texas,Austin,Analyst,Individual contributor,Operations,1,False,0.95
arjun.moore@westbrook-partners.example,35-44,under £25k,UK,Yorkshire,Leeds,Sales Rep,Individual contributor,Sales,3,False,0.6
arjun.moore@yahoo.example,25-34,£25k-£50k,US,Illinois,Chicago,Marketing Coordinator,Individual contributor,Marketing,2,True,0.87
arjun.muller@yahoo.example,45-54,under £25k,DE,Berlin,Berlin,Marketing Coordinator,Individual contributor,Marketing,9,True,0.61
arjun.muller@zephyr-trading.example,35-44,£50k-£100k,US,New York,New York,Operations Manager,Manager,Operations,2,False,0.76
arjun.murphy@beacon-engineering.example,35-44,£25k-£50k,NL,Utrecht,Utrecht,Head of Growth,Manager,Marketing,3,True,0.84
arjun.murphy@lantern-works.example,18-24,£25k-£50k,US,Massachusetts,Boston,Sales Rep,Individual contributor,Sales,1,False,0.8
arjun.patel@marigold-digital.example,25-34,£25k-£50k,UK,London,London,Analyst,Individual contributor,Operations,2,False,0.62
arjun.patel@rosewood-education.example,55-64,£100k-£150k,FR,Ile-de-France,Paris,VP Marketing,Director or above,Marketing,3,True,0.97
arjun.scott@glenmoor-tutors.example,25-34,£100k-£150k,FR,Auvergne-Rhone-Alpes,Lyon,Marketing Manager,Manager,Marketing,6,True,0.88
arjun.scott@jasper-accountants.example,25-34,£50k-£100k,NL,North Brabant,Eindhoven,Sales Manager,Manager,Sales,7,False,0.68
arjun.smith@yahoo.example,18-24,£25k-£50k,NL,South Holland,Rotterdam,Marketing Executive,Individual contributor,Marketing,2,False,0.7
arjun.taylor@driftwood-training.example,35-44,£25k-£50k,NL,South Holland,Rotterdam,Assistant,Individual contributor,Operations,2,False,0.94
arjun.taylor@kestrel-tutors.example,25-34,under £25k,US,Illinois,Chicago,Student,Student,Student,0,False,0.81
arjun.taylor@larkspur-logistics.example,25-34,£50k-£100k,NL,North Holland,Amsterdam,Head of Growth,Manager,Marketing,3,True,0.97
arjun.thompson@gmail.example,35-44,£50k-£100k,UK,North West,Manchester,Head of Growth,Manager,Marketing,6,True,0.9
arjun.walker@gmail.example,35-44,£50k-£100k,US,Massachusetts,Boston,Head of Marketing,Manager,Marketing,7,True,0.83
arjun.weber@evergreen-pharma.example,25-34,under £25k,UK,West Midlands,Birmingham,Marketing Coordinator,Individual contributor,Marketing,0,False,0.78
arjun.williams@ivywood-lending.example,35-44,£50k-£100k,US,Illinois,Chicago,Head of Growth,Manager,Marketing,4,True,0.97
arjun.wilson@redwood-tutors.example,35-44,£150k+,US,Massachusetts,Boston,Chief Revenue Officer,Director or above,Executive,8,False,0.7
arjun.wood@brightwater-learning.example,25-34,£50k-£100k,US,New York,New York,Sales Rep,Individual contributor,Sales,1,True,0.63
arjun.wright@outlook.example,25-34,£50k-£100k,UK,London,London,Marketing Coordinator,Individual contributor,Marketing,5,False,0.67
arjun44@falcon-training.example,18-24,£25k-£50k,UK,South West,Bristol,Analyst,Individual contributor,Operations,6,False,0.61
arjun@beacon-labs.example,35-44,£50k-£100k,NL,North Brabant,Eindhoven,Head of Marketing,Manager,Marketing,1,False,0.78
arjun@beacon-training.example,25-34,£150k+,DE,Bavaria,Munich,Director of Sales,Director or above,Sales,9,True,0.96
arjun@cobalt-stores.example,35-44,£150k+,NL,North Brabant,Eindhoven,Marketing Director,Director or above,Marketing,1,True,0.62
arjun@dunmore-academy.example,35-44,£150k+,US,California,San Francisco,CEO,Director or above,Executive,3,True,0.95
arjun@evergreen-associates.example,55-64,£100k-£150k,NL,North Holland,Amsterdam,Chief Revenue Officer,Director or above,Executive,2,True,0.76
arjun@falcon-training.example,35-44,£100k-£150k,UK,North West,Manchester,Sales Manager,Manager,Sales,2,False,0.92
arjun@foxglove-training.example,35-44,£100k-£150k,DE,Bavaria,Munich,Managing Director,Director or above,Executive,2,True,0.79
arjun@granite-health.example,45-54,£50k-£100k,UK,South West,Bristol,Head of Marketing,Manager,Marketing,2,False,0.61
arjun@greystone-labs.example,25-34,£25k-£50k,UK,West Midlands,Birmingham,Marketing Coordinator,Individual contributor,Marketing,3,False,0.91
arjun@hawthorn-accountants.example,25-34,£25k-£50k,US,Illinois,Chicago,Operations Manager,Manager,Operations,1,False,0.65
arjun@heron-outfitters.example,45-54,£25k-£50k,NL,Utrecht,Utrecht,Sales Manager,Manager,Sales,6,False,0.77
arjun@inkwell-fabrication.example,45-54,£50k-£100k,NL,North Brabant,Eindhoven,Head of Marketing,Manager,Marketing,4,True,0.67
arjun@ivywood-associates.example,35-44,£25k-£50k,DE,Berlin,Berlin,Marketing Coordinator,Individual contributor,Marketing,4,True,0.77
arjun@ivywood-college.example,25-34,£25k-£50k,US,Texas,Austin,Analyst,Individual contributor,Operations,3,False,0.84
arjun@juniper-outfitters.example,35-44,£25k-£50k,US,New York,New York,Marketing Executive,Individual contributor,Marketing,3,False,0.67
arjun@kelvin-logistics.example,25-34,£25k-£50k,DE,Berlin,Berlin,Marketing Executive,Individual contributor,Marketing,2,False,0.85
arjun@kingsway-finance.example,18-24,£100k-£150k,NL,North Brabant,Eindhoven,Head of Marketing,Manager,Marketing,8,True,0.61
arjun@lantern-labs.example,18-24,£100k-£150k,US,Massachusetts,Boston,Marketing Executive,Individual contributor,Marketing,4,True,0.63
arjun@lindenwood-learning.example,25-34,£50k-£100k,DE,Berlin,Berlin,Head of Marketing,Manager,Marketing,1,False,0.81
arjun@marigold-legal.example,25-34,£25k-£50k,DE,Berlin,Berlin,Assistant,Individual contributor,Operations,2,False,0.75
arjun@marigold-recruitment.example,25-34,£25k-£50k,US,Texas,Austin,Sales Rep,Individual contributor,Sales,1,True,0.63
arjun@meridian-associates.example,25-34,£50k-£100k,DE,Berlin,Berlin,Marketing Manager,Manager,Marketing,3,True,0.75
arjun@nettlefield-software.example,25-34,£50k-£100k,US,Washington,Seattle,Marketing Executive,Individual contributor,Marketing,5,False,0.69
arjun@nettlefield-works.example,55-64,£150k+,NL,North Brabant,Eindhoven,Managing Director,Director or above,Executive,3,True,0.76
arjun@nimbus-accountants.example,18-24,£25k-£50k,NL,Utrecht,Utrecht,Analyst,Individual contributor,Operations,10,False,0.91
arjun@nimbus-legal.example,25-34,£100k-£150k,US,California,San Francisco,Sales Manager,Manager,Sales,4,False,0.77
arjun@oakridge-manufacturing.example,18-24,£25k-£50k,UK,Scotland,Edinburgh,Sales Rep,Individual contributor,Sales,1,True,0.83
arjun@pinecrest-training.example,45-54,£25k-£50k,UK,South West,Bristol,Sales Rep,Individual contributor,Sales,5,False,0.6
arjun@redwood-training.example,35-44,£50k-£100k,FR,Hauts-de-France,Lille,Demand Gen Manager,Manager,Marketing,0,True,0.72
arjun@riverside-legal.example,25-34,£50k-£100k,UK,South West,Bristol,Head of Marketing,Manager,Marketing,2,False,0.83
arjun@rosewood-software.example,25-34,£25k-£50k,FR,Hauts-de-France,Lille,Assistant,Individual contributor,Operations,1,False,0.67
arjun@silverline-learning.example,25-34,£150k+,UK,West Midlands,Birmingham,Director of Sales,Director or above,Sales,1,True,0.66
arjun@silverline-systems.example,18-24,£25k-£50k,NL,South Holland,Rotterdam,Marketing Coordinator,Individual contributor,Marketing,1,False,0.7
arjun@tamarind-college.example,25-34,under £25k,NL,North Holland,Amsterdam,Assistant,Individual contributor,Operations,10,True,0.87
arjun@tamarind-health.example,25-34,£50k-£100k,US,California,San Francisco,Assistant,Individual contributor,Operations,3,False,0.93
arjun@tamarind-works.example,45-54,£100k-£150k,UK,Scotland,Edinburgh,VP Marketing,Director or above,Marketing,4,True,0.77
arjun@upland-engineering.example,45-54,£50k-£100k,UK,South West,Bristol,Head of Marketing,Manager,Marketing,2,False,0.64
arjun@vantage-trading.example,35-44,£50k-£100k,US,Washington,Seattle,Demand Gen Manager,Manager,Marketing,5,True,0.98
arjun@vantage-wealth.example,25-34,£50k-£100k,US,Illinois,Chicago,Marketing Manager,Manager,Marketing,2,True,0.96
arjun@zephyr-components.example,25-34,£25k-£50k,UK,North West,Manchester,Analyst,Individual contributor,Operations,2,False,0.81
arjunbrown95@gmail.example,45-54,£100k-£150k,US,California,San Francisco,CEO,Director or above,Executive,5,True,0.79
arjundevries85@gmail.example,25-34,under £25k,UK,Scotland,Edinburgh,Marketing Coordinator,Individual contributor,Marketing,4,False,0.95
arjundubois69@gmail.example,25-34,£25k-£50k,UK,London,London,Marketing Coordinator,Individual contributor,Marketing,16,True,0.66
arjunevans91@yahoo.example,55-64,£150k+,US,Washington,Seattle,Managing Director,Director or above,Executive,8,False,0.68
arjungarcia68@hotmail.example,25-34,£25k-£50k,DE,Hesse,Frankfurt,Analyst,Individual contributor,Operations,3,False,0.92
arjunjansen94@yahoo.example,25-34,under £25k,NL,North Holland,Amsterdam,Marketing Executive,Individual contributor,Marketing,2,False,0.74
arjunlewis38@hotmail.example,18-24,under £25k,UK,South West,Bristol,Student,Student,Student,0,False,0.7
arjunmartin87@icloud.example,18-24,under £25k,UK,Yorkshire,Leeds,Student,Student,Student,0,False,0.86
arjunmartin89@hotmail.example,35-44,£150k+,UK,Scotland,Edinburgh,CEO,Director or above,Executive,2,True,0.88
arjunpatel50@outlook.example,18-24,under £25k,UK,Scotland,Edinburgh,Assistant,Individual contributor,Operations,3,True,0.67
arjunscott55@hotmail.example,25-34,under £25k,UK,Scotland,Edinburgh,Sales Rep,Individual contributor,Sales,1,False,0.99
arjunwright52@icloud.example,25-34,£25k-£50k,UK,Scotland,Edinburgh,Sales Manager,Manager,Sales,0,False,0.92
arjunyoung08@icloud.example,35-44,£50k-£100k,UK,West Midlands,Birmingham,Head of Growth,Manager,Marketing,5,False,0.76
arjunyoung35@outlook.example,18-24,£25k-£50k,UK,South West,Bristol,Analyst,Individual contributor,Operations,2,False,0.81
aroberts664@hotmail.example,25-34,£50k-£100k,US,Massachusetts,Boston,Sales Rep,Individual contributor,Sales,2,False,0.99
aroberts695@outlook.example,25-34,£50k-£100k,UK,Yorkshire,Leeds,Analyst,Individual contributor,Operations,6,False,0.8
ascott124@hotmail.example,45-54,£50k-£100k,UK,Yorkshire,Leeds,Operations Manager,Manager,Operations,7,True,0.61
ascott766@yahoo.example,35-44,£100k-£150k,UK,South West,Bristol,VP Marketing,Director or above,Marketing,6,True,0.8
ataylor883@gmail.example,45-54,£100k-£150k,UK,London,London,Marketing Director,Director or above,Marketing,0,False,0.81
ataylor908@yahoo.example,35-44,£50k-£100k,DE,Berlin,Berlin,CEO,Director or above,Executive,2,True,0.8
athompson879@yahoo.example,18-24,under £25k,US,California,San Francisco,Marketing Executive,Individual contributor,Marketing,2,True,0.64
athompson930@outlook.example,35-44,£25k-£50k,FR,Ile-de-France,Paris,Chief Revenue Officer,Director or above,Executive,5,True,0.66
ava.anderson@zephyr-associates.example,18-24,£25k-£50k,US,Washington,Seattle,Operations Manager,Manager,Operations,2,False,0.62
ava.bakker@hotmail.example,35-44,£100k-£150k,US,Washington,Seattle,Founder,Director or above,Executive,6,True,0.6
ava.bernard@ashford-care.example,25-34,£25k-£50k,UK,West Midlands,Birmingham,Marketing Executive,Individual contributor,Marketing,1,False,0.82
ava.brown@saltmarsh-tutors.example,25-34,£50k-£100k,NL,North Brabant,Eindhoven,Operations Manager,Manager,Operations,4,False,0.71
ava.brown@tamarind-clinics.example,45-54,£25k-£50k,US,Illinois,Chicago,Sales Rep,Individual contributor,Sales,1,False,0.64
ava.clarke@brightwater-advisory.example,35-44,£50k-£100k,UK,South West,Bristol,Operations Manager,Manager,Operations,3,False,0.69
ava.davies@glenmoor-clinics.example,35-44,£50k-£100k,DE,Berlin,Berlin,Sales Manager,Manager,Sales,2,False,0.65
ava.davies@kelvin-goods.example,35-44,£25k-£50k,FR,Occitanie,Toulouse,Marketing Executive,Individual contributor,Marketing,2,False,0.74
ava.davies@pinecrest-market.example,35-44,£50k-£100k,US,California,San Francisco,Chief Revenue Officer,Director or above,Executive,2,True,0.82
ava.davies@silverline-tutors.example,45-54,£50k-£100k,UK,Yorkshire,Leeds,Head of Marketing,Manager,Marketing,2,True,0.82
ava.devries@bluebell-transport.example,25-34,£25k-£50k,NL,South Holland,Rotterdam,Assistant,Individual contributor,Operations,3,False,0.89
ava.devries@meridian-manufacturing.example,25-34,£25k-£50k,US,Washington,Seattle,Analyst,Individual contributor,Operations,1,False,0.95
ava.devries@willow-learning.example,25-34,£25k-£50k,UK,North West,Manchester,Sales Rep,Individual contributor,Sales,5,False,0.6
ava.garcia@northwind-academy.example,35-44,£100k-£150k,UK,North West,Manchester,CEO,Director or above,Executive,2,True,0.65
ava.green@valley-education.example,35-44,£50k-£100k,FR,Occitanie,Toulouse,CEO,Director or above,Executive,1,True,0.99
ava.hall@dunmore-market.example,35-44,£100k-£150k,FR,Hauts-de-France,Lille,Head of Growth,Manager,Marketing,4,True,0.87
ava.hall@hawthorn-associates.example,45-54,£100k-£150k,US,New York,New York,Director of Sales,Director or above,Sales,3,False,0.79
ava.hall@ivywood-goods.example,35-44,£50k-£100k,DE,Hesse,Frankfurt,Head of Growth,Manager,Marketing,2,True,0.93
ava.hughes@larkspur-couriers.example,35-44,£25k-£50k,FR,Hauts-de-France,Lille,Marketing Executive,Individual contributor,Marketing,5,False,0.74
ava.jansen@falcon-data.example,35-44,£50k-£100k,UK,Yorkshire,Leeds,Head of Marketing,Manager,Marketing,4,True,0.67
ava.johnson@pinecrest-components.example,45-54,£25k-£50k,UK,Yorkshire,Leeds,Marketing Manager,Manager,Marketing,0,True,0.78
ava.jones@valley-health.example,35-44,£50k-£100k,US,California,San Francisco,Sales Manager,Manager,Sales,2,False,0.74
ava.khan@hotmail.example,45-54,£100k-£150k,DE,Berlin,Berlin,CEO,Director or above,Executive,2,False,0.75
ava.khan@icloud.example,35-44,£50k-£100k,UK,Scotland,Edinburgh,Demand Gen Manager,Manager,Marketing,3,False,0.74
ava.khan@keystone-manufacturing.example,35-44,under £25k,FR,Occitanie,Toulouse,Assistant,Individual contributor,Operations,1,False,0.74
ava.khan@pinecrest-outfitters.example,18-24,£25k-£50k,UK,Yorkshire,Leeds,Assistant,Individual contributor,Operations,2,False,0.83
ava.king@brightwater-dental.example,25-34,£25k-£50k,US,Washington,Seattle,Sales Rep,Individual contributor,Sales,3,False,0.89
ava.king@heron-stores.example,25-34,£100k-£150k,UK,London,London,Head of Growth,Manager,Marketing,1,False,0.86
ava.lewis@highgate-market.example,25-34,£50k-£100k,DE,Hamburg,Hamburg,Operations Manager,Manager,Operations,2,True,0.89
ava.lewis@ivywood-couriers.example,35-44,£50k-£100k,US,Illinois,Chicago,Marketing Manager,Manager,Marketing,1,True,0.92
ava.lewis@lantern-labs.example,18-24,£25k-£50k,US,California,San Francisco,Assistant,Individual contributor,Operations,5,True,0.7
ava.martin@brightwater-medical.example,25-34,£25k-£50k,UK,Yorkshire,Leeds,Sales Rep,Individual contributor,Sales,2,False,0.93
ava.moore@icloud.example,18-24,under £25k,FR,Hauts-de-France,Lille,Student,Student,Student,0,False,0.99
ava.murphy@hotmail.example,18-24,under £25k,DE,Berlin,Berlin,Student,Student,Student,0,True,0.88
ava.patel@heron-labs.example,45-54,£150k+,US,Texas,Austin,Founder,Director or above,Executive,4,True,0.7
ava.patel@icloud.example,25-34,£25k-£50k,UK,North West,Manchester,Head of Growth,Manager,Marketing,1,True,0.88
ava.patel@norfolk-logistics.example,35-44,£25k-£50k,UK,Yorkshire,Leeds,Assistant,Individual contributor,Operations,1,False,0.67
ava.schmidt@dovecote-consulting.example,18-24,£25k-£50k,NL,North Holland,Amsterdam,Sales Rep,Individual contributor,Sales,1,False,0.84
ava.scott@alder-fabrication.example,25-34,£25k-£50k,DE,Berlin,Berlin,Analyst,Individual contributor,Operations,1,False,0.63
ava.scott@marigold-market.example,45-54,£50k-£100k,US,Texas,Austin,Marketing Coordinator,Individual contributor,Marketing,4,False,0.69
ava.smith@heron-academy.example,25-34,£25k-£50k,US,New York,New York,Head of Marketing,Manager,Marketing,3,False,0.61
ava.smith@orchard-trading.example,25-34,£50k-£100k,US,California,San Francisco,Marketing Coordinator,Individual contributor,Marketing,4,False,0.91
ava.thompson@emberly-works.example,35-44,£150k+,FR,Occitanie,Toulouse,Founder,Director or above,Executive,6,False,0.82
ava.walker@westbrook-capital.example,45-54,£25k-£50k,DE,Hamburg,Hamburg,Marketing Executive,Individual contributor,Marketing,2,False,0.68
ava.weber@hawthorn-recruitment.example,55-64,£100k-£150k,DE,Hesse,Frankfurt,VP Marketing,Director or above,Marketing,4,True,0.89
ava.white@tidewater-goods.example,35-44,under £25k,UK,North West,Manchester,Analyst,Individual contributor,Operations,2,False,0.76
ava.williams@foxglove-education.example,18-24,£50k-£100k,DE,Hamburg,Hamburg,Sales Rep,Individual contributor,Sales,5,False,0.88
ava.williams@nettlefield-goods.example,25-34,£25k-£50k,UK,Scotland,Edinburgh,Sales Rep,Individual contributor,Sales,4,True,0.63
ava.williams@vantage-logistics.example,45-54,£25k-£50k,UK,West Midlands,Birmingham,Analyst,Individual contributor,Operations,2,False,0.97
ava.wilson@hotmail.example,18-24,£25k-£50k,FR,Ile-de-France,Paris,Student,Student,Student,0,False,0.83
ava.wilson@larkspur-consulting.example,25-34,£25k-£50k,FR,Occitanie,Toulouse,Marketing Executive,Individual contributor,Marketing,3,False,0.75
ava.wood@bramble-medical.example,45-54,£100k-£150k,DE,Hamburg,Hamburg,CEO,Director or above,Executive,23,False,0.98
ava.wood@nettlefield-legal.example,25-34,£25k-£50k,DE,Hamburg,Hamburg,Head of Growth,Manager,Marketing,4,False,0.8
ava.wood@oldfield-recruitment.example,25-34,£25k-£50k,UK,South West,Bristol,Assistant,Individual contributor,Operations,4,True,0.75
ava@ashford-accountants.example,35-44,£100k-£150k,UK,Yorkshire,Leeds,Director of Sales,Director or above,Sales,2,True,0.77
ava@aurora-learning.example,45-54,£50k-£100k,DE,Bavaria,Munich,Operations Manager,Manager,Operations,5,True,0.7
ava@beacon-data.example,35-44,£50k-£100k,US,California,San Francisco,Head of Marketing,Manager,Marketing,3,True,0.81
ava@beacon-transport.example,35-44,£100k-£150k,US,Massachusetts,Boston,Founder,Director or above,Executive,19,True,0.67
ava@bluebell-legal.example,45-54,£50k-£100k,US,Texas,Austin,Demand Gen Manager,Manager,Marketing,7,True,0.89
ava@bluebell-medical.example,35-44,£50k-£100k,US,California,San Francisco,VP Marketing,Director or above,Marketing,2,True,0.68
ava@bramble-accountants.example,18-24,under £25k,US,Illinois,Chicago,Student,Student,Student,0,False,0.8
ava@cedar-software.example,25-34,£50k-£100k,US,New York,New York,Sales Manager,Manager,Sales,10,False,0.87
ava@cedar-transport.example,45-54,£100k-£150k,UK,North West,Manchester,Marketing Manager,Manager,Marketing,3,False,0.9
ava@driftwood-industries.example,35-44,£100k-£150k,UK,North West,Manchester,Managing Director,Director or above,Executive,3,True,0.93
ava@emberly-freight.example,35-44,£100k-£150k,UK,London,London,Marketing Manager,Manager,Marketing,1,True,0.76
ava@emberly-stores.example,45-54,£100k-£150k,UK,London,London,Director of Sales,Director or above,Sales,4,True,0.95
ava@falcon-systems.example,35-44,£50k-£100k,UK,North West,Manchester,Demand Gen Manager,Manager,Marketing,2,False,0.85
ava@granite-goods.example,55-64,£150k+,US,Washington,Seattle,Chief Revenue Officer,Director or above,Executive,0,True,0.76
ava@granite-wealth.example,35-44,£25k-£50k,FR,Hauts-de-France,Lille,Assistant,Individual contributor,Operations,4,False,0.9
ava@harbour-systems.example,45-54,£50k-£100k,UK,Scotland,Edinburgh,Operations Manager,Manager,Operations,2,True,0.72
ava@hawthorn-works.example,25-34,£25k-£50k,UK,London,London,Marketing Coordinator,Individual contributor,Marketing,4,False,0.99
ava@heron-advisory.example,55-64,£150k+,UK,South West,Bristol,Chief Revenue Officer,Director or above,Executive,1,True,0.76
ava@highgate-digital.example,45-54,£25k-£50k,US,New York,New York,Sales Manager,Manager,Sales,4,False,0.9
ava@kelvin-advisory.example,45-54,£25k-£50k,NL,South Holland,Rotterdam,Demand Gen Manager,Manager,Marketing,2,True,0.74
ava@keystone-recruitment.example,35-44,£50k-£100k,NL,North Brabant,Eindhoven,Sales Manager,Manager,Sales,4,False,0.92
ava@kingsway-medical.example,35-44,£25k-£50k,UK,North West,Manchester,Head of Marketing,Manager,Marketing,1,True,0.73
ava@moorland-trading.example,25-34,£25k-£50k,NL,South Holland,Rotterdam,Marketing Coordinator,Individual contributor,Marketing,8,False,0.67
ava@orchard-care.example,35-44,£50k-£100k,US,California,San Francisco,Head of Growth,Manager,Marketing,4,False,0.6
ava@quayside-wealth.example,25-34,£50k-£100k,US,Texas,Austin,Sales Rep,Individual contributor,Sales,2,True,0.78
ava@stonebridge-components.example,25-34,£100k-£150k,US,Massachusetts,Boston,Marketing Manager,Manager,Marketing,3,False,0.83
ava@tamarind-market.example,18-24,£50k-£100k,FR,Auvergne-Rhone-Alpes,Lyon,Marketing Coordinator,Individual contributor,Marketing,3,False,0.75
ava@thornbury-college.example,45-54,£100k-£150k,NL,South Holland,Rotterdam,Demand Gen Manager,Manager,Marketing,11,True,0.9
ava@thornbury-fabrication.example,45-54,£50k-£100k,UK,London,London,Head of Growth,Manager,Marketing,7,True,0.89
ava@umber-engineering.example,35-44,£50k-£100k,US,New York,New York,Sales Rep,Individual contributor,Sales,1,False,0.98
ava@umber-logistics.example,25-34,£25k-£50k,FR,Occitanie,Toulouse,Analyst,Individual contributor,Operations,2,False,0.96
ava@yarrow-medical.example,25-34,£50k-£100k,NL,North Brabant,Eindhoven,Demand Gen Manager,Manager,Marketing,3,False,0.93
ava@zephyr-recruitment.example,35-44,£150k+,US,New York,New York,Sales Manager,Manager,Sales,2,False,0.61
avahall35@yahoo.example,35-44,£25k-£50k,UK,Yorkshire,Leeds,Operations Manager,Manager,Operations,2,False,0.88
avajones31@hotmail.example,35-44,£25k-£50k,US,New York,New York,Marketing Manager,Manager,Marketing,3,False,0.85
avalewis39@yahoo.example,18-24,£25k-£50k,FR,Auvergne-Rhone-Alpes,Lyon,Sales Rep,Individual contributor,Sales,10,False,0.97
avamartin65@icloud.example,25-34,£25k-£50k,UK,Scotland,Edinburgh,Head of Marketing,Manager,Marketing,2,True,0.89
avaschmidt00@icloud.example,45-54,£100k-£150k,UK,Scotland,Edinburgh,Marketing Director,Director or above,Marketing,3,False,0.72
avaweber06@yahoo.example,45-54,£150k+,US,California,San Francisco,Chief Revenue Officer,Director or above,Executive,5,True,0.77
aweber286@yahoo.example,35-44,£50k-£100k,NL,North Brabant,Eindhoven,Operations Manager,Manager,Operations,2,False,0.79
aweber647@icloud.example,35-44,£25k-£50k,US,Texas,Austin,Marketing Executive,Individual contributor,Marketing,3,True,0.76
awhite578@outlook.example,25-34,£50k-£100k,FR,Auvergne-Rhone-Alpes,Lyon,Sales Manager,Manager,Sales,1,False,0.97
awhite892@outlook.example,25-34,£100k-£150k,FR,Hauts-de-France,Lille,CEO,Director or above,Executive,1,True,0.81
awilliams385@outlook.example,18-24,under £25k,UK,Scotland,Edinburgh,Student,Student,Student,0,False,0.68
awright776@icloud.example,25-34,£25k-£50k,UK,Scotland,Edinburgh,Operations Manager,Manager,Operations,2,True,0.63
b.anderson@kestrel-health.example,25-34,£25k-£50k,UK,North West,Manchester,Analyst,Individual contributor,Operations,3,False,0.64
b.bernard@alder-industries.example,45-54,£25k-£50k,UK,London,London,Demand Gen Manager,Manager,Marketing,2,True,0.67
b.bernard@saltmarsh-cloud.example,35-44,£50k-£100k,UK,West Midlands,Birmingham,Managing Director,Director or above,Executive,2,True,0.85
b.clarke@pebble-works.example,45-54,£100k-£150k,US,Illinois,Chicago,Head of Growth,Manager,Marketing,3,True,0.95
b.clarke@stonebridge-stores.example,25-34,£25k-£50k,UK,South West,Bristol,Analyst,Individual contributor,Operations,4,True,0.84
b.dubois@heron-outfitters.example,55-64,£50k-£100k,NL,North Holland,Amsterdam,VP Marketing,Director or above,Marketing,4,True,0.87
b.evans@aurora-haulage.example,35-44,£50k-£100k,FR,Occitanie,Toulouse,Sales Manager,Manager,Sales,1,False,0.93
b.garcia@bluebell-haulage.example,25-34,£50k-£100k,UK,North West,Manchester,Marketing Manager,Manager,Marketing,2,False,0.79
b.garcia@highgate-health.example,65+,£100k-£150k,UK,South West,Bristol,Director of Sales,Director or above,Sales,3,True,0.76
b.garcia@umber-recruitment.example,25-34,£50k-£100k,US,New York,New York,Marketing Executive,Individual contributor,Marketing,4,True,0.86
b.green@quartz-labs.example,18-24,£25k-£50k,UK,Yorkshire,Leeds,Analyst,Individual contributor,Operations,4,False,0.91
b.hall@nimbus-software.example,25-34,£25k-£50k,UK,South West,Bristol,Marketing Executive,Individual contributor,Marketing,2,False,0.76
b.johnson@norfolk-learning.example,25-34,£25k-£50k,DE,Hesse,Frankfurt,Sales Rep,Individual contributor,Sales,12,False,0.98
b.jones@kelvin-industries.example,18-24,£100k-£150k,US,Texas,Austin,Sales Rep,Individual contributor,Sales,3,True,0.97
b.jones@kingsway-legal.example,25-34,£100k-£150k,DE,Hamburg,Hamburg,Founder,Director or above,Executive,5,False,0.9
b.khan@aurora-engineering.example,25-34,under £25k,FR,Hauts-de-France,Lille,Assistant,Individual contributor,Operations,1,False,0.97
b.king@bramble-capital.example,35-44,£150k+,DE,Bavaria,Munich,Managing Director,Director or above,Executive,3,True,0.96
b.king@ivywood-data.example,25-34,£50k-£100k,DE,Berlin,Berlin,Operations Manager,Manager,Operations,3,True,0.9
b.lewis@valley-health.example,35-44,£100k-£150k,US,Massachusetts,Boston,Founder,Director or above,Executive,0,True,0.82
b.martin@brightwater-medical.example,35-44,£50k-£100k,UK,South West,Bristol,Head of Marketing,Manager,Marketing,1,False,0.68
b.moore@hawthorn-couriers.example,35-44,£50k-£100k,DE,Bavaria,Munich,Operations Manager,Manager,Operations,0,False,0.62
b.murphy@orchard-associates.example,35-44,£100k-£150k,US,Washington,Seattle,Operations Manager,Manager,Operations,10,True,0.93
b.murphy@vantage-cloud.example,25-34,£25k-£50k,FR,Ile-de-France,Paris,Marketing Coordinator,Individual contributor,Marketing,1,False,0.7
b.patel@keystone-training.example,25-34,£25k-£50k,UK,Yorkshire,Leeds,Marketing Executive,Individual contributor,Marketing,2,False,0.87
b.patel@nimbus-capital.example,35-44,£100k-£150k,UK,London,London,Demand Gen Manager,Manager,Marketing,2,True,0.95
b.scott@jasper-training.example,45-54,£50k-£100k,NL,South Holland,Rotterdam,Marketing Manager,Manager,Marketing,1,True,0.74
b.scott@upland-goods.example,25-34,£25k-£50k,DE,Hesse,Frankfurt,Assistant,Individual contributor,Operations,2,False,0.92
b.smith@cedar-wealth.example,55-64,£100k-£150k,UK,West Midlands,Birmingham,Director of Sales,Director or above,Sales,3,True,0.74
b.smith@silverline-wealth.example,25-34,£100k-£150k,NL,Utrecht,Utrecht,Demand Gen Manager,Manager,Marketing,2,False,0.61
b.taylor@inkwell-shipping.example,25-34,£50k-£100k,UK,Yorkshire,Leeds,Head of Growth,Manager,Marketing,2,True,0.73
b.taylor@pebble-learning.example,18-24,under £25k,US,Texas,Austin,Marketing Executive,Individual contributor,Marketing,1,False,0.79
b.thompson@redwood-legal.example,45-54,£100k-£150k,FR,Occitanie,Toulouse,CEO,Director or above,Executive,8,True,0.96
b.walker@norfolk-retail.example,45-54,£50k-£100k,FR,Ile-de-France,Paris,Demand Gen Manager,Manager,Marketing,5,True,0.87
b.weber@nimbus-haulage.example,55-64,£50k-£100k,DE,Berlin,Berlin,Operations Manager,Manager,Operations,11,True,0.85
b.weber@valley-health.example,25-34,£50k-£100k,US,New York,New York,Marketing Manager,Manager,Marketing,1,True,0.78
b.white@fernhill-systems.example,45-54,£100k-£150k,FR,Auvergne-Rhone-Alpes,Lyon,VP Marketing,Director or above,Marketing,8,True,0.7
b.williams@harbour-engineering.example,18-24,£50k-£100k,NL,North Holland,Amsterdam,Analyst,Individual contributor,Operations,1,False,0.88
b.williams@thornbury-associates.example,18-24,under £25k,UK,Yorkshire,Leeds,Student,Student,Student,0,False,0.69
b.young@juniper-insurance.example,25-34,£100k-£150k,UK,North West,Manchester,Head of Growth,Manager,Marketing,2,True,0.75
ben.anderson@pebble-retail.example,25-34,£100k-£150k,US,New York,New York,Sales Rep,Individual contributor,Sales,2,False,0.68
ben.bakker@ashford-academy.example,55-64,£50k-£100k,NL,North Holland,Amsterdam,Chief Revenue Officer,Director or above,Executive,2,True,0.81
ben.bakker@dovecote-shipping.example,25-34,£25k-£50k,UK,Yorkshire,Leeds,Assistant,Individual contributor,Operations,3,False,0.96
ben.bakker@kelvin-shipping.example,35-44,£100k-£150k,UK,North West,Manchester,Managing Director,Director or above,Executive,2,True,0.63
ben.bakker@outlook.example,35-44,£25k-£50k,US,California,San Francisco,Marketing Manager,Manager,Marketing,4,True,0.92
ben.bernard@brightwater-lending.example,25-34,£50k-£100k,DE,Bavaria,Munich,Marketing Executive,Individual contributor,Marketing,3,False,0.82
ben.bernard@larkspur-outfitters.example,25-34,under £25k,FR,Ile-de-France,Paris,Assistant,Individual contributor,Operations,2,False,0.67
ben.brown@bramble-finance.example,35-44,£50k-£100k,US,Illinois,Chicago,Operations Manager,Manager,Operations,1,True,0.81
ben.brown@yarrow-freight.example,55-64,£100k-£150k,UK,London,London,VP Marketing,Director or above,Marketing,2,False,0.74
ben.clarke@icloud.example,25-34,under £25k,UK,South West,Bristol,Marketing Executive,Individual contributor,Marketing,5,False,0.78
ben.clarke@redwood-systems.example,25-34,£50k-£100k,FR,Ile-de-France,Paris,Sales Manager,Manager,Sales,2,False,0.77
ben.davies@quayside-finance.example,25-34,£25k-£50k,US,California,San Francisco,Marketing Executive,Individual contributor,Marketing,3,False,0.9
ben.devries@pebble-dental.example,25-34,£50k-£100k,UK,North West,Manchester,Sales Manager,Manager,Sales,3,True,0.92
ben.devries@westbrook-academy.example,35-44,£100k-£150k,US,Washington,Seattle,Chief Revenue Officer,Director or above,Executive,1,True,0.75
ben.dubois@hawthorn-recruitment.example,25-34,£50k-£100k,DE,Bavaria,Munich,Marketing Coordinator,Individual contributor,Marketing,3,True,0.86
ben.dubois@meridian-engineering.example,35-44,£50k-£100k,US,Massachusetts,Boston,Marketing Executive,Individual contributor,Marketing,8,True,0.88
ben.evans@westbrook-recruitment.example,35-44,£150k+,US,New York,New York,CEO,Director or above,Executive,3,False,0.94
ben.garcia@kingsway-associates.example,25-34,£25k-£50k,UK,West Midlands,Birmingham,Sales Rep,Individual contributor,Sales,4,False,0.67
ben.garcia@kingsway-finance.example,45-54,£25k-£50k,NL,North Holland,Amsterdam,Assistant,Individual contributor,Operations,2,False,0.78
ben.garcia@lantern-consulting.example,55-64,£100k-£150k,UK,West Midlands,Birmingham,Marketing Director,Director or above,Marketing,3,False,0.63
ben.green@icloud.example,25-34,under £25k,FR,Auvergne-Rhone-Alpes,Lyon,Assistant,Individual contributor,Operations,1,True,0.79
ben.hughes60@gmail.example,35-44,under £25k,FR,Ile-de-France,Paris,Sales Manager,Manager,Sales,1,False,0.95
ben.hughes@granite-health.example,25-34,£25k-£50k,UK,West Midlands,Birmingham,Analyst,Individual contributor,Operations,1,False,0.65
ben.johnson@hotmail.example,35-44,£100k-£150k,UK,London,London,Chief Revenue Officer,Director or above,Executive,2,True,0.72
ben.johnson@pinecrest-clinics.example,25-34,£25k-£50k,UK,South West,Bristol,Operations Manager,Manager,Operations,3,True,0.89
ben.khan@oldfield-retail.example,45-54,£150k+,US,New York,New York,VP Marketing,Director or above,Marketing,2,True,0.98
ben.martin@outlook.example,25-34,£50k-£100k,NL,North Brabant,Eindhoven,Marketing Manager,Manager,Marketing,4,True,0.76
ben.miller@pennine-lending.example,35-44,£50k-£100k,US,Massachusetts,Boston,Operations Manager,Manager,Operations,1,True,0.73
ben.moore@brightwater-academy.example,65+,£100k-£150k,DE,Hesse,Frankfurt,CEO,Director or above,Executive,2,True,0.93
ben.moore@silverline-lending.example,25-34,£100k-£150k,US,Illinois,Chicago,Marketing Coordinator,Individual contributor,Marketing,0,False,0.78
ben.moore@zephyr-engineering.example,45-54,£150k+,US,Illinois,Chicago,Director of Sales,Director or above,Sales,3,True,0.91
ben.muller@icloud.example,45-54,£50k-£100k,UK,London,London,VP Marketing,Director or above,Marketing,7,True,0.79
ben.murphy@nimbus-logistics.example,25-34,£50k-£100k,UK,South West,Bristol,Analyst,Individual contributor,Operations,1,False,0.96
ben.murphy@outlook.example,35-44,£100k-£150k,FR,Occitanie,Toulouse,Managing Director,Director or above,Executive,6,False,0.83
ben.patel@elmstead-freight.example,35-44,£100k-£150k,UK,South West,Bristol,Founder,Director or above,Executive,2,True,0.85
ben.schmidt@hawthorn-manufacturing.example,18-24,under £25k,NL,Utrecht,Utrecht,Assistant,Individual contributor,Operations,6,True,0.87
ben.schmidt@orchard-trading.example,18-24,£50k-£100k,US,Massachusetts,Boston,Assistant,Individual contributor,Operations,1,False,0.81
ben.scott@hawthorn-capital.example,25-34,£50k-£100k,UK,South West,Bristol,Demand Gen Manager,Manager,Marketing,3,False,0.85
ben.scott@keystone-recruitment.example,55-64,£50k-£100k,NL,South Holland,Rotterdam,Operations Manager,Manager,Operations,1,False,0.68
ben.scott@umber-works.example,25-34,£50k-£100k,DE,Hesse,Frankfurt,Marketing Manager,Manager,Marketing,1,True,0.96
ben.smith@nettlefield-labs.example,55-64,£150k+,UK,London,London,Marketing Director,Director or above,Marketing,3,True,0.79
ben.taylor@fernhill-training.example,25-34,under £25k,US,Washington,Seattle,Marketing Executive,Individual contributor,Marketing,6,True,0.68
ben.taylor@outlook.example,18-24,£25k-£50k,FR,Ile-de-France,Paris,Student,Student,Student,0,False,0.71
ben.thompson@dovecote-stores.example,65+,£50k-£100k,UK,Scotland,Edinburgh,Director of Sales,Director or above,Sales,1,False,0.72
ben.thompson@ivywood-care.example,25-34,£50k-£100k,UK,Scotland,Edinburgh,Analyst,Individual contributor,Operations,1,False,0.65
ben.walker@elmstead-industries.example,35-44,£50k-£100k,US,New York,New York,Head of Growth,Manager,Marketing,2,True,0.66
ben.walker@pinecrest-stores.example,25-34,£50k-£100k,US,Massachusetts,Boston,Demand Gen Manager,Manager,Marketing,0,False,0.96
ben.weber@westbrook-wealth.example,25-34,£100k-£150k,US,Illinois,Chicago,Sales Rep,Individual contributor,Sales,2,False,0.83
ben.white@outlook.example,45-54,£100k-£150k,FR,Auvergne-Rhone-Alpes,Lyon,Sales Manager,Manager,Sales,1,True,0.91
ben.wood@kingsway-associates.example,18-24,£25k-£50k,UK,Yorkshire,Leeds,Marketing Coordinator,Individual contributor,Marketing,1,True,0.66
ben.wright@larkspur-software.example,45-54,£50k-£100k,DE,Hesse,Frankfurt,Sales Manager,Manager,Sales,1,True,0.67
ben.wright@norfolk-software.example,45-54,£150k+,US,California,San Francisco,VP Marketing,Director or above,Marketing,1,True,0.89
ben.young@icloud.example,35-44,under £25k,DE,Berlin,Berlin,Assistant,Individual contributor,Operations,7,False,0.61
ben11@oldfield-clinics.example,35-44,£100k-£150k,UK,Yorkshire,Leeds,Head of Growth,Manager,Marketing,2,True,0.76
ben@ashford-academy.example,18-24,£25k-£50k,NL,North Brabant,Eindhoven,Marketing Coordinator,Individual contributor,Marketing,4,True,0.82
ben@aurora-academy.example,25-34,£25k-£50k,US,California,San Francisco,Marketing Coordinator,Individual contributor,Marketing,1,True,0.62
ben@bramble-pharma.example,45-54,£150k+,UK,West Midlands,Birmingham,Marketing Director,Director or above,Marketing,6,True,0.98
ben@bramble-retail.example,25-34,£50k-£100k,NL,North Holland,Amsterdam,Sales Manager,Manager,Sales,0,True,0.91
ben@brightwater-transport.example,45-54,£50k-£100k,FR,Hauts-de-France,Lille,Sales Manager,Manager,Sales,2,True,0.83
ben@clearwater-advisory.example,35-44,£25k-£50k,UK,Yorkshire,Leeds,Operations Manager,Manager,Operations,1,True,0.93
ben@dovecote-capital.example,35-44,£50k-£100k,NL,North Holland,Amsterdam,Demand Gen Manager,Manager,Marketing,6,True,0.68
ben@emberly-freight.example,25-34,£100k-£150k,UK,South West,Bristol,Head of Growth,Manager,Marketing,5,True,0.87
ben@fernhill-logistics.example,35-44,£100k-£150k,UK,West Midlands,Birmingham,Operations Manager,Manager,Operations,2,True,0.97
ben@foxglove-care.example,25-34,£100k-£150k,UK,South West,Bristol,Managing Director,Director or above,Executive,7,False,0.99
ben@harbour-manufacturing.example,25-34,£100k-£150k,UK,Yorkshire,Leeds,Marketing Manager,Manager,Marketing,3,False,0.72
ben@highgate-legal.example,25-34,£50k-£100k,DE,Bavaria,Munich,Marketing Manager,Manager,Marketing,0,True,0.98
ben@inkwell-software.example,35-44,£25k-£50k,UK,South West,Bristol,Marketing Coordinator,Individual contributor,Marketing,6,False,0.61
ben@ironbridge-insurance.example,35-44,£50k-£100k,UK,London,London,Sales Manager,Manager,Sales,8,False,0.83
ben@jasper-clinics.example,35-44,£150k+,US,Illinois,Chicago,Chief Revenue Officer,Director or above,Executive,3,True,0.67
ben@keystone-pharma.example,25-34,£25k-£50k,FR,Hauts-de-France,Lille,Sales Rep,Individual contributor,Sales,1,False,0.97
ben@larkspur-advisory.example,25-34,£25k-£50k,NL,Utrecht,Utrecht,Marketing Coordinator,Individual contributor,Marketing,5,True,0.77
ben@lindenwood-dental.example,25-34,£25k-£50k,US,Massachusetts,Boston,Analyst,Individual contributor,Operations,5,False,0.62
ben@marigold-cloud.example,35-44,£50k-£100k,US,Washington,Seattle,Marketing Manager,Manager,Marketing,3,True,0.65
ben@marigold-training.example,45-54,£100k-£150k,UK,Yorkshire,Leeds,Demand Gen Manager,Manager,Marketing,11,False,0.75
ben@moorland-labs.example,35-44,£150k+,US,Texas,Austin,CEO,Director or above,Executive,0,False,0.84
ben@moorland-retail.example,35-44,£150k+,US,Massachusetts,Boston,Managing Director,Director or above,Executive,3,True,0.83
ben@northwind-academy.example,25-34,£50k-£100k,UK,Yorkshire,Leeds,Head of Growth,Manager,Marketing,2,False,0.79
ben@oldfield-clinics.example,25-34,£25k-£50k,UK,North West,Manchester,Marketing Executive,Individual contributor,Marketing,3,True,0.76
ben@oldfield-transport.example,45-54,£100k-£150k,UK,London,London,VP Marketing,Director or above,Marketing,5,True,0.86
ben@pebble-care.example,45-54,£50k-£100k,US,Illinois,Chicago,Assistant,Individual contributor,Operations,1,False,0.96
ben@pinecrest-data.example,35-44,£25k-£50k,FR,Occitanie,Toulouse,Head of Marketing,Manager,Marketing,2,False,0.78
ben@pinecrest-training.example,25-34,£50k-£100k,UK,Yorkshire,Leeds,Marketing Executive,Individual contributor,Marketing,2,False,0.77
ben@quartz-data.example,35-44,£25k-£50k,US,Texas,Austin,Marketing Manager,Manager,Marketing,8,False,0.7
ben@riverside-insurance.example,25-34,£25k-£50k,FR,Occitanie,Toulouse,Analyst,Individual contributor,Operations,3,True,0.94
ben@saltmarsh-fabrication.example,25-34,£25k-£50k,US,New York,New York,Marketing Coordinator,Individual contributor,Marketing,8,False,0.65
ben@stonebridge-finance.example,25-34,£50k-£100k,US,Texas,Austin,Marketing Manager,Manager,Marketing,1,False,0.73
ben@thornbury-software.example,18-24,£25k-£50k,UK,West Midlands,Birmingham,Analyst,Individual contributor,Operations,13,False,0.74
ben@tidewater-labs.example,25-34,under £25k,NL,Utrecht,Utrecht,Marketing Coordinator,Individual contributor,Marketing,9,False,0.94
ben@westbrook-academy.example,25-34,£50k-£100k,US,Illinois,Chicago,Demand Gen Manager,Manager,Marketing,2,False,0.85
ben@westbrook-recruitment.example,35-44,£25k-£50k,US,New York,New York,Operations Manager,Manager,Operations,4,True,0.78
ben@zephyr-systems.example,25-34,£25k-£50k,UK,Yorkshire,Leeds,Assistant,Individual contributor,Operations,5,False,0.65
benanderson60@icloud.example,25-34,£25k-£50k,US,California,San Francisco,Analyst,Individual contributor,Operations,3,False,0.64
bendavies27@hotmail.example,25-34,under £25k,UK,West Midlands,Birmingham,Assistant,Individual contributor,Operations,3,False,0.65
bendavies35@hotmail.example,35-44,£25k-£50k,US,Washington,Seattle,Analyst,Individual contributor,Operations,8,False,0.81
bendevries39@yahoo.example,18-24,under £25k,UK,North West,Manchester,Student,Student,Student,0,False,0.85
benhughes92@yahoo.example,18-24,under £25k,FR,Hauts-de-France,Lille,Student,Student,Student,0,False,0.92
benmartin23@icloud.example,45-54,£50k-£100k,UK,London,London,VP Marketing,Director or above,Marketing,2,True,0.9
benmoore92@hotmail.example,25-34,£50k-£100k,NL,South Holland,Rotterdam,Head of Marketing,Manager,Marketing,5,True,0.69
benmuller92@hotmail.example,35-44,£100k-£150k,UK,Yorkshire,Leeds,Chief Revenue Officer,Director or above,Executive,0,True,0.89
benmurphy25@hotmail.example,25-34,under £25k,UK,West Midlands,Birmingham,Sales Rep,Individual contributor,Sales,0,False,0.8
benschmidt17@hotmail.example,18-24,under £25k,DE,Hesse,Frankfurt,Student,Student,Student,0,False,0.69
benwalker95@icloud.example,35-44,£25k-£50k,UK,North West,Manchester,Head of Marketing,Manager,Marketing,1,False,0.79
benwhite19@outlook.example,35-44,£100k-£150k,US,New York,New York,Analyst,Individual contributor,Operations,8,False,0.81
benwhite52@hotmail.example,55-64,£100k-£150k,US,California,San Francisco,CEO,Director or above,Executive,3,True,0.62
benwhite92@outlook.example,18-24,under £25k,UK,North West,Manchester,Student,Student,Student,0,False,0.63
bgarcia248@yahoo.example,25-34,£25k-£50k,US,California,San Francisco,Demand Gen Manager,Manager,Marketing,6,False,0.63
bgreen840@hotmail.example,35-44,under £25k,DE,Hamburg,Hamburg,Head of Growth,Manager,Marketing,0,True,0.75
bjohnson558@gmail.example,25-34,£100k-£150k,US,Texas,Austin,Head of Marketing,Manager,Marketing,1,False,0.92
bking218@gmail.example,25-34,under £25k,UK,Scotland,Edinburgh,Assistant,Individual contributor,Operations,4,False,0.99
bking668@icloud.example,35-44,£50k-£100k,FR,Auvergne-Rhone-Alpes,Lyon,Sales Manager,Manager,Sales,3,False,0.66
bmartin323@yahoo.example,35-44,£50k-£100k,NL,North Holland,Amsterdam,Head of Marketing,Manager,Marketing,0,True,0.89
bmiller323@outlook.example,35-44,£25k-£50k,UK,Yorkshire,Leeds,Head of Marketing,Manager,Marketing,0,True,0.98
bmuller937@outlook.example,35-44,£50k-£100k,US,New York,New York,Head of Growth,Manager,Marketing,2,True,0.94
bschmidt218@hotmail.example,55-64,£25k-£50k,DE,Hamburg,Hamburg,CEO,Director or above,Executive,1,True,0.66
bscott094@gmail.example,45-54,£150k+,FR,Ile-de-France,Paris,Managing Director,Director or above,Executive,4,False,0.72
bwhite860@yahoo.example,25-34,£25k-£50k,UK,Yorkshire,Leeds,Sales Manager,Manager,Sales,1,False,0.96
c.anderson@nettlefield-systems.example,45-54,£100k-£150k,UK,South West,Bristol,Marketing Director,Director or above,Marketing,16,False,0.74
c.baker@meridian-wealth.example,25-34,£25k-£50k,DE,Hesse,Frankfurt,Head of Marketing,Manager,Marketing,1,True,0.81
c.baker@tamarind-dental.example,25-34,£50k-£100k,NL,Utrecht,Utrecht,Head of Growth,Manager,Marketing,2,False,0.85
c.bakker@kingsway-engineering.example,18-24,£25k-£50k,UK,London,London,Assistant,Individual contributor,Operations,6,False,0.82
c.bakker@norfolk-stores.example,35-44,£100k-£150k,UK,South West,Bristol,Operations Manager,Manager,Operations,1,False,0.88
c.bakker@vantage-insurance.example,45-54,£50k-£100k,US,California,San Francisco,Operations Manager,Manager,Operations,5,True,0.71
c.bernard@aurora-software.example,45-54,£100k-£150k,US,Massachusetts,Boston,Marketing Director,Director or above,Marketing,1,True,0.69
c.bernard@cedar-dental.example,18-24,£100k-£150k,UK,North West,Manchester,Operations Manager,Manager,Operations,15,True,0.66
c.clarke@falcon-labs.example,25-34,£25k-£50k,FR,Auvergne-Rhone-Alpes,Lyon,Marketing Coordinator,Individual contributor,Marketing,3,True,0.86
c.clarke@stonebridge-dental.example,55-64,£100k-£150k,US,California,San Francisco,Marketing Director,Director or above,Marketing,1,True,0.92
c.devries@ivywood-digital.example,25-34,£50k-£100k,NL,North Holland,Amsterdam,Sales Rep,Individual contributor,Sales,4,True,0.95
c.devries@marigold-clinics.example,35-44,£100k-£150k,US,Massachusetts,Boston,Sales Manager,Manager,Sales,5,False,0.99
c.evans@bramble-lending.example,25-34,£50k-£100k,FR,Occitanie,Toulouse,Demand Gen Manager,Manager,Marketing,3,False,0.78
c.garcia@emberly-data.example,25-34,under £25k,UK,North West,Manchester,Assistant,Individual contributor,Operations,1,False,0.85
c.garcia@keystone-education.example,45-54,£50k-£100k,NL,North Brabant,Eindhoven,Marketing Manager,Manager,Marketing,0,False,0.66
c.garcia@moorland-digital.example,45-54,£100k-£150k,FR,Occitanie,Toulouse,Director of Sales,Director or above,Sales,2,True,0.66
c.green@elmstead-systems.example,25-34,£150k+,US,Illinois,Chicago,Director of Sales,Director or above,Sales,3,True,0.66
c.green@keystone-engineering.example,18-24,under £25k,FR,Occitanie,Toulouse,Sales Rep,Individual contributor,Sales,2,False,0.76
c.hughes@keystone-data.example,35-44,£50k-£100k,UK,South West,Bristol,Sales Manager,Manager,Sales,3,True,0.97
c.jansen@hawthorn-outfitters.example,35-44,£50k-£100k,DE,Bavaria,Munich,Sales Manager,Manager,Sales,4,True,0.81
c.jansen@zephyr-haulage.example,25-34,£25k-£50k,US,New York,New York,Marketing Executive,Individual contributor,Marketing,1,False,0.89
c.johnson@bluebell-cloud.example,45-54,under £25k,UK,Yorkshire,Leeds,Assistant,Individual contributor,Operations,2,False,0.86
c.johnson@nimbus-retail.example,25-34,£50k-£100k,NL,Utrecht,Utrecht,Marketing Manager,Manager,Marketing,3,True,0.92
c.johnson@yarrow-medical.example,35-44,£50k-£100k,NL,North Holland,Amsterdam,Chief Revenue Officer,Director or above,Executive,2,True,0.83
c.khan@hawthorn-recruitment.example,55-64,£150k+,DE,Hesse,Frankfurt,CEO,Director or above,Executive,0,True,0.85
c.khan@kelvin-recruitment.example,25-34,£50k-£100k,NL,North Holland,Amsterdam,Head of Growth,Manager,Marketing,2,True,0.7
c.khan@tamarind-shipping.example,18-24,£25k-£50k,UK,South West,Bristol,Marketing Coordinator,Individual contributor,Marketing,5,False,0.83
c.khan@thornbury-associates.example,35-44,£100k-£150k,UK,Scotland,Edinburgh,Founder,Director or above,Executive,0,False,0.62
c.khan@yarrow-goods.example,35-44,£50k-£100k,US,Massachusetts,Boston,Marketing Executive,Individual contributor,Marketing,4,True,0.78
c.king@foxglove-associates.example,25-34,£25k-£50k,UK,South West,Bristol,Analyst,Individual contributor,Operations,3,False,0.88
c.king@ivywood-college.example,25-34,£100k-£150k,US,New York,New York,Head of Growth,Manager,Marketing,4,False,0.63
c.lewis@driftwood-education.example,45-54,£50k-£100k,US,Massachusetts,Boston,Founder,Director or above,Executive,1,True,0.67
c.lewis@pebble-systems.example,35-44,£50k-£100k,UK,Yorkshire,Leeds,Head of Growth,Manager,Marketing,0,True,0.67
c.martin@jasper-manufacturing.example,18-24,£50k-£100k,UK,North West,Manchester,Operations Manager,Manager,Operations,1,True,0.96
c.martin@lindenwood-academy.example,35-44,under £25k,UK,Yorkshire,Leeds,Assistant,Individual contributor,Operations,1,True,0.64
c.martin@norfolk-manufacturing.example,45-54,£150k+,FR,Hauts-de-France,Lille,Founder,Director or above,Executive,2,True,0.87
c.martin@zephyr-associates.example,35-44,£25k-£50k,US,Illinois,Chicago,Demand Gen Manager,Manager,Marketing,6,True,0.89
c.miller@kelvin-logistics.example,18-24,under £25k,DE,Hesse,Frankfurt,Marketing Coordinator,Individual contributor,Marketing,2,True,0.66
c.miller@pinecrest-pharma.example,45-54,£150k+,US,California,San Francisco,Head of Growth,Manager,Marketing,3,False,0.69
c.muller@falcon-education.example,25-34,£50k-£100k,UK,West Midlands,Birmingham,Demand Gen Manager,Manager,Marketing,3,False,0.87
c.murphy@cobalt-labs.example,35-44,£50k-£100k,NL,North Brabant,Eindhoven,Head of Marketing,Manager,Marketing,0,True,0.9
c.murphy@highgate-dental.example,35-44,£50k-£100k,FR,Ile-de-France,Paris,Founder,Director or above,Executive,1,True,0.85
c.patel@kingsway-care.example,25-34,under £25k,US,Washington,Seattle,Marketing Executive,Individual contributor,Marketing,1,False,0.72
c.roberts@driftwood-associates.example,35-44,under £25k,US,Illinois,Chicago,Sales Rep,Individual contributor,Sales,1,True,0.69
c.roberts@ironbridge-shipping.example,25-34,£100k-£150k,DE,Hamburg,Hamburg,Operations Manager,Manager,Operations,5,True,0.69
c.roberts@meridian-stores.example,25-34,£100k-£150k,NL,Utrecht,Utrecht,Operations Manager,Manager,Operations,2,False,0.84
c.roberts@nimbus-capital.example,25-34,£25k-£50k,UK,Scotland,Edinburgh,Marketing Coordinator,Individual contributor,Marketing,2,True,0.86
c.schmidt@cobalt-manufacturing.example,45-54,£150k+,US,Massachusetts,Boston,Managing Director,Director or above,Executive,4,True,0.62
c.schmidt@ivywood-software.example,45-54,£25k-£50k,FR,Auvergne-Rhone-Alpes,Lyon,Sales Manager,Manager,Sales,6,True,0.98
c.schmidt@jasper-medical.example,45-54,£50k-£100k,US,Illinois,Chicago,Assistant,Individual contributor,Operations,2,True,0.88
c.schmidt@juniper-accountants.example,35-44,£50k-£100k,UK,South West,Bristol,Head of Growth,Manager,Marketing,1,False,0.64
c.scott@evergreen-works.example,45-54,£150k+,US,Washington,Seattle,Founder,Director or above,Executive,9,True,0.94
c.smith@granite-legal.example,45-54,£50k-£100k,UK,Scotland,Edinburgh,Marketing Manager,Manager,Marketing,1,False,0.8
c.taylor@fernhill-systems.example,45-54,£150k+,FR,Hauts-de-France,Lille,Managing Director,Director or above,Executive,4,True,0.68
c.taylor@glenmoor-training.example,35-44,£50k-£100k,US,California,San Francisco,Head of Marketing,Manager,Marketing,4,False,0.63
c.thompson@glenmoor-dental.example,25-34,£100k-£150k,UK,North West,Manchester,Head of Marketing,Manager,Marketing,4,True,0.97
c.walker@highgate-consulting.example,25-34,£50k-£100k,US,Illinois,Chicago,Head of Growth,Manager,Marketing,2,True,0.66
c.walker@lantern-fabrication.example,35-44,£50k-£100k,NL,South Holland,Rotterdam,Head of Growth,Manager,Marketing,9,True,0.66
c.weber@fernhill-tutors.example,25-34,£50k-£100k,UK,Scotland,Edinburgh,Sales Rep,Individual contributor,Sales,2,True,0.67
c.weber@silverline-retail.example,55-64,£150k+,US,Massachusetts,Boston,VP Marketing,Director or above,Marketing,1,True,0.9
c.white@cedar-training.example,45-54,£50k-£100k,UK,London,London,Head of Growth,Manager,Marketing,4,False,0.89
c.white@evergreen-training.example,55-64,£50k-£100k,UK,London,London,Head of Growth,Manager,Marketing,2,True,0.68
c.white@hawthorn-training.example,25-34,£50k-£100k,DE,Hesse,Frankfurt,Head of Growth,Manager,Marketing,1,True,0.99
c.wilson@ashford-manufacturing.example,35-44,under £25k,US,Illinois,Chicago,Marketing Executive,Individual contributor,Marketing,2,False,0.77
c.wood@inkwell-health.example,35-44,£150k+,US,Massachusetts,Boston,Sales Manager,Manager,Sales,3,True,0.62
c.wood@kelvin-retail.example,25-34,£25k-£50k,UK,London,London,Sales Manager,Manager,Sales,2,True,0.65
c.wood@keystone-engineering.example,25-34,under £25k,FR,Occitanie,Toulouse,Sales Rep,Individual contributor,Sales,3,True,0.92
c.wood@marigold-engineering.example,25-34,£100k-£150k,US,Texas,Austin,Head of Growth,Manager,Marketing,5,True,0.68
c.wright@thornbury-labs.example,35-44,£100k-£150k,US,New York,New York,Sales Manager,Manager,Sales,1,False,0.64
c.wright@valley-fabrication.example,18-24,£50k-£100k,DE,Berlin,Berlin,Sales Manager,Manager,Sales,14,True,0.83
c.young@ashford-advisory.example,25-34,£50k-£100k,UK,West Midlands,Birmingham,Head of Marketing,Manager,Marketing,2,True,0.84
c.young@norfolk-insurance.example,55-64,£100k-£150k,DE,Hesse,Frankfurt,VP Marketing,Director or above,Marketing,2,True,0.94
camille.anderson@clearwater-software.example,25-34,£50k-£100k,NL,Utrecht,Utrecht,Operations Manager,Manager,Operations,1,True,0.73
camille.anderson@evergreen-tutors.example,35-44,£25k-£50k,US,Illinois,Chicago,Sales Rep,Individual contributor,Sales,1,True,0.67
camille.anderson@ivywood-logistics.example,45-54,£150k+,US,Massachusetts,Boston,Director of Sales,Director or above,Sales,5,True,0.98
camille.bernard@glenmoor-dental.example,35-44,£25k-£50k,UK,North West,Manchester,Head of Growth,Manager,Marketing,4,True,0.89
camille.brown@rosewood-retail.example,25-34,£50k-£100k,UK,London,London,Head of Growth,Manager,Marketing,0,True,0.95
camille.clarke@gmail.example,35-44,£50k-£100k,UK,Scotland,Edinburgh,Demand Gen Manager,Manager,Marketing,9,False,0.88
camille.davies@saltmarsh-accountants.example,35-44,£150k+,UK,London,London,Marketing Director,Director or above,Marketing,9,False,0.91
camille.devries@redwood-learning.example,35-44,£150k+,DE,Berlin,Berlin,CEO,Director or above,Executive,11,True,0.96
camille.evans@outlook.example,45-54,£50k-£100k,NL,Utrecht,Utrecht,Head of Growth,Manager,Marketing,3,True,0.79
camille.garcia@gmail.example,35-44,£25k-£50k,UK,Scotland,Edinburgh,Head of Marketing,Manager,Marketing,4,True,0.72
camille.garcia@lindenwood-dental.example,45-54,£150k+,US,California,San Francisco,Marketing Director,Director or above,Marketing,11,False,0.66
camille.green@foxglove-associates.example,25-34,£150k+,UK,South West,Bristol,Chief Revenue Officer,Director or above,Executive,1,False,0.66
camille.green@glenmoor-retail.example,25-34,under £25k,DE,Hesse,Frankfurt,Marketing Coordinator,Individual contributor,Marketing,1,False,0.64
camille.green@outlook.example,35-44,£50k-£100k,UK,Yorkshire,Leeds,Head of Marketing,Manager,Marketing,2,True,0.97
camille.hall@dunmore-data.example,45-54,£100k-£150k,UK,West Midlands,Birmingham,Chief Revenue Officer,Director or above,Executive,2,True,0.91
camille.hall@nettlefield-works.example,25-34,under £25k,NL,North Holland,Amsterdam,Sales Rep,Individual contributor,Sales,1,True,0.66
camille.hughes@falcon-cloud.example,18-24,£25k-£50k,US,California,San Francisco,Student,Student,Student,0,False,0.88
camille.hughes@pennine-fabrication.example,35-44,£50k-£100k,US,Texas,Austin,Sales Manager,Manager,Sales,2,True,0.8
camille.jansen@inkwell-college.example,25-34,£25k-£50k,UK,South West,Bristol,Head of Growth,Manager,Marketing,2,True,0.71
camille.jansen@nettlefield-college.example,35-44,£25k-£50k,US,Illinois,Chicago,Marketing Coordinator,Individual contributor,Marketing,4,True,0.7
camille.johnson@granite-digital.example,35-44,£25k-£50k,US,Texas,Austin,Analyst,Individual contributor,Operations,3,False,0.75
camille.jones@nimbus-stores.example,25-34,£50k-£100k,US,Massachusetts,Boston,Marketing Coordinator,Individual contributor,Marketing,2,False,0.93
camille.khan@outlook.example,45-54,£100k-£150k,DE,Hesse,Frankfurt,Chief Revenue Officer,Director or above,Executive,4,True,0.76
camille.king@lantern-medical.example,35-44,£100k-£150k,US,Illinois,Chicago,Marketing Director,Director or above,Marketing,4,False,0.94
camille.lewis@willow-lending.example,55-64,£100k-£150k,FR,Auvergne-Rhone-Alpes,Lyon,Chief Revenue Officer,Director or above,Executive,5,True,0.95
camille.martin@harbour-college.example,35-44,£100k-£150k,UK,West Midlands,Birmingham,Marketing Manager,Manager,Marketing,1,True,0.65
camille.martin@nimbus-trading.example,35-44,£50k-£100k,FR,Occitanie,Toulouse,Marketing Manager,Manager,Marketing,1,False,0.93
camille.martin@pinecrest-works.example,35-44,£50k-£100k,DE,Berlin,Berlin,Demand Gen Manager,Manager,Marketing,1,True,0.72
camille.miller@cedar-software.example,25-34,£25k-£50k,US,Washington,Seattle,Sales Rep,Individual contributor,Sales,2,True,0.71
camille.miller@cobalt-pharma.example,35-44,£150k+,US,California,San Francisco,Sales Manager,Manager,Sales,7,False,0.71
camille.miller@yahoo.example,35-44,£25k-£50k,UK,Scotland,Edinburgh,Marketing Manager,Manager,Marketing,1,False,0.76
camille.moore@pennine-associates.example,25-34,£50k-£100k,US,California,San Francisco,Marketing Executive,Individual contributor,Marketing,3,False,0.69
camille.moore@yarrow-works.example,18-24,£25k-£50k,US,Texas,Austin,Assistant,Individual contributor,Operations,1,False,0.83
camille.muller@ashford-health.example,25-34,£100k-£150k,US,Washington,Seattle,Head of Growth,Manager,Marketing,9,False,0.72
camille.murphy@aurora-consulting.example,35-44,£100k-£150k,UK,West Midlands,Birmingham,Operations Manager,Manager,Operations,3,False,0.67
camille.roberts@dunmore-learning.example,25-34,£25k-£50k,UK,South West,Bristol,Demand Gen Manager,Manager,Marketing,4,True,0.83
camille.roberts@hotmail.example,25-34,under £25k,UK,North West,Manchester,Marketing Executive,Individual contributor,Marketing,3,False,0.72
camille.scott@hotmail.example,35-44,£100k-£150k,UK,London,London,Chief Revenue Officer,Director or above,Executive,0,False,0.98
camille.scott@outlook.example,35-44,£50k-£100k,US,Illinois,Chicago,Head of Growth,Manager,Marketing,5,True,0.81
camille.scott@pinecrest-stores.example,35-44,£50k-£100k,US,New York,New York,Assistant,Individual contributor,Operations,2,False,0.82
camille.walker@evergreen-insurance.example,35-44,£100k-£150k,UK,North West,Manchester,Head of Marketing,Manager,Marketing,2,False,0.62
camille.white@emberly-finance.example,25-34,£50k-£100k,US,Texas,Austin,Analyst,Individual contributor,Operations,3,False,0.82
camille.williams@dovecote-wealth.example,25-34,£50k-£100k,UK,North West,Manchester,Sales Manager,Manager,Sales,8,False,0.64
camille.wilson@gmail.example,18-24,under £25k,UK,North West,Manchester,Analyst,Individual contributor,Operations,5,True,0.65
camille.wood@tamarind-insurance.example,35-44,under £25k,FR,Hauts-de-France,Lille,Analyst,Individual contributor,Operations,3,False,0.7
camille.wood@yahoo.example,25-34,under £25k,US,Massachusetts,Boston,Sales Rep,Individual contributor,Sales,3,True,0.74
camille.young@quayside-outfitters.example,18-24,under £25k,UK,Yorkshire,Leeds,Sales Rep,Individual contributor,Sales,1,False,0.63
camille42@hawthorn-fabrication.example,55-64,£100k-£150k,UK,North West,Manchester,CEO,Director or above,Executive,16,True,0.66
camille@bramble-dental.example,18-24,£50k-£100k,US,New York,New York,Marketing Coordinator,Individual contributor,Marketing,6,False,0.76
camille@bramble-digital.example,25-34,£25k-£50k,UK,Yorkshire,Leeds,Marketing Executive,Individual contributor,Marketing,2,True,0.7
camille@brightwater-stores.example,25-34,£25k-£50k,FR,Ile-de-France,Paris,Analyst,Individual contributor,Operations,5,False,0.95
camille@clearwater-advisory.example,18-24,£25k-£50k,UK,South West,Bristol,Marketing Coordinator,Individual contributor,Marketing,0,False,0.7
camille@cobalt-partners.example,55-64,£100k-£150k,US,Illinois,Chicago,CEO,Director or above,Executive,1,True,0.96
camille@driftwood-wealth.example,25-34,£50k-£100k,UK,Yorkshire,Leeds,Head of Growth,Manager,Marketing,3,True,0.69
camille@elmstead-tutors.example,35-44,£25k-£50k,FR,Ile-de-France,Paris,Operations Manager,Manager,Operations,2,True,0.82
camille@falcon-labs.example,45-54,£100k-£150k,FR,Occitanie,Toulouse,Managing Director,Director or above,Executive,1,False,0.92
camille@glenmoor-dental.example,25-34,£25k-£50k,UK,North West,Manchester,Analyst,Individual contributor,Operations,0,False,0.77
camille@granite-care.example,35-44,£50k-£100k,FR,Auvergne-Rhone-Alpes,Lyon,Sales Manager,Manager,Sales,2,True,0.88
camille@granite-market.example,45-54,£100k-£150k,FR,Occitanie,Toulouse,Chief Revenue Officer,Director or above,Executive,0,False,0.83
camille@greystone-components.example,35-44,£50k-£100k,UK,Yorkshire,Leeds,Operations Manager,Manager,Operations,3,True,0.93
camille@hawthorn-fabrication.example,25-34,£100k-£150k,UK,West Midlands,Birmingham,Operations Manager,Manager,Operations,2,True,0.74
camille@heron-labs.example,35-44,£25k-£50k,US,Texas,Austin,Sales Rep,Individual contributor,Sales,1,False,0.63
camille@inkwell-capital.example,35-44,£50k-£100k,DE,Bavaria,Munich,Marketing Manager,Manager,Marketing,3,True,0.62
camille@inkwell-couriers.example,25-34,£150k+,UK,Scotland,Edinburgh,Founder,Director or above,Executive,2,True,0.98
camille@kelvin-dental.example,25-34,£100k-£150k,US,Washington,Seattle,Sales Rep,Individual contributor,Sales,5,True,0.99
camille@kelvin-partners.example,18-24,£25k-£50k,UK,West Midlands,Birmingham,Marketing Coordinator,Individual contributor,Marketing,4,False,0.68
camille@larkspur-dental.example,25-34,under £25k,UK,North West,Manchester,Marketing Executive,Individual contributor,Marketing,4,False,0.83
camille@lindenwood-capital.example,45-54,£50k-£100k,UK,Yorkshire,Leeds,Founder,Director or above,Executive,4,True,0.67
camille@marigold-digital.example,25-34,£150k+,UK,West Midlands,Birmingham,Director of Sales,Director or above,Sales,3,True,0.69
camille@marigold-medical.example,35-44,£100k-£150k,UK,North West,Manchester,Director of Sales,Director or above,Sales,2,False,0.89
camille@meridian-transport.example,35-44,£50k-£100k,US,New York,New York,Sales Manager,Manager,Sales,2,True,0.61
camille@rosewood-data.example,45-54,£100k-£150k,FR,Ile-de-France,Paris,VP Marketing,Director or above,Marketing,5,False,0.95
camille@tamarind-finance.example,35-44,£100k-£150k,UK,West Midlands,Birmingham,Chief Revenue Officer,Director or above,Executive,1,True,0.75
camille@tidewater-works.example,35-44,£25k-£50k,UK,Scotland,Edinburgh,Marketing Coordinator,Individual contributor,Marketing,1,True,0.8
camille@umber-wealth.example,45-54,£100k-£150k,NL,North Brabant,Eindhoven,Marketing Director,Director or above,Marketing,0,True,0.86
camille@zephyr-stores.example,25-34,£50k-£100k,US,California,San Francisco,Assistant,Individual contributor,Operations,0,False,0.85
camillegarcia43@icloud.example,35-44,£25k-£50k,UK,London,London,Marketing Manager,Manager,Marketing,2,False,0.93
camillekhan19@outlook.example,45-54,£150k+,UK,Scotland,Edinburgh,VP Marketing,Director or above,Marketing,2,False,0.85
camillemuller89@gmail.example,25-34,under £25k,DE,Hamburg,Hamburg,Assistant,Individual contributor,Operations,3,False,0.92
camillemurphy94@gmail.example,35-44,£100k-£150k,US,Massachusetts,Boston,Founder,Director or above,Executive,3,True,0.83
camilleroberts52@icloud.example,35-44,£100k-£150k,UK,London,London,Head of Growth,Manager,Marketing,1,False,0.85
camillethompson02@outlook.example,25-34,£25k-£50k,US,Texas,Austin,Assistant,Individual contributor,Operations,8,False,0.83
camillewright97@gmail.example,25-34,£25k-£50k,UK,London,London,Sales Manager,Manager,Sales,2,False,0.96
canderson100@yahoo.example,35-44,£100k-£150k,UK,South West,Bristol,Managing Director,Director or above,Executive,4,True,0.87
canderson159@icloud.example,35-44,£50k-£100k,US,Washington,Seattle,Operations Manager,Manager,Operations,2,True,0.61
cbrown441@hotmail.example,35-44,£50k-£100k,DE,Bavaria,Munich,Head of Marketing,Manager,Marketing,3,False,0.67
cdavies512@hotmail.example,35-44,£25k-£50k,US,New York,New York,Marketing Executive,Individual contributor,Marketing,2,False,0.71
cdubois132@hotmail.example,25-34,£50k-£100k,US,New York,New York,Head of Growth,Manager,Marketing,1,True,0.79
cevans622@icloud.example,18-24,£25k-£50k,NL,North Brabant,Eindhoven,Analyst,Individual contributor,Operations,3,True,0.99
cgreen673@yahoo.example,35-44,£150k+,US,Washington,Seattle,VP Marketing,Director or above,Marketing,2,False,0.86
chloe.anderson@alder-trading.example,25-34,£25k-£50k,US,Massachusetts,Boston,Marketing Executive,Individual contributor,Marketing,0,True,0.81
chloe.anderson@gmail.example,25-34,£25k-£50k,UK,West Midlands,Birmingham,Marketing Manager,Manager,Marketing,2,False,0.86
chloe.baker@tidewater-fabrication.example,25-34,£25k-£50k,UK,South West,Bristol,Assistant,Individual contributor,Operations,2,True,0.66
chloe.bakker@kestrel-couriers.example,65+,£100k-£150k,NL,South Holland,Rotterdam,CEO,Director or above,Executive,0,False,0.86
chloe.bernard@evergreen-works.example,45-54,£150k+,US,Illinois,Chicago,CEO,Director or above,Executive,1,False,0.61
chloe.bernard@outlook.example,35-44,£150k+,US,New York,New York,Managing Director,Director or above,Executive,1,True,0.93
chloe.brown@gmail.example,18-24,under £25k,DE,Hesse,Frankfurt,Student,Student,Student,0,False,0.62
chloe.clarke@thornbury-dental.example,25-34,£150k+,US,Massachusetts,Boston,Sales Manager,Manager,Sales,4,True,0.85
chloe.davies@foxglove-training.example,25-34,£25k-£50k,DE,Hamburg,Hamburg,Sales Rep,Individual contributor,Sales,3,False,0.86
chloe.davies@highgate-recruitment.example,45-54,£50k-£100k,UK,North West,Manchester,Managing Director,Director or above,Executive,2,True,0.75
chloe.davies@ivywood-software.example,25-34,£50k-£100k,FR,Auvergne-Rhone-Alpes,Lyon,Founder,Director or above,Executive,2,False,0.81
chloe.davies@stonebridge-tutors.example,45-54,£100k-£150k,FR,Hauts-de-France,Lille,Director of Sales,Director or above,Sales,1,True,0.95
chloe.devries@rosewood-learning.example,18-24,£25k-£50k,FR,Occitanie,Toulouse,Student,Student,Student,0,False,0.92
chloe.dubois@hotmail.example,25-34,£50k-£100k,NL,Utrecht,Utrecht,Marketing Coordinator,Individual contributor,Marketing,12,False,0.61
chloe.evans@cedar-industries.example,25-34,£50k-£100k,US,Texas,Austin,Marketing Coordinator,Individual contributor,Marketing,1,False,0.82
chloe.garcia@highgate-recruitment.example,25-34,£25k-£50k,UK,London,London,Head of Marketing,Manager,Marketing,14,True,0.8
chloe.garcia@northwind-wealth.example,35-44,£50k-£100k,US,Massachusetts,Boston,Demand Gen Manager,Manager,Marketing,1,True,0.97
chloe.green@umber-advisory.example,45-54,£100k-£150k,UK,Yorkshire,Leeds,Marketing Director,Director or above,Marketing,2,True,0.67
chloe.hall@greystone-outfitters.example,55-64,£150k+,US,California,San Francisco,Managing Director,Director or above,Executive,9,False,0.69
chloe.hughes@kelvin-insurance.example,35-44,£50k-£100k,NL,North Holland,Amsterdam,Marketing Manager,Manager,Marketing,5,False,0.77
chloe.hughes@meridian-college.example,45-54,£100k-£150k,US,Illinois,Chicago,Marketing Manager,Manager,Marketing,6,True,0.79
chloe.jansen@yahoo.example,35-44,£100k-£150k,US,Illinois,Chicago,Founder,Director or above,Executive,19,False,0.72
chloe.johnson@zephyr-recruitment.example,35-44,£100k-£150k,US,Washington,Seattle,Managing Director,Director or above,Executive,2,False,0.98
chloe.lewis@inkwell-stores.example,35-44,£100k-£150k,UK,Scotland,Edinburgh,Head of Growth,Manager,Marketing,6,True,0.98
chloe.martin@granite-shipping.example,25-34,£50k-£100k,FR,Auvergne-Rhone-Alpes,Lyon,Analyst,Individual contributor,Operations,5,False,0.65
chloe.martin@highgate-cloud.example,35-44,£50k-£100k,US,Texas,Austin,Demand Gen Manager,Manager,Marketing,4,False,0.85
chloe.martin@hotmail.example,45-54,£50k-£100k,US,Massachusetts,Boston,VP Marketing,Director or above,Marketing,7,True,0.96
chloe.martin@yahoo.example,25-34,£25k-£50k,FR,Occitanie,Toulouse,Head of Growth,Manager,Marketing,5,False,0.72
chloe.moore@emberly-stores.example,35-44,£100k-£150k,UK,Yorkshire,Leeds,Marketing Director,Director or above,Marketing,1,True,0.85
chloe.moore@willow-haulage.example,45-54,£100k-£150k,US,New York,New York,Chief Revenue Officer,Director or above,Executive,7,True,0.89
chloe.muller@bluebell-transport.example,45-54,£100k-£150k,NL,North Holland,Amsterdam,Chief Revenue Officer,Director or above,Executive,2,True,0.91
chloe.murphy@falcon-health.example,25-34,£50k-£100k,NL,Utrecht,Utrecht,Operations Manager,Manager,Operations,1,True,0.65
chloe.patel@pebble-accountants.example,25-34,£100k-£150k,US,California,San Francisco,Operations Manager,Manager,Operations,5,True,0.72
chloe.patel@stonebridge-legal.example,45-54,£100k-£150k,US,Massachusetts,Boston,Operations Manager,Manager,Operations,2,False,0.73
chloe.scott@riverside-partners.example,35-44,£25k-£50k,NL,Utrecht,Utrecht,Marketing Executive,Individual contributor,Marketing,1,False,0.93
chloe.scott@yahoo.example,45-54,£50k-£100k,FR,Auvergne-Rhone-Alpes,Lyon,Director of Sales,Director or above,Sales,10,False,0.81
chloe.smith@riverside-goods.example,25-34,£25k-£50k,US,New York,New York,Analyst,Individual contributor,Operations,1,False,0.74
chloe.thompson@aurora-components.example,45-54,under £25k,UK,South West,Bristol,Assistant,Individual contributor,Operations,2,False,0.78
chloe.thompson@cobalt-systems.example,25-34,£25k-£50k,US,Illinois,Chicago,Head of Marketing,Manager,Marketing,3,False,0.64
chloe.walker@outlook.example,45-54,£25k-£50k,UK,Scotland,Edinburgh,Head of Marketing,Manager,Marketing,3,True,0.79
chloe.weber@upland-insurance.example,25-34,£100k-£150k,NL,North Holland,Amsterdam,Operations Manager,Manager,Operations,0,True,0.91
chloe.weber@willow-software.example,25-34,under £25k,US,New York,New York,Assistant,Individual contributor,Operations,2,True,0.85
chloe.white@granite-couriers.example,55-64,£50k-£100k,FR,Occitanie,Toulouse,Chief Revenue Officer,Director or above,Executive,10,True,0.72
chloe.white@meridian-retail.example,25-34,£25k-£50k,UK,Yorkshire,Leeds,Analyst,Individual contributor,Operations,10,True,0.79
chloe.white@norfolk-legal.example,25-34,£25k-£50k,DE,Berlin,Berlin,Marketing Executive,Individual contributor,Marketing,6,True,0.89
chloe.williams@icloud.example,18-24,under £25k,FR,Auvergne-Rhone-Alpes,Lyon,Sales Rep,Individual contributor,Sales,3,False,0.62
chloe.wood@nettlefield-shipping.example,35-44,£100k-£150k,UK,Yorkshire,Leeds,VP Marketing,Director or above,Marketing,1,True,0.61
chloe.wright@stonebridge-academy.example,25-34,£150k+,FR,Ile-de-France,Paris,Director of Sales,Director or above,Sales,1,True,0.73
chloe.wright@yahoo.example,25-34,£25k-£50k,US,Texas,Austin,Head of Growth,Manager,Marketing,1,True,0.63
chloe.young@hawthorn-freight.example,45-54,£100k-£150k,UK,Yorkshire,Leeds,VP Marketing,Director or above,Marketing,2,True,0.91
chloe@alder-advisory.example,25-34,£50k-£100k,US,Washington,Seattle,Demand Gen Manager,Manager,Marketing,3,False,0.7
chloe@aurora-software.example,35-44,£150k+,US,California,San Francisco,Director of Sales,Director or above,Sales,1,True,0.99
chloe@brightwater-insurance.example,25-34,£25k-£50k,UK,North West,Manchester,Analyst,Individual contributor,Operations,0,False,0.93
chloe@brightwater-stores.example,25-34,£25k-£50k,FR,Occitanie,Toulouse,Marketing Executive,Individual contributor,Marketing,0,False,0.63
chloe@cedar-medical.example,35-44,£25k-£50k,FR,Ile-de-France,Paris,Demand Gen Manager,Manager,Marketing,5,False,0.91
chloe@clearwater-clinics.example,25-34,£50k-£100k,UK,Scotland,Edinburgh,Marketing Manager,Manager,Marketing,3,False,0.67
chloe@cobalt-education.example,18-24,£50k-£100k,FR,Hauts-de-France,Lille,Sales Manager,Manager,Sales,1,True,0.72
chloe@cobalt-insurance.example,35-44,£25k-£50k,US,Massachusetts,Boston,Sales Manager,Manager,Sales,3,True,0.86
chloe@cobalt-shipping.example,25-34,£150k+,US,Massachusetts,Boston,Head of Growth,Manager,Marketing,1,True,0.75
chloe@evergreen-works.example,35-44,£25k-£50k,US,Washington,Seattle,Analyst,Individual contributor,Operations,8,False,0.95
chloe@granite-insurance.example,45-54,£150k+,US,Massachusetts,Boston,Managing Director,Director or above,Executive,2,True,0.71
chloe@greystone-market.example,25-34,£100k-£150k,US,Illinois,Chicago,Demand Gen Manager,Manager,Marketing,3,True,0.97
chloe@harbour-education.example,35-44,£100k-£150k,DE,Hesse,Frankfurt,Chief Revenue Officer,Director or above,Executive,6,True,0.79
chloe@ivywood-software.example,18-24,£25k-£50k,FR,Ile-de-France,Paris,Analyst,Individual contributor,Operations,2,False,0.84
chloe@jasper-dental.example,35-44,£25k-£50k,UK,South West,Bristol,Marketing Coordinator,Individual contributor,Marketing,6,False,0.88
chloe@juniper-care.example,18-24,under £25k,NL,North Holland,Amsterdam,Student,Student,Student,0,False,0.99
chloe@juniper-partners.example,45-54,£50k-£100k,US,Texas,Austin,Head of Growth,Manager,Marketing,6,True,0.6
chloe@kestrel-finance.example,18-24,£50k-£100k,FR,Auvergne-Rhone-Alpes,Lyon,Analyst,Individual contributor,Operations,2,False,0.72
chloe@lantern-components.example,25-34,£25k-£50k,NL,North Brabant,Eindhoven,Student,Student,Student,0,False,0.71
chloe@lindenwood-training.example,35-44,£100k-£150k,NL,South Holland,Rotterdam,CEO,Director or above,Executive,1,True,0.71
chloe@marigold-digital.example,35-44,£50k-£100k,UK,Yorkshire,Leeds,Assistant,Individual contributor,Operations,2,False,0.67
chloe@northwind-data.example,35-44,£25k-£50k,FR,Ile-de-France,Paris,Operations Manager,Manager,Operations,2,False,0.81
chloe@oldfield-components.example,35-44,£50k-£100k,UK,London,London,Demand Gen Manager,Manager,Marketing,2,True,0.97
chloe@oldfield-goods.example,35-44,£50k-£100k,US,Washington,Seattle,Sales Manager,Manager,Sales,1,True,0.86
chloe@pennine-legal.example,35-44,£50k-£100k,NL,South Holland,Rotterdam,Operations Manager,Manager,Operations,1,False,0.72
chloe@pinecrest-capital.example,35-44,£50k-£100k,US,Illinois,Chicago,Sales Manager,Manager,Sales,5,True,0.94
chloe@pinecrest-wealth.example,45-54,£50k-£100k,US,California,San Francisco,Demand Gen Manager,Manager,Marketing,6,True,0.97
chloe@quayside-medical.example,45-54,£50k-£100k,US,California,San Francisco,Head of Growth,Manager,Marketing,1,False,0.91
chloe@rosewood-outfitters.example,25-34,£25k-£50k,US,Massachusetts,Boston,Sales Rep,Individual contributor,Sales,0,False,0.75
chloe@saltmarsh-dental.example,25-34,£50k-£100k,UK,West Midlands,Birmingham,Head of Marketing,Manager,Marketing,4,True,0.75
chloe@tamarind-digital.example,35-44,£25k-£50k,FR,Hauts-de-France,Lille,Head of Growth,Manager,Marketing,4,True,0.65
chloe@tamarind-shipping.example,55-64,£100k-£150k,UK,West Midlands,Birmingham,VP Marketing,Director or above,Marketing,7,False,0.86
chloe@upland-data.example,35-44,£100k-£150k,UK,South West,Bristol,Marketing Manager,Manager,Marketing,3,True,0.82
chloe@upland-education.example,25-34,£25k-£50k,UK,Scotland,Edinburgh,Sales Rep,Individual contributor,Sales,3,False,0.76
chloe@willow-freight.example,35-44,£50k-£100k,US,New York,New York,Marketing Coordinator,Individual contributor,Marketing,9,False,0.95
chloe@willow-health.example,35-44,£100k-£150k,US,Washington,Seattle,VP Marketing,Director or above,Marketing,5,True,0.87
chloe@willow-systems.example,35-44,£50k-£100k,UK,Scotland,Edinburgh,Head of Marketing,Manager,Marketing,0,False,0.8
chloe@yarrow-medical.example,25-34,£50k-£100k,NL,North Brabant,Eindhoven,Head of Growth,Manager,Marketing,1,False,0.64
chloe@zephyr-systems.example,45-54,£100k-£150k,UK,Yorkshire,Leeds,Director of Sales,Director or above,Sales,2,True,0.82
chloehall69@outlook.example,18-24,under £25k,UK,North West,Manchester,Student,Student,Student,0,False,0.72
chloelewis34@yahoo.example,25-34,£25k-£50k,UK,Scotland,Edinburgh,Sales Rep,Individual contributor,Sales,6,False,0.89
chloemartin91@yahoo.example,18-24,under £25k,UK,Scotland,Edinburgh,Student,Student,Student,0,False,0.7
chloemiller72@outlook.example,35-44,£150k+,NL,Utrecht,Utrecht,Director of Sales,Director or above,Sales,6,True,0.65
chloemurphy26@outlook.example,35-44,£25k-£50k,NL,South Holland,Rotterdam,Sales Manager,Manager,Sales,1,True,0.66
chloesmith56@hotmail.example,55-64,£150k+,UK,Scotland,Edinburgh,Chief Revenue Officer,Director or above,Executive,4,True,0.66
chloesmith59@outlook.example,18-24,£50k-£100k,US,California,San Francisco,Student,Student,Student,0,False,0.63
chloewhite18@yahoo.example,45-54,£25k-£50k,US,New York,New York,Operations Manager,Manager,Operations,3,False,0.63
chloewilson14@gmail.example,18-24,£25k-£50k,UK,West Midlands,Birmingham,Sales Manager,Manager,Sales,1,True,0.64
chloewilson87@yahoo.example,35-44,£100k-£150k,UK,London,London,VP Marketing,Director or above,Marketing,7,True,0.84
chloeyoung49@hotmail.example,45-54,£50k-£100k,US,Washington,Seattle,CEO,Director or above,Executive,2,True,0.93
chloeyoung51@outlook.example,25-34,£25k-£50k,DE,Berlin,Berlin,Demand Gen Manager,Manager,Marketing,2,True,0.73
cjansen320@yahoo.example,35-44,£100k-£150k,UK,London,London,VP Marketing,Director or above,Marketing,1,True,0.74
cjones446@hotmail.example,45-54,£150k+,US,California,San Francisco,Founder,Director or above,Executive,2,True,0.74
clewis476@icloud.example,35-44,£50k-£100k,US,New York,New York,Head of Growth,Manager,Marketing,12,False,0.63
clewis731@outlook.example,18-24,under £25k,US,Washington,Seattle,Student,Student,Student,0,False,0.76
cmartin179@hotmail.example,25-34,£50k-£100k,NL,Utrecht,Utrecht,Demand Gen Manager,Manager,Marketing,5,False,0.75
cmurphy080@outlook.example,35-44,£50k-£100k,NL,Utrecht,Utrecht,CEO,Director or above,Executive,2,True,0.64
cscott322@gmail.example,18-24,under £25k,UK,Yorkshire,Leeds,Student,Student,Student,0,False,0.62
cthompson566@gmail.example,18-24,under £25k,US,Texas,Austin,Student,Student,Student,0,False,0.95
cwalker337@hotmail.example,35-44,under £25k,UK,London,London,Marketing Executive,Individual contributor,Marketing,2,True,0.89
cweber402@hotmail.example,45-54,£100k-£150k,FR,Ile-de-France,Paris,Managing Director,Director or above,Executive,1,True,0.97
cwhite660@yahoo.example,18-24,£25k-£50k,US,Texas,Austin,Student,Student,Student,0,False,0.83
cyoung450@icloud.example,18-24,under £25k,FR,Ile-de-France,Paris,Student,Student,Student,0,False,0.82
d.anderson@bramble-partners.example,35-44,£50k-£100k,UK,South West,Bristol,Marketing Manager,Manager,Marketing,5,True,0.72
d.anderson@orchard-partners.example,35-44,£100k-£150k,UK,North West,Manchester,CEO,Director or above,Executive,7,False,0.83
d.baker@orchard-stores.example,45-54,£25k-£50k,UK,Scotland,Edinburgh,Sales Manager,Manager,Sales,1,False,0.85
d.bakker@quartz-components.example,45-54,£50k-£100k,US,Massachusetts,Boston,Operations Manager,Manager,Operations,8,True,0.89
d.bernard@evergreen-medical.example,25-34,under £25k,FR,Ile-de-France,Paris,Analyst,Individual contributor,Operations,5,False,0.88
d.brown@elmstead-medical.example,45-54,£25k-£50k,DE,Hamburg,Hamburg,Sales Manager,Manager,Sales,12,True,0.93
d.brown@emberly-partners.example,25-34,£25k-£50k,DE,Hamburg,Hamburg,Sales Rep,Individual contributor,Sales,3,True,0.6
d.brown@nettlefield-associates.example,35-44,£100k-£150k,US,California,San Francisco,Operations Manager,Manager,Operations,2,False,0.74
d.clarke@riverside-freight.example,25-34,£25k-£50k,US,Washington,Seattle,Analyst,Individual contributor,Operations,8,True,0.73
d.davies@driftwood-freight.example,35-44,£100k-£150k,DE,Hesse,Frankfurt,VP Marketing,Director or above,Marketing,1,False,0.7
d.davies@fernhill-software.example,45-54,£150k+,US,New York,New York,VP Marketing,Director or above,Marketing,3,True,0.72
d.davies@norfolk-stores.example,55-64,£150k+,UK,London,London,Founder,Director or above,Executive,2,False,0.8
d.davies@orchard-outfitters.example,25-34,£25k-£50k,US,California,San Francisco,Sales Rep,Individual contributor,Sales,1,False,0.85
d.davies@westbrook-tutors.example,45-54,£100k-£150k,UK,Yorkshire,Leeds,CEO,Director or above,Executive,0,False,0.63
d.devries@granite-digital.example,25-34,under £25k,US,Texas,Austin,Student,Student,Student,0,False,0.64
d.devries@meridian-shipping.example,45-54,£50k-£100k,US,New York,New York,Analyst,Individual contributor,Operations,1,False,0.63
d.devries@oakridge-recruitment.example,25-34,£100k-£150k,US,New York,New York,Marketing Manager,Manager,Marketing,6,True,0.65
d.devries@quayside-wealth.example,25-34,£50k-£100k,US,Texas,Austin,Sales Rep,Individual contributor,Sales,2,True,0.97
d.devries@umber-college.example,35-44,£100k-£150k,US,Washington,Seattle,Demand Gen Manager,Manager,Marketing,13,False,0.93
d.devries@valley-couriers.example,35-44,£150k+,US,Massachusetts,Boston,Head of Growth,Manager,Marketing,6,False,0.94
d.evans@quartz-clinics.example,25-34,£25k-£50k,NL,North Brabant,Eindhoven,Marketing Executive,Individual contributor,Marketing,3,True,0.91
d.garcia@norfolk-retail.example,45-54,£150k+,FR,Ile-de-France,Paris,CEO,Director or above,Executive,1,True,0.88
d.green@heron-digital.example,45-54,£100k-£150k,US,Washington,Seattle,Sales Manager,Manager,Sales,1,True,0.66
d.green@keystone-learning.example,25-34,£25k-£50k,US,Washington,Seattle,Marketing Executive,Individual contributor,Marketing,1,True,0.85
d.hall@inkwell-capital.example,18-24,£25k-£50k,DE,Bavaria,Munich,Marketing Executive,Individual contributor,Marketing,1,False,0.79
d.hall@moorland-trading.example,35-44,£100k-£150k,NL,North Holland,Amsterdam,Demand Gen Manager,Manager,Marketing,4,False,0.96
d.hughes@elmstead-associates.example,35-44,£150k+,DE,Berlin,Berlin,Director of Sales,Director or above,Sales,3,True,0.94
d.hughes@foxglove-fabrication.example,25-34,under £25k,DE,Berlin,Berlin,Assistant,Individual contributor,Operations,3,True,0.72
d.hughes@thornbury-freight.example,35-44,£100k-£150k,US,Massachusetts,Boston,Sales Manager,Manager,Sales,1,True,0.76
d.jansen@brightwater-capital.example,35-44,£100k-£150k,UK,Scotland,Edinburgh,Chief Revenue Officer,Director or above,Executive,4,True,0.77
d.jansen@emberly-transport.example,18-24,£25k-£50k,US,Massachusetts,Boston,Marketing Executive,Individual contributor,Marketing,8,False,0.99
d.jansen@kestrel-pharma.example,25-34,£100k-£150k,US,Illinois,Chicago,Head of Growth,Manager,Marketing,4,True,0.88
d.johnson@elmstead-transport.example,35-44,£25k-£50k,UK,West Midlands,Birmingham,Analyst,Individual contributor,Operations,1,True,0.86
d.johnson@kingsway-stores.example,45-54,£150k+,US,Massachusetts,Boston,Managing Director,Director or above,Executive,2,False,0.64
d.johnson@lantern-health.example,35-44,£150k+,US,Washington,Seattle,CEO,Director or above,Executive,3,True,0.68
d.johnson@yarrow-shipping.example,25-34,under £25k,UK,Scotland,Edinburgh,Analyst,Individual contributor,Operations,1,False,0.82
d.jones@moorland-learning.example,45-54,£150k+,UK,Yorkshire,Leeds,Managing Director,Director or above,Executive,2,True,0.64
d.king@bramble-accountants.example,25-34,£25k-£50k,US,California,San Francisco,Marketing Executive,Individual contributor,Marketing,3,True,0.85
d.king@inkwell-advisory.example,18-24,under £25k,UK,South West,Bristol,Student,Student,Student,0,False,0.77
d.lewis@silverline-shipping.example,35-44,£50k-£100k,UK,West Midlands,Birmingham,VP Marketing,Director or above,Marketing,4,True,0.69
d.martin@jasper-legal.example,18-24,under £25k,UK,London,London,Assistant,Individual contributor,Operations,10,False,0.78
d.martin@zephyr-components.example,35-44,£25k-£50k,UK,London,London,Demand Gen Manager,Manager,Marketing,3,False,0.97
d.moore@kingsway-academy.example,35-44,£50k-£100k,US,Washington,Seattle,Head of Growth,Manager,Marketing,2,True,0.86
d.murphy@brightwater-labs.example,18-24,£25k-£50k,DE,Bavaria,Munich,Marketing Coordinator,Individual contributor,Marketing,5,True,0.73
d.murphy@harbour-trading.example,25-34,£50k-£100k,DE,Hesse,Frankfurt,Demand Gen Manager,Manager,Marketing,4,True,0.66
d.murphy@oakridge-works.example,35-44,£50k-£100k,NL,South Holland,Rotterdam,Marketing Manager,Manager,Marketing,0,True,0.88
d.patel@brightwater-wealth.example,35-44,£50k-£100k,UK,London,London,Demand Gen Manager,Manager,Marketing,2,True,0.73
d.patel@evergreen-freight.example,25-34,£50k-£100k,UK,Scotland,Edinburgh,Assistant,Individual contributor,Operations,5,False,0.61
d.roberts@kestrel-systems.example,25-34,£50k-£100k,FR,Hauts-de-France,Lille,Head of Growth,Manager,Marketing,5,True,0.74
d.schmidt@juniper-works.example,25-34,£50k-£100k,UK,Scotland,Edinburgh,Operations Manager,Manager,Operations,0,False,0.6
d.schmidt@orchard-cloud.example,35-44,£100k-£150k,UK,Yorkshire,Leeds,Chief Revenue Officer,Director or above,Executive,3,False,0.65
d.schmidt@pinecrest-labs.example,25-34,£25k-£50k,UK,West Midlands,Birmingham,Demand Gen Manager,Manager,Marketing,1,True,0.86
d.schmidt@stonebridge-transport.example,45-54,£150k+,DE,Hesse,Frankfurt,CEO,Director or above,Executive,3,True,0.78
d.scott@alder-advisory.example,45-54,£50k-£100k,US,New York,New York,Assistant,Individual contributor,Operations,0,True,0.8
d.smith@brightwater-goods.example,35-44,£150k+,US,Illinois,Chicago,Managing Director,Director or above,Executive,3,True,0.83
d.smith@harbour-freight.example,35-44,£100k-£150k,UK,West Midlands,Birmingham,Demand Gen Manager,Manager,Marketing,2,True,0.84
d.smith@saltmarsh-outfitters.example,25-34,£25k-£50k,UK,South West,Bristol,Sales Manager,Manager,Sales,9,True,0.95
d.taylor@cobalt-software.example,55-64,£150k+,US,Texas,Austin,CEO,Director or above,Executive,0,False,0.94
d.taylor@dovecote-advisory.example,35-44,£50k-£100k,US,Texas,Austin,Head of Growth,Manager,Marketing,3,False,0.73
d.taylor@quartz-health.example,18-24,under £25k,NL,Utrecht,Utrecht,Student,Student,Student,0,False,0.75
d.taylor@riverside-labs.example,25-34,under £25k,UK,London,London,Sales Rep,Individual contributor,Sales,4,True,0.82
d.thompson@foxglove-transport.example,25-34,£25k-£50k,UK,Yorkshire,Leeds,Sales Rep,Individual contributor,Sales,4,True,0.92
d.thompson@jasper-goods.example,45-54,£50k-£100k,UK,North West,Manchester,Sales Manager,Manager,Sales,2,True,0.9
d.walker@clearwater-haulage.example,35-44,£50k-£100k,UK,West Midlands,Birmingham,Sales Manager,Manager,Sales,7,True,0.68
d.walker@redwood-outfitters.example,25-34,under £25k,DE,Hesse,Frankfurt,Assistant,Individual contributor,Operations,1,False,0.72
d.walker@willow-legal.example,25-34,£50k-£100k,US,Illinois,Chicago,Marketing Manager,Manager,Marketing,2,False,0.62
d.weber@cedar-market.example,25-34,£25k-£50k,DE,Hesse,Frankfurt,Operations Manager,Manager,Operations,2,True,0.89
d.weber@lantern-labs.example,35-44,£100k-£150k,US,Washington,Seattle,Head of Marketing,Manager,Marketing,3,False,0.98
d.white@umber-medical.example,35-44,£100k-£150k,UK,Scotland,Edinburgh,Head of Marketing,Manager,Marketing,1,False,0.61
d.williams@falcon-accountants.example,25-34,£25k-£50k,FR,Auvergne-Rhone-Alpes,Lyon,Assistant,Individual contributor,Operations,1,True,0.63
d.williams@inkwell-advisory.example,25-34,under £25k,UK,London,London,Marketing Coordinator,Individual contributor,Marketing,4,True,0.7
d.williams@ironbridge-capital.example,18-24,£25k-£50k,NL,South Holland,Rotterdam,Sales Manager,Manager,Sales,3,False,0.92
d.wilson@bramble-trading.example,25-34,£100k-£150k,NL,Utrecht,Utrecht,Head of Marketing,Manager,Marketing,4,False,0.9
d.wilson@cedar-cloud.example,35-44,£50k-£100k,US,California,San Francisco,Managing Director,Director or above,Executive,1,False,0.77
d.wilson@oakridge-associates.example,25-34,under £25k,FR,Ile-de-France,Paris,Marketing Coordinator,Individual contributor,Marketing,4,True,0.69
d.wood@riverside-components.example,35-44,£50k-£100k,UK,London,London,CEO,Director or above,Executive,2,True,0.74
d.wood@vantage-trading.example,25-34,£50k-£100k,US,Washington,Seattle,Operations Manager,Manager,Operations,2,True,0.78
d.young@cedar-outfitters.example,35-44,£50k-£100k,UK,London,London,Sales Manager,Manager,Sales,5,True,0.76
d.young@kelvin-tutors.example,25-34,£50k-£100k,US,Washington,Seattle,Analyst,Individual contributor,Operations,6,False,0.96
d.young@upland-health.example,25-34,£100k-£150k,US,Massachusetts,Boston,Assistant,Individual contributor,Operations,6,True,0.67
daan.baker@cedar-transport.example,35-44,£25k-£50k,UK,Scotland,Edinburgh,Analyst,Individual contributor,Operations,12,True,0.95
daan.baker@falcon-industries.example,35-44,£100k-£150k,US,Massachusetts,Boston,Marketing Director,Director or above,Marketing,1,True,0.81
daan.baker@vantage-labs.example,25-34,£50k-£100k,NL,North Brabant,Eindhoven,Head of Marketing,Manager,Marketing,5,True,0.89
daan.brown@heron-recruitment.example,25-34,£50k-£100k,US,Massachusetts,Boston,Assistant,Individual contributor,Operations,13,False,0.93
daan.brown@hotmail.example,45-54,£25k-£50k,DE,Berlin,Berlin,Sales Manager,Manager,Sales,5,False,0.78
daan.clarke@cobalt-logistics.example,35-44,£100k-£150k,FR,Auvergne-Rhone-Alpes,Lyon,Founder,Director or above,Executive,3,False,0.98
daan.devries@gmail.example,35-44,£100k-£150k,UK,Scotland,Edinburgh,Founder,Director or above,Executive,1,True,0.82
daan.devries@hawthorn-recruitment.example,45-54,£50k-£100k,DE,Hesse,Frankfurt,Marketing Manager,Manager,Marketing,4,False,0.72
daan.devries@yahoo.example,35-44,£100k-£150k,US,California,San Francisco,Head of Marketing,Manager,Marketing,6,True,0.8
daan.dubois@dunmore-trading.example,35-44,£25k-£50k,UK,Scotland,Edinburgh,Sales Manager,Manager,Sales,2,True,0.7
daan.garcia@emberly-goods.example,35-44,£25k-£50k,UK,London,London,Marketing Manager,Manager,Marketing,4,True,0.94
daan.green@larkspur-market.example,35-44,£100k-£150k,DE,Hesse,Frankfurt,VP Marketing,Director or above,Marketing,3,True,0.62
daan.hall@icloud.example,45-54,£50k-£100k,NL,Utrecht,Utrecht,Head of Growth,Manager,Marketing,2,True,0.85
daan.jansen@brightwater-cloud.example,45-54,£100k-£150k,UK,South West,Bristol,Marketing Director,Director or above,Marketing,2,True,0.7
daan.johnson@valley-engineering.example,18-24,£25k-£50k,DE,Berlin,Berlin,Assistant,Individual contributor,Operations,1,True,0.78
daan.jones@pennine-market.example,25-34,£100k-£150k,FR,Occitanie,Toulouse,Managing Director,Director or above,Executive,2,True,0.79
daan.king@dunmore-systems.example,35-44,£50k-£100k,US,Illinois,Chicago,Head of Growth,Manager,Marketing,5,False,0.73
daan.king@highgate-pharma.example,35-44,£25k-£50k,DE,Berlin,Berlin,Analyst,Individual contributor,Operations,3,True,0.91
daan.king@northwind-learning.example,25-34,£25k-£50k,NL,North Brabant,Eindhoven,Sales Rep,Individual contributor,Sales,5,True,0.75
daan.lewis@westbrook-insurance.example,25-34,under £25k,UK,South West,Bristol,Analyst,Individual contributor,Operations,2,True,0.94
daan.miller@inkwell-couriers.example,25-34,£25k-£50k,UK,North West,Manchester,Marketing Executive,Individual contributor,Marketing,1,True,0.61
daan.moore@ashford-care.example,25-34,£25k-£50k,UK,South West,Bristol,Sales Rep,Individual contributor,Sales,2,True,0.89
daan.moore@harbour-care.example,25-34,£100k-£150k,UK,Scotland,Edinburgh,Sales Manager,Manager,Sales,1,True,0.64
daan.moore@keystone-college.example,35-44,£100k-£150k,US,Illinois,Chicago,Head of Marketing,Manager,Marketing,9,False,0.61
daan.moore@valley-fabrication.example,25-34,£50k-£100k,DE,Hamburg,Hamburg,Marketing Manager,Manager,Marketing,2,True,0.88
daan.muller@icloud.example,35-44,£50k-£100k,DE,Hamburg,Hamburg,Demand Gen Manager,Manager,Marketing,0,True,0.76
daan.patel@pennine-fabrication.example,18-24,under £25k,US,Washington,Seattle,Student,Student,Student,0,False,0.93
daan.patel@pennine-industries.example,25-34,£25k-£50k,US,Washington,Seattle,Assistant,Individual contributor,Operations,1,True,0.63
daan.patel@yahoo.example,25-34,£25k-£50k,UK,Scotland,Edinburgh,Marketing Executive,Individual contributor,Marketing,1,False,0.7
daan.schmidt@harbour-engineering.example,35-44,£100k-£150k,NL,North Brabant,Eindhoven,Operations Manager,Manager,Operations,1,False,0.77
daan.schmidt@hawthorn-market.example,35-44,£50k-£100k,FR,Occitanie,Toulouse,Marketing Manager,Manager,Marketing,2,True,0.9
daan.schmidt@upland-couriers.example,25-34,£50k-£100k,UK,South West,Bristol,Sales Rep,Individual contributor,Sales,4,False,0.73
daan.schmidt@yarrow-transport.example,25-34,£100k-£150k,US,Massachusetts,Boston,Sales Manager,Manager,Sales,0,True,0.87
daan.smith@cedar-freight.example,35-44,£100k-£150k,DE,Bavaria,Munich,Sales Manager,Manager,Sales,3,True,0.7
daan.smith@keystone-engineering.example,25-34,£50k-£100k,FR,Occitanie,Toulouse,Sales Manager,Manager,Sales,1,False,0.65
daan.smith@willow-legal.example,35-44,£50k-£100k,US,Massachusetts,Boston,Analyst,Individual contributor,Operations,3,False,0.84
daan.taylor@outlook.example,45-54,£100k-£150k,US,California,San Francisco,Marketing Director,Director or above,Marketing,5,True,0.63
daan.thompson@kestrel-haulage.example,45-54,£100k-£150k,FR,Hauts-de-France,Lille,Operations Manager,Manager,Operations,2,True,0.85
daan.walker@nettlefield-trading.example,18-24,£25k-£50k,FR,Ile-de-France,Paris,Assistant,Individual contributor,Operations,4,True,0.76
daan.walker@nimbus-market.example,45-54,£50k-£100k,US,Texas,Austin,Managing Director,Director or above,Executive,2,True,0.73
daan.weber@elmstead-lending.example,18-24,£50k-£100k,US,New York,New York,Demand Gen Manager,Manager,Marketing,1,False,0.89
daan.williams@beacon-legal.example,35-44,£100k-£150k,NL,South Holland,Rotterdam,Founder,Director or above,Executive,2,True,0.95
daan.williams@evergreen-works.example,55-64,£100k-£150k,US,California,San Francisco,CEO,Director or above,Executive,6,True,0.87
daan.williams@greystone-medical.example,25-34,under £25k,UK,Yorkshire,Leeds,Analyst,Individual contributor,Operations,3,True,0.73
daan.williams@inkwell-fabrication.example,25-34,£100k-£150k,NL,South Holland,Rotterdam,Head of Growth,Manager,Marketing,2,False,0.96
daan.williams@northwind-tutors.example,25-34,£50k-£100k,UK,South West,Bristol,Assistant,Individual contributor,Operations,1,False,0.72
daan.wood@gmail.example,25-34,under £25k,DE,Bavaria,Munich,Student,Student,Student,0,False,0.97
daan.wood@valley-freight.example,25-34,£25k-£50k,US,Texas,Austin,Sales Rep,Individual contributor,Sales,9,True,0.77
daan.young@thornbury-systems.example,35-44,£150k+,US,Washington,Seattle,CEO,Director or above,Executive,1,True,0.94
daan.young@umber-dental.example,35-44,£100k-£150k,UK,West Midlands,Birmingham,Sales Manager,Manager,Sales,3,True,0.72
daan@ashford-components.example,65+,£150k+,US,California,San Francisco,CEO,Director or above,Executive,7,False,0.88
daan@bluebell-wealth.example,35-44,£150k+,UK,South West,Bristol,VP Marketing,Director or above,Marketing,1,True,0.71
daan@brightwater-associates.example,45-54,£100k-£150k,US,California,San Francisco,Marketing Manager,Manager,Marketing,8,True,0.65
daan@cedar-market.example,25-34,£25k-£50k,DE,Berlin,Berlin,Sales Rep,Individual contributor,Sales,2,False,0.92
daan@dovecote-consulting.example,35-44,£50k-£100k,NL,North Brabant,Eindhoven,Marketing Manager,Manager,Marketing,1,True,0.62
daan@driftwood-education.example,45-54,£100k-£150k,US,New York,New York,Head of Marketing,Manager,Marketing,5,True,0.89
daan@emberly-lending.example,45-54,£150k+,UK,South West,Bristol,VP Marketing,Director or above,Marketing,2,True,0.85
daan@emberly-retail.example,18-24,£25k-£50k,FR,Ile-de-France,Paris,Analyst,Individual contributor,Operations,7,False,0.94
daan@falcon-outfitters.example,25-34,£50k-£100k,UK,West Midlands,Birmingham,Sales Manager,Manager,Sales,3,False,0.62
daan@fernhill-academy.example,18-24,£100k-£150k,US,Illinois,Chicago,Marketing Executive,Individual contributor,Marketing,5,True,0.94
daan@foxglove-care.example,45-54,£50k-£100k,UK,South West,Bristol,Director of Sales,Director or above,Sales,1,False,0.66
daan@foxglove-tutors.example,25-34,£25k-£50k,US,Washington,Seattle,Assistant,Individual contributor,Operations,2,True,0.88
daan@glenmoor-wealth.example,35-44,£150k+,NL,South Holland,Rotterdam,CEO,Director or above,Executive,3,True,0.71
daan@harbour-systems.example,35-44,£25k-£50k,UK,Yorkshire,Leeds,Marketing Manager,Manager,Marketing,0,False,0.96
daan@highgate-cloud.example,25-34,£25k-£50k,US,California,San Francisco,Sales Rep,Individual contributor,Sales,8,True,0.74
daan@juniper-retail.example,35-44,£25k-£50k,UK,North West,Manchester,Demand Gen Manager,Manager,Marketing,1,True,0.61
daan@kestrel-haulage.example,18-24,under £25k,FR,Occitanie,Toulouse,Student,Student,Student,0,False,0.67
daan@kingsway-consulting.example,18-24,under £25k,UK,South West,Bristol,Student,Student,Student,0,False,0.77
daan@kingsway-education.example,25-34,£100k-£150k,DE,Bavaria,Munich,Operations Manager,Manager,Operations,1,True,0.83
daan@moorland-capital.example,25-34,£25k-£50k,FR,Auvergne-Rhone-Alpes,Lyon,Head of Marketing,Manager,Marketing,1,True,0.72
daan@moorland-market.example,25-34,£100k-£150k,US,Texas,Austin,Marketing Manager,Manager,Marketing,2,True,0.88
daan@nettlefield-capital.example,18-24,under £25k,US,Washington,Seattle,Assistant,Individual contributor,Operations,3,False,0.65
daan@nimbus-training.example,18-24,£50k-£100k,US,New York,New York,Marketing Executive,Individual contributor,Marketing,5,True,0.79
daan@norfolk-retail.example,25-34,£25k-£50k,FR,Occitanie,Toulouse,Sales Rep,Individual contributor,Sales,3,False,0.66
daan@orchard-college.example,35-44,£25k-£50k,US,California,San Francisco,Analyst,Individual contributor,Operations,1,False,0.7
daan@orchard-insurance.example,35-44,£50k-£100k,UK,North West,Manchester,Marketing Coordinator,Individual contributor,Marketing,1,True,0.85
daan@orchard-shipping.example,35-44,£100k-£150k,US,Massachusetts,Boston,Head of Marketing,Manager,Marketing,3,False,0.61
daan@saltmarsh-cloud.example,35-44,£100k-£150k,UK,Yorkshire,Leeds,Chief Revenue Officer,Director or above,Executive,1,True,0.99
daan@saltmarsh-software.example,25-34,£100k-£150k,UK,North West,Manchester,Marketing Director,Director or above,Marketing,1,True,0.61
daan@stonebridge-learning.example,25-34,£50k-£100k,UK,South West,Bristol,Head of Marketing,Manager,Marketing,3,True,0.74
daan@tidewater-components.example,35-44,£50k-£100k,US,Washington,Seattle,Operations Manager,Manager,Operations,5,True,0.65
daan@umber-wealth.example,35-44,£50k-£100k,NL,North Brabant,Eindhoven,Sales Manager,Manager,Sales,1,False,0.71
daan@valley-associates.example,45-54,£100k-£150k,UK,Scotland,Edinburgh,Founder,Director or above,Executive,3,False,0.81
daan@valley-lending.example,25-34,£50k-£100k,US,New York,New York,Analyst,Individual contributor,Operations,1,False,0.79
daan@zephyr-haulage.example,35-44,£100k-£150k,US,New York,New York,Head of Marketing,Manager,Marketing,3,True,0.61
daangreen69@gmail.example,18-24,£25k-£50k,US,Illinois,Chicago,Assistant,Individual contributor,Operations,2,False,0.91
daanlewis29@gmail.example,35-44,£50k-£100k,NL,North Holland,Amsterdam,Marketing Manager,Manager,Marketing,2,False,0.75
daanpatel68@icloud.example,25-34,£150k+,FR,Occitanie,Toulouse,Chief Revenue Officer,Director or above,Executive,0,True,0.89
daanschmidt06@gmail.example,25-34,under £25k,US,Massachusetts,Boston,Student,Student,Student,0,False,0.76
daantaylor33@icloud.example,25-34,£25k-£50k,UK,West Midlands,Birmingham,Marketing Manager,Manager,Marketing,5,True,0.88
daniel.anderson@falcon-software.example,45-54,£100k-£150k,US,California,San Francisco,Managing Director,Director or above,Executive,9,True,0.96
daniel.baker@elmstead-advisory.example,35-44,£50k-£100k,UK,Yorkshire,Leeds,Director of Sales,Director or above,Sales,7,False,0.9
daniel.baker@falcon-academy.example,18-24,£50k-£100k,UK,North West,Manchester,Sales Rep,Individual contributor,Sales,5,False,0.66
daniel.baker@stonebridge-freight.example,55-64,£50k-£100k,DE,Bavaria,Munich,CEO,Director or above,Executive,2,True,0.98
daniel.bakker@hotmail.example,18-24,£25k-£50k,NL,Utrecht,Utrecht,Student,Student,Student,0,False,0.88
daniel.bernard@gmail.example,25-34,£25k-£50k,UK,Yorkshire,Leeds,Managing Director,Director or above,Executive,2,True,0.76
daniel.brown@orchard-wealth.example,35-44,£25k-£50k,NL,South Holland,Rotterdam,Marketing Coordinator,Individual contributor,Marketing,1,False,0.97
daniel.brown@upland-components.example,35-44,£100k-£150k,UK,Scotland,Edinburgh,Sales Manager,Manager,Sales,2,False,0.8
daniel.clarke@greystone-clinics.example,55-64,£150k+,UK,North West,Manchester,CEO,Director or above,Executive,1,False,0.87
daniel.davies@icloud.example,35-44,£50k-£100k,UK,North West,Manchester,Founder,Director or above,Executive,2,True,0.66
daniel.devries@redwood-college.example,45-54,£50k-£100k,US,Illinois,Chicago,Marketing Director,Director or above,Marketing,1,True,0.98
daniel.devries@tidewater-fabrication.example,35-44,£100k-£150k,UK,Yorkshire,Leeds,Director of Sales,Director or above,Sales,1,True,0.73
daniel.green@orchard-trading.example,25-34,£100k-£150k,US,Massachusetts,Boston,Marketing Executive,Individual contributor,Marketing,4,False,0.92
daniel.hall@orchard-care.example,45-54,£100k-£150k,US,New York,New York,Marketing Director,Director or above,Marketing,7,True,0.75
daniel.hall@umber-data.example,25-34,£50k-£100k,UK,West Midlands,Birmingham,Demand Gen Manager,Manager,Marketing,3,True,0.87
daniel.jansen@foxglove-stores.example,25-34,£150k+,US,Texas,Austin,Head of Growth,Manager,Marketing,3,True,0.6
daniel.jansen@quartz-clinics.example,25-34,£25k-£50k,NL,South Holland,Rotterdam,Sales Rep,Individual contributor,Sales,8,False,0.71
daniel.johnson@pennine-labs.example,25-34,£50k-£100k,UK,North West,Manchester,Marketing Manager,Manager,Marketing,8,False,0.98
daniel.johnson@pinecrest-software.example,25-34,£50k-£100k,US,Massachusetts,Boston,Marketing Executive,Individual contributor,Marketing,3,True,0.78
daniel.khan@hotmail.example,25-34,under £25k,US,Washington,Seattle,Marketing Executive,Individual contributor,Marketing,3,True,0.74
daniel.khan@pennine-systems.example,35-44,£50k-£100k,UK,South West,Bristol,Head of Growth,Manager,Marketing,6,True,0.94
daniel.khan@yahoo.example,25-34,£50k-£100k,DE,Bavaria,Munich,Head of Marketing,Manager,Marketing,7,True,0.82
daniel.king@nettlefield-advisory.example,35-44,£50k-£100k,NL,Utrecht,Utrecht,Marketing Director,Director or above,Marketing,6,True,0.61
daniel.lewis@pinecrest-capital.example,25-34,£25k-£50k,US,Massachusetts,Boston,Marketing Manager,Manager,Marketing,1,True,0.88
daniel.martin@hotmail.example,25-34,£50k-£100k,UK,North West,Manchester,Head of Marketing,Manager,Marketing,3,True,0.77
daniel.miller@clearwater-lending.example,35-44,£25k-£50k,US,California,San Francisco,Operations Manager,Manager,Operations,3,False,0.6
daniel.miller@juniper-consulting.example,25-34,£25k-£50k,FR,Ile-de-France,Paris,Assistant,Individual contributor,Operations,1,False,0.61
daniel.moore@cedar-software.example,35-44,£50k-£100k,US,Texas,Austin,Marketing Coordinator,Individual contributor,Marketing,5,True,0.7
daniel.moore@oakridge-transport.example,35-44,£100k-£150k,UK,West Midlands,Birmingham,Director of Sales,Director or above,Sales,1,False,0.93
daniel.muller@larkspur-training.example,35-44,£25k-£50k,NL,North Brabant,Eindhoven,Sales Manager,Manager,Sales,3,True,0.81
daniel.murphy@ivywood-works.example,25-34,£25k-£50k,NL,South Holland,Rotterdam,Analyst,Individual contributor,Operations,3,False,0.75
daniel.patel@thornbury-advisory.example,25-34,£50k-£100k,US,California,San Francisco,Assistant,Individual contributor,Operations,2,False,0.67
daniel.roberts@dovecote-digital.example,45-54,£100k-£150k,NL,Utrecht,Utrecht,Sales Manager,Manager,Sales,3,True,0.93
daniel.roberts@fernhill-health.example,45-54,£150k+,US,Washington,Seattle,CEO,Director or above,Executive,3,False,0.66
daniel.scott@aurora-freight.example,35-44,£50k-£100k,FR,Ile-de-France,Paris,Operations Manager,Manager,Operations,2,False,0.69
daniel.scott@hotmail.example,18-24,£25k-£50k,NL,Utrecht,Utrecht,Student,Student,Student,0,False,0.91
daniel.smith@falcon-software.example,35-44,£150k+,US,Washington,Seattle,Founder,Director or above,Executive,2,False,0.87
daniel.smith@lindenwood-tutors.example,35-44,£100k-£150k,UK,London,London,CEO,Director or above,Executive,1,False,0.8
daniel.taylor@icloud.example,25-34,£25k-£50k,FR,Auvergne-Rhone-Alpes,Lyon,Demand Gen Manager,Manager,Marketing,5,False,0.97
daniel.taylor@stonebridge-systems.example,35-44,£100k-£150k,US,Illinois,Chicago,Head of Marketing,Manager,Marketing,1,False,0.8
daniel.thompson@granite-engineering.example,25-34,£25k-£50k,DE,Hamburg,Hamburg,Analyst,Individual contributor,Operations,1,True,0.85
daniel.walker@hotmail.example,45-54,£100k-£150k,US,Illinois,Chicago,Chief Revenue Officer,Director or above,Executive,2,True,0.73
daniel.walker@larkspur-couriers.example,35-44,£50k-£100k,FR,Auvergne-Rhone-Alpes,Lyon,Head of Marketing,Manager,Marketing,2,False,0.67
daniel.walker@northwind-manufacturing.example,35-44,£100k-£150k,US,Illinois,Chicago,Marketing Manager,Manager,Marketing,1,True,0.76
daniel.weber85@outlook.example,25-34,£25k-£50k,UK,West Midlands,Birmingham,Sales Manager,Manager,Sales,1,True,0.8
daniel.weber@outlook.example,35-44,£50k-£100k,UK,London,London,Operations Manager,Manager,Operations,1,False,0.67
daniel.williams@alder-industries.example,25-34,£100k-£150k,UK,Scotland,Edinburgh,Founder,Director or above,Executive,4,True,0.74
daniel.williams@driftwood-freight.example,25-34,£25k-£50k,DE,Hamburg,Hamburg,Marketing Executive,Individual contributor,Marketing,2,True,0.76
daniel.williams@outlook.example,25-34,under £25k,US,Massachusetts,Boston,Analyst,Individual contributor,Operations,5,False,0.84
daniel.wilson@ashford-pharma.example,35-44,£100k-£150k,UK,Yorkshire,Leeds,Director of Sales,Director or above,Sales,1,False,0.61
daniel.wilson@greystone-stores.example,65+,£50k-£100k,UK,London,London,VP Marketing,Director or above,Marketing,2,True,0.78
daniel.young@hawthorn-freight.example,25-34,£25k-£50k,UK,Scotland,Edinburgh,Head of Growth,Manager,Marketing,0,True,0.96
daniel@alder-goods.example,25-34,under £25k,UK,South West,Bristol,Assistant,Individual contributor,Operations,2,False,0.62
daniel@aurora-industries.example,18-24,£50k-£100k,UK,West Midlands,Birmingham,Operations Manager,Manager,Operations,1,True,0.73
daniel@aurora-partners.example,45-54,£100k-£150k,UK,South West,Bristol,VP Marketing,Director or above,Marketing,3,True,0.68
daniel@bramble-lending.example,18-24,under £25k,FR,Auvergne-Rhone-Alpes,Lyon,Student,Student,Student,0,False,0.86
daniel@clearwater-systems.example,35-44,£100k-£150k,DE,Bavaria,Munich,Head of Growth,Manager,Marketing,1,False,0.62
daniel@driftwood-couriers.example,35-44,£100k-£150k,US,California,San Francisco,Marketing Director,Director or above,Marketing,0,False,0.69
daniel@dunmore-accountants.example,25-34,£150k+,US,Massachusetts,Boston,Sales Manager,Manager,Sales,1,False,0.62
daniel@falcon-fabrication.example,25-34,£50k-£100k,UK,South West,Bristol,Analyst,Individual contributor,Operations,2,False,0.83
daniel@granite-recruitment.example,55-64,£100k-£150k,FR,Ile-de-France,Paris,Founder,Director or above,Executive,2,True,0.82
daniel@kelvin-clinics.example,45-54,£50k-£100k,DE,Bavaria,Munich,VP Marketing,Director or above,Marketing,3,True,0.96
daniel@kestrel-haulage.example,55-64,£100k-£150k,FR,Hauts-de-France,Lille,Director of Sales,Director or above,Sales,2,False,0.65
daniel@keystone-college.example,25-34,£25k-£50k,US,California,San Francisco,Marketing Executive,Individual contributor,Marketing,1,True,0.61
daniel@kingsway-consulting.example,25-34,£50k-£100k,UK,West Midlands,Birmingham,Marketing Executive,Individual contributor,Marketing,1,False,0.86
daniel@larkspur-stores.example,18-24,£50k-£100k,UK,London,London,Marketing Manager,Manager,Marketing,0,True,0.81
daniel@marigold-training.example,18-24,under £25k,UK,Scotland,Edinburgh,Sales Rep,Individual contributor,Sales,1,False,0.65
daniel@moorland-components.example,35-44,£50k-£100k,UK,Scotland,Edinburgh,Marketing Director,Director or above,Marketing,3,True,0.69
daniel@moorland-systems.example,35-44,£50k-£100k,UK,West Midlands,Birmingham,Head of Growth,Manager,Marketing,0,False,0.6
daniel@nettlefield-finance.example,25-34,£50k-£100k,UK,South West,Bristol,Head of Growth,Manager,Marketing,1,True,0.96
daniel@nimbus-care.example,25-34,£25k-£50k,US,Massachusetts,Boston,Assistant,Individual contributor,Operations,2,False,0.85
daniel@norfolk-medical.example,45-54,£25k-£50k,DE,Berlin,Berlin,Assistant,Individual contributor,Operations,2,False,0.98
daniel@norfolk-pharma.example,25-34,£25k-£50k,FR,Hauts-de-France,Lille,Assistant,Individual contributor,Operations,1,True,0.83
daniel@northwind-consulting.example,65+,£100k-£150k,NL,South Holland,Rotterdam,Director of Sales,Director or above,Sales,6,False,0.8
daniel@oakridge-engineering.example,25-34,under £25k,UK,South West,Bristol,Marketing Executive,Individual contributor,Marketing,1,False,0.72
daniel@oldfield-legal.example,45-54,£50k-£100k,FR,Auvergne-Rhone-Alpes,Lyon,Analyst,Individual contributor,Operations,1,True,0.97
daniel@pebble-college.example,35-44,£25k-£50k,FR,Auvergne-Rhone-Alpes,Lyon,Marketing Coordinator,Individual contributor,Marketing,1,True,0.87
daniel@pebble-tutors.example,35-44,£25k-£50k,DE,Berlin,Berlin,Head of Marketing,Manager,Marketing,3,True,0.71
daniel@pinecrest-components.example,35-44,£50k-£100k,UK,Scotland,Edinburgh,Marketing Manager,Manager,Marketing,4,False,0.99
daniel@pinecrest-wealth.example,25-34,£100k-£150k,US,Texas,Austin,Analyst,Individual contributor,Operations,2,False,0.91
daniel@quartz-dental.example,35-44,£25k-£50k,DE,Hamburg,Hamburg,Marketing Manager,Manager,Marketing,3,True,0.88
daniel@redwood-legal.example,35-44,£100k-£150k,FR,Ile-de-France,Paris,Director of Sales,Director or above,Sales,3,False,0.9
daniel@riverside-tutors.example,35-44,£100k-£150k,US,New York,New York,Founder,Director or above,Executive,1,True,0.99
daniel@rosewood-retail.example,35-44,£50k-£100k,UK,London,London,Head of Growth,Manager,Marketing,1,True,0.8
daniel@silverline-insurance.example,25-34,£50k-£100k,US,Illinois,Chicago,Marketing Manager,Manager,Marketing,3,False,0.79
daniel@tamarind-consulting.example,25-34,£25k-£50k,UK,Scotland,Edinburgh,Sales Rep,Individual contributor,Sales,3,False,0.96
daniel@thornbury-insurance.example,25-34,£50k-£100k,UK,West Midlands,Birmingham,Sales Manager,Manager,Sales,1,True,0.64
daniel@thornbury-learning.example,45-54,£25k-£50k,DE,Berlin,Berlin,Marketing Coordinator,Individual contributor,Marketing,2,False,0.68
daniel@umber-learning.example,25-34,£50k-£100k,US,New York,New York,Assistant,Individual contributor,Operations,2,False,0.72
daniel@vantage-goods.example,35-44,under £25k,UK,South West,Bristol,Marketing Coordinator,Individual contributor,Marketing,2,False,0.77
daniel@willow-care.example,35-44,£150k+,US,California,San Francisco,Sales Manager,Manager,Sales,3,False,0.74
daniel@willow-digital.example,35-44,£100k-£150k,UK,Yorkshire,Leeds,Head of Growth,Manager,Marketing,0,False,0.68
daniel@willow-wealth.example,55-64,£100k-£150k,US,Massachusetts,Boston,Founder,Director or above,Executive,4,True,0.86
daniel@yarrow-engineering.example,35-44,£100k-£150k,US,Washington,Seattle,Director of Sales,Director or above,Sales,4,False,0.61
daniel@yarrow-freight.example,35-44,£50k-£100k,UK,Scotland,Edinburgh,Head of Marketing,Manager,Marketing,4,False,0.82
daniel@zephyr-consulting.example,25-34,£50k-£100k,DE,Berlin,Berlin,Head of Marketing,Manager,Marketing,2,False,0.91
danielbakker36@hotmail.example,35-44,£50k-£100k,DE,Hesse,Frankfurt,CEO,Director or above,Executive,1,True,0.98
danielbakker75@gmail.example,25-34,£50k-£100k,US,Illinois,Chicago,Demand Gen Manager,Manager,Marketing,2,False,0.7
danielbrown61@yahoo.example,25-34,£25k-£50k,UK,North West,Manchester,Marketing Executive,Individual contributor,Marketing,3,True,0.72
danieldavies01@yahoo.example,35-44,£25k-£50k,US,Massachusetts,Boston,Marketing Manager,Manager,Marketing,1,True,0.76
danieldevries96@icloud.example,35-44,£100k-£150k,UK,Scotland,Edinburgh,Founder,Director or above,Executive,4,True,0.77
danieldubois24@outlook.example,35-44,£100k-£150k,UK,South West,Bristol,Managing Director,Director or above,Executive,1,True,0.73
danielhall21@outlook.example,45-54,£50k-£100k,UK,Yorkshire,Leeds,Managing Director,Director or above,Executive,5,True,0.69
danieljansen63@gmail.example,25-34,£50k-£100k,UK,North West,Manchester,Demand Gen Manager,Manager,Marketing,5,True,0.67
danielmartin83@gmail.example,18-24,under £25k,UK,West Midlands,Birmingham,Student,Student,Student,0,False,0.62
danielmoore10@gmail.example,35-44,under £25k,NL,South Holland,Rotterdam,Marketing Coordinator,Individual contributor,Marketing,1,False,0.73
danielscott02@gmail.example,25-34,under £25k,UK,London,London,Sales Manager,Manager,Sales,1,False,0.61
danielscott48@outlook.example,18-24,under £25k,FR,Auvergne-Rhone-Alpes,Lyon,Assistant,Individual contributor,Operations,11,False,0.98
danielyoung92@yahoo.example,18-24,under £25k,US,New York,New York,Student,Student,Student,0,False,0.65
dbaker707@icloud.example,25-34,£100k-£150k,US,California,San Francisco,Marketing Executive,Individual contributor,Marketing,5,True,0.65
dclarke773@icloud.example,35-44,£50k-£100k,NL,North Brabant,Eindhoven,Demand Gen Manager,Manager,Marketing,3,False,0.95
devans649@outlook.example,35-44,£100k-£150k,DE,Berlin,Berlin,Director of Sales,Director or above,Sales,4,True,0.83
djones920@hotmail.example,18-24,under £25k,US,Texas,Austin,Student,Student,Student,0,True,0.74
dking954@gmail.example,25-34,under £25k,US,New York,New York,Sales Rep,Individual contributor,Sales,9,False,0.71
dmartin308@hotmail.example,18-24,under £25k,UK,Yorkshire,Leeds,Student,Student,Student,0,False,0.91
dmartin381@yahoo.example,18-24,£25k-£50k,NL,Utrecht,Utrecht,Marketing Coordinator,Individual contributor,Marketing,9,False,0.71
dmuller147@outlook.example,35-44,£50k-£100k,UK,Yorkshire,Leeds,VP Marketing,Director or above,Marketing,3,False,0.69
dmuller246@hotmail.example,35-44,£50k-£100k,UK,London,London,Demand Gen Manager,Manager,Marketing,8,True,0.85
dpatel117@yahoo.example,55-64,£150k+,US,Massachusetts,Boston,Director of Sales,Director or above,Sales,1,False,0.73
dscott053@hotmail.example,25-34,£25k-£50k,NL,North Brabant,Eindhoven,Marketing Executive,Individual contributor,Marketing,1,False,0.98
dsmith897@icloud.example,35-44,£100k-£150k,NL,North Holland,Amsterdam,Chief Revenue Officer,Director or above,Executive,2,False,0.77
dtaylor488@yahoo.example,25-34,£25k-£50k,DE,Hesse,Frankfurt,Head of Marketing,Manager,Marketing,1,False,0.97
dthompson462@hotmail.example,18-24,£50k-£100k,FR,Hauts-de-France,Lille,Marketing Coordinator,Individual contributor,Marketing,3,False,0.79
dwalker187@yahoo.example,25-34,£25k-£50k,NL,Utrecht,Utrecht,Demand Gen Manager,Manager,Marketing,2,False,0.92
dwalker228@hotmail.example,35-44,£50k-£100k,UK,West Midlands,Birmingham,Marketing Manager,Manager,Marketing,7,False,0.72
dweber165@gmail.example,18-24,under £25k,DE,Berlin,Berlin,Student,Student,Student,0,False,0.69
dweber329@hotmail.example,35-44,£100k-£150k,FR,Hauts-de-France,Lille,Head of Growth,Manager,Marketing,1,True,0.63
dweber372@gmail.example,35-44,£100k-£150k,UK,Yorkshire,Leeds,Head of Marketing,Manager,Marketing,8,True,0.69
dweber571@outlook.example,25-34,£25k-£50k,US,California,San Francisco,Sales Rep,Individual contributor,Sales,2,True,0.96
dwood784@gmail.example,55-64,£50k-£100k,US,Texas,Austin,Director of Sales,Director or above,Sales,3,True,0.61
e.anderson@brightwater-finance.example,35-44,£25k-£50k,FR,Auvergne-Rhone-Alpes,Lyon,Analyst,Individual contributor,Operations,2,False,0.86
e.anderson@juniper-data.example,35-44,£25k-£50k,UK,Scotland,Edinburgh,Assistant,Individual contributor,Operations,1,False,0.65
e.anderson@tamarind-care.example,45-54,£100k-£150k,NL,North Holland,Amsterdam,Managing Director,Director or above,Executive,3,True,0.91
e.baker@juniper-labs.example,35-44,£100k-£150k,US,Massachusetts,Boston,Head of Growth,Manager,Marketing,1,False,0.92
e.bakker@oldfield-clinics.example,35-44,£50k-£100k,UK,Yorkshire,Leeds,Marketing Manager,Manager,Marketing,2,False,0.93
e.bakker@pebble-learning.example,55-64,£100k-£150k,US,New York,New York,Managing Director,Director or above,Executive,1,False,0.83
e.bakker@pinecrest-care.example,55-64,£100k-£150k,US,Massachusetts,Boston,Founder,Director or above,Executive,5,True,0.78
e.bernard@zephyr-haulage.example,25-34,£50k-£100k,US,California,San Francisco,Marketing Manager,Manager,Marketing,3,False,0.64
e.brown@aurora-learning.example,45-54,£50k-£100k,DE,Bavaria,Munich,Director of Sales,Director or above,Sales,9,False,0.68
e.brown@oakridge-associates.example,65+,£150k+,FR,Ile-de-France,Paris,Marketing Director,Director or above,Marketing,1,True,0.94
e.brown@umber-data.example,35-44,£25k-£50k,UK,South West,Bristol,Analyst,Individual contributor,Operations,1,False,0.64
e.clarke@nettlefield-works.example,25-34,£25k-£50k,NL,North Brabant,Eindhoven,Assistant,Individual contributor,Operations,1,False,0.73
e.clarke@northwind-legal.example,18-24,under £25k,DE,Bavaria,Munich,Student,Student,Student,0,False,0.65
e.davies@brightwater-cloud.example,35-44,£25k-£50k,UK,Scotland,Edinburgh,Marketing Executive,Individual contributor,Marketing,2,False,0.94
e.davies@oakridge-training.example,18-24,£50k-£100k,DE,Berlin,Berlin,Sales Rep,Individual contributor,Sales,12,False,0.99
e.davies@pebble-finance.example,25-34,£50k-£100k,NL,Utrecht,Utrecht,Marketing Manager,Manager,Marketing,1,False,0.6
e.devries@valley-engineering.example,35-44,£25k-£50k,DE,Hesse,Frankfurt,Head of Growth,Manager,Marketing,1,True,0.63
e.dubois@highgate-software.example,25-34,£50k-£100k,US,Illinois,Chicago,Marketing Coordinator,Individual contributor,Marketing,5,False,0.94
e.dubois@meridian-clinics.example,35-44,£50k-£100k,UK,West Midlands,Birmingham,Marketing Manager,Manager,Marketing,2,False,0.67
e.dubois@moorland-haulage.example,35-44,£25k-£50k,UK,Yorkshire,Leeds,Marketing Executive,Individual contributor,Marketing,2,True,0.97
e.evans@bramble-outfitters.example,25-34,£50k-£100k,US,California,San Francisco,Marketing Manager,Manager,Marketing,4,True,0.87
e.evans@quartz-accountants.example,25-34,£25k-£50k,DE,Bavaria,Munich,Head of Marketing,Manager,Marketing,1,False,0.8
e.garcia@umber-haulage.example,35-44,£50k-£100k,UK,London,London,Marketing Manager,Manager,Marketing,2,False,0.61
e.green@pebble-tutors.example,35-44,£50k-£100k,DE,Hamburg,Hamburg,Operations Manager,Manager,Operations,1,True,0.73
e.hall@beacon-fabrication.example,55-64,£100k-£150k,DE,Berlin,Berlin,Director of Sales,Director or above,Sales,1,True,0.67
e.hughes@ivywood-medical.example,25-34,£50k-£100k,UK,South West,Bristol,Demand Gen Manager,Manager,Marketing,3,True,0.81
e.hughes@ivywood-software.example,18-24,£25k-£50k,FR,Occitanie,Toulouse,Marketing Executive,Individual contributor,Marketing,0,False,0.98
e.hughes@nettlefield-software.example,45-54,£100k-£150k,US,New York,New York,Managing Director,Director or above,Executive,10,True,0.97
e.jansen@jasper-insurance.example,35-44,£50k-£100k,US,California,San Francisco,Assistant,Individual contributor,Operations,2,False,0.78
e.jansen@willow-systems.example,25-34,£50k-£100k,UK,London,London,Assistant,Individual contributor,Operations,2,False,0.74
e.johnson@falcon-market.example,25-34,£25k-£50k,NL,North Brabant,Eindhoven,Analyst,Individual contributor,Operations,4,True,0.7
e.jones@quartz-trading.example,55-64,£100k-£150k,DE,Hamburg,Hamburg,CEO,Director or above,Executive,6,True,0.92
e.khan@inkwell-medical.example,55-64,£100k-£150k,UK,Yorkshire,Leeds,Founder,Director or above,Executive,2,True,0.79
e.khan@nettlefield-accountants.example,25-34,£100k-£150k,US,Massachusetts,Boston,Sales Rep,Individual contributor,Sales,2,False,0.82
e.khan@norfolk-components.example,35-44,£50k-£100k,DE,Bavaria,Munich,Head of Growth,Manager,Marketing,4,True,0.74
e.khan@quayside-outfitters.example,25-34,£25k-£50k,UK,West Midlands,Birmingham,Analyst,Individual contributor,Operations,4,True,0.71
e.king@yarrow-transport.example,35-44,£100k-£150k,US,Washington,Seattle,Director of Sales,Director or above,Sales,2,False,0.75
e.lewis@aurora-couriers.example,45-54,£25k-£50k,UK,London,London,Operations Manager,Manager,Operations,8,False,0.65
e.martin@harbour-education.example,65+,£50k-£100k,DE,Hamburg,Hamburg,Managing Director,Director or above,Executive,2,True,0.84
e.miller@saltmarsh-lending.example,45-54,£50k-£100k,DE,Berlin,Berlin,Head of Marketing,Manager,Marketing,18,False,0.72
e.moore@moorland-shipping.example,18-24,under £25k,US,New York,New York,Sales Rep,Individual contributor,Sales,2,False,0.83
e.muller@bluebell-health.example,25-34,under £25k,FR,Occitanie,Toulouse,Assistant,Individual contributor,Operations,0,False,0.64
e.murphy@falcon-data.example,55-64,£100k-£150k,UK,North West,Manchester,VP Marketing,Director or above,Marketing,7,True,0.98
e.murphy@inkwell-retail.example,25-34,£50k-£100k,FR,Ile-de-France,Paris,Head of Marketing,Manager,Marketing,3,True,0.67
e.murphy@upland-academy.example,25-34,£25k-£50k,US,Illinois,Chicago,Assistant,Individual contributor,Operations,6,False,0.98
e.roberts@lindenwood-software.example,25-34,£50k-£100k,US,Massachusetts,Boston,Sales Rep,Individual contributor,Sales,2,False,0.72
e.schmidt@harbour-lending.example,25-34,£25k-£50k,UK,London,London,Analyst,Individual contributor,Operations,5,True,0.67
e.schmidt@lindenwood-tutors.example,35-44,£50k-£100k,UK,West Midlands,Birmingham,Demand Gen Manager,Manager,Marketing,5,True,0.72
e.schmidt@upland-shipping.example,25-34,under £25k,NL,North Brabant,Eindhoven,Assistant,Individual contributor,Operations,4,True,0.87
e.scott@zephyr-couriers.example,25-34,£25k-£50k,NL,Utrecht,Utrecht,Sales Rep,Individual contributor,Sales,8,False,0.9
e.smith@glenmoor-software.example,18-24,under £25k,UK,London,London,Assistant,Individual contributor,Operations,1,False,0.66
e.smith@nettlefield-health.example,25-34,£25k-£50k,NL,South Holland,Rotterdam,Marketing Executive,Individual contributor,Marketing,11,False,0.82
e.taylor@clearwater-shipping.example,45-54,£150k+,UK,Yorkshire,Leeds,Managing Director,Director or above,Executive,3,False,0.77
e.taylor@emberly-accountants.example,25-34,£25k-£50k,UK,Scotland,Edinburgh,Marketing Coordinator,Individual contributor,Marketing,5,True,0.73
e.taylor@ivywood-logistics.example,35-44,£50k-£100k,US,New York,New York,Demand Gen Manager,Manager,Marketing,1,False,0.96
e.taylor@nimbus-logistics.example,25-34,£50k-£100k,UK,South West,Bristol,Marketing Executive,Individual contributor,Marketing,1,False,0.92
e.taylor@saltmarsh-health.example,25-34,£50k-£100k,US,Washington,Seattle,Operations Manager,Manager,Operations,1,True,0.94
e.walker@jasper-accountants.example,25-34,under £25k,NL,Utrecht,Utrecht,Marketing Executive,Individual contributor,Marketing,1,False,0.79
e.walker@kestrel-couriers.example,25-34,£50k-£100k,NL,Utrecht,Utrecht,Assistant,Individual contributor,Operations,10,False,0.81
e.walker@nettlefield-labs.example,25-34,£25k-£50k,UK,Scotland,Edinburgh,Marketing Executive,Individual contributor,Marketing,3,False,0.77
e.weber@oldfield-recruitment.example,25-34,£50k-£100k,UK,West Midlands,Birmingham,Sales Manager,Manager,Sales,4,False,0.86
e.white@moorland-health.example,45-54,£100k-£150k,US,Illinois,Chicago,Chief Revenue Officer,Director or above,Executive,3,True,0.62
e.williams@evergreen-learning.example,25-34,under £25k,FR,Hauts-de-France,Lille,Marketing Coordinator,Individual contributor,Marketing,1,True,0.85
e.wilson@nettlefield-capital.example,35-44,£50k-£100k,US,Massachusetts,Boston,Marketing Manager,Manager,Marketing,2,False,0.78
e.wood@beacon-software.example,18-24,under £25k,DE,Bavaria,Munich,Student,Student,Student,0,False,0.84
e.wright@larkspur-digital.example,25-34,£50k-£100k,UK,South West,Bristol,Operations Manager,Manager,Operations,2,False,0.85
e.young@nimbus-partners.example,25-34,under £25k,DE,Hesse,Frankfurt,Sales Rep,Individual contributor,Sales,2,False,0.68
ebernard601@icloud.example,18-24,under £25k,UK,South West,Bristol,Student,Student,Student,0,False,0.71
ebrown393@outlook.example,35-44,£100k-£150k,US,Illinois,Chicago,Marketing Manager,Manager,Marketing,2,True,0.86
ebrown742@yahoo.example,35-44,£25k-£50k,DE,Bavaria,Munich,Head of Growth,Manager,Marketing,11,False,0.61
edavies837@yahoo.example,25-34,£50k-£100k,UK,South West,Bristol,Marketing Manager,Manager,Marketing,2,True,0.9
egarcia132@icloud.example,18-24,£25k-£50k,US,Washington,Seattle,Student,Student,Student,0,False,0.62
egreen439@outlook.example,25-34,£25k-£50k,US,Texas,Austin,Demand Gen Manager,Manager,Marketing,3,True,0.89
ehughes620@gmail.example,65+,£150k+,US,Texas,Austin,Chief Revenue Officer,Director or above,Executive,1,True,0.68
ejohnson653@hotmail.example,35-44,£25k-£50k,FR,Ile-de-France,Paris,Demand Gen Manager,Manager,Marketing,2,False,0.69
eking667@icloud.example,45-54,£50k-£100k,UK,West Midlands,Birmingham,CEO,Director or above,Executive,4,True,0.69
emiller514@gmail.example,25-34,£50k-£100k,FR,Occitanie,Toulouse,Head of Growth,Manager,Marketing,6,True,0.71
emiller976@hotmail.example,25-34,£25k-£50k,UK,West Midlands,Birmingham,Demand Gen Manager,Manager,Marketing,3,True,0.84
emily.anderson@oldfield-consulting.example,55-64,£100k-£150k,UK,Yorkshire,Leeds,VP Marketing,Director or above,Marketing,7,True,0.81
emily.anderson@westbrook-market.example,35-44,£50k-£100k,US,Texas,Austin,Assistant,Individual contributor,Operations,3,False,0.8
emily.baker@oldfield-tutors.example,45-54,£25k-£50k,NL,Utrecht,Utrecht,Analyst,Individual contributor,Operations,2,False,0.87
emily.baker@rosewood-software.example,25-34,£25k-£50k,FR,Occitanie,Toulouse,Sales Rep,Individual contributor,Sales,3,False,0.76
emily.baker@yarrow-market.example,45-54,£50k-£100k,DE,Berlin,Berlin,Operations Manager,Manager,Operations,5,True,0.61
emily.bakker@glenmoor-components.example,25-34,under £25k,US,New York,New York,Assistant,Individual contributor,Operations,1,False,0.64
emily.bakker@highgate-capital.example,25-34,£25k-£50k,US,New York,New York,Sales Rep,Individual contributor,Sales,2,False,0.86
emily.bakker@moorland-health.example,45-54,£100k-£150k,US,New York,New York,Director of Sales,Director or above,Sales,1,True,0.69
emily.bakker@nettlefield-recruitment.example,45-54,£25k-£50k,UK,South West,Bristol,Sales Rep,Individual contributor,Sales,2,False,0.62
emily.bakker@riverside-freight.example,25-34,£50k-£100k,US,Texas,Austin,Sales Rep,Individual contributor,Sales,6,False,0.75
emily.bernard@vantage-goods.example,35-44,£100k-£150k,UK,South West,Bristol,Director of Sales,Director or above,Sales,2,True,0.95
emily.brown@juniper-health.example,55-64,£50k-£100k,UK,North West,Manchester,Marketing Manager,Manager,Marketing,0,False,0.73
emily.clarke@granite-academy.example,35-44,£100k-£150k,DE,Bavaria,Munich,Director of Sales,Director or above,Sales,3,True,0.74
emily.clarke@icloud.example,25-34,£50k-£100k,UK,Scotland,Edinburgh,Operations Manager,Manager,Operations,7,True,0.92
emily.clarke@oldfield-medical.example,55-64,£50k-£100k,UK,London,London,Founder,Director or above,Executive,9,True,0.77
emily.clarke@orchard-education.example,35-44,£25k-£50k,UK,West Midlands,Birmingham,Marketing Manager,Manager,Marketing,2,False,0.74
emily.clarke@redwood-industries.example,18-24,£25k-£50k,UK,West Midlands,Birmingham,Sales Rep,Individual contributor,Sales,4,False,0.94
emily.green@marigold-medical.example,25-34,£25k-£50k,UK,Scotland,Edinburgh,Demand Gen Manager,Manager,Marketing,3,True,0.65
emily.green@thornbury-academy.example,35-44,£50k-£100k,NL,North Brabant,Eindhoven,Operations Manager,Manager,Operations,1,True,0.62
emily.hall@quartz-college.example,45-54,£25k-£50k,US,Illinois,Chicago,Sales Rep,Individual contributor,Sales,2,True,0.9
emily.jansen@fernhill-market.example,35-44,£150k+,FR,Auvergne-Rhone-Alpes,Lyon,CEO,Director or above,Executive,2,True,0.68
emily.jansen@juniper-training.example,18-24,£25k-£50k,NL,South Holland,Rotterdam,Marketing Executive,Individual contributor,Marketing,7,True,0.75
emily.johnson@fernhill-care.example,45-54,£50k-£100k,DE,Bavaria,Munich,Managing Director,Director or above,Executive,2,True,0.61
emily.jones@cedar-tutors.example,25-34,£50k-£100k,UK,South West,Bristol,Sales Manager,Manager,Sales,3,True,0.78
emily.king@hotmail.example,18-24,under £25k,NL,North Holland,Amsterdam,Student,Student,Student,0,False,0.65
emily.king@willow-industries.example,35-44,£50k-£100k,UK,Yorkshire,Leeds,Head of Marketing,Manager,Marketing,13,True,0.61
emily.lewis@falcon-works.example,35-44,£100k-£150k,FR,Hauts-de-France,Lille,Managing Director,Director or above,Executive,2,True,0.99
emily.lewis@lantern-learning.example,25-34,£25k-£50k,DE,Berlin,Berlin,Analyst,Individual contributor,Operations,3,False,0.65
emily.martin@juniper-capital.example,35-44,£50k-£100k,UK,Yorkshire,Leeds,Analyst,Individual contributor,Operations,1,True,0.87
emily.miller@pennine-medical.example,45-54,£100k-£150k,DE,Hamburg,Hamburg,Chief Revenue Officer,Director or above,Executive,4,True,0.98
emily.moore@granite-trading.example,35-44,£150k+,NL,South Holland,Rotterdam,VP Marketing,Director or above,Marketing,3,True,0.86
emily.moore@lindenwood-software.example,25-34,£100k-£150k,US,Texas,Austin,Chief Revenue Officer,Director or above,Executive,3,True,0.86
emily.moore@willow-outfitters.example,45-54,£150k+,UK,South West,Bristol,Founder,Director or above,Executive,2,False,0.62
emily.muller@bramble-trading.example,25-34,£50k-£100k,NL,North Holland,Amsterdam,Head of Marketing,Manager,Marketing,2,False,0.92
emily.murphy@tamarind-wealth.example,25-34,£25k-£50k,UK,Scotland,Edinburgh,Assistant,Individual contributor,Operations,0,False,0.63
emily.patel@fernhill-cloud.example,35-44,£100k-£150k,UK,South West,Bristol,Sales Manager,Manager,Sales,1,True,0.83
emily.roberts@driftwood-couriers.example,25-34,£50k-£100k,US,New York,New York,Marketing Coordinator,Individual contributor,Marketing,6,False,0.69
emily.roberts@keystone-shipping.example,25-34,£50k-£100k,US,Washington,Seattle,Operations Manager,Manager,Operations,0,True,0.64
emily.roberts@quayside-partners.example,35-44,£50k-£100k,UK,West Midlands,Birmingham,Demand Gen Manager,Manager,Marketing,2,False,0.96
emily.schmidt@aurora-couriers.example,25-34,£100k-£150k,UK,South West,Bristol,Head of Growth,Manager,Marketing,2,False,0.89
emily.schmidt@jasper-market.example,25-34,£25k-£50k,UK,Yorkshire,Leeds,Analyst,Individual contributor,Operations,2,True,0.81
emily.schmidt@silverline-manufacturing.example,35-44,£50k-£100k,US,Texas,Austin,Head of Marketing,Manager,Marketing,2,False,0.6
emily.scott@norfolk-academy.example,25-34,£25k-£50k,NL,Utrecht,Utrecht,Marketing Executive,Individual contributor,Marketing,1,False,0.89
emily.scott@outlook.example,25-34,£50k-£100k,UK,Yorkshire,Leeds,Head of Growth,Manager,Marketing,4,True,0.75
emily.smith@dunmore-shipping.example,18-24,under £25k,US,Texas,Austin,Assistant,Individual contributor,Operations,2,True,0.73
emily.thompson@evergreen-lending.example,45-54,£50k-£100k,UK,South West,Bristol,Head of Growth,Manager,Marketing,9,False,0.71
emily.thompson@gmail.example,45-54,£25k-£50k,US,Washington,Seattle,Marketing Coordinator,Individual contributor,Marketing,1,False,0.98
emily.weber@bramble-education.example,25-34,£100k-£150k,US,Washington,Seattle,Marketing Executive,Individual contributor,Marketing,2,False,0.73
emily.weber@highgate-industries.example,35-44,£25k-£50k,UK,South West,Bristol,Sales Manager,Manager,Sales,3,False,0.92
emily.weber@hotmail.example,35-44,£100k-£150k,FR,Ile-de-France,Paris,Head of Growth,Manager,Marketing,5,False,0.96
emily.white@highgate-systems.example,35-44,£50k-£100k,UK,London,London,Head of Growth,Manager,Marketing,3,False,0.93
emily.williams@silverline-advisory.example,25-34,£50k-£100k,NL,South Holland,Rotterdam,Head of Marketing,Manager,Marketing,5,False,0.66
emily.wilson@alder-finance.example,45-54,£100k-£150k,US,Massachusetts,Boston,Founder,Director or above,Executive,1,True,0.93
emily.wood@driftwood-accountants.example,35-44,£100k-£150k,UK,Scotland,Edinburgh,VP Marketing,Director or above,Marketing,4,True,0.75
emily.wood@valley-consulting.example,35-44,£50k-£100k,NL,Utrecht,Utrecht,CEO,Director or above,Executive,2,False,0.9
emily.wright@gmail.example,25-34,£25k-£50k,FR,Ile-de-France,Paris,Marketing Coordinator,Individual contributor,Marketing,2,False,0.74
emily.wright@stonebridge-pharma.example,45-54,£150k+,UK,London,London,Marketing Director,Director or above,Marketing,2,True,0.81
emily.young@nimbus-lending.example,35-44,£50k-£100k,DE,Hesse,Frankfurt,Marketing Director,Director or above,Marketing,3,False,0.8
emily@bluebell-cloud.example,25-34,£50k-£100k,UK,Scotland,Edinburgh,Operations Manager,Manager,Operations,2,False,0.69
emily@clearwater-partners.example,45-54,£100k-£150k,UK,Scotland,Edinburgh,Head of Growth,Manager,Marketing,4,True,0.66
emily@cobalt-digital.example,45-54,£50k-£100k,UK,West Midlands,Birmingham,Demand Gen Manager,Manager,Marketing,7,True,0.78
emily@driftwood-haulage.example,35-44,£50k-£100k,US,Massachusetts,Boston,Head of Growth,Manager,Marketing,6,False,0.85
emily@driftwood-industries.example,45-54,£100k-£150k,UK,Scotland,Edinburgh,Director of Sales,Director or above,Sales,1,False,0.74
emily@dunmore-finance.example,55-64,£100k-£150k,UK,Scotland,Edinburgh,VP Marketing,Director or above,Marketing,2,True,0.95
emily@dunmore-freight.example,35-44,£100k-£150k,UK,North West,Manchester,Sales Manager,Manager,Sales,1,True,0.6
emily@elmstead-industries.example,25-34,£50k-£100k,US,Texas,Austin,Marketing Coordinator,Individual contributor,Marketing,5,False,0.79
emily@evergreen-manufacturing.example,35-44,£50k-£100k,UK,Yorkshire,Leeds,Head of Growth,Manager,Marketing,0,True,0.69
emily@falcon-accountants.example,25-34,£25k-£50k,FR,Occitanie,Toulouse,Marketing Coordinator,Individual contributor,Marketing,1,False,0.75
emily@glenmoor-care.example,35-44,£100k-£150k,DE,Berlin,Berlin,Marketing Director,Director or above,Marketing,2,False,0.79
emily@harbour-associates.example,25-34,under £25k,US,California,San Francisco,Analyst,Individual contributor,Operations,1,False,0.61
emily@heron-retail.example,18-24,£25k-£50k,US,Washington,Seattle,Analyst,Individual contributor,Operations,3,False,0.82
emily@inkwell-labs.example,55-64,£50k-£100k,US,Massachusetts,Boston,VP Marketing,Director or above,Marketing,5,True,0.63
emily@inkwell-tutors.example,25-34,£100k-£150k,US,Washington,Seattle,Head of Marketing,Manager,Marketing,3,True,0.96
emily@keystone-components.example,45-54,£150k+,US,Washington,Seattle,Managing Director,Director or above,Executive,14,True,0.63
emily@kingsway-systems.example,35-44,£50k-£100k,FR,Hauts-de-France,Lille,Head of Marketing,Manager,Marketing,2,False,0.86
emily@larkspur-industries.example,18-24,£25k-£50k,NL,North Brabant,Eindhoven,Assistant,Individual contributor,Operations,0,False,0.8
emily@meridian-fabrication.example,35-44,£25k-£50k,DE,Berlin,Berlin,Head of Growth,Manager,Marketing,1,True,0.74
emily@meridian-works.example,35-44,£50k-£100k,DE,Berlin,Berlin,Marketing Manager,Manager,Marketing,2,False,0.86
emily@norfolk-digital.example,35-44,£50k-£100k,DE,Bavaria,Munich,Head of Growth,Manager,Marketing,4,True,0.87
emily@northwind-freight.example,35-44,£25k-£50k,US,Washington,Seattle,Sales Manager,Manager,Sales,8,True,0.64
emily@oakridge-retail.example,25-34,£50k-£100k,FR,Hauts-de-France,Lille,Marketing Coordinator,Individual contributor,Marketing,5,True,0.8
emily@pebble-dental.example,25-34,£25k-£50k,UK,Yorkshire,Leeds,Analyst,Individual contributor,Operations,2,False,0.71
emily@pebble-digital.example,45-54,£100k-£150k,UK,Scotland,Edinburgh,Founder,Director or above,Executive,1,True,0.89
emily@pinecrest-health.example,25-34,£50k-£100k,NL,South Holland,Rotterdam,Head of Growth,Manager,Marketing,2,True,0.93
emily@quayside-labs.example,25-34,£25k-£50k,UK,North West,Manchester,Analyst,Individual contributor,Operations,14,False,0.94
emily@redwood-fabrication.example,35-44,£50k-£100k,UK,Yorkshire,Leeds,Demand Gen Manager,Manager,Marketing,2,True,0.86
emily@riverside-industries.example,25-34,£50k-£100k,UK,North West,Manchester,Marketing Manager,Manager,Marketing,3,True,0.99
emily@saltmarsh-systems.example,35-44,£100k-£150k,FR,Ile-de-France,Paris,Marketing Manager,Manager,Marketing,5,True,0.83
emily@tidewater-consulting.example,35-44,£150k+,UK,South West,Bristol,Director of Sales,Director or above,Sales,3,False,0.85
emily@upland-cloud.example,35-44,£50k-£100k,UK,North West,Manchester,Operations Manager,Manager,Operations,3,True,0.96
emily@valley-lending.example,35-44,£25k-£50k,US,Illinois,Chicago,Assistant,Individual contributor,Operations,1,False,0.7
emily@vantage-components.example,35-44,£25k-£50k,DE,Hamburg,Hamburg,Sales Rep,Individual contributor,Sales,4,True,0.72
emily@westbrook-goods.example,25-34,£25k-£50k,UK,Scotland,Edinburgh,Sales Rep,Individual contributor,Sales,2,True,0.91
emily@yarrow-shipping.example,35-44,£50k-£100k,UK,Yorkshire,Leeds,Head of Marketing,Manager,Marketing,2,True,0.68
emily@zephyr-components.example,25-34,£100k-£150k,UK,Scotland,Edinburgh,Head of Marketing,Manager,Marketing,2,False,0.86
emilybakker34@yahoo.example,18-24,under £25k,US,California,San Francisco,Sales Rep,Individual contributor,Sales,4,False,0.96
emilybakker44@outlook.example,18-24,under £25k,US,Washington,Seattle,Student,Student,Student,0,True,0.75
emilygarcia18@gmail.example,45-54,£100k-£150k,NL,North Holland,Amsterdam,Chief Revenue Officer,Director or above,Executive,1,False,0.93
emilygarcia75@gmail.example,35-44,£100k-£150k,NL,South Holland,Rotterdam,VP Marketing,Director or above,Marketing,2,True,0.91
emilyhall74@icloud.example,25-34,£50k-£100k,UK,London,London,Analyst,Individual contributor,Operations,8,True,0.8
emilyhughes10@gmail.example,18-24,£25k-£50k,UK,Scotland,Edinburgh,Student,Student,Student,0,False,0.66
emilyhughes40@outlook.example,25-34,£25k-£50k,UK,Scotland,Edinburgh,Marketing Coordinator,Individual contributor,Marketing,1,True,0.75
emilymuller52@icloud.example,18-24,under £25k,UK,Scotland,Edinburgh,Student,Student,Student,0,False,0.84
emilymurphy98@icloud.example,25-34,£25k-£50k,US,Massachusetts,Boston,Sales Manager,Manager,Sales,5,False,0.61
emilywhite23@icloud.example,35-44,£100k-£150k,FR,Ile-de-France,Paris,Founder,Director or above,Executive,2,False,0.9
emilyyoung28@hotmail.example,25-34,under £25k,UK,London,London,Analyst,Individual contributor,Operations,1,False,0.94
emoore191@outlook.example,25-34,£25k-£50k,US,Illinois,Chicago,Assistant,Individual contributor,Operations,1,True,0.66
emuller096@yahoo.example,55-64,£100k-£150k,US,Illinois,Chicago,VP Marketing,Director or above,Marketing,0,True,0.71
emuller796@gmail.example,18-24,£25k-£50k,UK,South West,Bristol,Marketing Coordinator,Individual contributor,Marketing,5,False,0.82
emurphy064@outlook.example,45-54,£100k-£150k,FR,Hauts-de-France,Lille,Marketing Manager,Manager,Marketing,2,True,0.77
escott844@gmail.example,25-34,£100k-£150k,FR,Ile-de-France,Paris,Marketing Director,Director or above,Marketing,1,True,0.97
esmith456@yahoo.example,35-44,£50k-£100k,UK,Yorkshire,Leeds,Demand Gen Manager,Manager,Marketing,1,True,0.65
etaylor546@hotmail.example,35-44,£100k-£150k,UK,London,London,CEO,Director or above,Executive,0,True,0.62
ethan.baker@fernhill-recruitment.example,25-34,£100k-£150k,UK,North West,Manchester,Marketing Manager,Manager,Marketing,1,False,0.65
ethan.baker@harbour-engineering.example,45-54,£150k+,NL,South Holland,Rotterdam,Director of Sales,Director or above,Sales,9,True,0.68
ethan.bakker@icloud.example,18-24,under £25k,UK,North West,Manchester,Student,Student,Student,0,False,0.75
ethan.bernard@outlook.example,45-54,under £25k,FR,Ile-de-France,Paris,Assistant,Individual contributor,Operations,1,True,0.98
ethan.brown@jasper-medical.example,55-64,£100k-£150k,US,Washington,Seattle,Director of Sales,Director or above,Sales,3,True,0.98
ethan.clarke@gmail.example,18-24,£25k-£50k,US,Washington,Seattle,Student,Student,Student,0,False,0.83
ethan.clarke@lindenwood-dental.example,55-64,£50k-£100k,US,Illinois,Chicago,VP Marketing,Director or above,Marketing,5,True,0.74
ethan.clarke@moorland-clinics.example,45-54,£50k-£100k,NL,North Brabant,Eindhoven,Sales Manager,Manager,Sales,5,False,0.99
ethan.davies@dovecote-labs.example,25-34,£50k-£100k,UK,Yorkshire,Leeds,Sales Manager,Manager,Sales,7,True,0.83
ethan.devries@nimbus-care.example,45-54,£100k-£150k,US,New York,New York,VP Marketing,Director or above,Marketing,4,True,0.82
ethan.evans@hotmail.example,55-64,£50k-£100k,DE,Hamburg,Hamburg,Operations Manager,Manager,Operations,2,True,0.95
ethan.evans@riverside-haulage.example,45-54,£100k-£150k,US,Illinois,Chicago,Managing Director,Director or above,Executive,1,True,0.76
ethan.evans@willow-clinics.example,35-44,£25k-£50k,UK,North West,Manchester,Head of Growth,Manager,Marketing,6,True,0.74
ethan.garcia@evergreen-training.example,35-44,£25k-£50k,UK,Scotland,Edinburgh,Head of Marketing,Manager,Marketing,4,True,0.65
ethan.garcia@heron-clinics.example,35-44,£25k-£50k,UK,Yorkshire,Leeds,Marketing Coordinator,Individual contributor,Marketing,2,False,0.85
ethan.garcia@northwind-training.example,18-24,£25k-£50k,UK,Scotland,Edinburgh,Analyst,Individual contributor,Operations,3,False,0.74
ethan.green@quayside-finance.example,45-54,£150k+,US,Illinois,Chicago,VP Marketing,Director or above,Marketing,3,True,0.87
ethan.green@silverline-engineering.example,45-54,£50k-£100k,UK,South West,Bristol,Director of Sales,Director or above,Sales,2,False,0.69
ethan.hall@northwind-fabrication.example,35-44,£25k-£50k,NL,North Brabant,Eindhoven,Demand Gen Manager,Manager,Marketing,1,True,0.75
ethan.hughes@beacon-dental.example,45-54,£25k-£50k,NL,Utrecht,Utrecht,Head of Growth,Manager,Marketing,3,False,0.69
ethan.jansen@clearwater-accountants.example,35-44,£100k-£150k,UK,North West,Manchester,Founder,Director or above,Executive,1,True,0.96
ethan.jansen@pebble-shipping.example,25-34,£50k-£100k,UK,Scotland,Edinburgh,Sales Manager,Manager,Sales,1,False,0.88
ethan.johnson@redwood-training.example,55-64,£100k-£150k,FR,Hauts-de-France,Lille,CEO,Director or above,Executive,1,False,0.91
ethan.jones@gmail.example,55-64,£50k-£100k,FR,Auvergne-Rhone-Alpes,Lyon,Head of Marketing,Manager,Marketing,6,False,0.78
ethan.khan@vantage-components.example,45-54,£25k-£50k,DE,Hesse,Frankfurt,Sales Rep,Individual contributor,Sales,4,True,0.84
ethan.king@beacon-college.example,35-44,£100k-£150k,UK,Scotland,Edinburgh,CEO,Director or above,Executive,1,False,0.7
ethan.king@glenmoor-couriers.example,45-54,£50k-£100k,NL,South Holland,Rotterdam,CEO,Director or above,Executive,3,True,0.92
ethan.king@inkwell-health.example,25-34,£25k-£50k,US,Texas,Austin,Assistant,Individual contributor,Operations,8,False,0.71
ethan.lewis@redwood-wealth.example,45-54,£50k-£100k,UK,Scotland,Edinburgh,Operations Manager,Manager,Operations,0,True,0.88
ethan.martin@outlook.example,35-44,£50k-£100k,US,Illinois,Chicago,Managing Director,Director or above,Executive,1,True,0.66
ethan.moore@oldfield-dental.example,25-34,£50k-£100k,US,Washington,Seattle,Analyst,Individual contributor,Operations,3,False,0.86
ethan.muller@ironbridge-systems.example,45-54,£50k-£100k,US,Texas,Austin,Operations Manager,Manager,Operations,3,True,0.83
ethan.muller@tidewater-training.example,35-44,£50k-£100k,US,Texas,Austin,Sales Rep,Individual contributor,Sales,3,True,0.87
ethan.murphy@cobalt-outfitters.example,25-34,£25k-£50k,DE,Berlin,Berlin,Assistant,Individual contributor,Operations,5,False,0.9
ethan.murphy@evergreen-fabrication.example,25-34,£25k-£50k,UK,West Midlands,Birmingham,Assistant,Individual contributor,Operations,1,False,0.78
ethan.murphy@pinecrest-advisory.example,25-34,£25k-£50k,DE,Bavaria,Munich,Marketing Executive,Individual contributor,Marketing,2,False,0.78
ethan.roberts@elmstead-accountants.example,25-34,£25k-£50k,UK,North West,Manchester,Demand Gen Manager,Manager,Marketing,11,True,0.84
ethan.roberts@hotmail.example,18-24,under £25k,UK,West Midlands,Birmingham,Marketing Coordinator,Individual contributor,Marketing,2,False,0.87
ethan.roberts@icloud.example,35-44,£150k+,UK,South West,Bristol,VP Marketing,Director or above,Marketing,2,False,0.84
ethan.roberts@stonebridge-insurance.example,45-54,£50k-£100k,UK,West Midlands,Birmingham,Marketing Director,Director or above,Marketing,0,True,0.75
ethan.scott@hotmail.example,25-34,under £25k,NL,North Brabant,Eindhoven,Sales Rep,Individual contributor,Sales,4,True,0.79
ethan.thompson@alder-data.example,25-34,£25k-£50k,DE,Bavaria,Munich,Marketing Executive,Individual contributor,Marketing,3,True,0.75
ethan.walker@hotmail.example,55-64,£50k-£100k,UK,West Midlands,Birmingham,Founder,Director or above,Executive,1,True,0.93
ethan.walker@jasper-legal.example,25-34,£50k-£100k,UK,West Midlands,Birmingham,Analyst,Individual contributor,Operations,5,False,0.67
ethan.weber@highgate-freight.example,45-54,£50k-£100k,UK,London,London,Marketing Manager,Manager,Marketing,1,False,0.65
ethan.weber@quartz-goods.example,25-34,£25k-£50k,US,Washington,Seattle,Assistant,Individual contributor,Operations,1,False,0.75
ethan.white@westbrook-academy.example,25-34,£100k-£150k,US,New York,New York,Sales Manager,Manager,Sales,3,True,0.69
ethan.williams@tamarind-pharma.example,35-44,£100k-£150k,DE,Hesse,Frankfurt,Director of Sales,Director or above,Sales,3,True,0.87
ethan.wood@hotmail.example,45-54,£50k-£100k,UK,London,London,Head of Marketing,Manager,Marketing,2,False,0.91
ethan.wood@yahoo.example,35-44,£25k-£50k,US,Illinois,Chicago,Head of Growth,Manager,Marketing,2,True,0.89
ethan.young@westbrook-labs.example,25-34,£25k-£50k,DE,Hesse,Frankfurt,Analyst,Individual contributor,Operations,5,False,0.61
ethan.young@yahoo.example,35-44,£50k-£100k,UK,West Midlands,Birmingham,Demand Gen Manager,Manager,Marketing,1,True,0.92
ethan70@clearwater-health.example,45-54,£50k-£100k,NL,South Holland,Rotterdam,Operations Manager,Manager,Operations,2,False,0.75
ethan@ashford-consulting.example,25-34,£50k-£100k,US,Illinois,Chicago,Marketing Coordinator,Individual contributor,Marketing,4,False,0.8
ethan@aurora-components.example,18-24,£25k-£50k,UK,London,London,Marketing Coordinator,Individual contributor,Marketing,4,False,0.62
ethan@aurora-trading.example,25-34,£25k-£50k,UK,Scotland,Edinburgh,Marketing Coordinator,Individual contributor,Marketing,3,False,0.97
ethan@beacon-manufacturing.example,25-34,£150k+,US,Illinois,Chicago,Sales Manager,Manager,Sales,1,False,0.91
ethan@beacon-tutors.example,45-54,£50k-£100k,NL,North Holland,Amsterdam,Sales Manager,Manager,Sales,2,False,0.71
ethan@bramble-retail.example,45-54,£50k-£100k,NL,North Brabant,Eindhoven,Sales Manager,Manager,Sales,1,False,0.92
ethan@brightwater-clinics.example,25-34,£100k-£150k,FR,Occitanie,Toulouse,Demand Gen Manager,Manager,Marketing,4,True,0.68
ethan@brightwater-dental.example,25-34,£50k-£100k,US,Texas,Austin,Marketing Coordinator,Individual contributor,Marketing,3,False,0.89
ethan@brightwater-insurance.example,45-54,£100k-£150k,UK,Yorkshire,Leeds,Founder,Director or above,Executive,3,True,0.82
ethan@cobalt-pharma.example,35-44,£50k-£100k,US,New York,New York,Marketing Coordinator,Individual contributor,Marketing,0,True,0.7
ethan@dovecote-consulting.example,18-24,under £25k,NL,North Brabant,Eindhoven,Student,Student,Student,0,False,0.65
ethan@dunmore-freight.example,25-34,under £25k,UK,Scotland,Edinburgh,Sales Rep,Individual contributor,Sales,3,False,0.63
ethan@elmstead-industries.example,35-44,£100k-£150k,US,Illinois,Chicago,Demand Gen Manager,Manager,Marketing,3,False,0.82
ethan@emberly-accountants.example,25-34,£25k-£50k,UK,South West,Bristol,Sales Rep,Individual contributor,Sales,1,False,0.99
ethan@emberly-finance.example,45-54,£150k+,US,Texas,Austin,Founder,Director or above,Executive,1,True,0.88
ethan@falcon-accountants.example,18-24,£50k-£100k,FR,Auvergne-Rhone-Alpes,Lyon,Marketing Coordinator,Individual contributor,Marketing,2,False,0.85
ethan@falcon-training.example,25-34,£100k-£150k,UK,Scotland,Edinburgh,Head of Growth,Manager,Marketing,0,True,0.79
ethan@foxglove-stores.example,35-44,£50k-£100k,US,Illinois,Chicago,Head of Marketing,Manager,Marketing,1,True,0.98
ethan@foxglove-wealth.example,25-34,£50k-£100k,UK,West Midlands,Birmingham,Assistant,Individual contributor,Operations,3,False,0.65
ethan@granite-associates.example,18-24,£50k-£100k,US,California,San Francisco,Marketing Coordinator,Individual contributor,Marketing,1,False,0.97
ethan@granite-couriers.example,55-64,£50k-£100k,FR,Occitanie,Toulouse,Managing Director,Director or above,Executive,3,True,0.8
ethan@greystone-industries.example,35-44,£100k-£150k,UK,London,London,Managing Director,Director or above,Executive,5,True,0.78
ethan@greystone-lending.example,25-34,£50k-£100k,UK,West Midlands,Birmingham,Demand Gen Manager,Manager,Marketing,4,True,0.71
ethan@harbour-education.example,45-54,under £25k,DE,Hesse,Frankfurt,Analyst,Individual contributor,Operations,1,False,0.76
ethan@hawthorn-legal.example,25-34,£25k-£50k,DE,Hesse,Frankfurt,Assistant,Individual contributor,Operations,0,False,0.86
ethan@highgate-college.example,35-44,£25k-£50k,DE,Bavaria,Munich,Demand Gen Manager,Manager,Marketing,3,False,0.74
ethan@ivywood-digital.example,25-34,£50k-£100k,NL,North Holland,Amsterdam,Marketing Coordinator,Individual contributor,Marketing,2,False,0.94
ethan@ivywood-works.example,25-34,£25k-£50k,NL,Utrecht,Utrecht,Assistant,Individual contributor,Operations,0,False,0.83
ethan@juniper-logistics.example,35-44,£50k-£100k,UK,London,London,Managing Director,Director or above,Executive,1,True,0.94
ethan@kestrel-learning.example,25-34,£50k-£100k,FR,Occitanie,Toulouse,Operations Manager,Manager,Operations,1,True,0.87
ethan@kestrel-retail.example,35-44,£50k-£100k,UK,North West,Manchester,Sales Manager,Manager,Sales,1,False,0.78
ethan@lantern-goods.example,45-54,£100k-£150k,FR,Hauts-de-France,Lille,Managing Director,Director or above,Executive,5,True,0.68
ethan@lantern-trading.example,25-34,£25k-£50k,DE,Berlin,Berlin,Analyst,Individual contributor,Operations,1,False,0.76
ethan@meridian-cloud.example,25-34,£50k-£100k,NL,South Holland,Rotterdam,Marketing Manager,Manager,Marketing,7,True,0.92
ethan@meridian-software.example,25-34,£50k-£100k,FR,Occitanie,Toulouse,Marketing Manager,Manager,Marketing,5,True,0.63
ethan@norfolk-learning.example,18-24,£25k-£50k,DE,Berlin,Berlin,Marketing Executive,Individual contributor,Marketing,0,False,0.8
ethan@oakridge-transport.example,35-44,£50k-£100k,UK,West Midlands,Birmingham,VP Marketing,Director or above,Marketing,4,False,0.63
ethan@pennine-legal.example,45-54,£25k-£50k,NL,North Brabant,Eindhoven,Sales Manager,Manager,Sales,10,False,0.9
ethan@quartz-health.example,25-34,£50k-£100k,NL,Utrecht,Utrecht,Head of Growth,Manager,Marketing,3,False,0.67
ethan@redwood-stores.example,25-34,£50k-£100k,FR,Ile-de-France,Paris,Marketing Executive,Individual contributor,Marketing,4,False,0.93
ethan@redwood-systems.example,35-44,£100k-£150k,FR,Auvergne-Rhone-Alpes,Lyon,CEO,Director or above,Executive,9,True,0.68
ethan@rosewood-components.example,25-34,£25k-£50k,UK,South West,Bristol,Analyst,Individual contributor,Operations,1,False,0.74
ethan@rosewood-goods.example,18-24,£25k-£50k,UK,Yorkshire,Leeds,Marketing Executive,Individual contributor,Marketing,2,False,0.8
ethan@saltmarsh-engineering.example,18-24,£50k-£100k,FR,Ile-de-France,Paris,Head of Marketing,Manager,Marketing,7,False,0.67
ethan@silverline-lending.example,35-44,£100k-£150k,US,Massachusetts,Boston,Analyst,Individual contributor,Operations,4,True,0.92
ethan@tamarind-capital.example,35-44,£50k-£100k,UK,South West,Bristol,Founder,Director or above,Executive,1,True,0.69
ethan@tidewater-components.example,35-44,£100k-£150k,US,California,San Francisco,Operations Manager,Manager,Operations,3,False,0.9
ethan@tidewater-lending.example,25-34,£50k-£100k,US,Washington,Seattle,Sales Manager,Manager,Sales,3,False,0.64
ethan@vantage-labs.example,45-54,£150k+,NL,North Brabant,Eindhoven,VP Marketing,Director or above,Marketing,4,True,0.66
ethan@willow-couriers.example,35-44,£25k-£50k,FR,Hauts-de-France,Lille,Analyst,Individual contributor,Operations,2,False,0.86
ethanbakker73@gmail.example,18-24,under £25k,US,Massachusetts,Boston,Student,Student,Student,0,False,0.67
ethanevans25@yahoo.example,35-44,£100k-£150k,US,Washington,Seattle,Managing Director,Director or above,Executive,2,True,0.68
ethanhall33@gmail.example,25-34,£25k-£50k,UK,Scotland,Edinburgh,Marketing Coordinator,Individual contributor,Marketing,1,False,0.82
ethanhughes06@yahoo.example,25-34,£100k-£150k,UK,London,London,Sales Manager,Manager,Sales,6,True,0.68
ethanhughes13@hotmail.example,25-34,under £25k,DE,Berlin,Berlin,Sales Rep,Individual contributor,Sales,2,True,0.67
ethanjansen72@icloud.example,35-44,£100k-£150k,NL,North Brabant,Eindhoven,Demand Gen Manager,Manager,Marketing,9,False,0.74
ethanjohnson51@hotmail.example,18-24,£25k-£50k,UK,Scotland,Edinburgh,Analyst,Individual contributor,Operations,4,True,0.76
ethanmiller72@hotmail.example,45-54,£50k-£100k,US,Illinois,Chicago,Head of Growth,Manager,Marketing,4,False,0.89
ethanmuller84@hotmail.example,18-24,under £25k,UK,London,London,Marketing Executive,Individual contributor,Marketing,9,True,0.88
ethanroberts42@gmail.example,35-44,£50k-£100k,US,Illinois,Chicago,Marketing Director,Director or above,Marketing,3,True,0.69
ethanwalker37@icloud.example,45-54,£150k+,US,California,San Francisco,Managing Director,Director or above,Executive,1,True,0.79
ethompson280@outlook.example,18-24,under £25k,UK,Yorkshire,Leeds,Student,Student,Student,0,False,0.72
ethompson770@icloud.example,18-24,under £25k,US,Illinois,Chicago,Student,Student,Student,0,False,0.88
ewalker818@yahoo.example,35-44,£100k-£150k,UK,London,London,Marketing Manager,Manager,Marketing,2,False,0.87
ewilliams127@gmail.example,25-34,£25k-£50k,FR,Occitanie,Toulouse,Marketing Executive,Individual contributor,Marketing,3,False,0.65
ewilson456@gmail.example,18-24,under £25k,UK,West Midlands,Birmingham,Student,Student,Student,0,False,0.82
ewood789@hotmail.example,35-44,£25k-£50k,DE,Bavaria,Munich,Demand Gen Manager,Manager,Marketing,5,False,0.85
ewood907@icloud.example,25-34,£50k-£100k,UK,North West,Manchester,Marketing Manager,Manager,Marketing,3,True,0.75
ewright364@icloud.example,18-24,under £25k,UK,North West,Manchester,Student,Student,Student,0,False,0.61
f.anderson@inkwell-stores.example,35-44,£150k+,UK,South West,Bristol,Director of Sales,Director or above,Sales,1,False,0.78
f.anderson@nimbus-outfitters.example,25-34,£25k-£50k,UK,North West,Manchester,Demand Gen Manager,Manager,Marketing,4,True,0.77
f.anderson@yarrow-care.example,35-44,£25k-£50k,FR,Ile-de-France,Paris,Marketing Manager,Manager,Marketing,1,True,0.76
f.baker@falcon-finance.example,35-44,£25k-£50k,US,Illinois,Chicago,Sales Manager,Manager,Sales,2,True,0.97
f.baker@granite-education.example,55-64,£100k-£150k,UK,London,London,Director of Sales,Director or above,Sales,1,True,0.95
f.bakker@elmstead-legal.example,25-34,£25k-£50k,UK,London,London,Assistant,Individual contributor,Operations,8,False,0.65
f.bakker@keystone-recruitment.example,25-34,under £25k,NL,South Holland,Rotterdam,Analyst,Individual contributor,Operations,1,False,0.71
f.bernard@lindenwood-dental.example,25-34,£50k-£100k,US,Texas,Austin,Analyst,Individual contributor,Operations,4,False,0.67
f.bernard@oakridge-advisory.example,35-44,£50k-£100k,UK,West Midlands,Birmingham,Operations Manager,Manager,Operations,1,True,0.82
f.bernard@oldfield-associates.example,25-34,under £25k,US,California,San Francisco,Assistant,Individual contributor,Operations,6,True,0.86
f.bernard@tidewater-couriers.example,35-44,£50k-£100k,NL,North Holland,Amsterdam,Operations Manager,Manager,Operations,2,True,0.67
f.brown@clearwater-accountants.example,25-34,under £25k,UK,North West,Manchester,Sales Rep,Individual contributor,Sales,1,True,0.79
f.brown@hawthorn-academy.example,35-44,£25k-£50k,FR,Hauts-de-France,Lille,Sales Rep,Individual contributor,Sales,1,False,0.81
f.clarke@oakridge-systems.example,25-34,£25k-£50k,UK,Scotland,Edinburgh,Assistant,Individual contributor,Operations,2,False,0.87
f.davies@alder-cloud.example,35-44,£25k-£50k,US,Illinois,Chicago,Marketing Coordinator,Individual contributor,Marketing,4,True,0.84
f.davies@ivywood-transport.example,35-44,£100k-£150k,UK,Yorkshire,Leeds,Head of Marketing,Manager,Marketing,1,True,0.83
f.davies@jasper-digital.example,25-34,£25k-£50k,US,Massachusetts,Boston,Sales Rep,Individual contributor,Sales,5,True,0.98
f.davies@lantern-digital.example,25-34,£25k-£50k,UK,Scotland,Edinburgh,Assistant,Individual contributor,Operations,1,True,0.86
f.davies@oakridge-transport.example,18-24,under £25k,UK,West Midlands,Birmingham,Student,Student,Student,0,False,0.72
f.davies@rosewood-transport.example,55-64,£100k-£150k,UK,West Midlands,Birmingham,Founder,Director or above,Executive,1,True,0.69
f.davies@stonebridge-academy.example,35-44,£25k-£50k,FR,Occitanie,Toulouse,Demand Gen Manager,Manager,Marketing,2,False,0.66
f.devries@driftwood-health.example,35-44,£50k-£100k,UK,London,London,Operations Manager,Manager,Operations,3,False,0.74
f.devries@falcon-components.example,55-64,£100k-£150k,DE,Berlin,Berlin,Marketing Manager,Manager,Marketing,2,False,0.9
f.devries@oldfield-care.example,35-44,£50k-£100k,DE,Hesse,Frankfurt,VP Marketing,Director or above,Marketing,3,True,0.97
f.devries@tidewater-stores.example,45-54,£100k-£150k,NL,North Holland,Amsterdam,Managing Director,Director or above,Executive,5,False,0.64
f.devries@westbrook-labs.example,18-24,£25k-£50k,DE,Bavaria,Munich,Student,Student,Student,0,False,0.74
f.evans@juniper-education.example,25-34,under £25k,DE,Hamburg,Hamburg,Marketing Coordinator,Individual contributor,Marketing,2,True,0.93
f.garcia@cedar-goods.example,25-34,£100k-£150k,US,New York,New York,Marketing Executive,Individual contributor,Marketing,2,True,0.66
f.garcia@tamarind-consulting.example,25-34,£25k-£50k,UK,London,London,Assistant,Individual contributor,Operations,3,True,0.88
f.green@bluebell-haulage.example,35-44,£100k-£150k,UK,London,London,Managing Director,Director or above,Executive,1,True,0.97
f.green@clearwater-care.example,45-54,£25k-£50k,UK,London,London,Demand Gen Manager,Manager,Marketing,1,False,0.71
f.green@willow-outfitters.example,35-44,£50k-£100k,UK,Scotland,Edinburgh,CEO,Director or above,Executive,1,True,0.61
f.hughes@granite-care.example,25-34,£50k-£100k,FR,Ile-de-France,Paris,Operations Manager,Manager,Operations,9,False,0.97
f.hughes@northwind-market.example,35-44,£100k-£150k,FR,Hauts-de-France,Lille,Sales Manager,Manager,Sales,12,True,0.71
f.hughes@westbrook-partners.example,45-54,£150k+,UK,North West,Manchester,Founder,Director or above,Executive,1,True,0.95
f.jansen@bramble-freight.example,35-44,£50k-£100k,UK,London,London,Demand Gen Manager,Manager,Marketing,7,True,0.69
f.jones@nimbus-outfitters.example,35-44,£100k-£150k,UK,London,London,Head of Growth,Manager,Marketing,0,True,0.91
f.jones@nimbus-retail.example,35-44,£50k-£100k,NL,North Holland,Amsterdam,Demand Gen Manager,Manager,Marketing,1,True,0.62
f.jones@vantage-components.example,25-34,£25k-£50k,DE,Berlin,Berlin,Marketing Executive,Individual contributor,Marketing,2,True,0.98
f.khan@dunmore-recruitment.example,25-34,£25k-£50k,UK,South West,Bristol,Sales Rep,Individual contributor,Sales,3,False,0.92
f.khan@rosewood-outfitters.example,18-24,under £25k,US,Massachusetts,Boston,Analyst,Individual contributor,Operations,1,True,0.9
f.king@bramble-couriers.example,45-54,£25k-£50k,NL,North Brabant,Eindhoven,Head of Marketing,Manager,Marketing,8,True,0.96
f.martin@dunmore-labs.example,35-44,£50k-£100k,UK,Yorkshire,Leeds,Head of Marketing,Manager,Marketing,3,True,0.93
f.moore@driftwood-college.example,18-24,£50k-£100k,NL,Utrecht,Utrecht,Analyst,Individual contributor,Operations,7,True,0.62
f.moore@larkspur-consulting.example,18-24,£50k-£100k,FR,Occitanie,Toulouse,Marketing Executive,Individual contributor,Marketing,1,False,0.99
f.moore@pebble-works.example,45-54,£100k-£150k,US,New York,New York,Marketing Manager,Manager,Marketing,4,False,0.85
f.moore@upland-labs.example,35-44,£100k-£150k,UK,West Midlands,Birmingham,Demand Gen Manager,Manager,Marketing,1,True,0.76
f.moore@zephyr-freight.example,25-34,£50k-£100k,US,Texas,Austin,Head of Growth,Manager,Marketing,3,True,0.94
f.muller@thornbury-outfitters.example,35-44,£100k-£150k,US,Texas,Austin,Sales Manager,Manager,Sales,3,False,0.74
f.patel@cobalt-cloud.example,45-54,£100k-£150k,UK,South West,Bristol,CEO,Director or above,Executive,1,False,0.94
f.roberts@orchard-insurance.example,35-44,£25k-£50k,UK,London,London,Operations Manager,Manager,Operations,3,True,0.66
f.roberts@thornbury-college.example,35-44,£150k+,NL,North Brabant,Eindhoven,Director of Sales,Director or above,Sales,3,True,0.71
f.roberts@upland-goods.example,25-34,£50k-£100k,DE,Hesse,Frankfurt,Analyst,Individual contributor,Operations,2,False,0.65
f.schmidt@lantern-digital.example,55-64,£100k-£150k,UK,West Midlands,Birmingham,CEO,Director or above,Executive,1,True,0.94
f.scott@bramble-lending.example,35-44,£25k-£50k,FR,Hauts-de-France,Lille,Analyst,Individual contributor,Operations,1,False,0.73
f.scott@quayside-works.example,18-24,£50k-£100k,US,California,San Francisco,Assistant,Individual contributor,Operations,3,False,0.64
f.scott@stonebridge-dental.example,25-34,£50k-£100k,US,Illinois,Chicago,Sales Rep,Individual contributor,Sales,0,True,0.73
f.smith@dovecote-tutors.example,55-64,£50k-£100k,US,New York,New York,Marketing Manager,Manager,Marketing,3,True,0.87
f.smith@larkspur-stores.example,35-44,£50k-£100k,UK,North West,Manchester,Sales Rep,Individual contributor,Sales,3,False,0.96
f.thompson@nimbus-recruitment.example,25-34,under £25k,UK,Scotland,Edinburgh,Sales Rep,Individual contributor,Sales,1,False,0.9
f.walker@thornbury-outfitters.example,25-34,£150k+,US,Washington,Seattle,Marketing Director,Director or above,Marketing,2,True,0.68
f.weber@dovecote-medical.example,35-44,£50k-£100k,US,Washington,Seattle,Marketing Manager,Manager,Marketing,2,False,0.95
f.weber@harbour-accountants.example,55-64,£100k-£150k,US,New York,New York,Marketing Director,Director or above,Marketing,2,True,0.81
f.weber@westbrook-capital.example,25-34,£50k-£100k,DE,Hamburg,Hamburg,Operations Manager,Manager,Operations,1,False,0.82
f.white@larkspur-freight.example,45-54,£25k-£50k,DE,Bavaria,Munich,Sales Rep,Individual contributor,Sales,4,False,0.72
f.williams@kingsway-consulting.example,55-64,£100k-£150k,UK,Scotland,Edinburgh,Marketing Director,Director or above,Marketing,7,True,0.72
f.williams@marigold-haulage.example,35-44,£50k-£100k,UK,Yorkshire,Leeds,VP Marketing,Director or above,Marketing,2,False,0.79
f.wilson@bramble-lending.example,25-34,£100k-£150k,FR,Ile-de-France,Paris,Operations Manager,Manager,Operations,6,True,0.87
f.wilson@kelvin-manufacturing.example,25-34,£25k-£50k,US,Massachusetts,Boston,Marketing Executive,Individual contributor,Marketing,2,True,0.61
f.wood@hawthorn-market.example,35-44,£50k-£100k,FR,Ile-de-France,Paris,VP Marketing,Director or above,Marketing,11,True,0.64
f.wood@juniper-industries.example,25-34,£25k-£50k,UK,Scotland,Edinburgh,Sales Manager,Manager,Sales,5,True,0.93
f.wright@keystone-manufacturing.example,35-44,£25k-£50k,FR,Occitanie,Toulouse,Head of Growth,Manager,Marketing,2,False,0.61
f.young@bluebell-legal.example,25-34,£25k-£50k,US,California,San Francisco,Assistant,Individual contributor,Operations,3,False,0.88
f.young@inkwell-advisory.example,35-44,£150k+,UK,West Midlands,Birmingham,VP Marketing,Director or above,Marketing,0,False,0.6
f.young@nimbus-dental.example,25-34,£25k-£50k,US,Illinois,Chicago,Marketing Coordinator,Individual contributor,Marketing,1,False,0.71
f.young@quayside-works.example,25-34,£50k-£100k,US,New York,New York,Marketing Coordinator,Individual contributor,Marketing,2,False,0.87
fatima.anderson@driftwood-engineering.example,35-44,£150k+,US,Massachusetts,Boston,Marketing Director,Director or above,Marketing,4,True,0.83
fatima.baker@dovecote-tutors.example,45-54,£25k-£50k,US,New York,New York,Demand Gen Manager,Manager,Marketing,2,False,0.72
fatima.bakker@riverside-lending.example,35-44,£150k+,US,Texas,Austin,Director of Sales,Director or above,Sales,4,True,0.67
fatima.bakker@tidewater-market.example,25-34,£100k-£150k,UK,London,London,Head of Marketing,Manager,Marketing,1,False,0.68
fatima.brown@gmail.example,35-44,under £25k,UK,North West,Manchester,Marketing Manager,Manager,Marketing,3,True,0.8
fatima.dubois@yahoo.example,25-34,£50k-£100k,UK,North West,Manchester,Marketing Coordinator,Individual contributor,Marketing,2,True,0.7
fatima.evans@vantage-logistics.example,35-44,£50k-£100k,UK,London,London,Marketing Manager,Manager,Marketing,4,False,0.9
fatima.garcia@cobalt-manufacturing.example,25-34,£25k-£50k,US,Washington,Seattle,Marketing Manager,Manager,Marketing,1,True,0.86
fatima.garcia@harbour-college.example,45-54,£50k-£100k,UK,West Midlands,Birmingham,Operations Manager,Manager,Operations,3,False,0.83
fatima.green@beacon-couriers.example,35-44,£50k-£100k,US,California,San Francisco,Marketing Manager,Manager,Marketing,3,True,0.75
fatima.green@brightwater-shipping.example,35-44,£50k-£100k,UK,South West,Bristol,Demand Gen Manager,Manager,Marketing,0,False,0.64
fatima.green@hawthorn-fabrication.example,25-34,£50k-£100k,UK,West Midlands,Birmingham,Marketing Executive,Individual contributor,Marketing,4,True,0.65
fatima.hall@cobalt-partners.example,45-54,£50k-£100k,US,Texas,Austin,Demand Gen Manager,Manager,Marketing,4,False,0.65
fatima.hall@stonebridge-systems.example,25-34,£50k-£100k,US,Washington,Seattle,Sales Manager,Manager,Sales,4,True,0.92
fatima.hughes@icloud.example,18-24,under £25k,FR,Ile-de-France,Paris,Marketing Executive,Individual contributor,Marketing,4,True,0.88
fatima.hughes@kelvin-manufacturing.example,35-44,£100k-£150k,US,Massachusetts,Boston,Chief Revenue Officer,Director or above,Executive,3,False,0.64
fatima.jansen@nettlefield-insurance.example,25-34,£50k-£100k,UK,Yorkshire,Leeds,Demand Gen Manager,Manager,Marketing,3,False,0.89
fatima.johnson@juniper-capital.example,45-54,£50k-£100k,UK,Yorkshire,Leeds,Demand Gen Manager,Manager,Marketing,2,False,0.72
fatima.johnson@orchard-learning.example,45-54,£50k-£100k,UK,London,London,Managing Director,Director or above,Executive,3,False,0.89
fatima.johnson@pebble-stores.example,35-44,£50k-£100k,DE,Bavaria,Munich,CEO,Director or above,Executive,1,True,0.87
fatima.khan@glenmoor-haulage.example,45-54,£100k-£150k,UK,Scotland,Edinburgh,Founder,Director or above,Executive,3,True,0.65
fatima.khan@hotmail.example,18-24,£25k-£50k,FR,Hauts-de-France,Lille,Student,Student,Student,0,False,0.65
fatima.king@gmail.example,45-54,£25k-£50k,FR,Hauts-de-France,Lille,Head of Growth,Manager,Marketing,1,True,0.7
fatima.king@yarrow-market.example,35-44,£50k-£100k,DE,Hesse,Frankfurt,Marketing Executive,Individual contributor,Marketing,2,True,0.81
fatima.martin@quayside-freight.example,55-64,£150k+,US,Washington,Seattle,Director of Sales,Director or above,Sales,2,True,0.64
fatima.miller@dovecote-industries.example,35-44,£50k-£100k,FR,Ile-de-France,Paris,Head of Marketing,Manager,Marketing,1,False,0.83
fatima.moore@cobalt-cloud.example,35-44,£50k-£100k,UK,London,London,Demand Gen Manager,Manager,Marketing,2,False,0.8
fatima.muller@umber-freight.example,25-34,£25k-£50k,US,Massachusetts,Boston,Marketing Coordinator,Individual contributor,Marketing,1,False,0.69
fatima.muller@umber-legal.example,35-44,£25k-£50k,UK,Scotland,Edinburgh,Sales Manager,Manager,Sales,1,False,0.86
fatima.patel@hotmail.example,18-24,£25k-£50k,US,California,San Francisco,Student,Student,Student,0,False,0.61
fatima.patel@thornbury-logistics.example,45-54,£150k+,US,Massachusetts,Boston,CEO,Director or above,Executive,1,True,0.61
fatima.schmidt@cobalt-engineering.example,25-34,£25k-£50k,DE,Berlin,Berlin,Analyst,Individual contributor,Operations,9,False,0.91
fatima.schmidt@hotmail.example,45-54,£100k-£150k,US,Texas,Austin,Sales Manager,Manager,Sales,4,False,0.84
fatima.taylor@evergreen-fabrication.example,35-44,£100k-£150k,UK,North West,Manchester,Operations Manager,Manager,Operations,8,True,0.95
fatima.thompson@gmail.example,25-34,£100k-£150k,UK,North West,Manchester,Sales Manager,Manager,Sales,3,True,0.99
fatima.thompson@greystone-stores.example,25-34,£25k-£50k,UK,Scotland,Edinburgh,Analyst,Individual contributor,Operations,5,True,0.62
fatima.walker@stonebridge-tutors.example,25-34,under £25k,FR,Hauts-de-France,Lille,Analyst,Individual contributor,Operations,16,False,0.92
fatima.weber@bluebell-capital.example,35-44,£100k-£150k,FR,Occitanie,Toulouse,Marketing Director,Director or above,Marketing,2,False,0.88
fatima.weber@silverline-tutors.example,25-34,£25k-£50k,UK,West Midlands,Birmingham,Analyst,Individual contributor,Operations,1,True,0.68
fatima.white@jasper-clinics.example,35-44,£100k-£150k,US,California,San Francisco,Head of Marketing,Manager,Marketing,4,False,0.95
fatima.white@lantern-partners.example,45-54,£50k-£100k,DE,Bavaria,Munich,Operations Manager,Manager,Operations,3,False,0.87
fatima.williams@saltmarsh-recruitment.example,35-44,£25k-£50k,DE,Hamburg,Hamburg,Marketing Executive,Individual contributor,Marketing,4,False,0.65
fatima.wilson@driftwood-couriers.example,25-34,under £25k,US,California,San Francisco,Marketing Coordinator,Individual contributor,Marketing,5,False,0.94
fatima.wood@ashford-insurance.example,35-44,£50k-£100k,UK,West Midlands,Birmingham,Head of Growth,Manager,Marketing,4,False,0.63
fatima.wright@granite-digital.example,45-54,£50k-£100k,US,Texas,Austin,Marketing Director,Director or above,Marketing,1,False,0.63
fatima.young@ironbridge-education.example,45-54,£150k+,UK,North West,Manchester,Chief Revenue Officer,Director or above,Executive,4,True,0.95
fatima.young@northwind-academy.example,25-34,£50k-£100k,UK,London,London,Head of Growth,Manager,Marketing,3,False,0.9
fatima.young@willow-components.example,35-44,£25k-£50k,UK,Yorkshire,Leeds,Marketing Coordinator,Individual contributor,Marketing,2,False,0.77
fatima84@inkwell-recruitment.example,35-44,£100k-£150k,UK,South West,Bristol,Director of Sales,Director or above,Sales,7,True,0.95
fatima89@clearwater-care.example,18-24,£50k-£100k,UK,Scotland,Edinburgh,Operations Manager,Manager,Operations,7,True,0.63
fatima@alder-advisory.example,55-64,£150k+,US,Washington,Seattle,Marketing Director,Director or above,Marketing,1,True,0.8
fatima@aurora-couriers.example,35-44,under £25k,UK,London,London,Marketing Executive,Individual contributor,Marketing,1,False,0.62
fatima@bramble-pharma.example,25-34,£50k-£100k,UK,London,London,Demand Gen Manager,Manager,Marketing,2,False,0.86
fatima@clearwater-care.example,25-34,£25k-£50k,UK,Yorkshire,Leeds,Analyst,Individual contributor,Operations,6,False,0.89
fatima@cobalt-care.example,25-34,£50k-£100k,UK,South West,Bristol,Head of Marketing,Manager,Marketing,3,False,0.74
fatima@dovecote-goods.example,45-54,£50k-£100k,UK,London,London,Director of Sales,Director or above,Sales,3,True,0.73
fatima@dunmore-finance.example,45-54,£150k+,UK,South West,Bristol,Managing Director,Director or above,Executive,12,True,0.63
fatima@dunmore-labs.example,35-44,£50k-£100k,UK,London,London,Marketing Executive,Individual contributor,Marketing,6,True,0.63
fatima@elmstead-cloud.example,45-54,£100k-£150k,US,Texas,Austin,Demand Gen Manager,Manager,Marketing,3,True,0.96
fatima@falcon-learning.example,35-44,£100k-£150k,US,California,San Francisco,Marketing Manager,Manager,Marketing,0,False,0.92
fatima@granite-market.example,35-44,£100k-£150k,FR,Hauts-de-France,Lille,VP Marketing,Director or above,Marketing,1,True,0.89
fatima@harbour-market.example,35-44,£25k-£50k,DE,Hesse,Frankfurt,Head of Marketing,Manager,Marketing,4,False,0.95
fatima@hawthorn-finance.example,45-54,£50k-£100k,US,Illinois,Chicago,Head of Marketing,Manager,Marketing,3,False,0.67
fatima@inkwell-haulage.example,25-34,£25k-£50k,UK,West Midlands,Birmingham,Marketing Coordinator,Individual contributor,Marketing,1,False,0.6
fatima@inkwell-recruitment.example,25-34,£50k-£100k,UK,South West,Bristol,Head of Growth,Manager,Marketing,3,True,0.85
fatima@kelvin-learning.example,25-34,£25k-£50k,US,Illinois,Chicago,Marketing Coordinator,Individual contributor,Marketing,4,True,0.97
fatima@kestrel-components.example,35-44,£150k+,US,New York,New York,CEO,Director or above,Executive,0,True,0.79
fatima@keystone-components.example,45-54,£100k-£150k,US,California,San Francisco,Managing Director,Director or above,Executive,1,True,0.85
fatima@kingsway-freight.example,45-54,£100k-£150k,US,Illinois,Chicago,Founder,Director or above,Executive,8,True,0.81
fatima@lantern-data.example,18-24,£25k-£50k,FR,Hauts-de-France,Lille,Marketing Coordinator,Individual contributor,Marketing,3,False,0.75
fatima@marigold-legal.example,35-44,£100k-£150k,DE,Berlin,Berlin,Marketing Manager,Manager,Marketing,6,False,0.84
fatima@meridian-fabrication.example,35-44,£150k+,DE,Berlin,Berlin,Director of Sales,Director or above,Sales,8,True,0.63
fatima@moorland-wealth.example,35-44,£50k-£100k,NL,South Holland,Rotterdam,Marketing Manager,Manager,Marketing,2,True,0.96
fatima@norfolk-medical.example,55-64,£100k-£150k,DE,Bavaria,Munich,VP Marketing,Director or above,Marketing,1,True,0.76
fatima@northwind-medical.example,18-24,£50k-£100k,UK,South West,Bristol,Analyst,Individual contributor,Operations,1,False,0.97
fatima@pebble-tutors.example,45-54,£50k-£100k,DE,Hamburg,Hamburg,Marketing Manager,Manager,Marketing,0,False,0.92
fatima@pinecrest-accountants.example,25-34,£50k-£100k,DE,Hesse,Frankfurt,Operations Manager,Manager,Operations,1,False,0.77
fatima@pinecrest-clinics.example,25-34,£100k-£150k,UK,London,London,Head of Growth,Manager,Marketing,6,True,0.77
fatima@quayside-logistics.example,35-44,£25k-£50k,NL,North Holland,Amsterdam,Sales Manager,Manager,Sales,16,False,0.68
fatima@rosewood-digital.example,45-54,£100k-£150k,UK,Scotland,Edinburgh,VP Marketing,Director or above,Marketing,6,False,0.87
fatima@saltmarsh-engineering.example,18-24,£25k-£50k,FR,Occitanie,Toulouse,Marketing Coordinator,Individual contributor,Marketing,3,False,0.89
fatima@saltmarsh-fabrication.example,45-54,£150k+,US,Illinois,Chicago,Head of Growth,Manager,Marketing,6,True,0.92
fatima@silverline-advisory.example,25-34,£100k-£150k,NL,South Holland,Rotterdam,Head of Growth,Manager,Marketing,2,False,0.8
fatima@umber-logistics.example,25-34,£100k-£150k,FR,Occitanie,Toulouse,Operations Manager,Manager,Operations,2,False,0.62
fatima@umber-training.example,25-34,£25k-£50k,UK,South West,Bristol,Student,Student,Student,0,False,0.87
fatima@upland-freight.example,35-44,£50k-£100k,UK,Scotland,Edinburgh,Demand Gen Manager,Manager,Marketing,4,False,0.87
fatima@vantage-insurance.example,35-44,£50k-£100k,US,Illinois,Chicago,Sales Rep,Individual contributor,Sales,1,False,0.87
fatima@vantage-retail.example,25-34,£100k-£150k,FR,Auvergne-Rhone-Alpes,Lyon,Demand Gen Manager,Manager,Marketing,2,True,0.96
fatima@westbrook-health.example,25-34,£50k-£100k,FR,Occitanie,Toulouse,Marketing Coordinator,Individual contributor,Marketing,8,False,0.75
fatima@willow-learning.example,45-54,£100k-£150k,UK,South West,Bristol,CEO,Director or above,Executive,2,True,0.99
fatimabaker33@gmail.example,25-34,£50k-£100k,UK,West Midlands,Birmingham,Demand Gen Manager,Manager,Marketing,3,True,0.91
fatimadubois02@icloud.example,25-34,£25k-£50k,NL,South Holland,Rotterdam,Marketing Executive,Individual contributor,Marketing,5,False,0.89
fatimajones82@gmail.example,35-44,£50k-£100k,NL,Utrecht,Utrecht,Operations Manager,Manager,Operations,1,True,0.78
fatimamoore05@yahoo.example,25-34,under £25k,UK,Yorkshire,Leeds,Assistant,Individual contributor,Operations,4,True,0.85
fatimataylor93@gmail.example,35-44,£25k-£50k,US,Washington,Seattle,Head of Marketing,Manager,Marketing,2,True,0.87
fatimawalker94@icloud.example,35-44,£150k+,FR,Ile-de-France,Paris,Chief Revenue Officer,Director or above,Executive,2,True,0.82
fatimayoung20@hotmail.example,35-44,£50k-£100k,DE,Bavaria,Munich,CEO,Director or above,Executive,5,True,0.84
fbakker259@gmail.example,45-54,£50k-£100k,US,Massachusetts,Boston,Marketing Coordinator,Individual contributor,Marketing,0,False,0.94
fbernard737@yahoo.example,18-24,£25k-£50k,UK,Yorkshire,Leeds,Student,Student,Student,0,False,0.92
fdavies147@icloud.example,35-44,£25k-£50k,UK,North West,Manchester,Assistant,Individual contributor,Operations,2,False,0.61
fdevries591@outlook.example,25-34,£25k-£50k,DE,Berlin,Berlin,Head of Growth,Manager,Marketing,10,True,0.6
fdubois843@yahoo.example,18-24,under £25k,NL,North Brabant,Eindhoven,Student,Student,Student,0,True,0.87
fevans595@hotmail.example,25-34,£100k-£150k,US,Illinois,Chicago,Founder,Director or above,Executive,1,True,0.92
fgarcia783@gmail.example,35-44,£100k-£150k,US,Texas,Austin,VP Marketing,Director or above,Marketing,0,True,0.89
fjones231@icloud.example,25-34,£100k-£150k,US,Illinois,Chicago,Head of Growth,Manager,Marketing,1,False,0.74
fkhan844@gmail.example,25-34,£25k-£50k,NL,North Holland,Amsterdam,Sales Manager,Manager,Sales,4,False,0.91
fking385@yahoo.example,18-24,£50k-£100k,US,Massachusetts,Boston,Analyst,Individual contributor,Operations,1,False,0.74
fking448@hotmail.example,18-24,under £25k,NL,South Holland,Rotterdam,Assistant,Individual contributor,Operations,1,True,0.78
fmurphy114@yahoo.example,35-44,£50k-£100k,UK,Yorkshire,Leeds,Operations Manager,Manager,Operations,4,True,0.62
fmurphy289@hotmail.example,25-34,£50k-£100k,US,Illinois,Chicago,Sales Rep,Individual contributor,Sales,9,False,0.99
freya.anderson@pebble-haulage.example,35-44,£50k-£100k,US,Washington,Seattle,Sales Manager,Manager,Sales,0,True,0.76
freya.baker@quayside-medical.example,45-54,£150k+,US,Washington,Seattle,Chief Revenue Officer,Director or above,Executive,6,True,0.96
freya.baker@rosewood-dental.example,25-34,£50k-£100k,US,New York,New York,Marketing Manager,Manager,Marketing,7,False,0.78
freya.baker@vantage-accountants.example,45-54,£150k+,DE,Hamburg,Hamburg,Chief Revenue Officer,Director or above,Executive,3,True,0.75
freya.baker@yahoo.example,35-44,£25k-£50k,DE,Hesse,Frankfurt,Marketing Manager,Manager,Marketing,1,True,0.71
freya.brown@inkwell-industries.example,25-34,£50k-£100k,FR,Auvergne-Rhone-Alpes,Lyon,Sales Manager,Manager,Sales,9,False,0.96
freya.brown@oakridge-health.example,45-54,£150k+,US,Massachusetts,Boston,Founder,Director or above,Executive,2,False,0.71
freya.clarke76@gmail.example,35-44,£100k-£150k,NL,South Holland,Rotterdam,Managing Director,Director or above,Executive,6,False,0.64
freya.clarke@gmail.example,35-44,£50k-£100k,UK,North West,Manchester,CEO,Director or above,Executive,3,True,0.66
freya.clarke@icloud.example,18-24,under £25k,UK,West Midlands,Birmingham,Student,Student,Student,0,False,0.79
freya.davies@icloud.example,18-24,£50k-£100k,US,California,San Francisco,Student,Student,Student,0,False,0.89
freya.davies@saltmarsh-care.example,25-34,£25k-£50k,UK,North West,Manchester,Analyst,Individual contributor,Operations,2,False,0.68
freya.devries@pennine-dental.example,35-44,£100k-£150k,UK,Scotland,Edinburgh,Marketing Manager,Manager,Marketing,1,True,0.72
freya.devries@tidewater-works.example,35-44,£50k-£100k,UK,London,London,Chief Revenue Officer,Director or above,Executive,1,True,0.76
freya.evans@ashford-education.example,25-34,£50k-£100k,NL,Utrecht,Utrecht,Head of Marketing,Manager,Marketing,2,True,0.9
freya.garcia@brightwater-partners.example,25-34,£100k-£150k,FR,Hauts-de-France,Lille,Marketing Manager,Manager,Marketing,3,True,0.84
freya.garcia@hawthorn-transport.example,35-44,£100k-£150k,UK,Yorkshire,Leeds,CEO,Director or above,Executive,3,True,0.64
freya.garcia@quartz-freight.example,25-34,£50k-£100k,US,Washington,Seattle,Sales Rep,Individual contributor,Sales,2,False,0.62
freya.green@gmail.example,45-54,£100k-£150k,DE,Berlin,Berlin,Founder,Director or above,Executive,2,True,0.67
freya.green@icloud.example,25-34,£50k-£100k,US,Washington,Seattle,Analyst,Individual contributor,Operations,2,False,0.65
freya.hall@pennine-dental.example,45-54,£100k-£150k,UK,West Midlands,Birmingham,Chief Revenue Officer,Director or above,Executive,5,True,0.67
freya.hughes@norfolk-digital.example,35-44,£25k-£50k,DE,Hamburg,Hamburg,Head of Marketing,Manager,Marketing,12,True,0.99
freya.hughes@zephyr-goods.example,35-44,£150k+,FR,Auvergne-Rhone-Alpes,Lyon,Chief Revenue Officer,Director or above,Executive,4,True,0.74
freya.jansen@highgate-digital.example,18-24,£50k-£100k,US,New York,New York,Head of Marketing,Manager,Marketing,10,True,0.99
freya.johnson@nettlefield-recruitment.example,25-34,£50k-£100k,UK,Scotland,Edinburgh,Operations Manager,Manager,Operations,9,False,0.93
freya.johnson@silverline-shipping.example,25-34,£25k-£50k,UK,West Midlands,Birmingham,Marketing Coordinator,Individual contributor,Marketing,0,False,0.61
freya.jones@northwind-health.example,45-54,£50k-£100k,FR,Occitanie,Toulouse,Sales Manager,Manager,Sales,2,True,0.8
freya.khan@moorland-retail.example,18-24,£50k-£100k,US,Massachusetts,Boston,Analyst,Individual contributor,Operations,1,False,0.96
freya.king@heron-consulting.example,45-54,£50k-£100k,US,Illinois,Chicago,Assistant,Individual contributor,Operations,1,True,0.65
freya.lewis@evergreen-medical.example,35-44,£25k-£50k,FR,Auvergne-Rhone-Alpes,Lyon,Marketing Executive,Individual contributor,Marketing,3,False,0.94
freya.lewis@falcon-medical.example,45-54,£100k-£150k,NL,South Holland,Rotterdam,Managing Director,Director or above,Executive,1,True,0.69
freya.lewis@icloud.example,18-24,£25k-£50k,UK,Scotland,Edinburgh,Student,Student,Student,0,False,0.68
freya.lewis@lantern-wealth.example,35-44,£100k-£150k,US,Illinois,Chicago,CEO,Director or above,Executive,3,True,0.91
freya.miller@fernhill-dental.example,55-64,£50k-£100k,DE,Berlin,Berlin,Founder,Director or above,Executive,4,True,0.76
freya.moore@redwood-consulting.example,25-34,£50k-£100k,US,Illinois,Chicago,Assistant,Individual contributor,Operations,2,True,0.93
freya.moore@riverside-health.example,25-34,£100k-£150k,US,Texas,Austin,Marketing Director,Director or above,Marketing,1,False,0.62
freya.murphy@ivywood-advisory.example,35-44,£150k+,US,California,San Francisco,Managing Director,Director or above,Executive,5,True,0.98
freya.murphy@umber-haulage.example,35-44,£50k-£100k,UK,North West,Manchester,Assistant,Individual contributor,Operations,1,False,0.85
freya.patel@riverside-insurance.example,18-24,£100k-£150k,FR,Ile-de-France,Paris,Head of Marketing,Manager,Marketing,1,False,0.7
freya.roberts@gmail.example,25-34,£100k-£150k,UK,West Midlands,Birmingham,Director of Sales,Director or above,Sales,7,True,0.76
freya.schmidt@hotmail.example,55-64,£25k-£50k,UK,West Midlands,Birmingham,Founder,Director or above,Executive,7,True,0.84
freya.scott@ironbridge-components.example,35-44,£100k-£150k,US,California,San Francisco,Managing Director,Director or above,Executive,1,True,0.67
freya.taylor@icloud.example,35-44,£25k-£50k,US,Texas,Austin,Marketing Director,Director or above,Marketing,1,True,0.79
freya.taylor@nimbus-labs.example,35-44,£50k-£100k,NL,North Brabant,Eindhoven,Marketing Manager,Manager,Marketing,6,True,0.82
freya.taylor@redwood-college.example,25-34,£25k-£50k,US,California,San Francisco,Sales Rep,Individual contributor,Sales,3,False,0.75
freya.walker@vantage-labs.example,25-34,under £25k,NL,South Holland,Rotterdam,Marketing Executive,Individual contributor,Marketing,1,False,0.71
freya.williams@nettlefield-market.example,25-34,£50k-£100k,NL,South Holland,Rotterdam,Head of Marketing,Manager,Marketing,1,False,0.91
freya.wilson@driftwood-logistics.example,45-54,£100k-£150k,NL,Utrecht,Utrecht,Marketing Director,Director or above,Marketing,6,True,0.85
freya.wilson@icloud.example,35-44,£50k-£100k,UK,Scotland,Edinburgh,VP Marketing,Director or above,Marketing,2,True,0.74
freya.wood@granite-logistics.example,65+,£150k+,US,Illinois,Chicago,Chief Revenue Officer,Director or above,Executive,1,True,0.9
freya.wood@keystone-stores.example,45-54,£100k-£150k,US,New York,New York,Head of Marketing,Manager,Marketing,1,True,0.91
freya.wright@brightwater-wealth.example,35-44,£25k-£50k,UK,Scotland,Edinburgh,Head of Marketing,Manager,Marketing,2,False,0.64
freya.wright@kelvin-dental.example,45-54,£50k-£100k,US,California,San Francisco,Sales Manager,Manager,Sales,5,False,0.94
freya.wright@westbrook-college.example,35-44,£25k-£50k,DE,Hamburg,Hamburg,Operations Manager,Manager,Operations,3,False,0.76
freya.young@granite-training.example,25-34,£25k-£50k,US,New York,New York,Student,Student,Student,0,False,0.96
freya@aurora-advisory.example,55-64,£150k+,UK,Scotland,Edinburgh,Managing Director,Director or above,Executive,1,True,0.65
freya@bluebell-haulage.example,35-44,£50k-£100k,UK,Yorkshire,Leeds,Marketing Coordinator,Individual contributor,Marketing,1,True,0.97
freya@bramble-trading.example,35-44,£50k-£100k,NL,North Brabant,Eindhoven,Head of Growth,Manager,Marketing,0,False,0.64
freya@cedar-dental.example,25-34,£50k-£100k,UK,Yorkshire,Leeds,Head of Marketing,Manager,Marketing,5,True,0.95
freya@clearwater-shipping.example,25-34,£100k-£150k,UK,North West,Manchester,Demand Gen Manager,Manager,Marketing,7,True,0.66
freya@dovecote-capital.example,25-34,£25k-£50k,NL,South Holland,Rotterdam,Student,Student,Student,0,False,0.99
freya@dovecote-shipping.example,18-24,£25k-£50k,UK,South West,Bristol,Sales Rep,Individual contributor,Sales,5,False,0.76
freya@driftwood-couriers.example,25-34,under £25k,US,Texas,Austin,Marketing Coordinator,Individual contributor,Marketing,5,False,0.9
freya@driftwood-health.example,35-44,£50k-£100k,UK,London,London,Chief Revenue Officer,Director or above,Executive,6,True,0.91
freya@driftwood-training.example,45-54,£100k-£150k,NL,South Holland,Rotterdam,CEO,Director or above,Executive,2,True,0.89
freya@evergreen-trading.example,55-64,£50k-£100k,NL,South Holland,Rotterdam,Head of Marketing,Manager,Marketing,2,False,0.64
freya@fernhill-education.example,45-54,£100k-£150k,UK,North West,Manchester,Managing Director,Director or above,Executive,3,True,0.84
freya@foxglove-medical.example,35-44,£50k-£100k,NL,South Holland,Rotterdam,Marketing Manager,Manager,Marketing,3,True,0.84
freya@glenmoor-clinics.example,35-44,£50k-£100k,DE,Bavaria,Munich,Operations Manager,Manager,Operations,1,False,0.65
freya@harbour-associates.example,35-44,£50k-£100k,US,Massachusetts,Boston,Director of Sales,Director or above,Sales,2,False,0.94
freya@hawthorn-manufacturing.example,45-54,£50k-£100k,NL,South Holland,Rotterdam,Head of Growth,Manager,Marketing,1,True,0.9
freya@heron-goods.example,55-64,£150k+,DE,Hesse,Frankfurt,Founder,Director or above,Executive,6,True,0.73
freya@highgate-health.example,45-54,£150k+,UK,Scotland,Edinburgh,CEO,Director or above,Executive,3,True,0.74
freya@ironbridge-shipping.example,35-44,£25k-£50k,DE,Bavaria,Munich,Sales Manager,Manager,Sales,7,True,0.67
freya@jasper-industries.example,45-54,£100k-£150k,UK,West Midlands,Birmingham,Founder,Director or above,Executive,4,True,0.85
freya@juniper-accountants.example,25-34,£100k-£150k,UK,North West,Manchester,Operations Manager,Manager,Operations,2,False,0.71
freya@kelvin-tutors.example,35-44,£50k-£100k,US,Massachusetts,Boston,Marketing Manager,Manager,Marketing,1,True,0.92
freya@keystone-cloud.example,18-24,£50k-£100k,NL,South Holland,Rotterdam,Sales Rep,Individual contributor,Sales,7,False,0.6
freya@keystone-recruitment.example,25-34,£100k-£150k,NL,North Holland,Amsterdam,Marketing Manager,Manager,Marketing,6,False,0.74
freya@keystone-trading.example,35-44,£50k-£100k,FR,Occitanie,Toulouse,Head of Growth,Manager,Marketing,1,False,0.71
freya@keystone-transport.example,35-44,£100k-£150k,US,California,San Francisco,Sales Manager,Manager,Sales,5,False,0.8
freya@lantern-clinics.example,25-34,under £25k,UK,West Midlands,Birmingham,Assistant,Individual contributor,Operations,3,False,0.67
freya@lindenwood-academy.example,55-64,£50k-£100k,UK,London,London,Founder,Director or above,Executive,5,True,0.88
freya@meridian-shipping.example,25-34,£50k-£100k,US,California,San Francisco,Marketing Manager,Manager,Marketing,3,True,0.83
freya@pebble-accountants.example,35-44,£100k-£150k,US,Illinois,Chicago,Head of Marketing,Manager,Marketing,2,False,0.98
freya@pebble-couriers.example,35-44,£50k-£100k,NL,North Brabant,Eindhoven,Demand Gen Manager,Manager,Marketing,2,True,0.89
freya@pebble-pharma.example,35-44,£50k-£100k,FR,Occitanie,Toulouse,Head of Marketing,Manager,Marketing,2,False,0.6
freya@pebble-software.example,35-44,£100k-£150k,DE,Hesse,Frankfurt,Operations Manager,Manager,Operations,3,False,0.9
freya@pinecrest-capital.example,35-44,£50k-£100k,US,Texas,Austin,Demand Gen Manager,Manager,Marketing,6,False,0.71
freya@riverside-fabrication.example,35-44,£150k+,US,Massachusetts,Boston,Marketing Director,Director or above,Marketing,1,True,0.96
freya@riverside-goods.example,35-44,£50k-£100k,US,Washington,Seattle,Head of Marketing,Manager,Marketing,1,True,0.94
freya@rosewood-fabrication.example,35-44,£25k-£50k,UK,South West,Bristol,Demand Gen Manager,Manager,Marketing,1,False,0.98
freya@saltmarsh-associates.example,45-54,£50k-£100k,FR,Hauts-de-France,Lille,Sales Manager,Manager,Sales,1,True,0.84
freya@silverline-advisory.example,45-54,£150k+,NL,North Brabant,Eindhoven,Managing Director,Director or above,Executive,1,False,0.66
freya@stonebridge-market.example,55-64,£50k-£100k,US,Illinois,Chicago,Sales Manager,Manager,Sales,6,False,0.83
freya@tidewater-labs.example,18-24,£50k-£100k,NL,North Brabant,Eindhoven,Sales Rep,Individual contributor,Sales,2,False,0.83
freya@tidewater-tutors.example,45-54,£150k+,US,New York,New York,VP Marketing,Director or above,Marketing,4,True,0.9
freya@upland-clinics.example,45-54,£25k-£50k,FR,Auvergne-Rhone-Alpes,Lyon,Head of Growth,Manager,Marketing,3,True,0.82
freya@valley-lending.example,25-34,£25k-£50k,US,Washington,Seattle,Marketing Executive,Individual contributor,Marketing,2,False,0.69
freya@westbrook-advisory.example,35-44,£50k-£100k,US,New York,New York,Head of Growth,Manager,Marketing,2,True,0.74
freyabernard18@outlook.example,18-24,£25k-£50k,US,Illinois,Chicago,Student,Student,Student,0,False,0.8
freyadubois20@yahoo.example,35-44,£50k-£100k,FR,Auvergne-Rhone-Alpes,Lyon,Demand Gen Manager,Manager,Marketing,2,True,0.95
freyagreen66@hotmail.example,25-34,under £25k,UK,Yorkshire,Leeds,Marketing Coordinator,Individual contributor,Marketing,3,False,0.68
freyaking47@yahoo.example,18-24,under £25k,UK,Yorkshire,Leeds,Student,Student,Student,0,False,0.67
freyataylor45@gmail.example,35-44,£50k-£100k,NL,North Holland,Amsterdam,Head of Marketing,Manager,Marketing,5,True,0.72
freyataylor67@hotmail.example,35-44,£25k-£50k,UK,North West,Manchester,Marketing Manager,Manager,Marketing,1,False,0.82
freyathompson06@gmail.example,25-34,£25k-£50k,US,Texas,Austin,Student,Student,Student,0,False,0.95
freyathompson09@yahoo.example,18-24,£25k-£50k,US,Texas,Austin,Assistant,Individual contributor,Operations,2,True,0.75
freyawood31@icloud.example,45-54,£25k-£50k,NL,North Holland,Amsterdam,Sales Manager,Manager,Sales,2,False,0.95
freyawright22@gmail.example,35-44,£25k-£50k,UK,West Midlands,Birmingham,Demand Gen Manager,Manager,Marketing,5,False,0.72
freyawright70@gmail.example,25-34,£25k-£50k,US,California,San Francisco,Analyst,Individual contributor,Operations,4,True,0.93
freyawright88@yahoo.example,35-44,£25k-£50k,US,Washington,Seattle,Demand Gen Manager,Manager,Marketing,1,True,0.67
ftaylor314@yahoo.example,25-34,under £25k,DE,Hamburg,Hamburg,Marketing Coordinator,Individual contributor,Marketing,2,False,0.61
fthompson485@yahoo.example,18-24,under £25k,NL,North Brabant,Eindhoven,Student,Student,Student,0,False,0.87
fwalker144@gmail.example,18-24,under £25k,US,Illinois,Chicago,Student,Student,Student,0,False,0.85
fweber997@outlook.example,25-34,£50k-£100k,US,Texas,Austin,Assistant,Individual contributor,Operations,4,False,0.86
fwilliams517@icloud.example,35-44,under £25k,UK,North West,Manchester,Analyst,Individual contributor,Operations,1,False,0.82
fwilson273@icloud.example,25-34,£50k-£100k,FR,Auvergne-Rhone-Alpes,Lyon,Sales Manager,Manager,Sales,1,True,0.83
fwood212@outlook.example,25-34,£50k-£100k,FR,Auvergne-Rhone-Alpes,Lyon,Marketing Manager,Manager,Marketing,4,False,0.89
fyoung113@yahoo.example,18-24,£50k-£100k,US,Texas,Austin,Student,Student,Student,0,True,0.89
g.anderson@beacon-dental.example,25-34,£25k-£50k,NL,Utrecht,Utrecht,Head of Marketing,Manager,Marketing,3,False,0.61
g.anderson@larkspur-industries.example,25-34,£50k-£100k,NL,South Holland,Rotterdam,Operations Manager,Manager,Operations,2,True,0.7
g.anderson@willow-freight.example,45-54,£150k+,US,Texas,Austin,Founder,Director or above,Executive,3,False,0.91
g.baker@driftwood-freight.example,55-64,£100k-£150k,DE,Hesse,Frankfurt,VP Marketing,Director or above,Marketing,4,True,0.8
g.baker@meridian-medical.example,45-54,£50k-£100k,NL,North Brabant,Eindhoven,Head of Marketing,Manager,Marketing,3,True,0.61
g.baker@pinecrest-legal.example,45-54,£100k-£150k,UK,West Midlands,Birmingham,Managing Director,Director or above,Executive,6,False,0.81
g.bakker@inkwell-advisory.example,25-34,under £25k,UK,Scotland,Edinburgh,Sales Rep,Individual contributor,Sales,1,False,0.68
g.bernard@oldfield-clinics.example,25-34,£50k-£100k,UK,South West,Bristol,Demand Gen Manager,Manager,Marketing,7,True,0.92
g.brown@cedar-haulage.example,25-34,£25k-£50k,DE,Hesse,Frankfurt,Analyst,Individual contributor,Operations,5,False,0.83
g.brown@clearwater-cloud.example,35-44,£50k-£100k,NL,North Holland,Amsterdam,Operations Manager,Manager,Operations,5,True,0.82
g.brown@oldfield-clinics.example,45-54,£25k-£50k,UK,London,London,Marketing Executive,Individual contributor,Marketing,2,False,0.63
g.clarke@lindenwood-health.example,45-54,£25k-£50k,DE,Bavaria,Munich,Sales Manager,Manager,Sales,3,True,0.89
g.davies@ironbridge-logistics.example,35-44,£50k-£100k,US,Texas,Austin,Head of Marketing,Manager,Marketing,1,True,0.85
g.davies@ivywood-learning.example,55-64,£150k+,DE,Hesse,Frankfurt,Managing Director,Director or above,Executive,6,True,0.92
g.davies@pennine-industries.example,25-34,£100k-£150k,US,New York,New York,Head of Marketing,Manager,Marketing,6,False,0.91
g.davies@tamarind-associates.example,55-64,£150k+,US,California,San Francisco,Director of Sales,Director or above,Sales,3,False,0.94
g.dubois@emberly-trading.example,18-24,£25k-£50k,UK,Scotland,Edinburgh,Marketing Coordinator,Individual contributor,Marketing,1,False,0.62
g.dubois@kingsway-freight.example,35-44,£50k-£100k,US,Massachusetts,Boston,Assistant,Individual contributor,Operations,1,False,0.71
g.evans@oakridge-associates.example,25-34,under £25k,FR,Occitanie,Toulouse,Marketing Executive,Individual contributor,Marketing,1,False,0.99
g.garcia@granite-market.example,55-64,£100k-£150k,FR,Ile-de-France,Paris,Chief Revenue Officer,Director or above,Executive,3,True,0.6
g.garcia@lindenwood-labs.example,25-34,£50k-£100k,US,New York,New York,Head of Growth,Manager,Marketing,2,False,0.75
g.garcia@rosewood-data.example,35-44,£50k-£100k,FR,Auvergne-Rhone-Alpes,Lyon,Marketing Manager,Manager,Marketing,1,False,0.61
g.green@ashford-insurance.example,18-24,under £25k,UK,South West,Bristol,Assistant,Individual contributor,Operations,2,False,0.79
g.green@oldfield-stores.example,25-34,£25k-£50k,US,Illinois,Chicago,Demand Gen Manager,Manager,Marketing,0,True,0.75
g.hall@highgate-industries.example,18-24,£25k-£50k,UK,West Midlands,Birmingham,Marketing Executive,Individual contributor,Marketing,0,False,0.73
g.hall@ivywood-components.example,25-34,£50k-£100k,UK,London,London,Demand Gen Manager,Manager,Marketing,2,True,0.69
g.hughes@falcon-learning.example,18-24,£25k-£50k,US,Texas,Austin,Student,Student,Student,0,False,0.79
g.hughes@greystone-clinics.example,18-24,under £25k,UK,London,London,Student,Student,Student,0,True,0.81
g.hughes@kelvin-labs.example,35-44,£50k-£100k,UK,London,London,Head of Growth,Manager,Marketing,1,False,0.69
g.hughes@moorland-data.example,35-44,£50k-£100k,DE,Hesse,Frankfurt,Marketing Manager,Manager,Marketing,2,True,0.65
g.jones@pebble-logistics.example,25-34,£50k-£100k,UK,West Midlands,Birmingham,Analyst,Individual contributor,Operations,1,False,0.91
g.jones@silverline-training.example,25-34,£50k-£100k,US,California,San Francisco,Sales Rep,Individual contributor,Sales,3,True,0.76
g.jones@tidewater-digital.example,45-54,£150k+,US,Washington,Seattle,Managing Director,Director or above,Executive,3,True,0.86
g.khan@oldfield-outfitters.example,35-44,£25k-£50k,US,New York,New York,Head of Marketing,Manager,Marketing,1,False,0.7
g.king@nimbus-partners.example,45-54,under £25k,DE,Berlin,Berlin,Analyst,Individual contributor,Operations,4,False,0.74
g.king@vantage-retail.example,35-44,£100k-£150k,FR,Ile-de-France,Paris,Sales Manager,Manager,Sales,3,False,0.87
g.lewis@glenmoor-consulting.example,45-54,£150k+,FR,Ile-de-France,Paris,Founder,Director or above,Executive,2,True,0.87
g.lewis@ironbridge-industries.example,25-34,£25k-£50k,US,New York,New York,Head of Marketing,Manager,Marketing,8,False,0.82
g.lewis@oakridge-software.example,45-54,£50k-£100k,UK,West Midlands,Birmingham,Marketing Manager,Manager,Marketing,8,True,0.87
g.martin@lantern-learning.example,45-54,£50k-£100k,DE,Bavaria,Munich,Operations Manager,Manager,Operations,5,True,0.66
g.moore@quayside-learning.example,25-34,£25k-£50k,UK,London,London,Assistant,Individual contributor,Operations,1,False,0.68
g.murphy@kingsway-logistics.example,25-34,under £25k,NL,North Brabant,Eindhoven,Marketing Executive,Individual contributor,Marketing,3,False,0.87
g.murphy@pebble-training.example,35-44,£50k-£100k,DE,Hamburg,Hamburg,Marketing Manager,Manager,Marketing,7,False,0.95
g.murphy@umber-recruitment.example,35-44,£25k-£50k,US,Texas,Austin,Head of Growth,Manager,Marketing,3,False,0.97
g.murphy@zephyr-partners.example,35-44,£150k+,US,Massachusetts,Boston,Director of Sales,Director or above,Sales,6,True,0.62
g.patel@pebble-goods.example,35-44,£100k-£150k,UK,Scotland,Edinburgh,CEO,Director or above,Executive,2,True,0.96
g.patel@thornbury-finance.example,35-44,£50k-£100k,NL,South Holland,Rotterdam,Sales Manager,Manager,Sales,4,True,0.82
g.roberts@dunmore-market.example,25-34,£25k-£50k,FR,Hauts-de-France,Lille,Marketing Coordinator,Individual contributor,Marketing,3,True,0.79
g.schmidt@stonebridge-software.example,35-44,under £25k,US,Texas,Austin,Marketing Executive,Individual contributor,Marketing,3,True,0.87
g.schmidt@thornbury-stores.example,25-34,£25k-£50k,DE,Hamburg,Hamburg,Marketing Coordinator,Individual contributor,Marketing,7,False,0.8
g.scott@brightwater-logistics.example,45-54,£50k-£100k,FR,Hauts-de-France,Lille,Demand Gen Manager,Manager,Marketing,5,True,0.6
g.scott@glenmoor-couriers.example,35-44,£25k-£50k,NL,North Brabant,Eindhoven,Head of Marketing,Manager,Marketing,2,True,0.72
g.scott@marigold-advisory.example,25-34,£25k-£50k,UK,South West,Bristol,Marketing Executive,Individual contributor,Marketing,3,False,0.93
g.scott@pennine-legal.example,35-44,£25k-£50k,NL,North Holland,Amsterdam,Assistant,Individual contributor,Operations,7,False,0.88
g.scott@stonebridge-academy.example,25-34,£50k-£100k,FR,Hauts-de-France,Lille,Demand Gen Manager,Manager,Marketing,0,False,0.66
g.smith@glenmoor-medical.example,25-34,£25k-£50k,DE,Hesse,Frankfurt,Head of Marketing,Manager,Marketing,5,False,0.71
g.taylor@norfolk-engineering.example,35-44,£150k+,FR,Auvergne-Rhone-Alpes,Lyon,Marketing Director,Director or above,Marketing,1,True,0.64
g.taylor@northwind-cloud.example,35-44,£100k-£150k,FR,Auvergne-Rhone-Alpes,Lyon,Marketing Manager,Manager,Marketing,6,True,0.89
g.thompson@valley-data.example,35-44,£100k-£150k,FR,Occitanie,Toulouse,VP Marketing,Director or above,Marketing,0,True,0.75
g.white@ashford-legal.example,25-34,£25k-£50k,US,California,San Francisco,Analyst,Individual contributor,Operations,2,False,0.64
g.white@beacon-training.example,45-54,£100k-£150k,DE,Hesse,Frankfurt,Director of Sales,Director or above,Sales,2,True,0.77
g.white@pennine-dental.example,25-34,£25k-£50k,UK,North West,Manchester,Sales Rep,Individual contributor,Sales,1,False,0.62
g.white@silverline-labs.example,35-44,£100k-£150k,US,Massachusetts,Boston,VP Marketing,Director or above,Marketing,4,True,0.93
g.wilson@falcon-medical.example,35-44,£100k-£150k,NL,South Holland,Rotterdam,Sales Manager,Manager,Sales,3,True,0.84
g.wilson@ivywood-finance.example,45-54,£50k-£100k,UK,South West,Bristol,Sales Manager,Manager,Sales,3,True,0.94
g.wilson@saltmarsh-lending.example,25-34,£25k-£50k,DE,Hamburg,Hamburg,Assistant,Individual contributor,Operations,5,False,0.62
g.wilson@zephyr-partners.example,35-44,£50k-£100k,US,Texas,Austin,Head of Growth,Manager,Marketing,2,False,0.84
g.wood@cedar-transport.example,25-34,£100k-£150k,UK,Yorkshire,Leeds,Marketing Manager,Manager,Marketing,3,False,0.73
g.wright@driftwood-haulage.example,45-54,£100k-£150k,US,New York,New York,VP Marketing,Director or above,Marketing,1,True,0.8
g.wright@tamarind-digital.example,25-34,£100k-£150k,FR,Auvergne-Rhone-Alpes,Lyon,Marketing Manager,Manager,Marketing,1,False,0.78
g.young@fernhill-works.example,45-54,£100k-£150k,DE,Hamburg,Hamburg,VP Marketing,Director or above,Marketing,5,True,0.87
g.young@lantern-wealth.example,25-34,£50k-£100k,US,New York,New York,Sales Rep,Individual contributor,Sales,5,True,0.88
g.young@larkspur-recruitment.example,25-34,£25k-£50k,UK,London,London,Sales Rep,Individual contributor,Sales,2,False,0.76
g.young@stonebridge-outfitters.example,35-44,£50k-£100k,NL,North Brabant,Eindhoven,Head of Marketing,Manager,Marketing,4,False,0.7
ganderson596@gmail.example,45-54,£50k-£100k,FR,Ile-de-France,Paris,Operations Manager,Manager,Operations,1,False,0.76
ganderson615@gmail.example,35-44,£25k-£50k,DE,Hamburg,Hamburg,Demand Gen Manager,Manager,Marketing,1,False,0.82
gbaker071@gmail.example,35-44,£50k-£100k,US,New York,New York,Managing Director,Director or above,Executive,2,True,0.91
gbaker842@yahoo.example,45-54,£25k-£50k,UK,West Midlands,Birmingham,Founder,Director or above,Executive,3,True,0.69
gbakker144@hotmail.example,65+,£100k-£150k,UK,Yorkshire,Leeds,Managing Director,Director or above,Executive,8,True,0.65
gbernard479@icloud.example,45-54,£50k-£100k,FR,Hauts-de-France,Lille,Managing Director,Director or above,Executive,0,False,0.98
gbernard995@hotmail.example,18-24,under £25k,UK,London,London,Marketing Executive,Individual contributor,Marketing,1,False,0.86
gclarke463@outlook.example,35-44,£50k-£100k,FR,Hauts-de-France,Lille,Operations Manager,Manager,Operations,8,True,0.92
gclarke750@gmail.example,35-44,under £25k,US,California,San Francisco,Head of Marketing,Manager,Marketing,1,False,0.65
gdevries677@gmail.example,25-34,£50k-£100k,US,Massachusetts,Boston,Sales Rep,Individual contributor,Sales,0,False,0.66
gdubois953@yahoo.example,35-44,£25k-£50k,US,Massachusetts,Boston,Marketing Manager,Manager,Marketing,1,True,0.88
george.anderson@driftwood-software.example,45-54,£100k-£150k,UK,Yorkshire,Leeds,Managing Director,Director or above,Executive,4,False,0.66
george.anderson@hawthorn-legal.example,45-54,£150k+,DE,Berlin,Berlin,Managing Director,Director or above,Executive,1,False,0.98
george.anderson@highgate-components.example,35-44,£100k-£150k,US,California,San Francisco,Marketing Manager,Manager,Marketing,3,False,0.68
george.baker@jasper-digital.example,35-44,£150k+,US,Illinois,Chicago,Managing Director,Director or above,Executive,1,False,0.78
george.bakker@kelvin-logistics.example,25-34,£50k-£100k,DE,Bavaria,Munich,Marketing Coordinator,Individual contributor,Marketing,6,False,0.8
george.bakker@yahoo.example,35-44,£50k-£100k,US,Illinois,Chicago,Marketing Director,Director or above,Marketing,3,False,0.92
george.bakker@yarrow-labs.example,25-34,£50k-£100k,US,California,San Francisco,Marketing Executive,Individual contributor,Marketing,2,False,0.69
george.brown@yahoo.example,18-24,£25k-£50k,UK,London,London,Analyst,Individual contributor,Operations,1,False,0.67
george.clarke@gmail.example,45-54,£150k+,UK,London,London,Marketing Director,Director or above,Marketing,2,True,0.79
george.clarke@upland-data.example,25-34,£50k-£100k,UK,South West,Bristol,Marketing Manager,Manager,Marketing,1,True,0.76
george.davies@falcon-stores.example,25-34,£50k-£100k,DE,Hesse,Frankfurt,Marketing Manager,Manager,Marketing,1,False,0.97
george.devries@heron-associates.example,25-34,£25k-£50k,UK,Scotland,Edinburgh,Assistant,Individual contributor,Operations,1,False,0.69
george.dubois@keystone-learning.example,35-44,£100k-£150k,US,Texas,Austin,Chief Revenue Officer,Director or above,Executive,4,True,0.85
george.dubois@thornbury-software.example,25-34,£25k-£50k,UK,London,London,Marketing Coordinator,Individual contributor,Marketing,2,False,0.85
george.green@bluebell-capital.example,18-24,£25k-£50k,FR,Auvergne-Rhone-Alpes,Lyon,Marketing Executive,Individual contributor,Marketing,2,True,0.99
george.green@lindenwood-legal.example,18-24,£25k-£50k,UK,Scotland,Edinburgh,Analyst,Individual contributor,Operations,1,False,0.79
george.green@outlook.example,35-44,£25k-£50k,UK,West Midlands,Birmingham,Sales Manager,Manager,Sales,3,True,0.65
george.jansen@ashford-market.example,35-44,£25k-£50k,DE,Berlin,Berlin,Head of Marketing,Manager,Marketing,4,False,0.79
george.johnson@cedar-freight.example,35-44,£50k-£100k,DE,Bavaria,Munich,Sales Rep,Individual contributor,Sales,7,False,0.93
george.johnson@riverside-dental.example,25-34,£50k-£100k,US,California,San Francisco,Marketing Coordinator,Individual contributor,Marketing,6,True,0.61
george.jones@heron-cloud.example,25-34,£150k+,US,California,San Francisco,Marketing Manager,Manager,Marketing,1,False,0.96
george.khan@ashford-trading.example,25-34,£25k-£50k,FR,Occitanie,Toulouse,Sales Rep,Individual contributor,Sales,2,False,0.69
george.khan@cobalt-digital.example,55-64,£100k-£150k,UK,South West,Bristol,Chief Revenue Officer,Director or above,Executive,1,True,0.67
george.khan@hotmail.example,18-24,£25k-£50k,US,Massachusetts,Boston,Assistant,Individual contributor,Operations,10,False,0.66
george.lewis@ironbridge-components.example,55-64,£50k-£100k,US,Illinois,Chicago,Demand Gen Manager,Manager,Marketing,2,False,0.68
george.martin@larkspur-health.example,25-34,under £25k,FR,Auvergne-Rhone-Alpes,Lyon,Marketing Coordinator,Individual contributor,Marketing,4,False,0.68
george.murphy@lantern-digital.example,25-34,£50k-£100k,UK,South West,Bristol,Sales Manager,Manager,Sales,3,False,0.64
george.patel@gmail.example,45-54,£25k-£50k,DE,Berlin,Berlin,Marketing Director,Director or above,Marketing,4,False,0.78
george.roberts@lindenwood-education.example,18-24,£50k-£100k,US,New York,New York,Sales Rep,Individual contributor,Sales,6,False,0.62
george.roberts@oakridge-transport.example,45-54,£25k-£50k,UK,Yorkshire,Leeds,Sales Manager,Manager,Sales,5,True,0.9
george.schmidt@yahoo.example,35-44,£50k-£100k,US,California,San Francisco,Marketing Manager,Manager,Marketing,2,False,0.99
george.scott@ashford-insurance.example,25-34,under £25k,UK,Scotland,Edinburgh,Assistant,Individual contributor,Operations,2,False,0.89
george.scott@gmail.example,35-44,£50k-£100k,DE,Hesse,Frankfurt,Head of Marketing,Manager,Marketing,1,True,0.6
george.smith@oldfield-outfitters.example,18-24,£50k-£100k,US,Washington,Seattle,Analyst,Individual contributor,Operations,4,True,0.7
george.smith@redwood-couriers.example,35-44,£25k-£50k,UK,West Midlands,Birmingham,Assistant,Individual contributor,Operations,1,False,0.91
george.thompson45@outlook.example,35-44,£50k-£100k,US,Texas,Austin,Managing Director,Director or above,Executive,5,True,0.92
george.thompson@outlook.example,25-34,under £25k,NL,North Brabant,Eindhoven,Analyst,Individual contributor,Operations,1,False,0.98
george.walker@zephyr-college.example,45-54,£100k-£150k,NL,Utrecht,Utrecht,Marketing Director,Director or above,Marketing,5,True,0.85
george.weber@bluebell-goods.example,35-44,£50k-£100k,UK,Yorkshire,Leeds,Marketing Manager,Manager,Marketing,4,True,0.62
george.williams@highgate-trading.example,18-24,£50k-£100k,UK,Scotland,Edinburgh,Marketing Coordinator,Individual contributor,Marketing,3,True,0.65
george.williams@meridian-education.example,35-44,£50k-£100k,UK,West Midlands,Birmingham,Operations Manager,Manager,Operations,2,True,0.87
george.wilson@evergreen-works.example,35-44,under £25k,US,Texas,Austin,Marketing Coordinator,Individual contributor,Marketing,6,True,0.9
george.wilson@gmail.example,18-24,£25k-£50k,FR,Auvergne-Rhone-Alpes,Lyon,Student,Student,Student,0,False,0.83
george16@pennine-medical.example,35-44,£25k-£50k,DE,Hesse,Frankfurt,Analyst,Individual contributor,Operations,4,False,0.96
george80@ironbridge-capital.example,45-54,£50k-£100k,NL,South Holland,Rotterdam,Sales Manager,Manager,Sales,2,False,0.71
george@ashford-medical.example,45-54,£100k-£150k,FR,Auvergne-Rhone-Alpes,Lyon,Marketing Director,Director or above,Marketing,3,True,0.86
george@aurora-learning.example,25-34,under £25k,DE,Berlin,Berlin,Marketing Coordinator,Individual contributor,Marketing,10,False,0.8
george@brightwater-lending.example,25-34,£25k-£50k,DE,Hamburg,Hamburg,Sales Rep,Individual contributor,Sales,2,False,0.71
george@brightwater-tutors.example,25-34,£25k-£50k,UK,Scotland,Edinburgh,Analyst,Individual contributor,Operations,4,False,0.74
george@clearwater-advisory.example,25-34,£25k-£50k,UK,Scotland,Edinburgh,Marketing Coordinator,Individual contributor,Marketing,4,True,0.7
george@elmstead-digital.example,45-54,£100k-£150k,UK,London,London,Director of Sales,Director or above,Sales,2,False,0.73
george@evergreen-capital.example,35-44,£50k-£100k,DE,Berlin,Berlin,Operations Manager,Manager,Operations,1,True,0.69
george@evergreen-learning.example,18-24,£50k-£100k,FR,Auvergne-Rhone-Alpes,Lyon,Sales Rep,Individual contributor,Sales,1,False,0.83
george@fernhill-transport.example,35-44,£50k-£100k,UK,Scotland,Edinburgh,Analyst,Individual contributor,Operations,2,False,0.78
george@foxglove-transport.example,25-34,£25k-£50k,UK,North West,Manchester,Marketing Coordinator,Individual contributor,Marketing,1,False,0.67
george@glenmoor-digital.example,35-44,£50k-£100k,US,California,San Francisco,Head of Growth,Manager,Marketing,2,False,0.8
george@granite-stores.example,45-54,£50k-£100k,US,Texas,Austin,Marketing Manager,Manager,Marketing,5,False,0.95
george@heron-shipping.example,45-54,£50k-£100k,FR,Ile-de-France,Paris,Head of Growth,Manager,Marketing,3,False,0.98
george@highgate-recruitment.example,18-24,under £25k,UK,London,London,Sales Rep,Individual contributor,Sales,6,False,0.85
george@highgate-transport.example,45-54,under £25k,UK,North West,Manchester,Marketing Executive,Individual contributor,Marketing,4,False,0.8
george@ironbridge-capital.example,25-34,£50k-£100k,NL,North Holland,Amsterdam,Assistant,Individual contributor,Operations,3,True,0.79
george@jasper-accountants.example,35-44,£50k-£100k,NL,Utrecht,Utrecht,Demand Gen Manager,Manager,Marketing,2,True,0.81
george@juniper-partners.example,18-24,£25k-£50k,US,California,San Francisco,Marketing Executive,Individual contributor,Marketing,1,True,0.63
george@kestrel-finance.example,45-54,£25k-£50k,FR,Auvergne-Rhone-Alpes,Lyon,Marketing Executive,Individual contributor,Marketing,2,False,0.7
george@keystone-education.example,18-24,£50k-£100k,NL,Utrecht,Utrecht,Marketing Coordinator,Individual contributor,Marketing,3,False,0.71
george@kingsway-finance.example,35-44,£50k-£100k,NL,North Brabant,Eindhoven,Head of Marketing,Manager,Marketing,4,True,0.82
george@larkspur-works.example,45-54,£100k-£150k,US,New York,New York,Assistant,Individual contributor,Operations,2,False,0.68
george@lindenwood-outfitters.example,25-34,£50k-£100k,US,California,San Francisco,Head of Growth,Manager,Marketing,1,False,0.7
george@marigold-goods.example,25-34,£50k-£100k,US,California,San Francisco,Analyst,Individual contributor,Operations,1,False,0.84
george@meridian-cloud.example,25-34,£50k-£100k,NL,Utrecht,Utrecht,Sales Manager,Manager,Sales,4,True,0.61
george@meridian-transport.example,25-34,£50k-£100k,US,Massachusetts,Boston,Analyst,Individual contributor,Operations,0,False,0.7
george@oldfield-dental.example,45-54,under £25k,US,Texas,Austin,Analyst,Individual contributor,Operations,7,False,0.79
george@quayside-advisory.example,25-34,under £25k,UK,London,London,Assistant,Individual contributor,Operations,2,True,0.75
george@redwood-outfitters.example,25-34,£50k-£100k,DE,Hesse,Frankfurt,Head of Growth,Manager,Marketing,3,False,0.66
george@rosewood-fabrication.example,35-44,£25k-£50k,UK,Yorkshire,Leeds,Demand Gen Manager,Manager,Marketing,5,True,0.8
george@silverline-logistics.example,45-54,£150k+,US,Washington,Seattle,Marketing Director,Director or above,Marketing,1,False,0.9
george@tamarind-software.example,18-24,£25k-£50k,UK,West Midlands,Birmingham,Analyst,Individual contributor,Operations,5,False,0.94
george@tidewater-components.example,25-34,£25k-£50k,US,Texas,Austin,Sales Rep,Individual contributor,Sales,2,False,0.78
george@vantage-software.example,45-54,£100k-£150k,US,Washington,Seattle,Managing Director,Director or above,Executive,4,True,0.91
george@westbrook-advisory.example,25-34,£50k-£100k,US,Washington,Seattle,Analyst,Individual contributor,Operations,0,True,0.83
george@westbrook-health.example,35-44,£50k-£100k,FR,Occitanie,Toulouse,Head of Growth,Manager,Marketing,4,True,0.97
george@westbrook-logistics.example,25-34,£100k-£150k,FR,Hauts-de-France,Lille,Chief Revenue Officer,Director or above,Executive,1,False,0.74
george@willow-digital.example,18-24,under £25k,UK,London,London,Marketing Executive,Individual contributor,Marketing,7,False,0.95
georgeanderson31@icloud.example,35-44,£100k-£150k,US,Washington,Seattle,CEO,Director or above,Executive,10,True,0.68
georgehughes98@gmail.example,35-44,£25k-£50k,DE,Hesse,Frankfurt,Assistant,Individual contributor,Operations,3,True,0.97
georgejones26@icloud.example,25-34,£50k-£100k,UK,North West,Manchester,Director of Sales,Director or above,Sales,3,False,0.7
georgemoore21@outlook.example,25-34,£100k-£150k,NL,South Holland,Rotterdam,Operations Manager,Manager,Operations,7,True,0.6
georgemuller86@outlook.example,55-64,£50k-£100k,US,New York,New York,Chief Revenue Officer,Director or above,Executive,0,True,0.66
georgeroberts26@outlook.example,55-64,£100k-£150k,FR,Auvergne-Rhone-Alpes,Lyon,Director of Sales,Director or above,Sales,2,True,0.98
georgeschmidt38@icloud.example,18-24,under £25k,US,California,San Francisco,Marketing Coordinator,Individual contributor,Marketing,1,True,0.94
georgewilson58@outlook.example,25-34,under £25k,DE,Hesse,Frankfurt,Marketing Coordinator,Individual contributor,Marketing,1,False,0.69
gevans342@gmail.example,45-54,£100k-£150k,FR,Hauts-de-France,Lille,Demand Gen Manager,Manager,Marketing,2,False,0.94
gjohnson933@yahoo.example,18-24,under £25k,US,Texas,Austin,Student,Student,Student,0,False,0.63
gkhan166@hotmail.example,25-34,£100k-£150k,NL,North Brabant,Eindhoven,Demand Gen Manager,Manager,Marketing,2,True,0.9
gmoore264@outlook.example,25-34,£25k-£50k,US,Texas,Austin,Demand Gen Manager,Manager,Marketing,8,True,0.65
gmurphy786@icloud.example,18-24,under £25k,FR,Ile-de-France,Paris,Assistant,Individual contributor,Operations,1,False,0.8
gpatel862@yahoo.example,25-34,£25k-£50k,UK,London,London,Sales Rep,Individual contributor,Sales,1,False,0.97
grace.anderson@elmstead-legal.example,25-34,£25k-£50k,UK,London,London,Assistant,Individual contributor,Operations,8,False,0.69
grace.baker@jasper-insurance.example,25-34,£25k-£50k,US,California,San Francisco,Sales Rep,Individual contributor,Sales,4,False,0.75
grace.bernard@pinecrest-freight.example,25-34,£25k-£50k,UK,South West,Bristol,Analyst,Individual contributor,Operations,4,False,0.77
grace.brown@falcon-labs.example,35-44,£50k-£100k,FR,Occitanie,Toulouse,Head of Marketing,Manager,Marketing,3,False,0.93
grace.brown@hotmail.example,18-24,under £25k,NL,South Holland,Rotterdam,Student,Student,Student,0,False,0.61
grace.brown@yahoo.example,18-24,under £25k,UK,South West,Bristol,Marketing Executive,Individual contributor,Marketing,2,False,0.88
grace.davies@gmail.example,25-34,£25k-£50k,UK,London,London,Student,Student,Student,0,False,0.89
grace.davies@westbrook-tutors.example,45-54,£50k-£100k,UK,London,London,VP Marketing,Director or above,Marketing,2,True,0.96
grace.devries@ashford-capital.example,45-54,£50k-£100k,US,Washington,Seattle,Head of Growth,Manager,Marketing,7,True,0.96
grace.devries@granite-dental.example,45-54,£100k-£150k,FR,Hauts-de-France,Lille,Chief Revenue Officer,Director or above,Executive,2,False,0.91
grace.dubois@aurora-capital.example,25-34,£25k-£50k,DE,Bavaria,Munich,Marketing Executive,Individual contributor,Marketing,7,True,0.84
grace.evans@emberly-associates.example,25-34,£50k-£100k,UK,West Midlands,Birmingham,Marketing Manager,Manager,Marketing,6,True,0.65
grace.evans@inkwell-accountants.example,35-44,£100k-£150k,FR,Occitanie,Toulouse,CEO,Director or above,Executive,1,True,0.92
grace.evans@outlook.example,45-54,£100k-£150k,US,California,San Francisco,Head of Growth,Manager,Marketing,2,False,0.92
grace.garcia@granite-freight.example,25-34,£25k-£50k,UK,South West,Bristol,Assistant,Individual contributor,Operations,2,False,0.77
grace.hughes@foxglove-pharma.example,25-34,under £25k,DE,Bavaria,Munich,Sales Rep,Individual contributor,Sales,3,False,0.61
grace.hughes@hotmail.example,18-24,£50k-£100k,NL,North Holland,Amsterdam,Marketing Executive,Individual contributor,Marketing,6,False,0.95
grace.hughes@icloud.example,18-24,under £25k,US,Illinois,Chicago,Student,Student,Student,0,False,0.79
grace.johnson@icloud.example,35-44,£100k-£150k,FR,Occitanie,Toulouse,Director of Sales,Director or above,Sales,7,True,0.76
grace.jones@evergreen-trading.example,25-34,£50k-£100k,NL,Utrecht,Utrecht,Sales Manager,Manager,Sales,1,False,0.82
grace.jones@granite-stores.example,25-34,under £25k,US,Washington,Seattle,Marketing Executive,Individual contributor,Marketing,1,False,0.63
grace.khan@driftwood-manufacturing.example,35-44,£50k-£100k,UK,Yorkshire,Leeds,Assistant,Individual contributor,Operations,2,False,0.63
grace.king@gmail.example,35-44,£50k-£100k,UK,West Midlands,Birmingham,Operations Manager,Manager,Operations,2,True,0.73
grace.king@hawthorn-works.example,25-34,£50k-£100k,UK,North West,Manchester,Sales Rep,Individual contributor,Sales,2,False,0.64
grace.king@pebble-stores.example,45-54,£100k-£150k,DE,Hamburg,Hamburg,Head of Growth,Manager,Marketing,6,False,0.86
grace.king@pinecrest-training.example,35-44,£50k-£100k,UK,South West,Bristol,Head of Marketing,Manager,Marketing,5,True,0.68
grace.king@saltmarsh-associates.example,35-44,£100k-£150k,FR,Ile-de-France,Paris,Chief Revenue Officer,Director or above,Executive,5,True,0.66
grace.lewis@icloud.example,45-54,£50k-£100k,US,Texas,Austin,Demand Gen Manager,Manager,Marketing,3,True,0.61
grace.miller@greystone-dental.example,45-54,£25k-£50k,DE,Hamburg,Hamburg,Sales Manager,Manager,Sales,1,False,0.6
grace.murphy@rosewood-trading.example,35-44,£50k-£100k,UK,North West,Manchester,Head of Marketing,Manager,Marketing,3,False,0.71
grace.murphy@silverline-shipping.example,35-44,£50k-£100k,UK,North West,Manchester,Head of Marketing,Manager,Marketing,2,False,0.79
grace.murphy@thornbury-tutors.example,18-24,£25k-£50k,US,Illinois,Chicago,Sales Rep,Individual contributor,Sales,2,False,0.67
grace.patel@bluebell-partners.example,45-54,£50k-£100k,DE,Berlin,Berlin,Operations Manager,Manager,Operations,1,True,0.82
grace.patel@westbrook-market.example,18-24,£25k-£50k,US,Massachusetts,Boston,Sales Rep,Individual contributor,Sales,0,False,0.88
grace.roberts@bramble-dental.example,18-24,under £25k,US,Washington,Seattle,Assistant,Individual contributor,Operations,2,False,0.91
grace.roberts@yarrow-legal.example,35-44,£25k-£50k,FR,Occitanie,Toulouse,Head of Marketing,Manager,Marketing,10,False,0.65
grace.schmidt@cobalt-education.example,35-44,£50k-£100k,FR,Auvergne-Rhone-Alpes,Lyon,Operations Manager,Manager,Operations,2,False,0.73
grace.schmidt@oakridge-advisory.example,25-34,£50k-£100k,UK,West Midlands,Birmingham,Head of Marketing,Manager,Marketing,8,True,0.85
grace.schmidt@yahoo.example,18-24,under £25k,US,California,San Francisco,Student,Student,Student,0,False,0.9
grace.scott@gmail.example,55-64,under £25k,NL,North Holland,Amsterdam,Head of Marketing,Manager,Marketing,3,False,0.76
grace.smith@aurora-digital.example,55-64,£50k-£100k,UK,West Midlands,Birmingham,Sales Manager,Manager,Sales,6,True,0.96
grace.smith@yahoo.example,25-34,£25k-£50k,UK,Yorkshire,Leeds,Analyst,Individual contributor,Operations,4,False,0.97
grace.taylor@emberly-manufacturing.example,35-44,£50k-£100k,UK,London,London,Operations Manager,Manager,Operations,1,True,0.65
grace.taylor@kingsway-stores.example,45-54,£150k+,US,Washington,Seattle,Director of Sales,Director or above,Sales,1,True,0.87
grace.walker@aurora-accountants.example,25-34,£50k-£100k,NL,North Holland,Amsterdam,Marketing Manager,Manager,Marketing,4,True,0.97
grace.walker@juniper-medical.example,55-64,£100k-£150k,UK,Scotland,Edinburgh,Chief Revenue Officer,Director or above,Executive,2,True,0.86
grace.weber@fernhill-retail.example,18-24,under £25k,NL,Utrecht,Utrecht,Student,Student,Student,0,False,0.64
grace.weber@glenmoor-couriers.example,35-44,£100k-£150k,NL,South Holland,Rotterdam,Director of Sales,Director or above,Sales,7,True,0.65
grace.wilson@zephyr-education.example,45-54,£100k-£150k,UK,Scotland,Edinburgh,CEO,Director or above,Executive,1,True,0.61
grace.wood@foxglove-engineering.example,18-24,£25k-£50k,NL,Utrecht,Utrecht,Marketing Executive,Individual contributor,Marketing,2,False,0.87
grace.wood@highgate-trading.example,35-44,£100k-£150k,UK,West Midlands,Birmingham,Head of Growth,Manager,Marketing,1,True,0.93
grace.wood@willow-lending.example,45-54,£100k-£150k,FR,Hauts-de-France,Lille,Operations Manager,Manager,Operations,4,True,0.77
grace.wright@alder-cloud.example,35-44,£100k-£150k,US,Illinois,Chicago,Head of Marketing,Manager,Marketing,1,False,0.81
grace.young@foxglove-accountants.example,35-44,£25k-£50k,FR,Ile-de-France,Paris,Sales Rep,Individual contributor,Sales,3,True,0.76
grace.young@inkwell-manufacturing.example,65+,£100k-£150k,UK,West Midlands,Birmingham,Marketing Director,Director or above,Marketing,16,True,0.74
grace.young@stonebridge-tutors.example,35-44,£100k-£150k,FR,Occitanie,Toulouse,Founder,Director or above,Executive,6,True,0.8
grace86@silverline-logistics.example,45-54,£150k+,US,New York,New York,Director of Sales,Director or above,Sales,0,True,0.71
grace@alder-cloud.example,35-44,£25k-£50k,US,Washington,Seattle,Marketing Manager,Manager,Marketing,1,False,0.95
grace@ashford-associates.example,45-54,£100k-£150k,NL,Utrecht,Utrecht,Director of Sales,Director or above,Sales,1,True,0.91
grace@ashford-couriers.example,55-64,£50k-£100k,UK,Yorkshire,Leeds,Marketing Manager,Manager,Marketing,2,True,0.98
grace@aurora-academy.example,35-44,£100k-£150k,US,Washington,Seattle,Operations Manager,Manager,Operations,1,False,0.89
grace@aurora-recruitment.example,25-34,£50k-£100k,US,New York,New York,Sales Manager,Manager,Sales,3,True,0.72
grace@bluebell-haulage.example,45-54,£100k-£150k,UK,London,London,Marketing Manager,Manager,Marketing,2,True,0.94
grace@brightwater-medical.example,25-34,£25k-£50k,UK,Scotland,Edinburgh,Marketing Executive,Individual contributor,Marketing,1,False,0.64
grace@clearwater-clinics.example,25-34,£25k-£50k,UK,North West,Manchester,Analyst,Individual contributor,Operations,7,False,0.96
grace@cobalt-data.example,35-44,£25k-£50k,UK,Scotland,Edinburgh,Head of Growth,Manager,Marketing,6,False,0.84
grace@driftwood-freight.example,45-54,£100k-£150k,DE,Hesse,Frankfurt,Head of Marketing,Manager,Marketing,1,True,0.67
grace@evergreen-trading.example,35-44,£100k-£150k,NL,South Holland,Rotterdam,Chief Revenue Officer,Director or above,Executive,2,True,0.71
grace@evergreen-tutors.example,25-34,£50k-£100k,US,Massachusetts,Boston,Analyst,Individual contributor,Operations,14,False,0.71
grace@foxglove-insurance.example,25-34,under £25k,US,Washington,Seattle,Assistant,Individual contributor,Operations,1,False,0.99
grace@foxglove-legal.example,35-44,£50k-£100k,UK,London,London,Head of Marketing,Manager,Marketing,1,True,0.81
grace@foxglove-medical.example,35-44,£150k+,NL,South Holland,Rotterdam,Founder,Director or above,Executive,1,True,0.7
grace@hawthorn-capital.example,25-34,£50k-£100k,UK,Scotland,Edinburgh,Sales Rep,Individual contributor,Sales,2,False,0.65
grace@heron-labs.example,45-54,£150k+,US,California,San Francisco,CEO,Director or above,Executive,2,True,0.91
grace@inkwell-partners.example,25-34,£100k-£150k,US,New York,New York,Marketing Manager,Manager,Marketing,1,False,0.72
grace@inkwell-software.example,25-34,under £25k,UK,Yorkshire,Leeds,Marketing Executive,Individual contributor,Marketing,2,False,0.96
grace@ironbridge-finance.example,45-54,£100k-£150k,US,Illinois,Chicago,Director of Sales,Director or above,Sales,1,True,0.91
grace@ironbridge-logistics.example,25-34,£50k-£100k,US,Massachusetts,Boston,Analyst,Individual contributor,Operations,3,False,0.8
grace@ivywood-legal.example,25-34,£50k-£100k,FR,Auvergne-Rhone-Alpes,Lyon,Demand Gen Manager,Manager,Marketing,4,False,0.88
grace@juniper-fabrication.example,45-54,£150k+,UK,West Midlands,Birmingham,VP Marketing,Director or above,Marketing,18,True,0.91
grace@kingsway-systems.example,25-34,£25k-£50k,FR,Hauts-de-France,Lille,Marketing Manager,Manager,Marketing,1,False,0.73
grace@lindenwood-couriers.example,35-44,£100k-£150k,DE,Berlin,Berlin,Sales Manager,Manager,Sales,1,True,0.78
grace@lindenwood-labs.example,45-54,£150k+,US,Texas,Austin,VP Marketing,Director or above,Marketing,2,True,0.9
grace@marigold-advisory.example,35-44,£50k-£100k,UK,South West,Bristol,Sales Manager,Manager,Sales,3,False,0.91
grace@moorland-clinics.example,35-44,£50k-£100k,NL,North Holland,Amsterdam,Operations Manager,Manager,Operations,2,False,0.97
grace@moorland-consulting.example,25-34,£25k-£50k,FR,Auvergne-Rhone-Alpes,Lyon,Marketing Coordinator,Individual contributor,Marketing,1,False,0.91
grace@moorland-medical.example,35-44,£50k-£100k,US,California,San Francisco,Sales Manager,Manager,Sales,16,True,0.6
grace@nimbus-capital.example,45-54,£50k-£100k,UK,Scotland,Edinburgh,CEO,Director or above,Executive,2,False,0.8
grace@nimbus-engineering.example,45-54,£100k-£150k,FR,Hauts-de-France,Lille,Marketing Manager,Manager,Marketing,5,True,0.67
grace@oakridge-care.example,25-34,£25k-£50k,UK,London,London,Assistant,Individual contributor,Operations,1,True,0.64
grace@orchard-haulage.example,55-64,£50k-£100k,UK,Scotland,Edinburgh,Head of Growth,Manager,Marketing,3,False,0.83
grace@pinecrest-outfitters.example,25-34,£25k-£50k,UK,London,London,Sales Rep,Individual contributor,Sales,2,True,0.99
grace@pinecrest-stores.example,55-64,£100k-£150k,US,California,San Francisco,Director of Sales,Director or above,Sales,2,True,0.94
grace@rosewood-industries.example,25-34,£100k-£150k,NL,North Brabant,Eindhoven,Sales Manager,Manager,Sales,3,True,0.62
grace@silverline-logistics.example,25-34,£50k-£100k,US,New York,New York,Sales Rep,Individual contributor,Sales,2,False,0.67
grace@silverline-recruitment.example,45-54,under £25k,UK,London,London,Analyst,Individual contributor,Operations,3,False,0.64
grace@silverline-training.example,35-44,£50k-£100k,US,Washington,Seattle,Head of Growth,Manager,Marketing,1,False,0.85
grace@umber-goods.example,35-44,£150k+,FR,Ile-de-France,Paris,Managing Director,Director or above,Executive,5,False,0.65
grace@valley-education.example,25-34,£50k-£100k,FR,Auvergne-Rhone-Alpes,Lyon,Demand Gen Manager,Manager,Marketing,10,True,0.73
grace@valley-learning.example,25-34,£50k-£100k,UK,Scotland,Edinburgh,Marketing Manager,Manager,Marketing,1,True,0.64
grace@westbrook-data.example,45-54,£50k-£100k,DE,Hesse,Frankfurt,Head of Marketing,Manager,Marketing,2,True,0.97
grace@westbrook-partners.example,35-44,£50k-£100k,UK,London,London,Demand Gen Manager,Manager,Marketing,7,False,0.75
grace@yarrow-education.example,25-34,£50k-£100k,FR,Auvergne-Rhone-Alpes,Lyon,CEO,Director or above,Executive,1,True,0.66
grace@zephyr-associates.example,35-44,£50k-£100k,US,Texas,Austin,VP Marketing,Director or above,Marketing,2,True,0.95
grace@zephyr-cloud.example,18-24,under £25k,DE,Hesse,Frankfurt,Analyst,Individual contributor,Operations,6,False,0.61
grace@zephyr-college.example,45-54,£100k-£150k,NL,Utrecht,Utrecht,Marketing Director,Director or above,Marketing,2,True,0.62
gracebrown88@gmail.example,18-24,under £25k,US,California,San Francisco,Student,Student,Student,0,False,0.78
gschmidt326@gmail.example,25-34,£25k-£50k,US,California,San Francisco,Head of Growth,Manager,Marketing,2,True,0.61
gsmith076@icloud.example,35-44,£100k-£150k,UK,South West,Bristol,Founder,Director or above,Executive,4,True,0.95
gthompson579@icloud.example,45-54,£50k-£100k,US,Texas,Austin,Demand Gen Manager,Manager,Marketing,4,True,0.64
gwilliams106@gmail.example,25-34,£100k-£150k,US,New York,New York,Operations Manager,Manager,Operations,9,True,0.71
gwilson251@outlook.example,35-44,£50k-£100k,UK,North West,Manchester,Demand Gen Manager,Manager,Marketing,2,False,0.76
h.anderson@hawthorn-associates.example,45-54,£50k-£100k,US,New York,New York,Head of Marketing,Manager,Marketing,0,False,0.96
h.anderson@juniper-logistics.example,35-44,£25k-£50k,UK,Yorkshire,Leeds,Demand Gen Manager,Manager,Marketing,4,True,0.67
h.anderson@stonebridge-wealth.example,35-44,£100k-£150k,US,New York,New York,Operations Manager,Manager,Operations,8,False,0.74
h.bakker@granite-medical.example,35-44,£50k-£100k,FR,Hauts-de-France,Lille,Operations Manager,Manager,Operations,4,False,0.78
h.bakker@oakridge-recruitment.example,45-54,£100k-£150k,US,New York,New York,Sales Manager,Manager,Sales,1,False,0.67
h.bakker@saltmarsh-legal.example,25-34,£25k-£50k,NL,North Holland,Amsterdam,Analyst,Individual contributor,Operations,0,False,0.81
h.bakker@silverline-lending.example,25-34,£25k-£50k,US,Washington,Seattle,Assistant,Individual contributor,Operations,8,False,0.67
h.bernard@lindenwood-academy.example,18-24,under £25k,UK,Scotland,Edinburgh,Student,Student,Student,0,False,0.74
h.clarke@moorland-advisory.example,35-44,£50k-£100k,UK,Scotland,Edinburgh,Sales Rep,Individual contributor,Sales,1,False,0.64
h.clarke@orchard-outfitters.example,25-34,£50k-£100k,US,Texas,Austin,Analyst,Individual contributor,Operations,5,False,0.75
h.davies@emberly-goods.example,35-44,£50k-£100k,UK,South West,Bristol,Founder,Director or above,Executive,3,True,0.73
h.davies@juniper-legal.example,25-34,£25k-£50k,UK,South West,Bristol,Analyst,Individual contributor,Operations,6,False,0.66
h.devries@dovecote-systems.example,45-54,£100k-£150k,FR,Ile-de-France,Paris,Marketing Manager,Manager,Marketing,1,False,0.94
h.devries@greystone-freight.example,45-54,£50k-£100k,FR,Ile-de-France,Paris,Chief Revenue Officer,Director or above,Executive,1,True,0.81
h.devries@pinecrest-care.example,25-34,£100k-£150k,US,Washington,Seattle,Operations Manager,Manager,Operations,3,True,0.89
h.devries@westbrook-training.example,25-34,£25k-£50k,UK,London,London,Marketing Executive,Individual contributor,Marketing,5,True,0.91
h.dubois@bramble-trading.example,45-54,£50k-£100k,NL,North Brabant,Eindhoven,Chief Revenue Officer,Director or above,Executive,4,True,0.76
h.dubois@kelvin-stores.example,25-34,£25k-£50k,NL,South Holland,Rotterdam,Analyst,Individual contributor,Operations,4,False,0.96
h.dubois@thornbury-haulage.example,35-44,£50k-£100k,UK,West Midlands,Birmingham,Operations Manager,Manager,Operations,1,True,0.94
h.evans@lindenwood-accountants.example,45-54,£100k-£150k,DE,Berlin,Berlin,Marketing Manager,Manager,Marketing,3,True,0.81
h.garcia@greystone-transport.example,25-34,£50k-£100k,NL,North Brabant,Eindhoven,Head of Growth,Manager,Marketing,3,False,0.85
h.garcia@tidewater-advisory.example,35-44,£50k-£100k,UK,North West,Manchester,Marketing Manager,Manager,Marketing,20,True,0.6
h.green@clearwater-works.example,25-34,£50k-£100k,US,California,San Francisco,Marketing Executive,Individual contributor,Marketing,1,False,0.71
h.green@evergreen-systems.example,35-44,£25k-£50k,US,California,San Francisco,Sales Rep,Individual contributor,Sales,2,False,0.62
h.green@lantern-finance.example,45-54,£100k-£150k,UK,North West,Manchester,Demand Gen Manager,Manager,Marketing,0,True,0.66
h.green@umber-insurance.example,35-44,£150k+,US,Texas,Austin,Chief Revenue Officer,Director or above,Executive,1,True,0.7
h.hall@cobalt-market.example,35-44,£50k-£100k,US,Massachusetts,Boston,Sales Manager,Manager,Sales,2,True,0.84
h.hall@quartz-insurance.example,35-44,£50k-£100k,US,New York,New York,Marketing Coordinator,Individual contributor,Marketing,3,False,0.74
h.hall@westbrook-training.example,55-64,£100k-£150k,UK,London,London,Chief Revenue Officer,Director or above,Executive,1,False,0.61
h.hall@willow-market.example,45-54,£100k-£150k,NL,North Holland,Amsterdam,Head of Growth,Manager,Marketing,2,False,0.85
h.hughes@driftwood-manufacturing.example,25-34,£50k-£100k,UK,London,London,Marketing Manager,Manager,Marketing,4,True,0.68
h.jansen@dunmore-shipping.example,25-34,£100k-£150k,US,Illinois,Chicago,Head of Growth,Manager,Marketing,2,True,0.85
h.jansen@jasper-capital.example,18-24,£25k-£50k,UK,London,London,Marketing Executive,Individual contributor,Marketing,1,False,0.65
h.jansen@tidewater-training.example,25-34,£25k-£50k,US,Massachusetts,Boston,Marketing Coordinator,Individual contributor,Marketing,6,True,0.66
h.johnson@nettlefield-software.example,25-34,under £25k,US,Massachusetts,Boston,Sales Rep,Individual contributor,Sales,4,False,0.69
h.johnson@valley-fabrication.example,25-34,£25k-£50k,DE,Berlin,Berlin,Assistant,Individual contributor,Operations,8,True,0.97
h.jones@brightwater-shipping.example,25-34,£50k-£100k,UK,North West,Manchester,Operations Manager,Manager,Operations,2,True,0.82
h.jones@cedar-goods.example,55-64,£50k-£100k,US,New York,New York,Marketing Manager,Manager,Marketing,5,False,0.66
h.jones@lindenwood-engineering.example,45-54,£100k-£150k,UK,North West,Manchester,Chief Revenue Officer,Director or above,Executive,0,True,0.99
h.khan@bramble-labs.example,45-54,£100k-£150k,DE,Hesse,Frankfurt,Operations Manager,Manager,Operations,1,True,0.97
h.khan@elmstead-advisory.example,55-64,£50k-£100k,UK,Yorkshire,Leeds,Director of Sales,Director or above,Sales,25,True,0.9
h.khan@falcon-cloud.example,55-64,£50k-£100k,US,Illinois,Chicago,Demand Gen Manager,Manager,Marketing,3,True,0.94
h.khan@umber-stores.example,45-54,£50k-£100k,US,Texas,Austin,Managing Director,Director or above,Executive,9,True,0.8
h.king@kestrel-components.example,35-44,£100k-£150k,US,Texas,Austin,Head of Growth,Manager,Marketing,4,False,0.63
h.king@keystone-consulting.example,45-54,£50k-£100k,UK,North West,Manchester,Marketing Manager,Manager,Marketing,4,True,0.88
h.king@orchard-tutors.example,25-34,under £25k,US,Washington,Seattle,Marketing Executive,Individual contributor,Marketing,2,True,0.72
h.king@saltmarsh-accountants.example,35-44,£50k-£100k,UK,North West,Manchester,Marketing Manager,Manager,Marketing,3,True,0.65
h.king@westbrook-goods.example,35-44,£50k-£100k,UK,West Midlands,Birmingham,Demand Gen Manager,Manager,Marketing,5,False,0.72
h.lewis@elmstead-lending.example,25-34,£25k-£50k,US,California,San Francisco,Analyst,Individual contributor,Operations,3,False,0.95
h.lewis@emberly-labs.example,35-44,£25k-£50k,UK,North West,Manchester,Analyst,Individual contributor,Operations,2,True,0.98
h.martin@kestrel-medical.example,25-34,£100k-£150k,DE,Hamburg,Hamburg,Sales Manager,Manager,Sales,1,True,0.67
h.miller@cedar-engineering.example,25-34,under £25k,DE,Hesse,Frankfurt,Analyst,Individual contributor,Operations,7,True,0.88
h.miller@ironbridge-freight.example,25-34,£25k-£50k,DE,Berlin,Berlin,Analyst,Individual contributor,Operations,1,True,0.6
h.miller@kelvin-wealth.example,25-34,£50k-£100k,UK,West Midlands,Birmingham,Analyst,Individual contributor,Operations,2,False,0.77
h.miller@vantage-data.example,35-44,£50k-£100k,NL,North Holland,Amsterdam,Head of Marketing,Manager,Marketing,4,False,0.93
h.moore@cobalt-pharma.example,35-44,£100k-£150k,US,California,San Francisco,Marketing Director,Director or above,Marketing,2,True,0.96
h.moore@tidewater-retail.example,55-64,£100k-£150k,US,Illinois,Chicago,Founder,Director or above,Executive,3,True,0.67
h.muller@emberly-pharma.example,25-34,£25k-£50k,UK,South West,Bristol,Demand Gen Manager,Manager,Marketing,1,True,0.75
h.muller@fernhill-academy.example,45-54,£100k-£150k,US,Texas,Austin,CEO,Director or above,Executive,2,True,0.68
h.muller@fernhill-cloud.example,25-34,£25k-£50k,UK,West Midlands,Birmingham,Marketing Executive,Individual contributor,Marketing,1,False,0.8
h.muller@moorland-shipping.example,45-54,£50k-£100k,US,Illinois,Chicago,Head of Marketing,Manager,Marketing,1,True,0.75
h.muller@stonebridge-market.example,55-64,£100k-£150k,US,Washington,Seattle,Founder,Director or above,Executive,2,False,0.86
h.muller@westbrook-data.example,35-44,£100k-£150k,DE,Hesse,Frankfurt,Managing Director,Director or above,Executive,0,True,0.76
h.murphy@emberly-systems.example,35-44,£50k-£100k,UK,West Midlands,Birmingham,Demand Gen Manager,Manager,Marketing,3,False,0.91
h.murphy@falcon-stores.example,35-44,£25k-£50k,DE,Hesse,Frankfurt,Marketing Coordinator,Individual contributor,Marketing,2,False,0.82
h.murphy@tamarind-works.example,18-24,£25k-£50k,UK,London,London,Marketing Coordinator,Individual contributor,Marketing,5,False,0.66
h.murphy@thornbury-pharma.example,35-44,£100k-£150k,UK,North West,Manchester,Demand Gen Manager,Manager,Marketing,1,True,0.69
h.patel@beacon-tutors.example,25-34,£50k-£100k,NL,North Brabant,Eindhoven,Sales Manager,Manager,Sales,5,True,0.89
h.patel@quayside-retail.example,35-44,£50k-£100k,US,Illinois,Chicago,Marketing Manager,Manager,Marketing,8,False,0.98
h.roberts@driftwood-partners.example,35-44,£50k-£100k,US,New York,New York,Demand Gen Manager,Manager,Marketing,2,True,0.76
h.roberts@quayside-health.example,35-44,£150k+,US,Washington,Seattle,Founder,Director or above,Executive,2,False,0.66
h.roberts@yarrow-consulting.example,35-44,£50k-£100k,FR,Auvergne-Rhone-Alpes,Lyon,Demand Gen Manager,Manager,Marketing,3,False,0.67
h.roberts@zephyr-associates.example,25-34,£50k-£100k,US,California,San Francisco,Assistant,Individual contributor,Operations,2,False,0.77
h.schmidt@zephyr-industries.example,25-34,under £25k,DE,Hamburg,Hamburg,Marketing Coordinator,Individual contributor,Marketing,2,False,0.71
h.scott@ashford-pharma.example,18-24,£25k-£50k,UK,Scotland,Edinburgh,Marketing Executive,Individual contributor,Marketing,3,False,0.64
h.scott@heron-transport.example,25-34,£25k-£50k,UK,London,London,Sales Rep,Individual contributor,Sales,2,True,0.64
h.scott@keystone-trading.example,25-34,£50k-£100k,FR,Auvergne-Rhone-Alpes,Lyon,Head of Marketing,Manager,Marketing,2,True,0.8
h.scott@oldfield-outfitters.example,45-54,£100k-£150k,US,Texas,Austin,Head of Growth,Manager,Marketing,1,False,0.85
h.scott@saltmarsh-freight.example,25-34,£50k-£100k,DE,Hesse,Frankfurt,Sales Rep,Individual contributor,Sales,5,False,0.61
h.smith@cobalt-legal.example,25-34,£50k-£100k,US,Illinois,Chicago,Managing Director,Director or above,Executive,1,True,0.64
h.smith@highgate-dental.example,35-44,£50k-£100k,FR,Occitanie,Toulouse,Demand Gen Manager,Manager,Marketing,19,True,0.73
h.smith@ivywood-data.example,25-34,£25k-£50k,DE,Hesse,Frankfurt,Sales Rep,Individual contributor,Sales,4,False,0.72
h.smith@oakridge-partners.example,35-44,£50k-£100k,UK,Scotland,Edinburgh,Demand Gen Manager,Manager,Marketing,2,True,0.76
h.taylor@brightwater-labs.example,35-44,£50k-£100k,DE,Hamburg,Hamburg,Marketing Manager,Manager,Marketing,8,True,0.81
h.taylor@nettlefield-haulage.example,18-24,under £25k,FR,Ile-de-France,Paris,Analyst,Individual contributor,Operations,3,False,0.66
h.taylor@northwind-training.example,45-54,£25k-£50k,UK,London,London,Marketing Manager,Manager,Marketing,0,True,0.75
h.thompson@westbrook-wealth.example,45-54,£150k+,US,Illinois,Chicago,VP Marketing,Director or above,Marketing,1,True,0.74
h.thompson@yarrow-outfitters.example,35-44,£150k+,US,Texas,Austin,Director of Sales,Director or above,Sales,1,True,0.68
h.thompson@zephyr-systems.example,45-54,£50k-£100k,UK,London,London,Director of Sales,Director or above,Sales,0,True,0.7
h.walker@clearwater-advisory.example,18-24,£25k-£50k,UK,Yorkshire,Leeds,Marketing Executive,Individual contributor,Marketing,1,True,0.67
h.walker@fernhill-shipping.example,35-44,£100k-£150k,FR,Ile-de-France,Paris,Chief Revenue Officer,Director or above,Executive,9,False,0.82
h.walker@hawthorn-learning.example,18-24,£100k-£150k,US,Washington,Seattle,Operations Manager,Manager,Operations,4,True,0.6
h.walker@hawthorn-tutors.example,25-34,£100k-£150k,FR,Ile-de-France,Paris,Head of Growth,Manager,Marketing,3,False,0.86
h.walker@lindenwood-dental.example,35-44,under £25k,US,Illinois,Chicago,Analyst,Individual contributor,Operations,2,False,0.7
h.walker@nimbus-manufacturing.example,25-34,£25k-£50k,NL,South Holland,Rotterdam,Sales Rep,Individual contributor,Sales,6,False,0.78
h.weber@umber-fabrication.example,55-64,£100k-£150k,UK,Yorkshire,Leeds,Managing Director,Director or above,Executive,4,True,0.67
h.white@orchard-academy.example,25-34,£25k-£50k,NL,South Holland,Rotterdam,Marketing Coordinator,Individual contributor,Marketing,2,False,0.62
h.white@rosewood-retail.example,35-44,£50k-£100k,UK,South West,Bristol,Director of Sales,Director or above,Sales,4,False,0.68
h.williams@dunmore-care.example,25-34,under £25k,DE,Bavaria,Munich,Analyst,Individual contributor,Operations,2,False,0.82
h.williams@pennine-engineering.example,25-34,£50k-£100k,UK,West Midlands,Birmingham,Marketing Executive,Individual contributor,Marketing,1,False,0.79
h.williams@tamarind-college.example,35-44,£150k+,NL,Utrecht,Utrecht,VP Marketing,Director or above,Marketing,3,True,0.69
h.wood@norfolk-stores.example,45-54,£100k-£150k,UK,London,London,Marketing Director,Director or above,Marketing,1,True,0.86
h.wood@pinecrest-couriers.example,35-44,under £25k,FR,Hauts-de-France,Lille,Analyst,Individual contributor,Operations,7,True,0.63
h.young@kingsway-education.example,25-34,£25k-£50k,DE,Bavaria,Munich,Marketing Executive,Individual contributor,Marketing,1,False,0.61
h.young@westbrook-goods.example,35-44,£25k-£50k,UK,West Midlands,Birmingham,Head of Marketing,Manager,Marketing,2,False,0.61
h.young@zephyr-college.example,25-34,£50k-£100k,NL,Utrecht,Utrecht,Demand Gen Manager,Manager,Marketing,14,True,0.82
hannah.anderson@greystone-transport.example,25-34,under £25k,NL,South Holland,Rotterdam,Marketing Coordinator,Individual contributor,Marketing,2,False,0.92
hannah.baker@yahoo.example,45-54,£50k-£100k,NL,North Holland,Amsterdam,Director of Sales,Director or above,Sales,2,True,0.82
hannah.bakker@dunmore-cloud.example,25-34,£50k-£100k,US,Washington,Seattle,Marketing Coordinator,Individual contributor,Marketing,2,False,0.79
hannah.bakker@yahoo.example,35-44,£150k+,FR,Hauts-de-France,Lille,CEO,Director or above,Executive,3,False,0.97
hannah.bernard@hotmail.example,55-64,£100k-£150k,UK,North West,Manchester,Director of Sales,Director or above,Sales,2,True,0.95
hannah.bernard@nimbus-software.example,18-24,under £25k,UK,London,London,Student,Student,Student,0,False,0.83
hannah.bernard@outlook.example,18-24,under £25k,UK,North West,Manchester,Student,Student,Student,0,False,0.96
hannah.brown@lantern-logistics.example,18-24,£50k-£100k,DE,Berlin,Berlin,Head of Marketing,Manager,Marketing,5,True,0.78
hannah.brown@meridian-insurance.example,25-34,£25k-£50k,UK,South West,Bristol,Analyst,Individual contributor,Operations,2,False,0.99
hannah.evans@silverline-training.example,35-44,£100k-£150k,US,Washington,Seattle,Head of Marketing,Manager,Marketing,2,True,0.83
hannah.evans@zephyr-industries.example,25-34,£25k-£50k,DE,Berlin,Berlin,Operations Manager,Manager,Operations,5,False,0.97
hannah.garcia@bramble-outfitters.example,45-54,£100k-£150k,US,New York,New York,Sales Manager,Manager,Sales,4,False,0.7
hannah.garcia@pennine-fabrication.example,25-34,£25k-£50k,US,Illinois,Chicago,Sales Rep,Individual contributor,Sales,2,False,0.86
hannah.green@larkspur-stores.example,45-54,£50k-£100k,UK,North West,Manchester,Head of Growth,Manager,Marketing,2,False,0.8
hannah.green@pennine-goods.example,35-44,£50k-£100k,NL,North Brabant,Eindhoven,Sales Manager,Manager,Sales,7,True,0.96
hannah.hall@nettlefield-recruitment.example,35-44,£50k-£100k,UK,London,London,Head of Growth,Manager,Marketing,5,False,0.72
hannah.hughes@glenmoor-fabrication.example,45-54,£50k-£100k,DE,Berlin,Berlin,Demand Gen Manager,Manager,Marketing,5,True,0.95
hannah.hughes@stonebridge-associates.example,55-64,£100k-£150k,NL,North Holland,Amsterdam,CEO,Director or above,Executive,1,True,0.98
hannah.johnson@highgate-components.example,25-34,£50k-£100k,US,New York,New York,Marketing Manager,Manager,Marketing,3,False,0.77
hannah.khan@hotmail.example,35-44,under £25k,UK,North West,Manchester,Marketing Executive,Individual contributor,Marketing,3,True,0.66
hannah.khan@zephyr-pharma.example,25-34,£25k-£50k,NL,North Holland,Amsterdam,Assistant,Individual contributor,Operations,3,True,0.87
hannah.king@yahoo.example,25-34,£25k-£50k,DE,Hesse,Frankfurt,Sales Rep,Individual contributor,Sales,9,True,0.95
hannah.lewis@northwind-medical.example,25-34,under £25k,UK,Scotland,Edinburgh,Student,Student,Student,0,False,0.96
hannah.lewis@thornbury-software.example,45-54,£100k-£150k,UK,West Midlands,Birmingham,Chief Revenue Officer,Director or above,Executive,7,True,0.63
hannah.miller@nettlefield-goods.example,25-34,£25k-£50k,UK,Yorkshire,Leeds,Sales Rep,Individual contributor,Sales,0,False,0.65
hannah.murphy@larkspur-manufacturing.example,35-44,£25k-£50k,UK,North West,Manchester,Operations Manager,Manager,Operations,21,True,0.76
hannah.patel@aurora-couriers.example,25-34,£25k-£50k,UK,North West,Manchester,Demand Gen Manager,Manager,Marketing,4,True,0.86
hannah.patel@larkspur-digital.example,18-24,£50k-£100k,UK,Scotland,Edinburgh,Sales Manager,Manager,Sales,2,False,0.93
hannah.schmidt@valley-haulage.example,45-54,£50k-£100k,DE,Hamburg,Hamburg,Demand Gen Manager,Manager,Marketing,2,False,0.88
hannah.schmidt@westbrook-care.example,18-24,£50k-£100k,US,Massachusetts,Boston,Marketing Executive,Individual contributor,Marketing,0,False,0.67
hannah.scott@aurora-works.example,45-54,£100k-£150k,UK,South West,Bristol,CEO,Director or above,Executive,1,True,0.6
hannah.scott@foxglove-systems.example,35-44,£50k-£100k,US,Illinois,Chicago,Operations Manager,Manager,Operations,2,True,0.81
hannah.scott@thornbury-academy.example,35-44,£25k-£50k,NL,North Brabant,Eindhoven,Sales Rep,Individual contributor,Sales,2,False,0.96
hannah.taylor@bramble-outfitters.example,18-24,£25k-£50k,US,Illinois,Chicago,Analyst,Individual contributor,Operations,3,False,0.95
hannah.taylor@gmail.example,35-44,£25k-£50k,DE,Hesse,Frankfurt,Operations Manager,Manager,Operations,3,True,0.76
hannah.taylor@pinecrest-freight.example,18-24,£50k-£100k,UK,Scotland,Edinburgh,Sales Rep,Individual contributor,Sales,2,False,0.7
hannah.weber@marigold-stores.example,35-44,£50k-£100k,UK,Yorkshire,Leeds,Director of Sales,Director or above,Sales,4,True,0.87
hannah.weber@nimbus-logistics.example,45-54,£150k+,UK,London,London,Founder,Director or above,Executive,1,True,0.97
hannah.weber@yahoo.example,45-54,£100k-£150k,FR,Ile-de-France,Paris,Founder,Director or above,Executive,1,False,0.98
hannah.wilson@yahoo.example,45-54,£150k+,US,Washington,Seattle,Managing Director,Director or above,Executive,1,True,0.87
hannah.wood@hawthorn-capital.example,35-44,£50k-£100k,UK,Yorkshire,Leeds,Operations Manager,Manager,Operations,10,True,0.81
hannah.wood@ironbridge-capital.example,35-44,£50k-£100k,NL,Utrecht,Utrecht,Marketing Coordinator,Individual contributor,Marketing,2,True,0.64
hannah.wright@bramble-partners.example,25-34,£25k-£50k,UK,London,London,Analyst,Individual contributor,Operations,2,False,0.77
hannah.young@cobalt-stores.example,25-34,£25k-£50k,NL,North Brabant,Eindhoven,Analyst,Individual contributor,Operations,2,False,0.72
hannah@alder-wealth.example,25-34,£50k-£100k,UK,North West,Manchester,Sales Manager,Manager,Sales,8,False,0.77
hannah@ashford-manufacturing.example,25-34,under £25k,US,Texas,Austin,Sales Rep,Individual contributor,Sales,10,False,0.84
hannah@aurora-dental.example,18-24,under £25k,FR,Auvergne-Rhone-Alpes,Lyon,Sales Rep,Individual contributor,Sales,2,True,0.82
hannah@cobalt-health.example,35-44,£100k-£150k,DE,Hesse,Frankfurt,Director of Sales,Director or above,Sales,6,True,0.84
hannah@dunmore-digital.example,25-34,£25k-£50k,DE,Hamburg,Hamburg,Operations Manager,Manager,Operations,7,False,0.65
hannah@dunmore-training.example,35-44,£50k-£100k,NL,South Holland,Rotterdam,VP Marketing,Director or above,Marketing,7,True,0.93
hannah@emberly-retail.example,35-44,£50k-£100k,FR,Ile-de-France,Paris,Head of Marketing,Manager,Marketing,2,True,0.6
hannah@evergreen-haulage.example,35-44,£50k-£100k,FR,Ile-de-France,Paris,Marketing Manager,Manager,Marketing,5,True,0.85
hannah@falcon-lending.example,25-34,£25k-£50k,US,Texas,Austin,Marketing Coordinator,Individual contributor,Marketing,2,False,0.72
hannah@glenmoor-couriers.example,25-34,£50k-£100k,NL,North Brabant,Eindhoven,Sales Rep,Individual contributor,Sales,5,False,0.95
hannah@harbour-accountants.example,35-44,£25k-£50k,US,New York,New York,Operations Manager,Manager,Operations,6,False,0.6
hannah@hawthorn-transport.example,45-54,£100k-£150k,UK,Scotland,Edinburgh,Chief Revenue Officer,Director or above,Executive,0,True,0.88
hannah@heron-clinics.example,55-64,£100k-£150k,UK,West Midlands,Birmingham,Managing Director,Director or above,Executive,2,False,0.93
hannah@highgate-training.example,55-64,£100k-£150k,US,California,San Francisco,Founder,Director or above,Executive,2,True,0.63
hannah@ivywood-retail.example,45-54,£100k-£150k,US,Massachusetts,Boston,Operations Manager,Manager,Operations,2,True,0.8
hannah@juniper-capital.example,35-44,£100k-£150k,UK,Yorkshire,Leeds,Founder,Director or above,Executive,3,True,0.66
hannah@juniper-works.example,25-34,£25k-£50k,UK,Yorkshire,Leeds,Sales Rep,Individual contributor,Sales,1,False,0.96
hannah@kelvin-haulage.example,55-64,£150k+,US,New York,New York,Chief Revenue Officer,Director or above,Executive,1,True,0.71
hannah@kestrel-recruitment.example,18-24,£50k-£100k,UK,Scotland,Edinburgh,Assistant,Individual contributor,Operations,15,False,0.85
hannah@keystone-advisory.example,25-34,£50k-£100k,NL,North Holland,Amsterdam,Sales Manager,Manager,Sales,1,True,0.96
hannah@keystone-training.example,25-34,under £25k,UK,West Midlands,Birmingham,Assistant,Individual contributor,Operations,2,True,0.95
hannah@marigold-systems.example,55-64,£50k-£100k,DE,Berlin,Berlin,Head of Growth,Manager,Marketing,1,False,0.76
hannah@moorland-shipping.example,45-54,£50k-£100k,US,California,San Francisco,Sales Manager,Manager,Sales,9,False,0.61
hannah@nettlefield-labs.example,55-64,£50k-£100k,UK,North West,Manchester,Director of Sales,Director or above,Sales,1,False,0.79
hannah@northwind-digital.example,25-34,£25k-£50k,NL,North Holland,Amsterdam,Head of Growth,Manager,Marketing,0,False,0.94
hannah@oldfield-associates.example,35-44,£100k-£150k,US,California,San Francisco,Chief Revenue Officer,Director or above,Executive,8,True,0.68
hannah@pennine-data.example,25-34,£25k-£50k,UK,London,London,Sales Rep,Individual contributor,Sales,3,False,0.8
hannah@redwood-software.example,25-34,£25k-£50k,UK,West Midlands,Birmingham,Marketing Coordinator,Individual contributor,Marketing,1,False,0.63
hannah@redwood-tutors.example,25-34,£50k-£100k,US,Massachusetts,Boston,Sales Manager,Manager,Sales,1,False,0.69
hannah@rosewood-trading.example,45-54,£25k-£50k,UK,West Midlands,Birmingham,Marketing Manager,Manager,Marketing,2,False,0.7
hannah@willow-advisory.example,35-44,£50k-£100k,FR,Occitanie,Toulouse,Marketing Manager,Manager,Marketing,5,True,0.78
hannah@yarrow-insurance.example,25-34,£25k-£50k,DE,Hamburg,Hamburg,Head of Growth,Manager,Marketing,3,False,0.61
hannah@zephyr-college.example,25-34,£25k-£50k,NL,South Holland,Rotterdam,Marketing Executive,Individual contributor,Marketing,0,False,0.7
hannah@zephyr-legal.example,25-34,£50k-£100k,US,New York,New York,Marketing Coordinator,Individual contributor,Marketing,1,False,0.73
hannahclarke26@yahoo.example,18-24,under £25k,UK,West Midlands,Birmingham,Student,Student,Student,0,False,0.96
hannahkhan99@outlook.example,25-34,£25k-£50k,US,New York,New York,Marketing Coordinator,Individual contributor,Marketing,1,False,0.89
hannahmartin50@hotmail.example,45-54,£50k-£100k,US,Washington,Seattle,VP Marketing,Director or above,Marketing,3,True,0.66
hannahscott02@yahoo.example,18-24,under £25k,UK,South West,Bristol,Student,Student,Student,0,False,0.88
hannahthompson77@icloud.example,18-24,under £25k,UK,London,London,Student,Student,Student,0,False,0.96
hannahweber36@hotmail.example,45-54,£50k-£100k,UK,West Midlands,Birmingham,Operations Manager,Manager,Operations,6,False,0.72
harry.anderson@icloud.example,35-44,£150k+,FR,Occitanie,Toulouse,VP Marketing,Director or above,Marketing,1,False,0.78
harry.baker@glenmoor-consulting.example,18-24,£25k-£50k,FR,Hauts-de-France,Lille,Marketing Coordinator,Individual contributor,Marketing,0,False,0.89
harry.baker@northwind-dental.example,18-24,£25k-£50k,DE,Berlin,Berlin,Marketing Executive,Individual contributor,Marketing,2,False,0.89
harry.baker@pennine-engineering.example,35-44,£50k-£100k,UK,South West,Bristol,Head of Growth,Manager,Marketing,2,False,0.92
harry.baker@riverside-haulage.example,45-54,£100k-£150k,US,Illinois,Chicago,Chief Revenue Officer,Director or above,Executive,0,True,0.7
harry.bernard@icloud.example,25-34,£25k-£50k,UK,Scotland,Edinburgh,Demand Gen Manager,Manager,Marketing,6,False,0.73
harry.bernard@quayside-software.example,25-34,£25k-£50k,US,California,San Francisco,Operations Manager,Manager,Operations,5,True,0.87
harry.brown@oldfield-advisory.example,25-34,£100k-£150k,UK,Scotland,Edinburgh,Marketing Director,Director or above,Marketing,1,True,0.9
harry.devries@vantage-stores.example,35-44,£50k-£100k,DE,Hamburg,Hamburg,Marketing Manager,Manager,Marketing,3,False,0.74
harry.evans@ironbridge-care.example,35-44,£25k-£50k,UK,South West,Bristol,Head of Growth,Manager,Marketing,6,False,0.99
harry.garcia@yahoo.example,55-64,£50k-£100k,DE,Hamburg,Hamburg,CEO,Director or above,Executive,3,True,0.87
harry.green@moorland-capital.example,45-54,£100k-£150k,FR,Ile-de-France,Paris,Marketing Director,Director or above,Marketing,0,False,0.79
harry.green@vantage-tutors.example,45-54,£100k-£150k,US,New York,New York,Founder,Director or above,Executive,2,True,0.86
harry.hughes@falcon-data.example,35-44,£25k-£50k,UK,West Midlands,Birmingham,Marketing Executive,Individual contributor,Marketing,2,True,0.92
harry.johnson@nimbus-stores.example,18-24,£50k-£100k,US,New York,New York,Student,Student,Student,0,True,0.88
harry.johnson@pebble-haulage.example,35-44,£50k-£100k,US,Washington,Seattle,Operations Manager,Manager,Operations,1,True,0.99
harry.jones@cobalt-legal.example,35-44,£25k-£50k,US,California,San Francisco,Marketing Executive,Individual contributor,Marketing,6,False,0.74
harry.jones@outlook.example,35-44,£50k-£100k,UK,Scotland,Edinburgh,Operations Manager,Manager,Operations,4,False,0.95
harry.king@gmail.example,25-34,under £25k,US,New York,New York,Analyst,Individual contributor,Operations,0,False,0.71
harry.lewis@dunmore-partners.example,45-54,£100k-£150k,UK,North West,Manchester,Sales Manager,Manager,Sales,6,False,0.9
harry.lewis@hawthorn-cloud.example,18-24,£25k-£50k,US,Massachusetts,Boston,Marketing Coordinator,Individual contributor,Marketing,2,False,0.62
harry.miller@aurora-partners.example,18-24,under £25k,UK,London,London,Marketing Coordinator,Individual contributor,Marketing,3,False,0.72
harry.moore@falcon-fabrication.example,25-34,£50k-£100k,UK,London,London,Marketing Manager,Manager,Marketing,2,True,0.73
harry.moore@marigold-capital.example,35-44,£25k-£50k,DE,Bavaria,Munich,Marketing Coordinator,Individual contributor,Marketing,2,False,0.8
harry.moore@vantage-data.example,45-54,£50k-£100k,NL,Utrecht,Utrecht,Operations Manager,Manager,Operations,4,True,0.83
harry.muller@inkwell-legal.example,65+,£100k-£150k,US,California,San Francisco,Chief Revenue Officer,Director or above,Executive,3,False,0.68
harry.murphy39@hotmail.example,25-34,under £25k,UK,South West,Bristol,Sales Rep,Individual contributor,Sales,12,False,0.99
harry.murphy@beacon-learning.example,25-34,£25k-£50k,FR,Hauts-de-France,Lille,Sales Rep,Individual contributor,Sales,3,False,0.79
harry.patel@cedar-goods.example,25-34,£25k-£50k,US,California,San Francisco,Marketing Executive,Individual contributor,Marketing,6,False,0.89
harry.roberts@norfolk-retail.example,25-34,£50k-£100k,FR,Hauts-de-France,Lille,Marketing Executive,Individual contributor,Marketing,6,False,0.72
harry.roberts@pinecrest-training.example,35-44,£50k-£100k,UK,London,London,Demand Gen Manager,Manager,Marketing,7,True,0.99
harry.schmidt@ironbridge-legal.example,35-44,£25k-£50k,DE,Hesse,Frankfurt,Sales Manager,Manager,Sales,3,True,0.98
harry.schmidt@meridian-engineering.example,45-54,£100k-£150k,US,New York,New York,Chief Revenue Officer,Director or above,Executive,3,False,0.87
harry.schmidt@yarrow-associates.example,35-44,£25k-£50k,US,California,San Francisco,Analyst,Individual contributor,Operations,5,True,0.87
harry.scott@ashford-cloud.example,18-24,£25k-£50k,US,New York,New York,Analyst,Individual contributor,Operations,1,True,0.65
harry.scott@harbour-tutors.example,45-54,£100k-£150k,UK,North West,Manchester,CEO,Director or above,Executive,4,True,0.71
harry.walker@granite-finance.example,25-34,£50k-£100k,US,Massachusetts,Boston,Marketing Manager,Manager,Marketing,4,True,0.66
harry.walker@vantage-pharma.example,25-34,£100k-£150k,US,Washington,Seattle,Analyst,Individual contributor,Operations,1,False,0.85
harry.weber@ashford-medical.example,45-54,£100k-£150k,FR,Ile-de-France,Paris,Managing Director,Director or above,Executive,2,True,0.87
harry.weber@larkspur-consulting.example,35-44,£150k+,FR,Hauts-de-France,Lille,Founder,Director or above,Executive,1,False,0.94
harry.weber@outlook.example,35-44,£150k+,US,California,San Francisco,CEO,Director or above,Executive,3,True,0.69
harry.weber@quartz-trading.example,45-54,£100k-£150k,DE,Bavaria,Munich,CEO,Director or above,Executive,5,True,0.65
harry.williams@norfolk-medical.example,35-44,£50k-£100k,DE,Berlin,Berlin,Head of Marketing,Manager,Marketing,4,True,0.66
harry.williams@valley-learning.example,55-64,£50k-£100k,UK,North West,Manchester,Chief Revenue Officer,Director or above,Executive,0,True,0.89
harry.wilson@tamarind-goods.example,18-24,under £25k,DE,Berlin,Berlin,Marketing Coordinator,Individual contributor,Marketing,0,False,0.96
harry.wood@alder-college.example,25-34,£25k-£50k,FR,Occitanie,Toulouse,Assistant,Individual contributor,Operations,2,True,0.83
harry.wood@juniper-outfitters.example,25-34,£100k-£150k,US,California,San Francisco,Operations Manager,Manager,Operations,2,True,0.96
harry.wood@redwood-care.example,35-44,£50k-£100k,US,New York,New York,Head of Growth,Manager,Marketing,1,False,0.62
harry.wood@yarrow-outfitters.example,35-44,£100k-£150k,US,Illinois,Chicago,Head of Growth,Manager,Marketing,2,False,0.76
harry.wright@alder-retail.example,25-34,£50k-£100k,UK,West Midlands,Birmingham,Head of Marketing,Manager,Marketing,1,True,0.83
harry.young@ivywood-health.example,18-24,under £25k,NL,North Holland,Amsterdam,Student,Student,Student,0,False,0.67
harry.young@umber-wealth.example,25-34,£25k-£50k,NL,South Holland,Rotterdam,Assistant,Individual contributor,Operations,1,False,0.89
harry@ashford-clinics.example,35-44,£50k-£100k,NL,South Holland,Rotterdam,Demand Gen Manager,Manager,Marketing,4,False,0.78
harry@ashford-systems.example,35-44,£50k-£100k,UK,West Midlands,Birmingham,Operations Manager,Manager,Operations,3,True,0.8
harry@aurora-capital.example,25-34,£25k-£50k,DE,Hamburg,Hamburg,Marketing Executive,Individual contributor,Marketing,1,False,0.8
harry@beacon-fabrication.example,25-34,£50k-£100k,DE,Hesse,Frankfurt,Operations Manager,Manager,Operations,2,False,0.89
harry@bluebell-goods.example,25-34,£50k-£100k,UK,Scotland,Edinburgh,Sales Manager,Manager,Sales,11,False,0.93
harry@cedar-market.example,25-34,under £25k,DE,Berlin,Berlin,Student,Student,Student,0,False,0.96
harry@clearwater-care.example,18-24,£25k-£50k,UK,West Midlands,Birmingham,Assistant,Individual contributor,Operations,3,True,0.9
harry@clearwater-consulting.example,25-34,£50k-£100k,DE,Hamburg,Hamburg,Operations Manager,Manager,Operations,4,True,0.72
harry@clearwater-software.example,35-44,£50k-£100k,NL,North Brabant,Eindhoven,Chief Revenue Officer,Director or above,Executive,1,False,0.99
harry@clearwater-works.example,25-34,£100k-£150k,US,California,San Francisco,Analyst,Individual contributor,Operations,1,False,0.96
harry@elmstead-medical.example,25-34,£50k-£100k,DE,Hesse,Frankfurt,Analyst,Individual contributor,Operations,3,False,0.95
harry@emberly-components.example,18-24,under £25k,DE,Bavaria,Munich,Student,Student,Student,0,False,0.69
harry@evergreen-industries.example,45-54,£50k-£100k,US,Massachusetts,Boston,Operations Manager,Manager,Operations,2,True,0.62
harry@falcon-fabrication.example,25-34,£50k-£100k,UK,Scotland,Edinburgh,Head of Growth,Manager,Marketing,6,False,0.77
harry@fernhill-tutors.example,25-34,£50k-£100k,UK,Scotland,Edinburgh,Marketing Manager,Manager,Marketing,8,True,0.76
harry@granite-care.example,25-34,£50k-£100k,FR,Occitanie,Toulouse,Sales Rep,Individual contributor,Sales,3,True,0.9
harry@greystone-stores.example,55-64,£100k-£150k,UK,South West,Bristol,Chief Revenue Officer,Director or above,Executive,1,False,0.63
harry@harbour-manufacturing.example,35-44,£150k+,UK,Yorkshire,Leeds,CEO,Director or above,Executive,7,False,0.71
harry@hawthorn-consulting.example,25-34,£100k-£150k,FR,Auvergne-Rhone-Alpes,Lyon,Sales Manager,Manager,Sales,3,True,0.89
harry@hawthorn-medical.example,45-54,£100k-£150k,UK,North West,Manchester,Demand Gen Manager,Manager,Marketing,8,False,0.78
harry@inkwell-capital.example,45-54,£50k-£100k,DE,Bavaria,Munich,Founder,Director or above,Executive,1,True,0.82
harry@inkwell-components.example,25-34,£100k-£150k,UK,Yorkshire,Leeds,Operations Manager,Manager,Operations,4,True,0.78
harry@jasper-clinics.example,55-64,£150k+,US,Washington,Seattle,Director of Sales,Director or above,Sales,2,True,0.78
harry@juniper-health.example,25-34,£25k-£50k,UK,Yorkshire,Leeds,Demand Gen Manager,Manager,Marketing,3,False,0.86
harry@kestrel-recruitment.example,35-44,£25k-£50k,UK,London,London,Marketing Coordinator,Individual contributor,Marketing,4,False,0.89
harry@keystone-consulting.example,35-44,£25k-£50k,UK,London,London,Sales Manager,Manager,Sales,3,False,0.71
harry@kingsway-manufacturing.example,25-34,under £25k,US,New York,New York,Marketing Coordinator,Individual contributor,Marketing,2,True,0.86
harry@larkspur-cloud.example,35-44,£50k-£100k,US,Texas,Austin,Head of Growth,Manager,Marketing,1,False,0.97
harry@meridian-clinics.example,55-64,£50k-£100k,UK,Scotland,Edinburgh,VP Marketing,Director or above,Marketing,4,True,0.76
harry@northwind-education.example,25-34,£50k-£100k,UK,London,London,Operations Manager,Manager,Operations,2,True,0.65
harry@oldfield-freight.example,18-24,£25k-£50k,US,New York,New York,Marketing Coordinator,Individual contributor,Marketing,1,True,0.89
harry@pebble-college.example,25-34,£25k-£50k,FR,Hauts-de-France,Lille,Analyst,Individual contributor,Operations,4,False,0.83
harry@pebble-logistics.example,25-34,£25k-£50k,UK,North West,Manchester,Marketing Coordinator,Individual contributor,Marketing,3,True,0.94
harry@quartz-advisory.example,25-34,£100k-£150k,UK,Yorkshire,Leeds,Operations Manager,Manager,Operations,2,False,0.95
harry@quartz-care.example,25-34,under £25k,US,Washington,Seattle,Student,Student,Student,0,False,0.64
harry@quartz-legal.example,25-34,£50k-£100k,DE,Berlin,Berlin,Sales Manager,Manager,Sales,2,True,0.61
harry@rosewood-education.example,25-34,£25k-£50k,FR,Auvergne-Rhone-Alpes,Lyon,Assistant,Individual contributor,Operations,7,False,0.76
harry@saltmarsh-insurance.example,35-44,£50k-£100k,UK,Scotland,Edinburgh,Demand Gen Manager,Manager,Marketing,14,False,0.75
harry@tamarind-legal.example,35-44,£100k-£150k,UK,Yorkshire,Leeds,Operations Manager,Manager,Operations,1,True,0.88
harry@westbrook-capital.example,25-34,£50k-£100k,DE,Bavaria,Munich,Demand Gen Manager,Manager,Marketing,6,False,0.77
harry@westbrook-education.example,35-44,£50k-£100k,NL,North Holland,Amsterdam,Marketing Manager,Manager,Marketing,4,True,0.93
harry@westbrook-shipping.example,35-44,£100k-£150k,UK,North West,Manchester,Marketing Director,Director or above,Marketing,1,False,0.69
harry@westbrook-training.example,35-44,£100k-£150k,UK,Scotland,Edinburgh,Marketing Manager,Manager,Marketing,2,False,0.76
harry@willow-shipping.example,45-54,£100k-£150k,FR,Hauts-de-France,Lille,CEO,Director or above,Executive,1,True,0.92
harry@willow-tutors.example,25-34,£100k-£150k,US,New York,New York,Head of Growth,Manager,Marketing,2,False,0.69
harry@yarrow-engineering.example,25-34,£100k-£150k,US,California,San Francisco,Head of Growth,Manager,Marketing,0,True,0.63
harryanderson42@icloud.example,45-54,£150k+,US,Texas,Austin,Marketing Manager,Manager,Marketing,3,True,0.8
harrybaker28@outlook.example,25-34,£25k-£50k,NL,South Holland,Rotterdam,Sales Rep,Individual contributor,Sales,0,False,0.69
harryevans31@icloud.example,55-64,£100k-£150k,US,New York,New York,Managing Director,Director or above,Executive,2,True,0.66
harrymartin53@yahoo.example,35-44,£50k-£100k,UK,Scotland,Edinburgh,Operations Manager,Manager,Operations,5,True,0.92
harrymoore99@hotmail.example,18-24,under £25k,NL,North Holland,Amsterdam,Student,Student,Student,0,True,0.82
harryroberts21@icloud.example,25-34,under £25k,FR,Hauts-de-France,Lille,Sales Rep,Individual contributor,Sales,1,True,0.65
harrytaylor56@yahoo.example,18-24,£25k-£50k,UK,North West,Manchester,Student,Student,Student,0,False,0.87
harrytaylor61@outlook.example,35-44,£100k-£150k,DE,Hesse,Frankfurt,Founder,Director or above,Executive,4,True,0.8
harrythompson65@hotmail.example,25-34,£25k-£50k,US,New York,New York,Marketing Executive,Individual contributor,Marketing,3,False,0.75
harrywilliams21@gmail.example,35-44,under £25k,US,New York,New York,Assistant,Individual contributor,Operations,2,True,0.65
hbaker927@icloud.example,25-34,under £25k,US,New York,New York,Marketing Executive,Individual contributor,Marketing,2,False,0.66
hbernard908@icloud.example,35-44,£25k-£50k,UK,Scotland,Edinburgh,Sales Manager,Manager,Sales,0,True,0.78
hbrown627@yahoo.example,35-44,£100k-£150k,US,New York,New York,Director of Sales,Director or above,Sales,3,True,0.66
hbrown714@icloud.example,35-44,£50k-£100k,DE,Hamburg,Hamburg,Demand Gen Manager,Manager,Marketing,3,True,0.97
hbrown843@outlook.example,25-34,under £25k,UK,London,London,Marketing Executive,Individual contributor,Marketing,1,True,0.99
hclarke676@gmail.example,18-24,under £25k,UK,London,London,Student,Student,Student,0,False,0.82
hdavies219@yahoo.example,35-44,£100k-£150k,NL,Utrecht,Utrecht,Managing Director,Director or above,Executive,4,False,0.72
hdavies757@icloud.example,45-54,£50k-£100k,US,California,San Francisco,CEO,Director or above,Executive,2,True,0.61
hdubois591@gmail.example,35-44,£25k-£50k,DE,Bavaria,Munich,Head of Marketing,Manager,Marketing,2,False,0.86
hdubois598@gmail.example,18-24,£25k-£50k,US,Washington,Seattle,Student,Student,Student,0,False,0.69
hgarcia002@yahoo.example,55-64,£50k-£100k,DE,Hamburg,Hamburg,Founder,Director or above,Executive,8,True,0.65
hgreen020@outlook.example,35-44,£50k-£100k,DE,Berlin,Berlin,Operations Manager,Manager,Operations,2,False,0.64
hgreen127@gmail.example,45-54,£25k-£50k,NL,North Brabant,Eindhoven,Sales Manager,Manager,Sales,2,True,0.87
hgreen933@hotmail.example,18-24,under £25k,US,Texas,Austin,Student,Student,Student,0,False,0.75
hhall942@hotmail.example,25-34,£50k-£100k,US,Texas,Austin,Head of Marketing,Manager,Marketing,2,False,0.85
hjansen662@gmail.example,35-44,£100k-£150k,UK,South West,Bristol,Head of Growth,Manager,Marketing,1,True,0.68
hking360@icloud.example,35-44,£25k-£50k,US,Texas,Austin,Operations Manager,Manager,Operations,3,True,0.87
hlewis656@hotmail.example,18-24,£25k-£50k,US,New York,New York,Head of Marketing,Manager,Marketing,2,False,0.91
hmartin055@yahoo.example,18-24,under £25k,US,Massachusetts,Boston,Student,Student,Student,0,False,0.77
hmiller785@icloud.example,18-24,under £25k,UK,London,London,Student,Student,Student,0,False,0.84
hmoore658@hotmail.example,35-44,£100k-£150k,US,Texas,Austin,Chief Revenue Officer,Director or above,Executive,1,True,0.82
hmoore820@outlook.example,35-44,£25k-£50k,FR,Auvergne-Rhone-Alpes,Lyon,Sales Manager,Manager,Sales,1,False,0.79
hmuller805@icloud.example,25-34,£50k-£100k,UK,South West,Bristol,Head of Growth,Manager,Marketing,4,True,0.72
hmurphy447@yahoo.example,25-34,£50k-£100k,DE,Bavaria,Munich,Sales Manager,Manager,Sales,5,False,0.65
hpatel186@gmail.example,35-44,£25k-£50k,UK,London,London,Head of Growth,Manager,Marketing,2,True,0.87
hroberts000@gmail.example,45-54,£25k-£50k,US,Washington,Seattle,Chief Revenue Officer,Director or above,Executive,2,False,0.94
hroberts997@outlook.example,25-34,£50k-£100k,US,Illinois,Chicago,Sales Rep,Individual contributor,Sales,4,False,0.92
hscott287@gmail.example,18-24,under £25k,NL,North Holland,Amsterdam,Student,Student,Student,0,False,0.91
hsmith487@yahoo.example,25-34,under £25k,DE,Berlin,Berlin,Sales Rep,Individual contributor,Sales,2,False,0.73
hsmith926@icloud.example,18-24,£25k-£50k,UK,Scotland,Edinburgh,Student,Student,Student,0,False,0.74
hugo.bakker@westbrook-wealth.example,25-34,£50k-£100k,US,Texas,Austin,Marketing Manager,Manager,Marketing,0,True,0.99
hugo.brown@quayside-software.example,35-44,£50k-£100k,US,Illinois,Chicago,Sales Manager,Manager,Sales,2,False,0.75
hugo.davies@aurora-insurance.example,18-24,under £25k,DE,Hamburg,Hamburg,Marketing Executive,Individual contributor,Marketing,7,False,0.84
hugo.devries@alder-dental.example,18-24,£25k-£50k,UK,West Midlands,Birmingham,Sales Rep,Individual contributor,Sales,1,False,0.83
hugo.devries@brightwater-consulting.example,25-34,£25k-£50k,UK,South West,Bristol,Sales Rep,Individual contributor,Sales,7,True,0.69
hugo.dubois@lantern-digital.example,25-34,£100k-£150k,UK,London,London,Operations Manager,Manager,Operations,5,True,0.78
hugo.dubois@rosewood-pharma.example,25-34,£25k-£50k,US,California,San Francisco,Marketing Executive,Individual contributor,Marketing,9,True,0.79
hugo.dubois@tidewater-logistics.example,35-44,£100k-£150k,DE,Hesse,Frankfurt,Founder,Director or above,Executive,5,False,0.96
hugo.evans@hotmail.example,35-44,£50k-£100k,US,Washington,Seattle,Head of Marketing,Manager,Marketing,4,False,0.9
hugo.evans@oldfield-legal.example,45-54,£50k-£100k,FR,Hauts-de-France,Lille,Sales Rep,Individual contributor,Sales,1,True,0.92
hugo.garcia@clearwater-health.example,35-44,£50k-£100k,NL,North Brabant,Eindhoven,Operations Manager,Manager,Operations,2,False,0.72
hugo.garcia@falcon-haulage.example,25-34,£50k-£100k,NL,North Brabant,Eindhoven,Sales Manager,Manager,Sales,4,True,0.62
hugo.garcia@oakridge-labs.example,35-44,£25k-£50k,NL,North Brabant,Eindhoven,Analyst,Individual contributor,Operations,3,False,0.66
hugo.garcia@yahoo.example,35-44,£25k-£50k,UK,London,London,Sales Manager,Manager,Sales,2,True,0.75
hugo.green@gmail.example,45-54,£100k-£150k,UK,Yorkshire,Leeds,Managing Director,Director or above,Executive,1,True,0.88
hugo.hall@gmail.example,35-44,£25k-£50k,NL,North Brabant,Eindhoven,Marketing Manager,Manager,Marketing,1,False,0.61
hugo.hall@nettlefield-manufacturing.example,35-44,£150k+,US,California,San Francisco,VP Marketing,Director or above,Marketing,2,True,0.78
hugo.hall@tamarind-accountants.example,25-34,£25k-£50k,FR,Hauts-de-France,Lille,Sales Rep,Individual contributor,Sales,10,True,0.81
hugo.king@pennine-tutors.example,18-24,£25k-£50k,NL,South Holland,Rotterdam,Assistant,Individual contributor,Operations,3,False,0.74
hugo.lewis16@yahoo.example,18-24,under £25k,US,Texas,Austin,Marketing Executive,Individual contributor,Marketing,1,False,0.72
hugo.lewis@yahoo.example,35-44,£50k-£100k,US,California,San Francisco,Head of Marketing,Manager,Marketing,3,False,0.72
hugo.martin@meridian-outfitters.example,55-64,£100k-£150k,FR,Ile-de-France,Paris,VP Marketing,Director or above,Marketing,3,True,0.64
hugo.martin@quayside-logistics.example,35-44,£50k-£100k,NL,Utrecht,Utrecht,Head of Growth,Manager,Marketing,3,False,0.68
hugo.moore@westbrook-insurance.example,35-44,£100k-£150k,UK,South West,Bristol,Managing Director,Director or above,Executive,3,True,0.89
hugo.murphy@dunmore-cloud.example,35-44,£100k-£150k,US,Massachusetts,Boston,Operations Manager,Manager,Operations,3,False,0.79
hugo.murphy@riverside-fabrication.example,35-44,£50k-£100k,US,New York,New York,Head of Growth,Manager,Marketing,3,True,0.86
hugo.murphy@westbrook-goods.example,25-34,£50k-£100k,UK,North West,Manchester,Demand Gen Manager,Manager,Marketing,1,True,0.64
hugo.roberts@gmail.example,25-34,£150k+,US,Massachusetts,Boston,Marketing Manager,Manager,Marketing,2,True,0.95
hugo.roberts@outlook.example,25-34,£25k-£50k,DE,Berlin,Berlin,Sales Rep,Individual contributor,Sales,1,True,0.82
hugo.schmidt@gmail.example,18-24,under £25k,US,Massachusetts,Boston,Student,Student,Student,0,False,0.63
hugo.schmidt@hotmail.example,25-34,under £25k,US,California,San Francisco,Marketing Coordinator,Individual contributor,Marketing,4,True,0.66
hugo.smith@dunmore-academy.example,35-44,£50k-£100k,US,New York,New York,Demand Gen Manager,Manager,Marketing,11,False,0.68
hugo.smith@larkspur-retail.example,55-64,£50k-£100k,UK,Scotland,Edinburgh,Marketing Director,Director or above,Marketing,3,True,0.83
hugo.smith@riverside-capital.example,45-54,£50k-£100k,UK,London,London,Head of Growth,Manager,Marketing,3,True,0.62
hugo.smith@thornbury-couriers.example,25-34,£50k-£100k,UK,North West,Manchester,Head of Marketing,Manager,Marketing,3,False,0.91
hugo.thompson@larkspur-stores.example,25-34,£50k-£100k,UK,London,London,Head of Growth,Manager,Marketing,2,True,0.95
hugo.walker@bramble-retail.example,25-34,under £25k,NL,North Brabant,Eindhoven,Marketing Coordinator,Individual contributor,Marketing,8,True,0.74
hugo.walker@fernhill-market.example,35-44,£50k-£100k,FR,Auvergne-Rhone-Alpes,Lyon,Sales Rep,Individual contributor,Sales,9,False,0.85
hugo.walker@rosewood-software.example,25-34,£25k-£50k,FR,Hauts-de-France,Lille,Assistant,Individual contributor,Operations,7,False,0.91
hugo.walker@upland-cloud.example,25-34,£25k-£50k,UK,London,London,Head of Growth,Manager,Marketing,6,True,0.68
hugo.williams@bluebell-learning.example,45-54,£25k-£50k,FR,Occitanie,Toulouse,Marketing Executive,Individual contributor,Marketing,12,False,0.67
hugo.wilson@glenmoor-retail.example,25-34,£25k-£50k,DE,Bavaria,Munich,Assistant,Individual contributor,Operations,0,False,0.85
hugo.wilson@hotmail.example,45-54,£100k-£150k,US,Washington,Seattle,Founder,Director or above,Executive,6,False,0.79
hugo@alder-digital.example,55-64,£50k-£100k,US,California,San Francisco,Marketing Director,Director or above,Marketing,2,True,0.85
hugo@alder-pharma.example,35-44,£100k-£150k,US,Massachusetts,Boston,VP Marketing,Director or above,Marketing,7,True,0.9
hugo@ashford-shipping.example,18-24,under £25k,UK,London,London,Marketing Executive,Individual contributor,Marketing,4,False,0.65
hugo@beacon-lending.example,25-34,£25k-£50k,US,Texas,Austin,Marketing Executive,Individual contributor,Marketing,1,True,0.74
hugo@brightwater-clinics.example,35-44,£100k-£150k,FR,Occitanie,Toulouse,Operations Manager,Manager,Operations,2,False,0.71
hugo@brightwater-data.example,25-34,£25k-£50k,US,New York,New York,Analyst,Individual contributor,Operations,5,True,0.73
hugo@cedar-outfitters.example,25-34,£25k-£50k,UK,North West,Manchester,Sales Rep,Individual contributor,Sales,4,False,0.72
hugo@driftwood-consulting.example,25-34,£25k-£50k,FR,Hauts-de-France,Lille,Marketing Manager,Manager,Marketing,3,False,0.8
hugo@elmstead-training.example,25-34,£100k-£150k,UK,West Midlands,Birmingham,Managing Director,Director or above,Executive,6,True,0.89
hugo@evergreen-college.example,25-34,£25k-£50k,FR,Auvergne-Rhone-Alpes,Lyon,Marketing Coordinator,Individual contributor,Marketing,6,True,0.6
hugo@fernhill-health.example,35-44,£25k-£50k,US,Texas,Austin,Operations Manager,Manager,Operations,9,True,0.78
hugo@greystone-haulage.example,25-34,£25k-£50k,UK,London,London,Analyst,Individual contributor,Operations,8,True,0.85
hugo@hawthorn-cloud.example,25-34,£25k-£50k,US,Washington,Seattle,Operations Manager,Manager,Operations,3,False,0.82
hugo@kelvin-academy.example,35-44,£100k-£150k,UK,West Midlands,Birmingham,Marketing Manager,Manager,Marketing,8,True,0.86
hugo@kelvin-market.example,25-34,£25k-£50k,UK,Scotland,Edinburgh,Demand Gen Manager,Manager,Marketing,2,False,0.92
hugo@kelvin-works.example,35-44,£25k-£50k,UK,London,London,Marketing Manager,Manager,Marketing,2,False,0.71
hugo@kestrel-tutors.example,45-54,£50k-£100k,US,Washington,Seattle,Assistant,Individual contributor,Operations,1,True,0.68
hugo@keystone-insurance.example,35-44,£25k-£50k,UK,Scotland,Edinburgh,Head of Marketing,Manager,Marketing,1,True,0.92
hugo@kingsway-logistics.example,25-34,£50k-£100k,NL,North Brabant,Eindhoven,Analyst,Individual contributor,Operations,2,True,0.85
hugo@lantern-advisory.example,35-44,£100k-£150k,DE,Bavaria,Munich,Chief Revenue Officer,Director or above,Executive,6,True,0.98
hugo@lantern-dental.example,35-44,under £25k,UK,Yorkshire,Leeds,Marketing Executive,Individual contributor,Marketing,1,False,0.97
hugo@lantern-legal.example,45-54,£150k+,DE,Bavaria,Munich,VP Marketing,Director or above,Marketing,3,False,0.76
hugo@larkspur-transport.example,35-44,£100k-£150k,US,New York,New York,Sales Manager,Manager,Sales,3,False,0.64
hugo@larkspur-works.example,35-44,£100k-£150k,US,Washington,Seattle,VP Marketing,Director or above,Marketing,1,True,0.73
hugo@lindenwood-dental.example,55-64,£100k-£150k,US,California,San Francisco,Director of Sales,Director or above,Sales,2,True,0.79
hugo@lindenwood-retail.example,25-34,£50k-£100k,US,Massachusetts,Boston,Operations Manager,Manager,Operations,4,False,0.93
hugo@marigold-consulting.example,25-34,£50k-£100k,FR,Ile-de-France,Paris,Marketing Manager,Manager,Marketing,0,True,0.8
hugo@moorland-data.example,45-54,£100k-£150k,DE,Hesse,Frankfurt,Founder,Director or above,Executive,0,True,0.81
hugo@nettlefield-goods.example,25-34,£150k+,UK,Scotland,Edinburgh,Marketing Director,Director or above,Marketing,11,True,0.77
hugo@nimbus-capital.example,25-34,£25k-£50k,UK,Scotland,Edinburgh,Sales Rep,Individual contributor,Sales,1,False,0.84
hugo@oakridge-tutors.example,25-34,£100k-£150k,DE,Bavaria,Munich,Director of Sales,Director or above,Sales,3,False,0.77
hugo@oldfield-clinics.example,18-24,under £25k,UK,Scotland,Edinburgh,Analyst,Individual contributor,Operations,7,False,0.62
hugo@oldfield-recruitment.example,25-34,£150k+,UK,South West,Bristol,VP Marketing,Director or above,Marketing,1,False,0.83
hugo@quayside-manufacturing.example,25-34,£25k-£50k,UK,West Midlands,Birmingham,Analyst,Individual contributor,Operations,2,False,0.9
hugo@rosewood-couriers.example,35-44,£50k-£100k,DE,Berlin,Berlin,Head of Marketing,Manager,Marketing,0,True,0.84
hugo@rosewood-data.example,45-54,£100k-£150k,FR,Ile-de-France,Paris,Chief Revenue Officer,Director or above,Executive,2,True,0.76
hugo@tamarind-academy.example,35-44,£50k-£100k,US,California,San Francisco,Demand Gen Manager,Manager,Marketing,2,True,0.8
hugo@tamarind-data.example,25-34,£150k+,FR,Ile-de-France,Paris,Managing Director,Director or above,Executive,12,False,0.99
hugo@tamarind-systems.example,25-34,£50k-£100k,US,New York,New York,Marketing Executive,Individual contributor,Marketing,6,False,0.76
hugo@thornbury-logistics.example,35-44,£100k-£150k,US,Texas,Austin,Operations Manager,Manager,Operations,3,False,0.73
hugo@tidewater-manufacturing.example,25-34,£25k-£50k,US,Massachusetts,Boston,Demand Gen Manager,Manager,Marketing,6,True,0.93
hugo@tidewater-trading.example,45-54,£50k-£100k,FR,Auvergne-Rhone-Alpes,Lyon,Head of Growth,Manager,Marketing,7,True,0.8
hugo@vantage-data.example,18-24,under £25k,NL,Utrecht,Utrecht,Student,Student,Student,0,False,0.62
hugodubois84@outlook.example,35-44,£100k-£150k,UK,South West,Bristol,Director of Sales,Director or above,Sales,2,True,0.72
hugoevans06@gmail.example,18-24,£25k-£50k,UK,North West,Manchester,Student,Student,Student,0,False,0.92
hugogreen12@hotmail.example,45-54,£25k-£50k,UK,West Midlands,Birmingham,Marketing Coordinator,Individual contributor,Marketing,8,True,0.81
hugohall83@outlook.example,18-24,£50k-£100k,US,Massachusetts,Boston,Analyst,Individual contributor,Operations,3,False,0.62
hugojones18@gmail.example,25-34,£25k-£50k,FR,Hauts-de-France,Lille,Marketing Manager,Manager,Marketing,6,False,0.82
hugotaylor02@gmail.example,45-54,£150k+,US,Texas,Austin,Demand Gen Manager,Manager,Marketing,1,False,0.69
hugotaylor53@hotmail.example,45-54,£100k-£150k,UK,Scotland,Edinburgh,Founder,Director or above,Executive,3,True,0.81
hugothompson08@gmail.example,18-24,under £25k,UK,Yorkshire,Leeds,Marketing Coordinator,Individual contributor,Marketing,1,True,0.65
hugowood12@gmail.example,35-44,£100k-£150k,US,New York,New York,Marketing Director,Director or above,Marketing,1,True,0.92
hugoyoung91@yahoo.example,18-24,£25k-£50k,US,Illinois,Chicago,Analyst,Individual contributor,Operations,5,True,0.91
hweber170@yahoo.example,25-34,£50k-£100k,DE,Bavaria,Munich,Sales Rep,Individual contributor,Sales,8,False,0.64
hweber807@yahoo.example,35-44,£150k+,US,New York,New York,Managing Director,Director or above,Executive,2,False,0.71
hwilliams970@icloud.example,25-34,under £25k,US,New York,New York,Analyst,Individual contributor,Operations,2,False,0.98
hwood097@hotmail.example,25-34,under £25k,US,Massachusetts,Boston,Assistant,Individual contributor,Operations,3,True,0.85
i.baker@cedar-education.example,18-24,£50k-£100k,FR,Hauts-de-France,Lille,Assistant,Individual contributor,Operations,4,False,0.76
i.bernard@harbour-digital.example,45-54,£50k-£100k,DE,Berlin,Berlin,VP Marketing,Director or above,Marketing,4,False,0.67
i.bernard@redwood-fabrication.example,35-44,£25k-£50k,UK,North West,Manchester,Head of Marketing,Manager,Marketing,5,False,0.77
i.brown@silverline-couriers.example,25-34,£50k-£100k,UK,South West,Bristol,Operations Manager,Manager,Operations,4,True,0.74
i.clarke@pinecrest-dental.example,35-44,£50k-£100k,UK,Scotland,Edinburgh,Demand Gen Manager,Manager,Marketing,7,False,0.71
i.davies@ashford-academy.example,45-54,£50k-£100k,NL,North Brabant,Eindhoven,Head of Marketing,Manager,Marketing,4,False,0.93
i.devries@dovecote-software.example,25-34,£25k-£50k,US,New York,New York,Sales Rep,Individual contributor,Sales,8,False,0.9
i.devries@rosewood-learning.example,35-44,£50k-£100k,FR,Occitanie,Toulouse,Marketing Manager,Manager,Marketing,25,False,0.9
i.dubois@aurora-pharma.example,35-44,£25k-£50k,NL,North Holland,Amsterdam,Marketing Manager,Manager,Marketing,5,True,0.76
i.dubois@jasper-insurance.example,45-54,£100k-£150k,US,Massachusetts,Boston,Director of Sales,Director or above,Sales,2,True,0.65
i.garcia@bluebell-care.example,45-54,£50k-£100k,UK,North West,Manchester,Demand Gen Manager,Manager,Marketing,3,False,0.81
i.garcia@elmstead-cloud.example,35-44,£100k-£150k,US,Massachusetts,Boston,Head of Growth,Manager,Marketing,9,False,0.84
i.garcia@glenmoor-retail.example,25-34,£50k-£100k,DE,Hamburg,Hamburg,Demand Gen Manager,Manager,Marketing,3,False,0.92
i.garcia@westbrook-lending.example,35-44,£150k+,UK,London,London,CEO,Director or above,Executive,7,False,0.69
i.green@tidewater-logistics.example,35-44,£50k-£100k,DE,Bavaria,Munich,Head of Marketing,Manager,Marketing,4,False,0.75
i.hall@falcon-systems.example,45-54,£25k-£50k,UK,London,London,Head of Growth,Manager,Marketing,3,False,0.91
i.hall@vantage-cloud.example,35-44,£25k-£50k,FR,Hauts-de-France,Lille,Marketing Coordinator,Individual contributor,Marketing,4,False,0.8
i.hughes@kelvin-haulage.example,35-44,£150k+,US,New York,New York,Managing Director,Director or above,Executive,3,True,0.62
i.hughes@nimbus-labs.example,35-44,£50k-£100k,NL,North Brabant,Eindhoven,Assistant,Individual contributor,Operations,1,False,0.84
i.jansen@driftwood-freight.example,35-44,£100k-£150k,DE,Bavaria,Munich,Marketing Manager,Manager,Marketing,3,False,0.65
i.johnson@moorland-components.example,25-34,£25k-£50k,UK,Yorkshire,Leeds,Marketing Coordinator,Individual contributor,Marketing,5,False,0.97
i.jones@tamarind-capital.example,35-44,£25k-£50k,UK,Scotland,Edinburgh,Demand Gen Manager,Manager,Marketing,2,True,0.69
i.king@clearwater-clinics.example,45-54,£50k-£100k,UK,Scotland,Edinburgh,Marketing Coordinator,Individual contributor,Marketing,2,False,0.87
i.king@kelvin-learning.example,65+,£100k-£150k,US,New York,New York,Founder,Director or above,Executive,3,False,0.76
i.king@oldfield-outfitters.example,25-34,under £25k,US,New York,New York,Marketing Coordinator,Individual contributor,Marketing,1,False,0.67
i.martin@heron-software.example,25-34,£100k-£150k,DE,Bavaria,Munich,Marketing Manager,Manager,Marketing,1,True,0.97
i.miller@driftwood-freight.example,18-24,under £25k,DE,Bavaria,Munich,Student,Student,Student,0,False,0.89
i.miller@westbrook-trading.example,25-34,under £25k,UK,West Midlands,Birmingham,Marketing Executive,Individual contributor,Marketing,11,False,0.97
i.moore@oakridge-associates.example,45-54,£100k-£150k,FR,Hauts-de-France,Lille,Managing Director,Director or above,Executive,1,True,0.99
i.muller@riverside-shipping.example,25-34,£25k-£50k,US,Massachusetts,Boston,Marketing Coordinator,Individual contributor,Marketing,3,False,0.94
i.patel@heron-digital.example,55-64,£150k+,US,Texas,Austin,Sales Manager,Manager,Sales,0,True,0.73
i.patel@meridian-goods.example,25-34,under £25k,DE,Hamburg,Hamburg,Assistant,Individual contributor,Operations,6,False,0.82
i.schmidt@riverside-advisory.example,18-24,under £25k,UK,North West,Manchester,Marketing Coordinator,Individual contributor,Marketing,1,False,0.95
i.scott@kingsway-couriers.example,55-64,£50k-£100k,DE,Berlin,Berlin,Operations Manager,Manager,Operations,1,True,0.8
i.smith@bluebell-capital.example,25-34,£25k-£50k,FR,Ile-de-France,Paris,Marketing Coordinator,Individual contributor,Marketing,1,True,0.61
i.smith@highgate-pharma.example,25-34,under £25k,DE,Berlin,Berlin,Marketing Coordinator,Individual contributor,Marketing,0,False,0.83
i.taylor@dovecote-associates.example,35-44,£25k-£50k,NL,Utrecht,Utrecht,Head of Marketing,Manager,Marketing,4,True,0.68
i.taylor@upland-outfitters.example,35-44,£100k-£150k,UK,South West,Bristol,CEO,Director or above,Executive,5,True,0.62
i.thompson@clearwater-manufacturing.example,35-44,£150k+,US,California,San Francisco,Head of Marketing,Manager,Marketing,5,False,0.86
i.walker@kelvin-labs.example,45-54,£100k-£150k,UK,Yorkshire,Leeds,Chief Revenue Officer,Director or above,Executive,1,True,0.94
i.weber@meridian-education.example,25-34,under £25k,UK,North West,Manchester,Marketing Coordinator,Individual contributor,Marketing,2,False,0.63
i.wilson@beacon-transport.example,35-44,£50k-£100k,US,New York,New York,Sales Manager,Manager,Sales,1,True,0.98
i.wilson@clearwater-tutors.example,25-34,£100k-£150k,DE,Berlin,Berlin,Founder,Director or above,Executive,2,True,0.88
i.wood@kelvin-manufacturing.example,25-34,£150k+,US,Massachusetts,Boston,Marketing Director,Director or above,Marketing,8,True,0.89
i.young@cobalt-goods.example,25-34,£25k-£50k,UK,Yorkshire,Leeds,Head of Growth,Manager,Marketing,9,True,0.77
i.young@keystone-advisory.example,35-44,£100k-£150k,NL,Utrecht,Utrecht,Director of Sales,Director or above,Sales,3,False,0.63
ibakker540@yahoo.example,35-44,£50k-£100k,US,California,San Francisco,Operations Manager,Manager,Operations,1,True,0.84
idevries825@yahoo.example,25-34,£25k-£50k,US,Washington,Seattle,Sales Rep,Individual contributor,Sales,10,False,0.91
idubois056@icloud.example,45-54,£150k+,US,California,San Francisco,Director of Sales,Director or above,Sales,3,True,0.7
ievans039@gmail.example,18-24,£25k-£50k,NL,South Holland,Rotterdam,Student,Student,Student,0,False,0.88
igarcia624@outlook.example,35-44,£25k-£50k,US,Texas,Austin,Head of Growth,Manager,Marketing,8,True,0.6
ikhan810@yahoo.example,45-54,£100k-£150k,UK,London,London,Head of Growth,Manager,Marketing,2,True,0.8
ischmidt728@gmail.example,35-44,£50k-£100k,US,California,San Francisco,Operations Manager,Manager,Operations,0,False,0.64
isla.anderson@westbrook-goods.example,45-54,£50k-£100k,UK,South West,Bristol,Head of Growth,Manager,Marketing,2,True,0.94
isla.bakker@ashford-partners.example,35-44,£50k-£100k,UK,Scotland,Edinburgh,Head of Marketing,Manager,Marketing,2,False,0.82
isla.bakker@glenmoor-wealth.example,35-44,£100k-£150k,NL,Utrecht,Utrecht,Chief Revenue Officer,Director or above,Executive,1,True,0.94
isla.bakker@kestrel-software.example,18-24,under £25k,NL,Utrecht,Utrecht,Marketing Coordinator,Individual contributor,Marketing,4,False,0.64
isla.brown@heron-pharma.example,35-44,£50k-£100k,FR,Auvergne-Rhone-Alpes,Lyon,Head of Marketing,Manager,Marketing,5,False,0.68
isla.brown@upland-health.example,45-54,£50k-£100k,US,Massachusetts,Boston,Head of Marketing,Manager,Marketing,0,False,0.82
isla.clarke@rosewood-medical.example,25-34,£25k-£50k,UK,Yorkshire,Leeds,Analyst,Individual contributor,Operations,2,False,0.96
isla.clarke@yahoo.example,35-44,£50k-£100k,UK,Yorkshire,Leeds,CEO,Director or above,Executive,4,False,0.8
isla.davies@harbour-education.example,18-24,under £25k,DE,Bavaria,Munich,Sales Rep,Individual contributor,Sales,1,False,0.78
isla.davies@pebble-couriers.example,25-34,£50k-£100k,NL,Utrecht,Utrecht,Sales Rep,Individual contributor,Sales,8,False,0.93
isla.devries@tamarind-digital.example,35-44,£50k-£100k,FR,Ile-de-France,Paris,Head of Marketing,Manager,Marketing,2,True,0.94
isla.dubois@vantage-industries.example,35-44,£50k-£100k,US,Texas,Austin,Operations Manager,Manager,Operations,2,True,0.96
isla.evans@evergreen-software.example,25-34,£25k-£50k,UK,Yorkshire,Leeds,Marketing Coordinator,Individual contributor,Marketing,17,False,0.63
isla.evans@kingsway-education.example,35-44,£50k-£100k,DE,Hesse,Frankfurt,Managing Director,Director or above,Executive,3,True,0.98
isla.garcia@quartz-digital.example,25-34,£25k-£50k,US,Washington,Seattle,Assistant,Individual contributor,Operations,5,False,0.92
isla.jansen@hotmail.example,25-34,under £25k,UK,Yorkshire,Leeds,Assistant,Individual contributor,Operations,5,False,0.98
isla.jansen@quayside-outfitters.example,25-34,£25k-£50k,UK,West Midlands,Birmingham,Analyst,Individual contributor,Operations,3,True,0.8
isla.jansen@valley-industries.example,45-54,£100k-£150k,NL,North Brabant,Eindhoven,Marketing Director,Director or above,Marketing,5,True,0.65
isla.johnson@fernhill-shipping.example,25-34,£25k-£50k,FR,Auvergne-Rhone-Alpes,Lyon,Analyst,Individual contributor,Operations,1,False,0.86
isla.johnson@riverside-freight.example,25-34,£50k-£100k,US,Washington,Seattle,Operations Manager,Manager,Operations,2,False,0.73
isla.jones@zephyr-shipping.example,25-34,£50k-£100k,FR,Hauts-de-France,Lille,Operations Manager,Manager,Operations,3,False,0.9
isla.king@nimbus-lending.example,18-24,£25k-£50k,DE,Hesse,Frankfurt,Marketing Coordinator,Individual contributor,Marketing,3,False,0.69
isla.king@quayside-market.example,35-44,£150k+,FR,Auvergne-Rhone-Alpes,Lyon,CEO,Director or above,Executive,3,True,0.76
isla.lewis@bluebell-stores.example,35-44,£100k-£150k,DE,Bavaria,Munich,Head of Growth,Manager,Marketing,1,True,0.77
isla.lewis@nettlefield-finance.example,18-24,under £25k,UK,Scotland,Edinburgh,Assistant,Individual contributor,Operations,3,False,0.62
isla.lewis@orchard-pharma.example,45-54,£150k+,US,Washington,Seattle,Marketing Manager,Manager,Marketing,1,True,0.99
isla.miller@glenmoor-digital.example,45-54,£50k-£100k,US,Illinois,Chicago,Director of Sales,Director or above,Sales,5,True,0.92
isla.moore@outlook.example,35-44,£50k-£100k,DE,Hesse,Frankfurt,Marketing Director,Director or above,Marketing,3,True,0.88
isla.moore@saltmarsh-recruitment.example,25-34,£25k-£50k,DE,Hamburg,Hamburg,Sales Manager,Manager,Sales,1,False,0.93
isla.moore@valley-accountants.example,25-34,£25k-£50k,FR,Auvergne-Rhone-Alpes,Lyon,Sales Rep,Individual contributor,Sales,2,False,0.98
isla.muller@cedar-dental.example,35-44,£50k-£100k,UK,North West,Manchester,CEO,Director or above,Executive,3,True,0.95
isla.murphy@greystone-transport.example,35-44,£100k-£150k,NL,Utrecht,Utrecht,Founder,Director or above,Executive,1,True,0.98
isla.murphy@hotmail.example,35-44,£25k-£50k,UK,North West,Manchester,Head of Growth,Manager,Marketing,1,True,0.94
isla.schmidt@cobalt-market.example,25-34,£100k-£150k,US,Massachusetts,Boston,Founder,Director or above,Executive,8,True,0.63
isla.schmidt@upland-goods.example,45-54,£100k-£150k,DE,Hamburg,Hamburg,VP Marketing,Director or above,Marketing,3,True,0.88
isla.scott@heron-college.example,18-24,£25k-£50k,US,Washington,Seattle,Student,Student,Student,0,False,0.86
isla.smith@gmail.example,35-44,£50k-£100k,UK,Scotland,Edinburgh,Operations Manager,Manager,Operations,1,True,0.61
isla.thompson@heron-works.example,35-44,£100k-£150k,UK,West Midlands,Birmingham,CEO,Director or above,Executive,4,True,0.74
isla.weber@icloud.example,18-24,£25k-£50k,US,Texas,Austin,Assistant,Individual contributor,Operations,2,True,0.8
isla.weber@ivywood-transport.example,45-54,£100k-£150k,UK,South West,Bristol,VP Marketing,Director or above,Marketing,3,True,0.7
isla.wright@cedar-partners.example,25-34,£25k-£50k,DE,Hamburg,Hamburg,Demand Gen Manager,Manager,Marketing,1,False,0.83
isla.wright@silverline-training.example,35-44,£50k-£100k,US,Washington,Seattle,Operations Manager,Manager,Operations,1,True,0.87
isla.young@norfolk-clinics.example,25-34,£50k-£100k,US,Washington,Seattle,Head of Marketing,Manager,Marketing,5,False,0.78
isla@aurora-advisory.example,35-44,£50k-£100k,UK,Yorkshire,Leeds,Operations Manager,Manager,Operations,1,True,0.8
isla@beacon-couriers.example,25-34,£50k-£100k,US,Massachusetts,Boston,Marketing Coordinator,Individual contributor,Marketing,9,False,0.65
isla@brightwater-stores.example,35-44,£50k-£100k,FR,Auvergne-Rhone-Alpes,Lyon,Head of Marketing,Manager,Marketing,7,True,0.92
isla@cobalt-data.example,25-34,£25k-£50k,UK,South West,Bristol,Marketing Coordinator,Individual contributor,Marketing,2,True,0.89
isla@dovecote-capital.example,35-44,£50k-£100k,NL,North Brabant,Eindhoven,Chief Revenue Officer,Director or above,Executive,4,True,0.99
isla@dovecote-logistics.example,25-34,£25k-£50k,UK,South West,Bristol,Assistant,Individual contributor,Operations,14,False,0.7
isla@driftwood-associates.example,35-44,£25k-£50k,US,New York,New York,Sales Manager,Manager,Sales,3,True,0.96
isla@driftwood-manufacturing.example,35-44,£25k-£50k,UK,Yorkshire,Leeds,Marketing Manager,Manager,Marketing,5,False,0.75
isla@elmstead-cloud.example,45-54,£25k-£50k,US,Illinois,Chicago,Head of Growth,Manager,Marketing,4,True,0.93
isla@emberly-lending.example,18-24,under £25k,UK,South West,Bristol,Student,Student,Student,0,False,0.8
isla@fernhill-couriers.example,35-44,£50k-£100k,US,California,San Francisco,Managing Director,Director or above,Executive,4,True,0.8
isla@fernhill-goods.example,35-44,£100k-£150k,UK,West Midlands,Birmingham,Marketing Manager,Manager,Marketing,5,True,0.67
isla@fernhill-training.example,35-44,£50k-£100k,US,Washington,Seattle,Demand Gen Manager,Manager,Marketing,2,False,0.6
isla@glenmoor-systems.example,18-24,£50k-£100k,US,California,San Francisco,Assistant,Individual contributor,Operations,1,True,0.97
isla@granite-medical.example,25-34,£100k-£150k,FR,Ile-de-France,Paris,Managing Director,Director or above,Executive,3,True,0.88
isla@greystone-freight.example,25-34,£100k-£150k,FR,Occitanie,Toulouse,Demand Gen Manager,Manager,Marketing,1,False,0.71
isla@harbour-consulting.example,25-34,£25k-£50k,UK,Scotland,Edinburgh,Assistant,Individual contributor,Operations,1,False,0.92
isla@heron-works.example,25-34,£25k-£50k,UK,West Midlands,Birmingham,Analyst,Individual contributor,Operations,1,False,0.84
isla@kelvin-industries.example,18-24,£50k-£100k,US,New York,New York,Assistant,Individual contributor,Operations,2,False,0.78
isla@kingsway-outfitters.example,45-54,£50k-£100k,UK,South West,Bristol,VP Marketing,Director or above,Marketing,1,True,0.89
isla@lantern-capital.example,25-34,£50k-£100k,UK,South West,Bristol,Marketing Coordinator,Individual contributor,Marketing,2,False,0.63
isla@lantern-consulting.example,25-34,£100k-£150k,UK,North West,Manchester,Founder,Director or above,Executive,8,True,0.81
isla@lantern-trading.example,35-44,£25k-£50k,DE,Bavaria,Munich,Analyst,Individual contributor,Operations,3,False,0.98
isla@larkspur-health.example,18-24,under £25k,FR,Ile-de-France,Paris,Student,Student,Student,0,False,0.6
isla@larkspur-industries.example,35-44,£50k-£100k,NL,Utrecht,Utrecht,Head of Growth,Manager,Marketing,4,False,0.93
isla@lindenwood-labs.example,25-34,£50k-£100k,US,Washington,Seattle,Marketing Executive,Individual contributor,Marketing,3,False,0.72
isla@marigold-pharma.example,25-34,£25k-£50k,NL,North Holland,Amsterdam,Analyst,Individual contributor,Operations,4,True,0.7
isla@meridian-fabrication.example,35-44,£50k-£100k,DE,Berlin,Berlin,Head of Marketing,Manager,Marketing,7,True,0.63
isla@meridian-transport.example,25-34,£25k-£50k,US,Washington,Seattle,Analyst,Individual contributor,Operations,4,True,0.78
isla@nimbus-dental.example,35-44,£150k+,US,Massachusetts,Boston,VP Marketing,Director or above,Marketing,10,True,0.61
isla@nimbus-software.example,55-64,£100k-£150k,UK,Scotland,Edinburgh,Director of Sales,Director or above,Sales,1,True,0.81
isla@oakridge-pharma.example,35-44,£150k+,US,Texas,Austin,Head of Marketing,Manager,Marketing,4,False,0.63
isla@pebble-works.example,55-64,£50k-£100k,US,Illinois,Chicago,VP Marketing,Director or above,Marketing,0,True,0.97
isla@pennine-capital.example,25-34,£25k-£50k,FR,Ile-de-France,Paris,Head of Marketing,Manager,Marketing,2,False,0.79
isla@quartz-trading.example,55-64,£100k-£150k,DE,Bavaria,Munich,Chief Revenue Officer,Director or above,Executive,7,True,0.93
isla@riverside-digital.example,35-44,£100k-£150k,US,Illinois,Chicago,Marketing Director,Director or above,Marketing,7,True,0.71
isla@saltmarsh-shipping.example,45-54,£100k-£150k,UK,Scotland,Edinburgh,Managing Director,Director or above,Executive,4,True,0.71
isla@silverline-engineering.example,18-24,£50k-£100k,UK,South West,Bristol,Marketing Executive,Individual contributor,Marketing,3,False,0.85
isla@thornbury-haulage.example,25-34,£100k-£150k,UK,London,London,Head of Marketing,Manager,Marketing,4,False,0.96
isla@umber-training.example,45-54,£100k-£150k,UK,South West,Bristol,Managing Director,Director or above,Executive,2,True,0.92
isla@upland-consulting.example,25-34,£100k-£150k,US,Illinois,Chicago,Marketing Executive,Individual contributor,Marketing,3,True,0.9
isla@valley-consulting.example,18-24,£50k-£100k,NL,South Holland,Rotterdam,Assistant,Individual contributor,Operations,9,False,0.77
isla@vantage-advisory.example,25-34,£50k-£100k,FR,Ile-de-France,Paris,Assistant,Individual contributor,Operations,1,True,0.83
isla@westbrook-industries.example,35-44,£100k-£150k,US,Texas,Austin,Head of Marketing,Manager,Marketing,4,False,0.95
isla@zephyr-digital.example,25-34,£25k-£50k,DE,Berlin,Berlin,Marketing Manager,Manager,Marketing,2,True,0.87
islabernard88@yahoo.example,35-44,£25k-£50k,NL,South Holland,Rotterdam,Marketing Manager,Manager,Marketing,2,False,0.63
isladevries83@yahoo.example,35-44,£25k-£50k,UK,Scotland,Edinburgh,Chief Revenue Officer,Director or above,Executive,3,True,0.91
islaevans76@hotmail.example,18-24,£50k-£100k,US,New York,New York,Marketing Coordinator,Individual contributor,Marketing,5,False,0.79
islajansen52@icloud.example,18-24,£25k-£50k,UK,North West,Manchester,Student,Student,Student,0,False,0.8
islamiller83@gmail.example,55-64,£50k-£100k,US,California,San Francisco,Head of Growth,Manager,Marketing,3,True,0.89
islamuller57@yahoo.example,18-24,£25k-£50k,US,Massachusetts,Boston,Marketing Coordinator,Individual contributor,Marketing,6,False,0.63
islayoung59@hotmail.example,18-24,under £25k,NL,North Brabant,Eindhoven,Assistant,Individual contributor,Operations,1,False,0.96
iwhite352@yahoo.example,45-54,£50k-£100k,US,Texas,Austin,Director of Sales,Director or above,Sales,3,True,0.88
j.anderson@pennine-lending.example,35-44,£150k+,US,Washington,Seattle,Marketing Director,Director or above,Marketing,2,True,0.77
j.anderson@tamarind-academy.example,45-54,£100k-£150k,US,New York,New York,Operations Manager,Manager,Operations,2,False,0.88
j.baker@ashford-college.example,35-44,£100k-£150k,UK,West Midlands,Birmingham,Sales Manager,Manager,Sales,0,False,0.95
j.baker@aurora-health.example,35-44,£50k-£100k,NL,North Holland,Amsterdam,Head of Growth,Manager,Marketing,2,False,0.63
j.baker@emberly-couriers.example,18-24,£50k-£100k,US,Illinois,Chicago,Marketing Executive,Individual contributor,Marketing,3,False,0.71
j.bakker@hawthorn-training.example,25-34,£50k-£100k,DE,Hesse,Frankfurt,Operations Manager,Manager,Operations,10,False,0.84
j.bakker@thornbury-wealth.example,45-54,£100k-£150k,US,New York,New York,Demand Gen Manager,Manager,Marketing,9,True,0.86
j.bernard@ashford-medical.example,18-24,£25k-£50k,FR,Occitanie,Toulouse,Analyst,Individual contributor,Operations,5,False,0.81
j.bernard@foxglove-stores.example,18-24,under £25k,US,New York,New York,Student,Student,Student,0,False,0.84
j.bernard@nettlefield-manufacturing.example,18-24,£50k-£100k,US,Illinois,Chicago,Assistant,Individual contributor,Operations,4,False,0.98
j.bernard@pennine-legal.example,25-34,£25k-£50k,NL,North Holland,Amsterdam,Analyst,Individual contributor,Operations,3,False,0.62
j.brown@ironbridge-college.example,35-44,£50k-£100k,DE,Hamburg,Hamburg,Operations Manager,Manager,Operations,13,False,0.97
j.brown@ironbridge-wealth.example,45-54,£150k+,US,Massachusetts,Boston,Marketing Director,Director or above,Marketing,7,False,0.91
j.davies@dovecote-recruitment.example,35-44,£100k-£150k,FR,Ile-de-France,Paris,Marketing Manager,Manager,Marketing,2,True,0.72
j.davies@highgate-wealth.example,25-34,£25k-£50k,UK,West Midlands,Birmingham,Marketing Executive,Individual contributor,Marketing,5,False,0.87
j.devries@hawthorn-associates.example,25-34,£100k-£150k,US,New York,New York,Demand Gen Manager,Manager,Marketing,4,False,0.71
j.devries@juniper-retail.example,18-24,£25k-£50k,UK,West Midlands,Birmingham,Assistant,Individual contributor,Operations,6,False,0.72
j.devries@quartz-retail.example,25-34,£50k-£100k,UK,South West,Bristol,Assistant,Individual contributor,Operations,6,False,0.84
j.devries@tamarind-systems.example,35-44,£50k-£100k,US,Washington,Seattle,Operations Manager,Manager,Operations,3,False,0.69
j.dubois@riverside-recruitment.example,25-34,£25k-£50k,UK,Yorkshire,Leeds,Sales Rep,Individual contributor,Sales,2,False,0.76
j.dubois@willow-digital.example,18-24,£25k-£50k,UK,West Midlands,Birmingham,Analyst,Individual contributor,Operations,2,False,0.75
j.dubois@zephyr-goods.example,45-54,£100k-£150k,FR,Ile-de-France,Paris,Demand Gen Manager,Manager,Marketing,10,True,0.73
j.evans@heron-cloud.example,18-24,£100k-£150k,US,Washington,Seattle,Analyst,Individual contributor,Operations,2,False,0.69
j.evans@keystone-care.example,35-44,£50k-£100k,UK,London,London,Head of Marketing,Manager,Marketing,0,True,0.76
j.garcia@cedar-cloud.example,45-54,£50k-£100k,US,Washington,Seattle,Sales Manager,Manager,Sales,3,False,0.6
j.garcia@riverside-freight.example,35-44,£50k-£100k,US,Illinois,Chicago,Sales Manager,Manager,Sales,5,True,0.71
j.green@ivywood-learning.example,35-44,£100k-£150k,DE,Berlin,Berlin,CEO,Director or above,Executive,4,True,0.68
j.green@nimbus-outfitters.example,35-44,£50k-£100k,UK,West Midlands,Birmingham,Marketing Executive,Individual contributor,Marketing,1,False,0.79
j.hall@inkwell-systems.example,45-54,£25k-£50k,US,Texas,Austin,Analyst,Individual contributor,Operations,0,False,0.9
j.hall@orchard-shipping.example,25-34,£25k-£50k,US,Illinois,Chicago,Demand Gen Manager,Manager,Marketing,2,False,0.68
j.hall@pebble-consulting.example,25-34,£150k+,UK,South West,Bristol,Marketing Director,Director or above,Marketing,7,True,0.86
j.hall@saltmarsh-consulting.example,35-44,£50k-£100k,UK,Yorkshire,Leeds,Demand Gen Manager,Manager,Marketing,1,False,0.78
j.hughes@ironbridge-engineering.example,35-44,£100k-£150k,FR,Hauts-de-France,Lille,VP Marketing,Director or above,Marketing,1,True,0.84
j.hughes@keystone-capital.example,25-34,£25k-£50k,FR,Hauts-de-France,Lille,Assistant,Individual contributor,Operations,0,False,0.92
j.hughes@lantern-capital.example,35-44,£50k-£100k,UK,London,London,Demand Gen Manager,Manager,Marketing,1,False,0.64
j.hughes@tamarind-data.example,25-34,£25k-£50k,FR,Occitanie,Toulouse,Marketing Executive,Individual contributor,Marketing,4,False,0.95
j.jansen@nimbus-trading.example,25-34,under £25k,FR,Ile-de-France,Paris,Sales Rep,Individual contributor,Sales,1,False,0.83
j.johnson@aurora-freight.example,25-34,under £25k,FR,Auvergne-Rhone-Alpes,Lyon,Student,Student,Student,0,False,0.87
j.johnson@glenmoor-freight.example,35-44,£100k-£150k,UK,North West,Manchester,Operations Manager,Manager,Operations,3,True,0.84
j.johnson@lantern-advisory.example,25-34,£50k-£100k,DE,Hesse,Frankfurt,Head of Growth,Manager,Marketing,2,True,0.68
j.johnson@northwind-associates.example,25-34,£25k-£50k,UK,Yorkshire,Leeds,Analyst,Individual contributor,Operations,2,False,0.76
j.johnson@tidewater-accountants.example,45-54,£150k+,FR,Hauts-de-France,Lille,VP Marketing,Director or above,Marketing,3,True,0.94
j.johnson@zephyr-labs.example,18-24,under £25k,UK,London,London,Student,Student,Student,0,False,0.95
j.jones@harbour-engineering.example,18-24,£25k-£50k,NL,South Holland,Rotterdam,Marketing Executive,Individual contributor,Marketing,3,False,0.88
j.jones@saltmarsh-insurance.example,35-44,£100k-£150k,UK,Scotland,Edinburgh,Head of Growth,Manager,Marketing,6,False,0.77
j.khan@saltmarsh-lending.example,35-44,£50k-£100k,DE,Hamburg,Hamburg,Head of Marketing,Manager,Marketing,2,False,0.87
j.king@ivywood-software.example,25-34,under £25k,FR,Hauts-de-France,Lille,Assistant,Individual contributor,Operations,3,True,0.82
j.king@nettlefield-shipping.example,45-54,£25k-£50k,UK,South West,Bristol,Operations Manager,Manager,Operations,0,False,0.8
j.lewis@quartz-medical.example,45-54,£150k+,FR,Hauts-de-France,Lille,Chief Revenue Officer,Director or above,Executive,4,False,0.83
j.lewis@saltmarsh-legal.example,45-54,£50k-£100k,NL,Utrecht,Utrecht,Marketing Manager,Manager,Marketing,0,False,0.93
j.lewis@tamarind-academy.example,35-44,£25k-£50k,US,Washington,Seattle,Operations Manager,Manager,Operations,1,False,0.7
j.lewis@westbrook-academy.example,35-44,£100k-£150k,US,Massachusetts,Boston,VP Marketing,Director or above,Marketing,1,False,0.62
j.miller@ashford-components.example,25-34,£150k+,US,Massachusetts,Boston,Head of Marketing,Manager,Marketing,5,True,0.83
j.miller@bluebell-accountants.example,45-54,£100k-£150k,FR,Hauts-de-France,Lille,Managing Director,Director or above,Executive,6,True,0.82
j.miller@dovecote-medical.example,45-54,£100k-£150k,US,Massachusetts,Boston,Head of Marketing,Manager,Marketing,5,False,0.98
j.miller@larkspur-manufacturing.example,35-44,£25k-£50k,UK,North West,Manchester,Marketing Coordinator,Individual contributor,Marketing,0,False,0.85
j.miller@upland-couriers.example,45-54,£100k-£150k,UK,West Midlands,Birmingham,Chief Revenue Officer,Director or above,Executive,1,True,0.75
j.moore@cobalt-industries.example,45-54,£50k-£100k,UK,West Midlands,Birmingham,Sales Manager,Manager,Sales,2,True,0.8
j.moore@falcon-works.example,45-54,£50k-£100k,FR,Ile-de-France,Paris,Operations Manager,Manager,Operations,1,True,0.6
j.moore@heron-health.example,35-44,£25k-£50k,FR,Occitanie,Toulouse,Marketing Manager,Manager,Marketing,2,False,0.85
j.moore@lindenwood-capital.example,25-34,£50k-£100k,UK,Yorkshire,Leeds,Sales Manager,Manager,Sales,4,True,0.78
j.moore@meridian-insurance.example,45-54,£25k-£50k,UK,Scotland,Edinburgh,Marketing Manager,Manager,Marketing,2,False,0.65
j.moore@nimbus-engineering.example,25-34,£25k-£50k,FR,Auvergne-Rhone-Alpes,Lyon,Sales Rep,Individual contributor,Sales,7,False,0.89
j.moore@riverside-partners.example,18-24,£50k-£100k,NL,Utrecht,Utrecht,Analyst,Individual contributor,Operations,3,False,0.85
j.moore@willow-clinics.example,35-44,£50k-£100k,UK,Scotland,Edinburgh,Marketing Manager,Manager,Marketing,2,True,0.89
j.muller@pennine-data.example,25-34,£50k-£100k,UK,West Midlands,Birmingham,Operations Manager,Manager,Operations,7,True,0.76
j.muller@quartz-medical.example,25-34,£25k-£50k,FR,Ile-de-France,Paris,Marketing Executive,Individual contributor,Marketing,1,False,0.67
j.muller@quayside-engineering.example,25-34,£100k-£150k,US,California,San Francisco,Demand Gen Manager,Manager,Marketing,7,True,0.8
j.muller@vantage-pharma.example,18-24,£25k-£50k,US,New York,New York,Student,Student,Student,0,False,0.64
j.murphy@fernhill-college.example,25-34,£25k-£50k,DE,Hamburg,Hamburg,Head of Growth,Manager,Marketing,3,True,0.71
j.murphy@kestrel-legal.example,45-54,£100k-£150k,US,California,San Francisco,VP Marketing,Director or above,Marketing,0,True,0.93
j.patel@glenmoor-legal.example,25-34,£25k-£50k,UK,Yorkshire,Leeds,Assistant,Individual contributor,Operations,1,False,0.76
j.patel@kestrel-dental.example,45-54,£25k-£50k,UK,London,London,Marketing Executive,Individual contributor,Marketing,1,False,0.84
j.patel@pebble-digital.example,18-24,under £25k,UK,London,London,Assistant,Individual contributor,Operations,7,False,0.61
j.patel@saltmarsh-health.example,35-44,£50k-£100k,US,New York,New York,Sales Manager,Manager,Sales,1,True,0.89
j.patel@tidewater-advisory.example,25-34,£25k-£50k,UK,London,London,Marketing Executive,Individual contributor,Marketing,0,False,0.66
j.patel@umber-consulting.example,45-54,£100k-£150k,UK,Yorkshire,Leeds,Marketing Director,Director or above,Marketing,0,False,0.76
j.roberts@evergreen-capital.example,45-54,£50k-£100k,DE,Hesse,Frankfurt,Operations Manager,Manager,Operations,3,True,0.8
j.roberts@harbour-industries.example,45-54,£150k+,US,Texas,Austin,Chief Revenue Officer,Director or above,Executive,6,False,0.71
j.schmidt@lindenwood-education.example,25-34,£25k-£50k,US,New York,New York,Assistant,Individual contributor,Operations,1,False,0.96
j.schmidt@riverside-capital.example,35-44,£100k-£150k,UK,Yorkshire,Leeds,CEO,Director or above,Executive,7,True,0.98
j.scott@brightwater-logistics.example,35-44,£100k-£150k,FR,Auvergne-Rhone-Alpes,Lyon,CEO,Director or above,Executive,6,True,0.71
j.scott@pebble-stores.example,18-24,under £25k,DE,Hamburg,Hamburg,Student,Student,Student,0,False,0.92
j.scott@valley-haulage.example,45-54,£100k-£150k,DE,Bavaria,Munich,CEO,Director or above,Executive,2,False,0.81
j.smith@riverside-capital.example,25-34,£25k-£50k,UK,Yorkshire,Leeds,Head of Growth,Manager,Marketing,1,True,0.77
j.taylor@aurora-recruitment.example,35-44,£100k-£150k,US,Texas,Austin,Director of Sales,Director or above,Sales,6,False,0.79
j.taylor@norfolk-stores.example,25-34,£50k-£100k,UK,Scotland,Edinburgh,Founder,Director or above,Executive,6,False,0.67
j.thompson@clearwater-associates.example,25-34,£50k-£100k,US,Washington,Seattle,Marketing Coordinator,Individual contributor,Marketing,1,True,0.85
j.walker@aurora-software.example,35-44,£100k-£150k,US,New York,New York,Head of Marketing,Manager,Marketing,8,False,0.6
j.walker@hawthorn-stores.example,18-24,£50k-£100k,US,Washington,Seattle,Student,Student,Student,0,False,0.64
j.walker@meridian-stores.example,25-34,under £25k,NL,Utrecht,Utrecht,Assistant,Individual contributor,Operations,3,True,0.66
j.walker@nimbus-freight.example,45-54,£100k-£150k,DE,Bavaria,Munich,Managing Director,Director or above,Executive,3,True,0.66
j.weber@willow-health.example,18-24,£50k-£100k,US,Massachusetts,Boston,Sales Rep,Individual contributor,Sales,3,False,0.85
j.white@kestrel-industries.example,45-54,£100k-£150k,UK,South West,Bristol,Director of Sales,Director or above,Sales,1,True,0.71
j.williams@evergreen-retail.example,45-54,£150k+,UK,London,London,Marketing Director,Director or above,Marketing,3,True,0.77
j.williams@jasper-clinics.example,55-64,£100k-£150k,US,Massachusetts,Boston,Chief Revenue Officer,Director or above,Executive,13,True,0.86
j.williams@juniper-associates.example,55-64,£100k-£150k,US,California,San Francisco,VP Marketing,Director or above,Marketing,2,True,0.73
j.williams@kestrel-engineering.example,35-44,£100k-£150k,UK,London,London,Director of Sales,Director or above,Sales,2,True,0.91
j.williams@nimbus-pharma.example,35-44,£100k-£150k,UK,North West,Manchester,VP Marketing,Director or above,Marketing,1,True,0.7
j.williams@pennine-health.example,35-44,£50k-£100k,DE,Hesse,Frankfurt,Sales Manager,Manager,Sales,1,False,0.81
j.williams@quayside-medical.example,35-44,£150k+,US,California,San Francisco,Operations Manager,Manager,Operations,4,True,0.77
j.wood@ashford-components.example,25-34,£100k-£150k,US,Illinois,Chicago,Demand Gen Manager,Manager,Marketing,6,True,0.86
j.wood@granite-dental.example,45-54,£100k-£150k,FR,Auvergne-Rhone-Alpes,Lyon,Operations Manager,Manager,Operations,6,False,0.66
j.wright@cedar-outfitters.example,25-34,£50k-£100k,UK,South West,Bristol,Marketing Manager,Manager,Marketing,3,True,0.71
j.wright@highgate-trading.example,35-44,£100k-£150k,UK,Yorkshire,Leeds,Managing Director,Director or above,Executive,7,True,0.74
j.wright@silverline-advisory.example,18-24,£25k-£50k,NL,South Holland,Rotterdam,Analyst,Individual contributor,Operations,0,True,0.79
j.young@ashford-partners.example,25-34,£50k-£100k,UK,North West,Manchester,Head of Growth,Manager,Marketing,3,True,0.67
j.young@brightwater-education.example,35-44,£50k-£100k,DE,Bavaria,Munich,Marketing Manager,Manager,Marketing,8,True,0.74
j.young@jasper-market.example,35-44,£25k-£50k,UK,North West,Manchester,Head of Growth,Manager,Marketing,9,True,0.72
j.young@larkspur-wealth.example,35-44,£100k-£150k,DE,Hesse,Frankfurt,CEO,Director or above,Executive,4,False,0.67
jack.baker@kestrel-stores.example,35-44,£50k-£100k,UK,North West,Manchester,Founder,Director or above,Executive,0,False,0.75
jack.bakker@hotmail.example,45-54,£100k-£150k,FR,Hauts-de-France,Lille,Marketing Director,Director or above,Marketing,2,False,0.76
jack.bakker@icloud.example,25-34,£50k-£100k,UK,North West,Manchester,Marketing Manager,Manager,Marketing,2,True,0.9
jack.bernard@brightwater-consulting.example,45-54,£150k+,UK,Yorkshire,Leeds,Marketing Director,Director or above,Marketing,3,False,0.69
jack.brown@northwind-training.example,18-24,£25k-£50k,UK,West Midlands,Birmingham,Sales Rep,Individual contributor,Sales,3,True,0.91
jack.brown@orchard-lending.example,35-44,£50k-£100k,FR,Ile-de-France,Paris,Head of Growth,Manager,Marketing,4,True,0.88
jack.brown@rosewood-accountants.example,35-44,£100k-£150k,DE,Hesse,Frankfurt,Demand Gen Manager,Manager,Marketing,0,True,0.95
jack.brown@tidewater-market.example,18-24,£100k-£150k,UK,London,London,Head of Growth,Manager,Marketing,2,True,0.87
jack.clarke@lantern-pharma.example,35-44,£100k-£150k,NL,North Brabant,Eindhoven,Sales Manager,Manager,Sales,4,True,0.72
jack.devries@fernhill-logistics.example,35-44,£100k-£150k,UK,London,London,Chief Revenue Officer,Director or above,Executive,6,True,0.69
jack.dubois@heron-works.example,18-24,£25k-£50k,UK,London,London,Student,Student,Student,0,False,0.7
jack.evans@clearwater-outfitters.example,25-34,£25k-£50k,US,Texas,Austin,Student,Student,Student,0,False,0.9
jack.garcia@ashford-stores.example,45-54,£50k-£100k,US,Massachusetts,Boston,Marketing Coordinator,Individual contributor,Marketing,2,True,0.65
jack.garcia@norfolk-engineering.example,35-44,£100k-£150k,FR,Hauts-de-France,Lille,Marketing Director,Director or above,Marketing,4,True,0.81
jack.green@gmail.example,35-44,£50k-£100k,UK,North West,Manchester,CEO,Director or above,Executive,5,True,0.84
jack.green@juniper-associates.example,18-24,£25k-£50k,US,Massachusetts,Boston,Marketing Coordinator,Individual contributor,Marketing,0,False,0.77
jack.green@willow-advisory.example,55-64,£150k+,FR,Auvergne-Rhone-Alpes,Lyon,CEO,Director or above,Executive,3,True,0.92
jack.hall@glenmoor-data.example,35-44,£100k-£150k,US,New York,New York,Director of Sales,Director or above,Sales,0,False,0.77
jack.hall@outlook.example,35-44,£50k-£100k,US,Texas,Austin,Operations Manager,Manager,Operations,3,True,0.88
jack.hall@yarrow-labs.example,55-64,£100k-£150k,US,Texas,Austin,Founder,Director or above,Executive,3,True,0.83
jack.hughes@stonebridge-outfitters.example,45-54,£50k-£100k,NL,South Holland,Rotterdam,Operations Manager,Manager,Operations,4,False,0.85
jack.jansen@gmail.example,35-44,under £25k,NL,Utrecht,Utrecht,Sales Manager,Manager,Sales,6,False,0.87
jack.jansen@hotmail.example,45-54,£25k-£50k,FR,Auvergne-Rhone-Alpes,Lyon,Sales Manager,Manager,Sales,1,False,0.61
jack.johnson@brightwater-goods.example,18-24,£50k-£100k,US,Illinois,Chicago,Head of Growth,Manager,Marketing,2,False,0.83
jack.johnson@gmail.example,45-54,£100k-£150k,NL,Utrecht,Utrecht,Chief Revenue Officer,Director or above,Executive,4,False,0.77
jack.johnson@upland-labs.example,35-44,£25k-£50k,UK,West Midlands,Birmingham,Marketing Manager,Manager,Marketing,4,False,0.67
jack.khan@falcon-cloud.example,55-64,£100k-£150k,US,New York,New York,Operations Manager,Manager,Operations,0,True,0.86
jack.king@elmstead-training.example,55-64,£150k+,UK,Yorkshire,Leeds,Director of Sales,Director or above,Sales,3,False,0.97
jack.king@silverline-insurance.example,25-34,£25k-£50k,US,Washington,Seattle,Sales Rep,Individual contributor,Sales,2,False,0.91
jack.lewis@beacon-data.example,25-34,£25k-£50k,US,California,San Francisco,Analyst,Individual contributor,Operations,0,False,0.65
jack.lewis@dunmore-academy.example,45-54,£50k-£100k,US,Washington,Seattle,Marketing Manager,Manager,Marketing,1,False,0.79
jack.lewis@quayside-haulage.example,35-44,£100k-£150k,US,Texas,Austin,Chief Revenue Officer,Director or above,Executive,2,True,0.67
jack.lewis@saltmarsh-labs.example,45-54,£50k-£100k,DE,Berlin,Berlin,Director of Sales,Director or above,Sales,4,False,0.84
jack.lewis@tamarind-accountants.example,25-34,£25k-£50k,FR,Auvergne-Rhone-Alpes,Lyon,Assistant,Individual contributor,Operations,4,True,0.76
jack.martin@norfolk-health.example,55-64,£100k-£150k,US,Texas,Austin,VP Marketing,Director or above,Marketing,7,True,0.65
jack.martin@pennine-legal.example,55-64,£50k-£100k,NL,North Brabant,Eindhoven,Managing Director,Director or above,Executive,5,False,0.95
jack.miller@norfolk-retail.example,35-44,£50k-£100k,FR,Auvergne-Rhone-Alpes,Lyon,Head of Growth,Manager,Marketing,2,False,0.76
jack.miller@vantage-care.example,55-64,£25k-£50k,UK,West Midlands,Birmingham,Operations Manager,Manager,Operations,2,True,0.62
jack.murphy@greystone-freight.example,35-44,£50k-£100k,FR,Auvergne-Rhone-Alpes,Lyon,Head of Marketing,Manager,Marketing,13,True,0.85
jack.murphy@hotmail.example,45-54,£100k-£150k,UK,Yorkshire,Leeds,Managing Director,Director or above,Executive,5,True,0.74
jack.murphy@orchard-stores.example,25-34,£50k-£100k,UK,West Midlands,Birmingham,Marketing Manager,Manager,Marketing,1,False,0.69
jack.murphy@orchard-tutors.example,45-54,£100k-£150k,US,Illinois,Chicago,Head of Marketing,Manager,Marketing,4,True,0.86
jack.patel@outlook.example,18-24,£25k-£50k,US,California,San Francisco,Student,Student,Student,0,False,0.74
jack.patel@valley-advisory.example,18-24,£25k-£50k,NL,North Brabant,Eindhoven,Assistant,Individual contributor,Operations,3,False,0.62
jack.patel@yahoo.example,25-34,£25k-£50k,UK,North West,Manchester,Sales Rep,Individual contributor,Sales,1,False,0.76
jack.roberts@lindenwood-labs.example,55-64,£150k+,US,New York,New York,Director of Sales,Director or above,Sales,3,True,0.79
jack.roberts@northwind-cloud.example,35-44,£50k-£100k,FR,Auvergne-Rhone-Alpes,Lyon,Demand Gen Manager,Manager,Marketing,5,False,0.66
jack.roberts@yahoo.example,35-44,£100k-£150k,US,Massachusetts,Boston,Marketing Director,Director or above,Marketing,2,False,0.63
jack.schmidt@northwind-dental.example,25-34,under £25k,DE,Hesse,Frankfurt,Analyst,Individual contributor,Operations,1,False,0.79
jack.schmidt@rosewood-components.example,55-64,£50k-£100k,UK,South West,Bristol,Sales Manager,Manager,Sales,2,True,0.96
jack.taylor@granite-shipping.example,25-34,£25k-£50k,FR,Auvergne-Rhone-Alpes,Lyon,Marketing Coordinator,Individual contributor,Marketing,1,False,0.86
jack.walker@elmstead-cloud.example,45-54,£50k-£100k,US,Massachusetts,Boston,Director of Sales,Director or above,Sales,3,True,0.71
jack.weber@elmstead-digital.example,35-44,£100k-£150k,UK,Yorkshire,Leeds,Director of Sales,Director or above,Sales,3,False,0.7
jack.weber@glenmoor-freight.example,35-44,£50k-£100k,UK,West Midlands,Birmingham,Operations Manager,Manager,Operations,4,False,0.86
jack.weber@hotmail.example,35-44,£100k-£150k,US,Illinois,Chicago,CEO,Director or above,Executive,3,True,0.69
jack.weber@lantern-data.example,25-34,£50k-£100k,FR,Occitanie,Toulouse,Demand Gen Manager,Manager,Marketing,3,True,0.77
jack.weber@tidewater-care.example,18-24,£25k-£50k,UK,South West,Bristol,Marketing Coordinator,Individual contributor,Marketing,1,False,0.74
jack.white75@icloud.example,25-34,£50k-£100k,UK,London,London,Marketing Executive,Individual contributor,Marketing,4,False,0.73
jack.white@icloud.example,25-34,£50k-£100k,US,New York,New York,Marketing Manager,Manager,Marketing,3,False,0.63
jack.williams@gmail.example,18-24,under £25k,US,Washington,Seattle,Student,Student,Student,0,False,0.64
jack.williams@kestrel-education.example,45-54,£100k-£150k,UK,South West,Bristol,Marketing Director,Director or above,Marketing,1,False,0.85
jack.williams@lindenwood-engineering.example,25-34,£25k-£50k,UK,South West,Bristol,Sales Rep,Individual contributor,Sales,1,False,0.78
jack.wilson@elmstead-wealth.example,35-44,£50k-£100k,UK,Scotland,Edinburgh,VP Marketing,Director or above,Marketing,4,True,0.61
jack.wood@norfolk-college.example,25-34,£25k-£50k,UK,Scotland,Edinburgh,Sales Rep,Individual contributor,Sales,3,False,0.71
jack.wood@pinecrest-labs.example,18-24,£25k-£50k,UK,Yorkshire,Leeds,Assistant,Individual contributor,Operations,4,False,0.72
jack.wright@nimbus-lending.example,35-44,£25k-£50k,DE,Berlin,Berlin,Demand Gen Manager,Manager,Marketing,0,False,0.91
jack50@harbour-couriers.example,25-34,£25k-£50k,UK,South West,Bristol,Marketing Coordinator,Individual contributor,Marketing,4,True,0.73
jack@alder-fabrication.example,35-44,£50k-£100k,DE,Bavaria,Munich,Demand Gen Manager,Manager,Marketing,2,False,0.95
jack@ashford-capital.example,25-34,£25k-£50k,US,Massachusetts,Boston,Analyst,Individual contributor,Operations,10,False,0.61
jack@aurora-consulting.example,35-44,£100k-£150k,UK,South West,Bristol,Head of Growth,Manager,Marketing,0,False,0.7
jack@bramble-capital.example,25-34,£25k-£50k,DE,Berlin,Berlin,Demand Gen Manager,Manager,Marketing,2,True,0.63
jack@brightwater-cloud.example,25-34,£25k-£50k,UK,Scotland,Edinburgh,Analyst,Individual contributor,Operations,3,True,0.62
jack@cedar-finance.example,45-54,£50k-£100k,US,Massachusetts,Boston,Sales Manager,Manager,Sales,7,True,0.91
jack@elmstead-stores.example,35-44,£150k+,UK,Yorkshire,Leeds,VP Marketing,Director or above,Marketing,1,True,0.89
jack@emberly-components.example,25-34,£25k-£50k,DE,Hesse,Frankfurt,Head of Growth,Manager,Marketing,3,False,0.91
jack@falcon-training.example,35-44,£100k-£150k,UK,Scotland,Edinburgh,Marketing Manager,Manager,Marketing,1,False,0.85
jack@glenmoor-tutors.example,25-34,£50k-£100k,FR,Ile-de-France,Paris,Head of Marketing,Manager,Marketing,1,False,0.69
jack@harbour-couriers.example,25-34,£50k-£100k,UK,Scotland,Edinburgh,Demand Gen Manager,Manager,Marketing,3,False,0.7
jack@hawthorn-tutors.example,25-34,£25k-£50k,FR,Ile-de-France,Paris,Analyst,Individual contributor,Operations,1,False,0.78
jack@heron-stores.example,55-64,£25k-£50k,UK,South West,Bristol,Marketing Manager,Manager,Marketing,2,True,0.64
jack@highgate-systems.example,45-54,£150k+,UK,West Midlands,Birmingham,Founder,Director or above,Executive,3,True,0.74
jack@inkwell-college.example,35-44,£25k-£50k,UK,Yorkshire,Leeds,Head of Marketing,Manager,Marketing,3,True,0.74
jack@kestrel-insurance.example,45-54,£50k-£100k,FR,Occitanie,Toulouse,Director of Sales,Director or above,Sales,5,True,0.85
jack@lindenwood-accountants.example,25-34,£25k-£50k,DE,Hamburg,Hamburg,Marketing Executive,Individual contributor,Marketing,2,True,0.87
jack@nettlefield-accountants.example,25-34,£50k-£100k,US,Illinois,Chicago,Marketing Coordinator,Individual contributor,Marketing,13,False,0.85
jack@nimbus-accountants.example,55-64,£50k-£100k,NL,North Brabant,Eindhoven,Sales Manager,Manager,Sales,3,False,0.96
jack@nimbus-labs.example,18-24,£50k-£100k,NL,Utrecht,Utrecht,Operations Manager,Manager,Operations,2,True,0.94
jack@norfolk-legal.example,25-34,£100k-£150k,DE,Bavaria,Munich,Founder,Director or above,Executive,1,True,0.82
jack@oakridge-consulting.example,18-24,£25k-£50k,US,Massachusetts,Boston,Marketing Executive,Individual contributor,Marketing,2,True,0.74
jack@oakridge-stores.example,35-44,£50k-£100k,US,Illinois,Chicago,Analyst,Individual contributor,Operations,5,True,0.62
jack@pebble-clinics.example,35-44,£25k-£50k,UK,Scotland,Edinburgh,Head of Growth,Manager,Marketing,1,False,0.7
jack@pebble-college.example,35-44,£50k-£100k,FR,Auvergne-Rhone-Alpes,Lyon,Operations Manager,Manager,Operations,1,True,0.77
jack@pebble-systems.example,55-64,£100k-£150k,UK,Yorkshire,Leeds,Managing Director,Director or above,Executive,1,False,0.85
jack@pennine-data.example,18-24,£25k-£50k,UK,Yorkshire,Leeds,Sales Rep,Individual contributor,Sales,3,False,0.95
jack@pinecrest-couriers.example,25-34,£25k-£50k,FR,Occitanie,Toulouse,Analyst,Individual contributor,Operations,3,False,0.73
jack@quayside-recruitment.example,18-24,£25k-£50k,DE,Hamburg,Hamburg,Marketing Executive,Individual contributor,Marketing,4,False,0.8
jack@riverside-learning.example,45-54,£25k-£50k,FR,Hauts-de-France,Lille,Sales Manager,Manager,Sales,3,False,0.95
jack@rosewood-industries.example,35-44,£50k-£100k,NL,South Holland,Rotterdam,Head of Growth,Manager,Marketing,6,True,0.82
jack@silverline-tutors.example,25-34,£50k-£100k,UK,Scotland,Edinburgh,Sales Manager,Manager,Sales,4,True,0.8
jack@stonebridge-dental.example,55-64,£25k-£50k,US,New York,New York,Marketing Manager,Manager,Marketing,3,True,0.98
jack@stonebridge-finance.example,25-34,£50k-£100k,US,California,San Francisco,Sales Rep,Individual contributor,Sales,5,False,0.69
jack@tamarind-logistics.example,45-54,£100k-£150k,DE,Hamburg,Hamburg,Director of Sales,Director or above,Sales,1,False,0.79
jack@upland-couriers.example,45-54,£150k+,UK,South West,Bristol,Director of Sales,Director or above,Sales,4,True,0.99
jack@westbrook-manufacturing.example,35-44,£100k-£150k,NL,Utrecht,Utrecht,Director of Sales,Director or above,Sales,1,True,0.93
jack@yarrow-outfitters.example,35-44,£25k-£50k,US,California,San Francisco,Head of Growth,Manager,Marketing,1,True,0.97
jack@zephyr-partners.example,35-44,£50k-£100k,US,California,San Francisco,Head of Growth,Manager,Marketing,0,True,0.63
jackanderson51@outlook.example,25-34,£25k-£50k,UK,Yorkshire,Leeds,Sales Rep,Individual contributor,Sales,6,True,0.72
jackbaker05@hotmail.example,55-64,£50k-£100k,DE,Berlin,Berlin,CEO,Director or above,Executive,1,True,0.83
jackhughes08@icloud.example,25-34,£50k-£100k,FR,Ile-de-France,Paris,Marketing Manager,Manager,Marketing,1,True,0.61
jackking35@icloud.example,25-34,£150k+,US,New York,New York,Operations Manager,Manager,Operations,8,True,0.67
jackmoore05@icloud.example,25-34,£25k-£50k,UK,London,London,Marketing Coordinator,Individual contributor,Marketing,1,True,0.96
jackmoore51@hotmail.example,25-34,£100k-£150k,DE,Hesse,Frankfurt,Demand Gen Manager,Manager,Marketing,5,False,0.94
jackpatel47@outlook.example,55-64,£50k-£100k,US,Washington,Seattle,Founder,Director or above,Executive,1,False,0.94
jacktaylor00@gmail.example,45-54,£50k-£100k,FR,Occitanie,Toulouse,Demand Gen Manager,Manager,Marketing,4,True,0.84
jackweber17@icloud.example,18-24,under £25k,US,New York,New York,Student,Student,Student,0,False,0.75
jackwhite29@hotmail.example,35-44,£25k-£50k,US,Washington,Seattle,Marketing Manager,Manager,Marketing,6,False,0.77
jackwood52@icloud.example,25-34,£25k-£50k,UK,Yorkshire,Leeds,Demand Gen Manager,Manager,Marketing,3,True,0.79
james.anderson@tidewater-stores.example,35-44,£50k-£100k,NL,South Holland,Rotterdam,Demand Gen Manager,Manager,Marketing,1,True,0.69
james.bakker@inkwell-labs.example,18-24,£50k-£100k,US,Massachusetts,Boston,Student,Student,Student,0,True,0.98
james.bakker@meridian-learning.example,35-44,£25k-£50k,UK,London,London,Marketing Executive,Individual contributor,Marketing,2,False,0.85
james.bakker@rosewood-labs.example,25-34,£150k+,UK,South West,Bristol,VP Marketing,Director or above,Marketing,1,False,0.91
james.bernard@granite-components.example,25-34,£25k-£50k,UK,Scotland,Edinburgh,Marketing Executive,Individual contributor,Marketing,5,True,0.71
james.bernard@redwood-market.example,25-34,under £25k,NL,South Holland,Rotterdam,Analyst,Individual contributor,Operations,4,True,0.93
james.bernard@silverline-retail.example,25-34,£150k+,US,Massachusetts,Boston,VP Marketing,Director or above,Marketing,2,False,0.89
james.clarke@nimbus-couriers.example,45-54,£100k-£150k,UK,West Midlands,Birmingham,Chief Revenue Officer,Director or above,Executive,2,False,0.61
james.clarke@oakridge-labs.example,18-24,£25k-£50k,NL,North Holland,Amsterdam,Assistant,Individual contributor,Operations,2,False,0.68
james.clarke@valley-learning.example,25-34,£25k-£50k,UK,West Midlands,Birmingham,Head of Marketing,Manager,Marketing,7,True,0.67
james.davies@jasper-medical.example,35-44,£100k-£150k,US,New York,New York,Managing Director,Director or above,Executive,6,True,0.83
james.davies@oakridge-partners.example,35-44,£50k-£100k,UK,London,London,Operations Manager,Manager,Operations,3,False,0.82
james.devries@quartz-academy.example,25-34,under £25k,DE,Berlin,Berlin,Marketing Coordinator,Individual contributor,Marketing,1,False,0.65
james.dubois@juniper-couriers.example,35-44,£50k-£100k,UK,Scotland,Edinburgh,Head of Marketing,Manager,Marketing,1,True,0.86
james.evans@nimbus-lending.example,25-34,£25k-£50k,DE,Hesse,Frankfurt,Marketing Executive,Individual contributor,Marketing,3,False,0.89
james.evans@outlook.example,18-24,under £25k,UK,Scotland,Edinburgh,Student,Student,Student,0,False,0.85
james.garcia@meridian-outfitters.example,45-54,£100k-£150k,FR,Hauts-de-France,Lille,Managing Director,Director or above,Executive,4,True,0.98
james.garcia@riverside-transport.example,35-44,£50k-£100k,FR,Auvergne-Rhone-Alpes,Lyon,Marketing Manager,Manager,Marketing,1,True,0.82
james.green@thornbury-logistics.example,25-34,£50k-£100k,US,New York,New York,Head of Marketing,Manager,Marketing,2,False,0.74
james.hall@lindenwood-capital.example,55-64,£100k-£150k,UK,Yorkshire,Leeds,Chief Revenue Officer,Director or above,Executive,5,True,0.84
james.hall@upland-associates.example,18-24,£25k-£50k,UK,North West,Manchester,Student,Student,Student,0,False,0.92
james.hughes@dovecote-clinics.example,25-34,£25k-£50k,US,Texas,Austin,Sales Rep,Individual contributor,Sales,4,True,0.77
james.hughes@evergreen-stores.example,18-24,£25k-£50k,UK,North West,Manchester,Marketing Executive,Individual contributor,Marketing,5,False,0.68
james.hughes@hotmail.example,45-54,£25k-£50k,UK,Yorkshire,Leeds,Sales Rep,Individual contributor,Sales,5,False,0.82
james.jansen@pennine-lending.example,45-54,£50k-£100k,US,California,San Francisco,Head of Marketing,Manager,Marketing,2,True,0.84
james.jansen@tidewater-medical.example,35-44,£50k-£100k,FR,Auvergne-Rhone-Alpes,Lyon,Head of Growth,Manager,Marketing,1,True,0.82
james.johnson@dovecote-digital.example,18-24,£25k-£50k,NL,North Brabant,Eindhoven,Marketing Coordinator,Individual contributor,Marketing,2,False,0.65
james.johnson@ironbridge-digital.example,55-64,£50k-£100k,UK,Scotland,Edinburgh,Founder,Director or above,Executive,0,True,0.87
james.jones@emberly-works.example,25-34,£50k-£100k,FR,Ile-de-France,Paris,Sales Manager,Manager,Sales,2,False,0.7
james.jones@juniper-medical.example,45-54,£50k-£100k,UK,West Midlands,Birmingham,VP Marketing,Director or above,Marketing,4,True,0.89
james.khan@dunmore-market.example,18-24,£25k-£50k,FR,Ile-de-France,Paris,Assistant,Individual contributor,Operations,5,False,0.84
james.king@larkspur-finance.example,25-34,under £25k,UK,North West,Manchester,Marketing Executive,Individual contributor,Marketing,1,False,0.84
james.lewis@glenmoor-insurance.example,25-34,£25k-£50k,UK,Scotland,Edinburgh,Sales Rep,Individual contributor,Sales,1,False,0.69
james.lewis@quayside-manufacturing.example,35-44,£50k-£100k,UK,London,London,Marketing Manager,Manager,Marketing,1,False,0.71
james.murphy@yarrow-accountants.example,18-24,£25k-£50k,UK,South West,Bristol,Analyst,Individual contributor,Operations,19,False,0.93
james.patel@icloud.example,35-44,£25k-£50k,US,Illinois,Chicago,Marketing Manager,Manager,Marketing,4,True,0.72
james.roberts@lantern-goods.example,35-44,£100k-£150k,FR,Hauts-de-France,Lille,Director of Sales,Director or above,Sales,1,False,0.71
james.scott@alder-finance.example,18-24,under £25k,US,New York,New York,Student,Student,Student,0,False,0.86
james.scott@vantage-fabrication.example,25-34,£25k-£50k,FR,Auvergne-Rhone-Alpes,Lyon,Assistant,Individual contributor,Operations,3,False,0.93
james.thompson@bramble-finance.example,25-34,£50k-£100k,US,Illinois,Chicago,Assistant,Individual contributor,Operations,2,True,0.7
james.thompson@elmstead-insurance.example,45-54,£50k-£100k,NL,North Holland,Amsterdam,VP Marketing,Director or above,Marketing,1,True,0.8
james.walker@quartz-trading.example,45-54,£100k-£150k,DE,Hesse,Frankfurt,Sales Manager,Manager,Sales,2,False,0.79
james.walker@saltmarsh-legal.example,25-34,£100k-£150k,NL,North Holland,Amsterdam,Head of Growth,Manager,Marketing,3,False,0.73
james.weber@kingsway-systems.example,35-44,£50k-£100k,FR,Ile-de-France,Paris,Marketing Manager,Manager,Marketing,3,True,0.73
james.weber@redwood-stores.example,25-34,under £25k,FR,Auvergne-Rhone-Alpes,Lyon,Sales Rep,Individual contributor,Sales,2,False,0.71
james.white@heron-recruitment.example,35-44,£50k-£100k,US,California,San Francisco,Demand Gen Manager,Manager,Marketing,3,False,0.75
james.white@pebble-tutors.example,35-44,£25k-£50k,DE,Berlin,Berlin,Marketing Coordinator,Individual contributor,Marketing,1,False,0.79
james.williams@jasper-wealth.example,35-44,£100k-£150k,US,Massachusetts,Boston,VP Marketing,Director or above,Marketing,1,True,0.67
james.williams@larkspur-digital.example,35-44,£25k-£50k,UK,Yorkshire,Leeds,Sales Manager,Manager,Sales,2,True,0.66
james.williams@oldfield-outfitters.example,25-34,£50k-£100k,US,California,San Francisco,Marketing Executive,Individual contributor,Marketing,12,False,0.62
james.williams@quayside-retail.example,35-44,£150k+,US,Illinois,Chicago,Sales Manager,Manager,Sales,5,True,0.62
james.wilson@hotmail.example,25-34,£25k-£50k,UK,North West,Manchester,Head of Growth,Manager,Marketing,1,True,0.79
james@bluebell-medical.example,35-44,£50k-£100k,US,California,San Francisco,Operations Manager,Manager,Operations,2,True,0.82
james@bluebell-works.example,45-54,£50k-£100k,UK,London,London,Head of Growth,Manager,Marketing,6,False,0.88
james@clearwater-haulage.example,25-34,under £25k,UK,Scotland,Edinburgh,Analyst,Individual contributor,Operations,2,True,0.91
james@cobalt-education.example,25-34,under £25k,FR,Occitanie,Toulouse,Marketing Executive,Individual contributor,Marketing,5,False,0.73
james@driftwood-college.example,25-34,£25k-£50k,NL,Utrecht,Utrecht,Marketing Executive,Individual contributor,Marketing,3,False,0.86
james@fernhill-health.example,18-24,under £25k,US,Washington,Seattle,Student,Student,Student,0,False,0.96
james@glenmoor-tutors.example,35-44,£50k-£100k,FR,Ile-de-France,Paris,Operations Manager,Manager,Operations,1,True,0.63
james@granite-health.example,35-44,£50k-£100k,UK,West Midlands,Birmingham,Marketing Manager,Manager,Marketing,2,True,0.82
james@harbour-trading.example,25-34,£25k-£50k,DE,Berlin,Berlin,Assistant,Individual contributor,Operations,2,False,0.94
james@highgate-associates.example,35-44,£50k-£100k,NL,North Holland,Amsterdam,Operations Manager,Manager,Operations,3,False,0.6
james@ivywood-retail.example,35-44,£50k-£100k,US,Texas,Austin,Head of Growth,Manager,Marketing,7,False,0.89
james@juniper-training.example,25-34,under £25k,NL,Utrecht,Utrecht,Sales Rep,Individual contributor,Sales,5,False,0.98
james@kelvin-components.example,35-44,£100k-£150k,US,California,San Francisco,Sales Rep,Individual contributor,Sales,2,False,0.83
james@keystone-manufacturing.example,18-24,£50k-£100k,FR,Hauts-de-France,Lille,Head of Marketing,Manager,Marketing,3,False,0.91
james@keystone-market.example,25-34,£25k-£50k,DE,Hamburg,Hamburg,Head of Growth,Manager,Marketing,2,True,0.96
james@lindenwood-medical.example,25-34,£50k-£100k,DE,Hamburg,Hamburg,Marketing Manager,Manager,Marketing,4,True,0.98
james@marigold-haulage.example,25-34,£50k-£100k,UK,North West,Manchester,Head of Growth,Manager,Marketing,2,False,0.62
james@moorland-transport.example,55-64,£100k-£150k,DE,Hesse,Frankfurt,Managing Director,Director or above,Executive,4,True,0.85
james@northwind-legal.example,35-44,£100k-£150k,DE,Hesse,Frankfurt,Marketing Manager,Manager,Marketing,4,True,0.72
james@northwind-recruitment.example,25-34,£100k-£150k,US,Texas,Austin,Sales Manager,Manager,Sales,4,True,0.66
james@pennine-fabrication.example,35-44,£100k-£150k,US,New York,New York,Operations Manager,Manager,Operations,3,False,0.79
james@pinecrest-recruitment.example,35-44,£25k-£50k,NL,North Holland,Amsterdam,Marketing Manager,Manager,Marketing,1,False,0.85
james@quayside-software.example,25-34,£25k-£50k,US,Illinois,Chicago,Marketing Executive,Individual contributor,Marketing,3,True,0.79
james@rosewood-couriers.example,25-34,£25k-£50k,DE,Berlin,Berlin,Marketing Coordinator,Individual contributor,Marketing,9,False,0.86
james@rosewood-data.example,35-44,£50k-£100k,FR,Occitanie,Toulouse,Demand Gen Manager,Manager,Marketing,5,True,0.69
james@rosewood-stores.example,25-34,£25k-£50k,US,Texas,Austin,Marketing Coordinator,Individual contributor,Marketing,2,False,0.84
james@saltmarsh-shipping.example,25-34,£25k-£50k,UK,North West,Manchester,Head of Marketing,Manager,Marketing,2,True,0.76
james@silverline-medical.example,55-64,£50k-£100k,NL,North Holland,Amsterdam,Demand Gen Manager,Manager,Marketing,8,False,0.88
james@tamarind-shipping.example,25-34,£100k-£150k,UK,Yorkshire,Leeds,Demand Gen Manager,Manager,Marketing,5,True,0.69
james@thornbury-labs.example,25-34,£50k-£100k,US,Illinois,Chicago,Head of Growth,Manager,Marketing,10,True,0.89
james@tidewater-advisory.example,35-44,£25k-£50k,UK,Yorkshire,Leeds,Head of Marketing,Manager,Marketing,5,False,0.95
james@umber-legal.example,25-34,£50k-£100k,UK,London,London,Sales Manager,Manager,Sales,1,False,0.86
james@upland-components.example,25-34,£25k-£50k,UK,Yorkshire,Leeds,Analyst,Individual contributor,Operations,1,True,0.84
jamesevans01@gmail.example,35-44,£25k-£50k,US,Texas,Austin,Head of Growth,Manager,Marketing,0,False,0.88
jamesgreen19@hotmail.example,25-34,£25k-£50k,UK,South West,Bristol,Analyst,Individual contributor,Operations,1,False,0.7
jamesgreen38@outlook.example,18-24,under £25k,UK,Scotland,Edinburgh,Student,Student,Student,0,False,0.64
jameshughes23@hotmail.example,25-34,£50k-£100k,UK,Yorkshire,Leeds,Sales Rep,Individual contributor,Sales,0,False,0.94
jamesking70@gmail.example,35-44,£25k-£50k,UK,West Midlands,Birmingham,Marketing Manager,Manager,Marketing,2,False,0.84
jamesmiller49@gmail.example,45-54,£100k-£150k,FR,Ile-de-France,Paris,Sales Manager,Manager,Sales,5,False,0.61
jamesroberts63@gmail.example,35-44,£50k-£100k,US,Washington,Seattle,Sales Manager,Manager,Sales,2,True,0.61
jamessmith26@hotmail.example,55-64,£25k-£50k,UK,South West,Bristol,Chief Revenue Officer,Director or above,Executive,5,True,0.67
jameswilliams65@yahoo.example,25-34,£25k-£50k,UK,Yorkshire,Leeds,Head of Growth,Manager,Marketing,1,False,0.7
jamesyoung82@outlook.example,35-44,£25k-£50k,DE,Hesse,Frankfurt,Sales Rep,Individual contributor,Sales,8,False,0.82
jbakker116@hotmail.example,25-34,£25k-£50k,UK,North West,Manchester,Head of Growth,Manager,Marketing,1,False,0.66
jbernard892@gmail.example,35-44,£25k-£50k,DE,Hesse,Frankfurt,Marketing Manager,Manager,Marketing,5,True,0.91
jbrown246@outlook.example,25-34,under £25k,NL,South Holland,Rotterdam,Student,Student,Student,0,False,0.95
jbrown322@outlook.example,35-44,£100k-£150k,FR,Ile-de-France,Paris,Head of Marketing,Manager,Marketing,1,True,0.79
jdavies179@hotmail.example,18-24,under £25k,FR,Ile-de-France,Paris,Student,Student,Student,0,False,0.83
jdevries900@yahoo.example,45-54,£150k+,US,Massachusetts,Boston,Director of Sales,Director or above,Sales,10,True,0.71
jevans033@outlook.example,35-44,£100k-£150k,US,Illinois,Chicago,CEO,Director or above,Executive,1,False,0.83
jgreen574@icloud.example,18-24,£50k-£100k,NL,Utrecht,Utrecht,Head of Marketing,Manager,Marketing,4,False,0.66
jhall039@icloud.example,35-44,£50k-£100k,DE,Hesse,Frankfurt,Marketing Director,Director or above,Marketing,4,True,0.89
jhall228@icloud.example,35-44,£50k-£100k,US,Washington,Seattle,Sales Manager,Manager,Sales,2,True,0.73
jhall696@outlook.example,35-44,£25k-£50k,DE,Hamburg,Hamburg,Demand Gen Manager,Manager,Marketing,2,False,0.76
jhall745@outlook.example,25-34,£25k-£50k,UK,Scotland,Edinburgh,Assistant,Individual contributor,Operations,1,False,0.63
jjohnson490@yahoo.example,35-44,£150k+,FR,Auvergne-Rhone-Alpes,Lyon,Director of Sales,Director or above,Sales,2,False,0.83
jjohnson577@yahoo.example,18-24,£25k-£50k,UK,West Midlands,Birmingham,Student,Student,Student,0,False,0.63
jkhan871@yahoo.example,25-34,under £25k,UK,North West,Manchester,Marketing Executive,Individual contributor,Marketing,2,False,0.85
jking281@outlook.example,45-54,£100k-£150k,NL,Utrecht,Utrecht,Founder,Director or above,Executive,2,False,0.71
jking651@outlook.example,35-44,£100k-£150k,US,California,San Francisco,Chief Revenue Officer,Director or above,Executive,2,False,0.72
jlewis000@gmail.example,45-54,£50k-£100k,UK,Scotland,Edinburgh,Managing Director,Director or above,Executive,1,False,0.99
jmartin296@hotmail.example,35-44,£50k-£100k,UK,South West,Bristol,Founder,Director or above,Executive,2,False,0.9
jmartin852@yahoo.example,35-44,£50k-£100k,UK,Yorkshire,Leeds,CEO,Director or above,Executive,1,True,0.94
jonas.baker@hawthorn-tutors.example,35-44,under £25k,FR,Occitanie,Toulouse,Marketing Executive,Individual contributor,Marketing,3,True,0.62
jonas.bernard@orchard-lending.example,55-64,£100k-£150k,FR,Hauts-de-France,Lille,Marketing Director,Director or above,Marketing,21,True,0.95
jonas.brown@icloud.example,45-54,£150k+,US,Washington,Seattle,VP Marketing,Director or above,Marketing,2,True,0.64
jonas.clarke@bramble-logistics.example,18-24,under £25k,US,Texas,Austin,Sales Rep,Individual contributor,Sales,2,False,0.87
jonas.clarke@icloud.example,18-24,£25k-£50k,UK,London,London,Marketing Coordinator,Individual contributor,Marketing,4,False,0.81
jonas.devries@granite-advisory.example,25-34,£25k-£50k,NL,Utrecht,Utrecht,Sales Manager,Manager,Sales,1,False,0.94
jonas.devries@icloud.example,18-24,£25k-£50k,US,Texas,Austin,Student,Student,Student,0,False,0.96
jonas.devries@nimbus-couriers.example,35-44,£150k+,UK,Yorkshire,Leeds,VP Marketing,Director or above,Marketing,4,True,0.89
jonas.dubois@gmail.example,18-24,£25k-£50k,UK,London,London,Marketing Executive,Individual contributor,Marketing,2,False,0.86
jonas.dubois@pennine-finance.example,35-44,£25k-£50k,FR,Auvergne-Rhone-Alpes,Lyon,Assistant,Individual contributor,Operations,1,True,0.7
jonas.dubois@zephyr-digital.example,35-44,£100k-£150k,DE,Berlin,Berlin,Operations Manager,Manager,Operations,2,False,0.74
jonas.garcia@tidewater-manufacturing.example,35-44,£50k-£100k,US,California,San Francisco,Sales Manager,Manager,Sales,1,True,0.98
jonas.green@foxglove-legal.example,45-54,£50k-£100k,UK,Yorkshire,Leeds,Founder,Director or above,Executive,18,False,0.83
jonas.green@yarrow-medical.example,45-54,£100k-£150k,NL,Utrecht,Utrecht,Marketing Director,Director or above,Marketing,4,False,0.64
jonas.hall@hotmail.example,25-34,under £25k,US,Texas,Austin,Marketing Executive,Individual contributor,Marketing,2,False,0.74
jonas.hall@lindenwood-retail.example,35-44,£100k-£150k,US,Illinois,Chicago,VP Marketing,Director or above,Marketing,2,True,0.85
jonas.hughes@icloud.example,45-54,£25k-£50k,US,Illinois,Chicago,Head of Marketing,Manager,Marketing,3,False,0.68
jonas.hughes@outlook.example,35-44,under £25k,US,New York,New York,Marketing Manager,Manager,Marketing,11,False,0.9
jonas.jansen@bluebell-data.example,18-24,£25k-£50k,US,Washington,Seattle,Assistant,Individual contributor,Operations,5,False,0.62
jonas.jansen@riverside-partners.example,45-54,£50k-£100k,NL,Utrecht,Utrecht,Marketing Manager,Manager,Marketing,1,False,0.94
jonas.johnson@kingsway-couriers.example,35-44,£100k-£150k,DE,Bavaria,Munich,Director of Sales,Director or above,Sales,3,False,0.6
jonas.jones@zephyr-outfitters.example,25-34,£100k-£150k,US,Washington,Seattle,Operations Manager,Manager,Operations,10,False,0.84
jonas.miller@bramble-couriers.example,25-34,£50k-£100k,NL,North Holland,Amsterdam,Marketing Coordinator,Individual contributor,Marketing,2,False,0.88
jonas.murphy@elmstead-freight.example,35-44,£50k-£100k,UK,North West,Manchester,Chief Revenue Officer,Director or above,Executive,4,False,0.75
jonas.murphy@jasper-learning.example,45-54,£100k-£150k,UK,North West,Manchester,Director of Sales,Director or above,Sales,1,True,0.94
jonas.patel@emberly-consulting.example,18-24,£25k-£50k,UK,West Midlands,Birmingham,Assistant,Individual contributor,Operations,3,True,0.86
jonas.patel@kelvin-manufacturing.example,25-34,£50k-£100k,US,Massachusetts,Boston,Head of Marketing,Manager,Marketing,6,True,0.81
jonas.patel@nettlefield-recruitment.example,55-64,£100k-£150k,UK,South West,Bristol,Marketing Director,Director or above,Marketing,1,True,0.62
jonas.roberts@cobalt-partners.example,55-64,£150k+,US,Washington,Seattle,Director of Sales,Director or above,Sales,5,True,0.86
jonas.roberts@quayside-clinics.example,25-34,£25k-£50k,UK,Yorkshire,Leeds,Sales Rep,Individual contributor,Sales,1,True,0.67
jonas.schmidt@evergreen-market.example,45-54,£100k-£150k,FR,Occitanie,Toulouse,Managing Director,Director or above,Executive,1,True,0.9
jonas.schmidt@meridian-lending.example,18-24,£50k-£100k,UK,Yorkshire,Leeds,Head of Growth,Manager,Marketing,1,True,0.64
jonas.scott@icloud.example,18-24,under £25k,US,Washington,Seattle,Student,Student,Student,0,False,0.78
jonas.scott@westbrook-goods.example,25-34,£25k-£50k,UK,Yorkshire,Leeds,Assistant,Individual contributor,Operations,2,True,0.86
jonas.smith@kingsway-logistics.example,45-54,under £25k,NL,North Brabant,Eindhoven,Marketing Coordinator,Individual contributor,Marketing,4,False,0.62
jonas.smith@larkspur-haulage.example,35-44,£50k-£100k,DE,Hesse,Frankfurt,Head of Marketing,Manager,Marketing,1,False,0.71
jonas.smith@umber-data.example,35-44,£25k-£50k,UK,South West,Bristol,Marketing Executive,Individual contributor,Marketing,3,True,0.91
jonas.taylor@silverline-freight.example,35-44,£100k-£150k,UK,West Midlands,Birmingham,VP Marketing,Director or above,Marketing,14,True,0.61
jonas.walker@cobalt-digital.example,35-44,£100k-£150k,UK,West Midlands,Birmingham,Marketing Director,Director or above,Marketing,7,True,0.97
jonas.weber@jasper-accountants.example,45-54,£50k-£100k,NL,North Brabant,Eindhoven,Operations Manager,Manager,Operations,5,True,0.89
jonas.white@larkspur-industries.example,35-44,£100k-£150k,NL,Utrecht,Utrecht,CEO,Director or above,Executive,3,True,0.66
jonas.white@moorland-digital.example,25-34,£25k-£50k,FR,Ile-de-France,Paris,Assistant,Individual contributor,Operations,2,False,0.77
jonas.white@yahoo.example,25-34,£50k-£100k,UK,West Midlands,Birmingham,Director of Sales,Director or above,Sales,5,True,0.9
jonas.williams@moorland-care.example,25-34,£100k-£150k,NL,Utrecht,Utrecht,Director of Sales,Director or above,Sales,0,False,0.74
jonas.williams@yahoo.example,18-24,under £25k,FR,Occitanie,Toulouse,Student,Student,Student,0,False,0.83
jonas.wilson@aurora-freight.example,35-44,£25k-£50k,FR,Auvergne-Rhone-Alpes,Lyon,Analyst,Individual contributor,Operations,1,False,0.64
jonas.wilson@lantern-goods.example,35-44,£50k-£100k,FR,Auvergne-Rhone-Alpes,Lyon,Operations Manager,Manager,Operations,1,True,0.63
jonas.wood@hotmail.example,18-24,under £25k,UK,Yorkshire,Leeds,Student,Student,Student,0,False,0.83
jonas.young@aurora-academy.example,25-34,£50k-£100k,US,Illinois,Chicago,Sales Rep,Individual contributor,Sales,2,False,0.78
jonas94@oakridge-logistics.example,35-44,£100k-£150k,US,Massachusetts,Boston,Head of Growth,Manager,Marketing,7,True,0.71
jonas@aurora-goods.example,25-34,£50k-£100k,US,Washington,Seattle,Head of Growth,Manager,Marketing,4,False,0.97
jonas@bramble-advisory.example,45-54,£150k+,UK,South West,Bristol,Marketing Director,Director or above,Marketing,8,False,0.87
jonas@brightwater-insurance.example,35-44,£150k+,UK,London,London,Chief Revenue Officer,Director or above,Executive,0,True,0.71
jonas@brightwater-stores.example,18-24,under £25k,FR,Hauts-de-France,Lille,Student,Student,Student,0,False,0.64
jonas@cedar-medical.example,45-54,£100k-£150k,FR,Auvergne-Rhone-Alpes,Lyon,Head of Marketing,Manager,Marketing,5,False,0.92
jonas@clearwater-shipping.example,25-34,£50k-£100k,UK,West Midlands,Birmingham,Demand Gen Manager,Manager,Marketing,2,True,0.74
jonas@dovecote-digital.example,35-44,£100k-£150k,NL,North Brabant,Eindhoven,Demand Gen Manager,Manager,Marketing,1,False,0.77
jonas@dovecote-shipping.example,25-34,£25k-£50k,UK,Yorkshire,Leeds,Sales Rep,Individual contributor,Sales,3,False,0.93
jonas@elmstead-cloud.example,35-44,£100k-£150k,US,Illinois,Chicago,Operations Manager,Manager,Operations,8,True,0.8
jonas@emberly-retail.example,25-34,£50k-£100k,FR,Hauts-de-France,Lille,Head of Growth,Manager,Marketing,3,False,0.64
jonas@falcon-lending.example,45-54,£100k-£150k,US,California,San Francisco,Chief Revenue Officer,Director or above,Executive,1,True,0.72
jonas@granite-goods.example,18-24,£25k-£50k,US,California,San Francisco,Marketing Executive,Individual contributor,Marketing,3,True,0.6
jonas@granite-haulage.example,18-24,under £25k,UK,North West,Manchester,Student,Student,Student,0,False,0.84
jonas@harbour-college.example,35-44,£50k-£100k,UK,London,London,Head of Marketing,Manager,Marketing,3,False,0.79
jonas@inkwell-labs.example,35-44,£50k-£100k,US,Illinois,Chicago,Operations Manager,Manager,Operations,1,True,0.72
jonas@inkwell-software.example,55-64,£100k-£150k,UK,West Midlands,Birmingham,Marketing Director,Director or above,Marketing,0,True,0.72
jonas@ivywood-medical.example,35-44,£100k-£150k,UK,South West,Bristol,VP Marketing,Director or above,Marketing,11,True,0.68
jonas@keystone-insurance.example,18-24,£50k-£100k,UK,London,London,Sales Rep,Individual contributor,Sales,3,False,0.7
jonas@kingsway-systems.example,35-44,£100k-£150k,FR,Auvergne-Rhone-Alpes,Lyon,Operations Manager,Manager,Operations,4,False,0.8
jonas@marigold-education.example,45-54,£100k-£150k,US,Washington,Seattle,Head of Growth,Manager,Marketing,2,False,0.78
jonas@marigold-fabrication.example,25-34,£50k-£100k,UK,London,London,Demand Gen Manager,Manager,Marketing,1,True,0.74
jonas@marigold-training.example,25-34,£100k-£150k,UK,South West,Bristol,CEO,Director or above,Executive,1,True,0.8
jonas@norfolk-advisory.example,35-44,£50k-£100k,US,California,San Francisco,CEO,Director or above,Executive,5,True,0.93
jonas@northwind-logistics.example,18-24,£25k-£50k,FR,Occitanie,Toulouse,Marketing Coordinator,Individual contributor,Marketing,10,True,0.67
jonas@pebble-finance.example,45-54,£50k-£100k,NL,South Holland,Rotterdam,Head of Growth,Manager,Marketing,4,True,0.82
jonas@pinecrest-capital.example,25-34,£50k-£100k,US,California,San Francisco,Sales Rep,Individual contributor,Sales,4,False,0.62
jonas@quartz-software.example,25-34,£25k-£50k,FR,Hauts-de-France,Lille,Sales Rep,Individual contributor,Sales,5,False,0.78
jonas@quayside-consulting.example,25-34,£50k-£100k,UK,Scotland,Edinburgh,Head of Marketing,Manager,Marketing,3,True,0.91
jonas@quayside-training.example,45-54,£50k-£100k,UK,North West,Manchester,Marketing Manager,Manager,Marketing,1,True,0.72
jonas@silverline-industries.example,45-54,£100k-£150k,NL,South Holland,Rotterdam,VP Marketing,Director or above,Marketing,4,True,0.62
jonas@tidewater-partners.example,35-44,£25k-£50k,FR,Auvergne-Rhone-Alpes,Lyon,Analyst,Individual contributor,Operations,1,True,0.91
jonas@umber-learning.example,25-34,£50k-£100k,US,Massachusetts,Boston,Marketing Manager,Manager,Marketing,2,False,0.78
jonas@zephyr-systems.example,25-34,£100k-£150k,UK,West Midlands,Birmingham,Sales Manager,Manager,Sales,6,False,0.69
jonasanderson90@hotmail.example,45-54,under £25k,UK,West Midlands,Birmingham,Marketing Coordinator,Individual contributor,Marketing,9,True,0.94
jonasbakker23@icloud.example,18-24,under £25k,UK,Scotland,Edinburgh,Student,Student,Student,0,False,0.68
jonasbernard13@yahoo.example,25-34,£25k-£50k,FR,Occitanie,Toulouse,Marketing Executive,Individual contributor,Marketing,3,False,0.79
jonasjansen28@gmail.example,55-64,£50k-£100k,FR,Occitanie,Toulouse,Managing Director,Director or above,Executive,1,True,0.98
jonasmuller38@hotmail.example,18-24,£100k-£150k,US,California,San Francisco,Marketing Executive,Individual contributor,Marketing,2,False,0.75
jonasschmidt55@hotmail.example,35-44,£25k-£50k,FR,Occitanie,Toulouse,Sales Manager,Manager,Sales,6,False,0.68
jonasschmidt77@hotmail.example,25-34,£100k-£150k,UK,Scotland,Edinburgh,Marketing Manager,Manager,Marketing,5,True,0.68
jonaswood70@hotmail.example,18-24,under £25k,NL,Utrecht,Utrecht,Student,Student,Student,0,False,0.94
jonaswright48@outlook.example,65+,£100k-£150k,NL,North Brabant,Eindhoven,Chief Revenue Officer,Director or above,Executive,2,True,0.73
jpatel231@gmail.example,25-34,£50k-£100k,UK,West Midlands,Birmingham,Assistant,Individual contributor,Operations,2,True,0.89
jpatel603@gmail.example,35-44,£25k-£50k,DE,Bavaria,Munich,Analyst,Individual contributor,Operations,2,False,0.65
jpatel652@outlook.example,18-24,under £25k,FR,Hauts-de-France,Lille,Analyst,Individual contributor,Operations,3,True,0.6
jroberts124@hotmail.example,18-24,under £25k,FR,Ile-de-France,Paris,Assistant,Individual contributor,Operations,4,True,0.65
jtaylor694@icloud.example,25-34,£25k-£50k,US,Massachusetts,Boston,Director of Sales,Director or above,Sales,1,False,0.72
jwalker252@yahoo.example,25-34,£25k-£50k,UK,Yorkshire,Leeds,Head of Marketing,Manager,Marketing,2,True,0.89
jwalker838@outlook.example,55-64,£50k-£100k,UK,South West,Bristol,CEO,Director or above,Executive,6,True,0.81
jweber368@icloud.example,45-54,£50k-£100k,FR,Occitanie,Toulouse,Chief Revenue Officer,Director or above,Executive,3,False,0.98
jwhite940@outlook.example,25-34,£50k-£100k,NL,North Brabant,Eindhoven,Sales Manager,Manager,Sales,3,True,0.64
jwood940@gmail.example,35-44,£50k-£100k,NL,Utrecht,Utrecht,Demand Gen Manager,Manager,Marketing,1,True,0.97
l.anderson@nimbus-haulage.example,25-34,£50k-£100k,DE,Berlin,Berlin,Head of Growth,Manager,Marketing,1,False,0.87
l.anderson@tidewater-academy.example,25-34,£25k-£50k,UK,West Midlands,Birmingham,Sales Rep,Individual contributor,Sales,4,False,0.86
l.baker@highgate-care.example,25-34,under £25k,UK,South West,Bristol,Marketing Executive,Individual contributor,Marketing,2,False,0.82
l.baker@marigold-pharma.example,55-64,£50k-£100k,NL,South Holland,Rotterdam,Operations Manager,Manager,Operations,7,True,0.84
l.baker@oakridge-manufacturing.example,45-54,£25k-£50k,UK,Yorkshire,Leeds,Analyst,Individual contributor,Operations,3,True,0.95
l.baker@willow-works.example,25-34,£50k-£100k,FR,Ile-de-France,Paris,Operations Manager,Manager,Operations,5,False,0.95
l.bakker@brightwater-learning.example,45-54,£50k-£100k,US,Washington,Seattle,Marketing Coordinator,Individual contributor,Marketing,3,False,0.74
l.bakker@lantern-market.example,25-34,£100k-£150k,UK,Scotland,Edinburgh,Sales Manager,Manager,Sales,2,False,0.7
l.bakker@larkspur-systems.example,25-34,£25k-£50k,UK,London,London,Sales Rep,Individual contributor,Sales,2,False,0.64
l.bakker@pebble-training.example,18-24,£25k-£50k,DE,Berlin,Berlin,Sales Rep,Individual contributor,Sales,4,True,0.74
l.bernard@aurora-academy.example,25-34,£100k-£150k,US,Texas,Austin,Analyst,Individual contributor,Operations,4,False,0.61
l.bernard@beacon-lending.example,25-34,£25k-£50k,US,Illinois,Chicago,Assistant,Individual contributor,Operations,1,False,0.63
l.bernard@glenmoor-insurance.example,25-34,£25k-£50k,UK,South West,Bristol,Operations Manager,Manager,Operations,3,False,0.96
l.bernard@kelvin-legal.example,18-24,£50k-£100k,DE,Hesse,Frankfurt,Analyst,Individual contributor,Operations,1,True,0.77
l.bernard@stonebridge-tutors.example,25-34,under £25k,FR,Hauts-de-France,Lille,Analyst,Individual contributor,Operations,6,True,0.6
l.bernard@valley-outfitters.example,25-34,£50k-£100k,DE,Hesse,Frankfurt,Operations Manager,Manager,Operations,4,False,0.73
l.brown@bluebell-clinics.example,35-44,£50k-£100k,US,New York,New York,Marketing Coordinator,Individual contributor,Marketing,1,False,0.67
l.brown@falcon-couriers.example,45-54,£100k-£150k,UK,North West,Manchester,Chief Revenue Officer,Director or above,Executive,2,False,0.84
l.brown@ironbridge-market.example,25-34,£25k-£50k,UK,London,London,Marketing Coordinator,Individual contributor,Marketing,2,False,0.92
l.brown@pinecrest-works.example,35-44,£50k-£100k,DE,Bavaria,Munich,Head of Marketing,Manager,Marketing,2,True,0.64
l.clarke@ivywood-works.example,25-34,£25k-£50k,NL,North Holland,Amsterdam,Analyst,Individual contributor,Operations,1,False,0.8
l.clarke@zephyr-stores.example,45-54,£150k+,US,New York,New York,Marketing Manager,Manager,Marketing,2,True,0.99
l.davies@evergreen-clinics.example,25-34,£100k-£150k,US,California,San Francisco,Sales Rep,Individual contributor,Sales,6,False,0.67
l.davies@evergreen-components.example,25-34,£25k-£50k,UK,Scotland,Edinburgh,Assistant,Individual contributor,Operations,1,False,0.88
l.davies@granite-components.example,35-44,£25k-£50k,UK,Yorkshire,Leeds,Assistant,Individual contributor,Operations,1,True,0.93
l.davies@greystone-medical.example,45-54,£100k-£150k,UK,West Midlands,Birmingham,Director of Sales,Director or above,Sales,1,True,0.81
l.davies@nimbus-lending.example,45-54,£50k-£100k,DE,Bavaria,Munich,Head of Growth,Manager,Marketing,1,True,0.71
l.davies@redwood-digital.example,25-34,£50k-£100k,NL,South Holland,Rotterdam,Sales Rep,Individual contributor,Sales,3,False,0.73
l.devries@driftwood-wealth.example,18-24,£50k-£100k,UK,South West,Bristol,Marketing Executive,Individual contributor,Marketing,4,False,0.6
l.devries@falcon-systems.example,45-54,£100k-£150k,UK,Yorkshire,Leeds,Managing Director,Director or above,Executive,4,False,0.73
l.dubois@clearwater-recruitment.example,45-54,£100k-£150k,US,New York,New York,Head of Growth,Manager,Marketing,8,True,0.89
l.dubois@pennine-engineering.example,25-34,£100k-£150k,UK,North West,Manchester,Managing Director,Director or above,Executive,1,False,0.91
l.evans@bluebell-tutors.example,35-44,£100k-£150k,NL,South Holland,Rotterdam,Chief Revenue Officer,Director or above,Executive,2,True,0.89
l.evans@evergreen-training.example,35-44,£50k-£100k,UK,South West,Bristol,Sales Manager,Manager,Sales,1,True,0.86
l.evans@granite-freight.example,25-34,£50k-£100k,UK,Scotland,Edinburgh,Head of Marketing,Manager,Marketing,1,False,0.84
l.evans@moorland-couriers.example,25-34,£25k-£50k,FR,Auvergne-Rhone-Alpes,Lyon,Sales Rep,Individual contributor,Sales,3,True,0.76
l.evans@thornbury-lending.example,45-54,£25k-£50k,UK,South West,Bristol,Assistant,Individual contributor,Operations,4,False,0.6
l.evans@tidewater-partners.example,25-34,£25k-£50k,FR,Occitanie,Toulouse,Sales Rep,Individual contributor,Sales,4,False,0.77
l.evans@valley-dental.example,25-34,under £25k,UK,London,London,Marketing Coordinator,Individual contributor,Marketing,3,False,0.91
l.garcia@falcon-data.example,35-44,£50k-£100k,UK,Yorkshire,Leeds,Head of Growth,Manager,Marketing,15,True,0.62
l.garcia@harbour-education.example,35-44,£25k-£50k,DE,Bavaria,Munich,Demand Gen Manager,Manager,Marketing,7,True,0.63
l.garcia@upland-academy.example,25-34,£100k-£150k,US,New York,New York,Demand Gen Manager,Manager,Marketing,0,False,0.95
l.green@harbour-freight.example,35-44,£25k-£50k,UK,Scotland,Edinburgh,Sales Rep,Individual contributor,Sales,3,False,0.74
l.hall@granite-manufacturing.example,35-44,£100k-£150k,UK,London,London,Head of Growth,Manager,Marketing,6,True,0.88
l.hall@nimbus-lending.example,35-44,£100k-£150k,DE,Berlin,Berlin,Director of Sales,Director or above,Sales,1,True,0.87
l.hughes@driftwood-associates.example,25-34,£100k-£150k,US,Illinois,Chicago,Demand Gen Manager,Manager,Marketing,4,False,0.62
l.jansen@hawthorn-transport.example,35-44,£50k-£100k,UK,Scotland,Edinburgh,Marketing Manager,Manager,Marketing,4,False,0.68
l.jansen@ironbridge-engineering.example,55-64,£50k-£100k,FR,Occitanie,Toulouse,Marketing Director,Director or above,Marketing,13,True,0.96
l.jansen@nettlefield-retail.example,55-64,£100k-£150k,DE,Hesse,Frankfurt,VP Marketing,Director or above,Marketing,2,False,0.66
l.johnson@lindenwood-goods.example,45-54,£100k-£150k,UK,Yorkshire,Leeds,Chief Revenue Officer,Director or above,Executive,1,False,0.61
l.johnson@marigold-stores.example,35-44,£50k-£100k,UK,North West,Manchester,Operations Manager,Manager,Operations,1,True,0.71
l.johnson@pennine-labs.example,35-44,£100k-£150k,UK,South West,Bristol,Director of Sales,Director or above,Sales,4,True,0.69
l.johnson@upland-cloud.example,25-34,£25k-£50k,UK,London,London,Marketing Coordinator,Individual contributor,Marketing,3,True,0.81
l.jones@driftwood-health.example,25-34,under £25k,UK,Yorkshire,Leeds,Assistant,Individual contributor,Operations,2,True,0.65
l.jones@foxglove-goods.example,35-44,£50k-£100k,FR,Ile-de-France,Paris,Assistant,Individual contributor,Operations,2,False,0.83
l.khan@driftwood-manufacturing.example,18-24,under £25k,UK,Yorkshire,Leeds,Analyst,Individual contributor,Operations,4,True,0.96
l.khan@granite-associates.example,45-54,£50k-£100k,US,Massachusetts,Boston,Marketing Coordinator,Individual contributor,Marketing,2,False,0.9
l.khan@hawthorn-retail.example,45-54,£150k+,US,Washington,Seattle,VP Marketing,Director or above,Marketing,2,False,0.69
l.khan@inkwell-trading.example,25-34,£50k-£100k,FR,Ile-de-France,Paris,Marketing Coordinator,Individual contributor,Marketing,1,False,0.71
l.khan@orchard-outfitters.example,25-34,£25k-£50k,US,Washington,Seattle,Marketing Coordinator,Individual contributor,Marketing,1,False,0.81
l.king@alder-associates.example,35-44,£50k-£100k,UK,West Midlands,Birmingham,Marketing Manager,Manager,Marketing,1,False,0.62
l.king@brightwater-lending.example,35-44,£100k-£150k,DE,Hamburg,Hamburg,Operations Manager,Manager,Operations,1,False,0.72
l.king@dunmore-legal.example,35-44,£50k-£100k,FR,Hauts-de-France,Lille,Head of Growth,Manager,Marketing,0,True,0.73
l.king@westbrook-associates.example,18-24,under £25k,UK,Scotland,Edinburgh,Student,Student,Student,0,True,0.67
l.lewis@foxglove-insurance.example,45-54,£50k-£100k,US,Washington,Seattle,Marketing Manager,Manager,Marketing,1,True,0.89
l.lewis@granite-data.example,45-54,£50k-£100k,UK,Scotland,Edinburgh,Demand Gen Manager,Manager,Marketing,6,True,0.9
l.lewis@highgate-recruitment.example,45-54,£100k-£150k,UK,North West,Manchester,Director of Sales,Director or above,Sales,2,True,0.68
l.martin@evergreen-tutors.example,25-34,£25k-£50k,US,California,San Francisco,Assistant,Individual contributor,Operations,5,True,0.99
l.martin@lantern-dental.example,25-34,£25k-£50k,UK,Scotland,Edinburgh,Marketing Coordinator,Individual contributor,Marketing,2,False,0.74
l.miller@jasper-data.example,35-44,£25k-£50k,UK,London,London,Sales Manager,Manager,Sales,1,False,0.72
l.miller@kestrel-trading.example,35-44,£100k-£150k,US,Washington,Seattle,Sales Manager,Manager,Sales,2,False,0.98
l.miller@nettlefield-health.example,25-34,under £25k,NL,North Brabant,Eindhoven,Analyst,Individual contributor,Operations,3,True,0.72
l.miller@nimbus-engineering.example,65+,£50k-£100k,FR,Auvergne-Rhone-Alpes,Lyon,CEO,Director or above,Executive,1,True,0.72
l.miller@westbrook-accountants.example,35-44,under £25k,UK,West Midlands,Birmingham,Analyst,Individual contributor,Operations,5,True,0.62
l.moore@pinecrest-outfitters.example,25-34,£100k-£150k,UK,Scotland,Edinburgh,Sales Manager,Manager,Sales,1,True,0.92
l.moore@saltmarsh-fabrication.example,25-34,£25k-£50k,US,New York,New York,Assistant,Individual contributor,Operations,9,False,0.79
l.moore@umber-insurance.example,45-54,£50k-£100k,US,New York,New York,Head of Growth,Manager,Marketing,1,True,0.78
l.moore@valley-legal.example,45-54,£50k-£100k,US,Illinois,Chicago,Head of Marketing,Manager,Marketing,4,False,0.63
l.muller@dovecote-tutors.example,25-34,£25k-£50k,US,Illinois,Chicago,Sales Manager,Manager,Sales,2,True,0.98
l.muller@ivywood-transport.example,25-34,under £25k,UK,Yorkshire,Leeds,Assistant,Individual contributor,Operations,4,False,0.72
l.muller@valley-advisory.example,45-54,£100k-£150k,NL,Utrecht,Utrecht,Founder,Director or above,Executive,4,True,0.73
l.muller@westbrook-medical.example,45-54,£100k-£150k,UK,Scotland,Edinburgh,Chief Revenue Officer,Director or above,Executive,10,True,0.65
l.murphy@ashford-shipping.example,25-34,£100k-£150k,UK,West Midlands,Birmingham,Head of Marketing,Manager,Marketing,2,False,0.85
l.murphy@moorland-haulage.example,35-44,£100k-£150k,UK,London,London,Chief Revenue Officer,Director or above,Executive,1,True,0.92
l.murphy@norfolk-transport.example,25-34,£50k-£100k,UK,North West,Manchester,Marketing Executive,Individual contributor,Marketing,2,True,0.85
l.patel@cedar-manufacturing.example,55-64,£25k-£50k,UK,London,London,Demand Gen Manager,Manager,Marketing,1,True,0.91
l.patel@pinecrest-recruitment.example,25-34,£25k-£50k,NL,North Holland,Amsterdam,Marketing Manager,Manager,Marketing,2,False,0.68
l.roberts@jasper-dental.example,25-34,£25k-£50k,UK,South West,Bristol,Marketing Executive,Individual contributor,Marketing,6,False,0.85
l.roberts@quayside-trading.example,45-54,£50k-£100k,FR,Occitanie,Toulouse,Operations Manager,Manager,Operations,4,False,0.71
l.schmidt@ivywood-retail.example,25-34,£50k-£100k,US,California,San Francisco,Marketing Executive,Individual contributor,Marketing,1,False,0.77
l.schmidt@norfolk-logistics.example,35-44,£100k-£150k,UK,Yorkshire,Leeds,Chief Revenue Officer,Director or above,Executive,2,True,0.64
l.scott@kestrel-market.example,35-44,£50k-£100k,US,New York,New York,Head of Marketing,Manager,Marketing,9,True,0.98
l.scott@moorland-advisory.example,35-44,£25k-£50k,UK,South West,Bristol,Marketing Coordinator,Individual contributor,Marketing,1,True,0.96
l.smith@alder-advisory.example,25-34,£50k-£100k,US,Illinois,Chicago,Demand Gen Manager,Manager,Marketing,6,True,0.67
l.smith@evergreen-tutors.example,18-24,under £25k,US,Massachusetts,Boston,Marketing Coordinator,Individual contributor,Marketing,2,False,0.66
l.taylor@hawthorn-goods.example,35-44,£100k-£150k,US,Massachusetts,Boston,Head of Growth,Manager,Marketing,3,True,0.99
l.taylor@nettlefield-dental.example,25-34,£100k-£150k,UK,London,London,Head of Growth,Manager,Marketing,1,True,0.8
l.thompson@inkwell-manufacturing.example,18-24,£25k-£50k,UK,Scotland,Edinburgh,Marketing Executive,Individual contributor,Marketing,3,False,0.94
l.thompson@ironbridge-engineering.example,18-24,under £25k,FR,Ile-de-France,Paris,Student,Student,Student,0,False,0.86
l.thompson@rosewood-shipping.example,35-44,£25k-£50k,US,Texas,Austin,Operations Manager,Manager,Operations,2,True,0.68
l.thompson@thornbury-stores.example,65+,£150k+,DE,Bavaria,Munich,Director of Sales,Director or above,Sales,6,False,0.72
l.walker@granite-digital.example,25-34,£50k-£100k,US,New York,New York,Marketing Manager,Manager,Marketing,5,True,0.84
l.walker@inkwell-manufacturing.example,45-54,£100k-£150k,UK,South West,Bristol,Founder,Director or above,Executive,2,True,0.7
l.walker@quartz-medical.example,35-44,£50k-£100k,FR,Ile-de-France,Paris,Head of Growth,Manager,Marketing,2,True,0.96
l.weber@ashford-stores.example,45-54,£150k+,US,Massachusetts,Boston,Founder,Director or above,Executive,1,True,0.96
l.white@harbour-tutors.example,35-44,£50k-£100k,UK,Yorkshire,Leeds,Director of Sales,Director or above,Sales,9,False,0.63
l.white@heron-capital.example,25-34,£50k-£100k,UK,Yorkshire,Leeds,Head of Marketing,Manager,Marketing,1,False,0.7
l.white@quartz-haulage.example,35-44,£50k-£100k,DE,Hesse,Frankfurt,Head of Growth,Manager,Marketing,1,False,0.94
l.williams@dunmore-wealth.example,25-34,£25k-£50k,UK,South West,Bristol,Marketing Coordinator,Individual contributor,Marketing,6,False,0.91
l.williams@juniper-industries.example,35-44,under £25k,UK,Yorkshire,Leeds,Assistant,Individual contributor,Operations,3,True,0.98
l.williams@tamarind-dental.example,35-44,£50k-£100k,NL,South Holland,Rotterdam,Sales Manager,Manager,Sales,2,True,0.85
l.williams@westbrook-wealth.example,25-34,£50k-£100k,US,Illinois,Chicago,Sales Manager,Manager,Sales,8,False,0.81
l.wilson@zephyr-retail.example,35-44,£50k-£100k,US,Massachusetts,Boston,Demand Gen Manager,Manager,Marketing,4,True,0.76
l.wood@ashford-health.example,45-54,£150k+,US,California,San Francisco,Marketing Manager,Manager,Marketing,4,True,0.82
l.wood@hawthorn-medical.example,25-34,£100k-£150k,UK,West Midlands,Birmingham,Marketing Director,Director or above,Marketing,3,True,0.81
l.wood@marigold-insurance.example,25-34,£50k-£100k,UK,North West,Manchester,Demand Gen Manager,Manager,Marketing,4,False,0.93
l.wright@lantern-market.example,45-54,£100k-£150k,UK,South West,Bristol,Chief Revenue Officer,Director or above,Executive,3,False,0.73
l.wright@saltmarsh-trading.example,25-34,£50k-£100k,FR,Hauts-de-France,Lille,Head of Growth,Manager,Marketing,3,False,0.93
l.young@brightwater-logistics.example,45-54,£25k-£50k,FR,Ile-de-France,Paris,Marketing Manager,Manager,Marketing,1,True,0.89
l.young@inkwell-manufacturing.example,35-44,£50k-£100k,UK,Scotland,Edinburgh,Marketing Manager,Manager,Marketing,0,False,0.89
l.young@kingsway-freight.example,18-24,under £25k,US,New York,New York,Sales Rep,Individual contributor,Sales,4,False,0.66
l.young@moorland-works.example,35-44,£100k-£150k,US,Massachusetts,Boston,Demand Gen Manager,Manager,Marketing,1,True,0.87
lbaker259@gmail.example,18-24,£25k-£50k,UK,London,London,Student,Student,Student,0,True,0.83
lbaker300@gmail.example,55-64,£25k-£50k,US,Illinois,Chicago,VP Marketing,Director or above,Marketing,1,False,0.72
lbaker771@gmail.example,18-24,under £25k,DE,Berlin,Berlin,Student,Student,Student,0,False,0.88
lbakker334@yahoo.example,18-24,£25k-£50k,NL,North Holland,Amsterdam,Student,Student,Student,0,False,0.77
lbakker950@outlook.example,18-24,under £25k,FR,Ile-de-France,Paris,Assistant,Individual contributor,Operations,5,False,0.66
lbernard651@yahoo.example,35-44,£25k-£50k,UK,North West,Manchester,Head of Growth,Manager,Marketing,3,False,0.9
lbernard989@icloud.example,35-44,£50k-£100k,UK,North West,Manchester,Head of Growth,Manager,Marketing,5,False,0.67
ldavies690@icloud.example,25-34,£25k-£50k,NL,North Brabant,Eindhoven,Marketing Executive,Individual contributor,Marketing,1,True,0.74
ldavies773@yahoo.example,35-44,£50k-£100k,US,Texas,Austin,Head of Marketing,Manager,Marketing,6,True,0.84
lena.anderson@quartz-labs.example,35-44,£50k-£100k,UK,Yorkshire,Leeds,Head of Growth,Manager,Marketing,1,False,0.61
lena.baker@emberly-freight.example,25-34,£50k-£100k,UK,West Midlands,Birmingham,Demand Gen Manager,Manager,Marketing,3,True,0.67
lena.baker@highgate-market.example,55-64,£50k-£100k,DE,Bavaria,Munich,Founder,Director or above,Executive,0,True,0.63
lena.baker@nettlefield-software.example,35-44,£50k-£100k,US,Illinois,Chicago,Sales Manager,Manager,Sales,12,True,0.82
lena.baker@oakridge-freight.example,35-44,£50k-£100k,FR,Ile-de-France,Paris,Marketing Executive,Individual contributor,Marketing,7,False,0.91
lena.bernard@driftwood-consulting.example,25-34,£50k-£100k,FR,Ile-de-France,Paris,Head of Marketing,Manager,Marketing,5,False,0.96
lena.brown@hotmail.example,35-44,£50k-£100k,NL,Utrecht,Utrecht,Sales Manager,Manager,Sales,6,False,0.61
lena.davies@icloud.example,25-34,£100k-£150k,US,New York,New York,Operations Manager,Manager,Operations,2,False,0.67
lena.devries@lindenwood-academy.example,25-34,£50k-£100k,UK,South West,Bristol,Demand Gen Manager,Manager,Marketing,5,False,0.77
lena.dubois@hawthorn-transport.example,35-44,£100k-£150k,UK,Yorkshire,Leeds,VP Marketing,Director or above,Marketing,3,False,0.94
lena.evans@larkspur-wealth.example,25-34,£25k-£50k,DE,Berlin,Berlin,Student,Student,Student,0,False,0.69
lena.evans@nimbus-training.example,25-34,£25k-£50k,US,Texas,Austin,Marketing Coordinator,Individual contributor,Marketing,3,False,0.83
lena.evans@oakridge-data.example,25-34,under £25k,UK,Scotland,Edinburgh,Student,Student,Student,0,False,0.92
lena.green@highgate-trading.example,35-44,£50k-£100k,UK,North West,Manchester,Sales Manager,Manager,Sales,2,True,0.87
lena.green@lantern-components.example,45-54,£50k-£100k,NL,South Holland,Rotterdam,Founder,Director or above,Executive,4,True,0.61
lena.green@oldfield-insurance.example,35-44,£100k-£150k,UK,Yorkshire,Leeds,Marketing Director,Director or above,Marketing,4,True,0.85
lena.hall@alder-finance.example,35-44,£50k-£100k,US,Massachusetts,Boston,Operations Manager,Manager,Operations,2,False,0.89
lena.hall@upland-consulting.example,25-34,£100k-£150k,US,Massachusetts,Boston,Marketing Manager,Manager,Marketing,4,False,0.89
lena.hughes@meridian-clinics.example,25-34,£25k-£50k,UK,Yorkshire,Leeds,Analyst,Individual contributor,Operations,3,True,0.93
lena.jansen@driftwood-lending.example,45-54,£50k-£100k,US,California,San Francisco,Managing Director,Director or above,Executive,6,False,0.92
lena.jansen@granite-digital.example,18-24,£25k-£50k,US,New York,New York,Analyst,Individual contributor,Operations,7,False,0.7
lena.johnson@yahoo.example,25-34,£50k-£100k,DE,Hamburg,Hamburg,Operations Manager,Manager,Operations,4,True,0.67
lena.jones@evergreen-associates.example,25-34,under £25k,NL,North Brabant,Eindhoven,Student,Student,Student,0,False,0.92
lena.jones@granite-care.example,18-24,£25k-£50k,FR,Auvergne-Rhone-Alpes,Lyon,Student,Student,Student,0,False,0.69
lena.jones@hawthorn-finance.example,25-34,£50k-£100k,US,New York,New York,Marketing Coordinator,Individual contributor,Marketing,3,False,0.94
lena.jones@highgate-health.example,18-24,under £25k,UK,South West,Bristol,Sales Rep,Individual contributor,Sales,1,True,0.74
lena.jones@moorland-associates.example,25-34,under £25k,FR,Ile-de-France,Paris,Analyst,Individual contributor,Operations,10,False,0.72
lena.jones@tidewater-medical.example,25-34,£50k-£100k,FR,Occitanie,Toulouse,Head of Growth,Manager,Marketing,1,False,0.85
lena.jones@upland-cloud.example,55-64,£50k-£100k,UK,London,London,Founder,Director or above,Executive,3,False,0.97
lena.lewis@elmstead-industries.example,45-54,£150k+,US,Massachusetts,Boston,Marketing Director,Director or above,Marketing,5,True,0.81
lena.martin@tamarind-fabrication.example,25-34,£25k-£50k,FR,Auvergne-Rhone-Alpes,Lyon,Assistant,Individual contributor,Operations,1,False,0.72
lena.miller@aurora-advisory.example,25-34,£25k-£50k,UK,South West,Bristol,Analyst,Individual contributor,Operations,1,True,0.78
lena.miller@tidewater-education.example,35-44,£150k+,DE,Bavaria,Munich,Director of Sales,Director or above,Sales,4,False,0.85
lena.moore@evergreen-clinics.example,55-64,£100k-£150k,US,Illinois,Chicago,Managing Director,Director or above,Executive,2,False,0.71
lena.muller@gmail.example,45-54,£25k-£50k,UK,Scotland,Edinburgh,Head of Marketing,Manager,Marketing,6,False,0.95
lena.muller@northwind-capital.example,45-54,£25k-£50k,UK,North West,Manchester,Sales Rep,Individual contributor,Sales,3,False,0.63
lena.muller@silverline-labs.example,25-34,£50k-£100k,US,California,San Francisco,Sales Manager,Manager,Sales,4,True,0.86
lena.murphy@evergreen-haulage.example,35-44,£50k-£100k,FR,Occitanie,Toulouse,Marketing Manager,Manager,Marketing,2,True,0.87
lena.patel@harbour-engineering.example,35-44,£50k-£100k,NL,North Brabant,Eindhoven,Founder,Director or above,Executive,2,False,0.62
lena.patel@redwood-outfitters.example,18-24,£25k-£50k,DE,Bavaria,Munich,Analyst,Individual contributor,Operations,1,True,0.85
lena.roberts@dovecote-trading.example,45-54,£100k-£150k,UK,London,London,Sales Manager,Manager,Sales,4,False,0.93
lena.roberts@glenmoor-dental.example,25-34,£50k-£100k,UK,South West,Bristol,Managing Director,Director or above,Executive,2,True,0.77
lena.roberts@hotmail.example,18-24,under £25k,US,New York,New York,Student,Student,Student,0,False,0.85
lena.schmidt@hawthorn-fabrication.example,25-34,£25k-£50k,UK,London,London,Assistant,Individual contributor,Operations,3,False,0.74
lena.schmidt@tidewater-trading.example,35-44,£25k-£50k,FR,Hauts-de-France,Lille,Head of Growth,Manager,Marketing,2,False,0.74
lena.scott@silverline-legal.example,45-54,£150k+,US,Washington,Seattle,Head of Growth,Manager,Marketing,4,True,0.92
lena.taylor@zephyr-pharma.example,25-34,£50k-£100k,NL,South Holland,Rotterdam,Sales Manager,Manager,Sales,9,False,0.69
lena.walker@zephyr-college.example,25-34,£50k-£100k,NL,Utrecht,Utrecht,Head of Growth,Manager,Marketing,2,True,0.85
lena.weber@kingsway-insurance.example,45-54,£100k-£150k,US,California,San Francisco,Founder,Director or above,Executive,3,True,0.92
lena.weber@meridian-training.example,25-34,£25k-£50k,UK,West Midlands,Birmingham,Sales Rep,Individual contributor,Sales,5,False,0.84
lena.weber@stonebridge-wealth.example,35-44,£100k-£150k,US,Massachusetts,Boston,Sales Manager,Manager,Sales,3,False,0.66
lena.williams@icloud.example,18-24,£25k-£50k,DE,Hamburg,Hamburg,Marketing Executive,Individual contributor,Marketing,0,False,0.66
lena.williams@outlook.example,45-54,under £25k,DE,Berlin,Berlin,Marketing Executive,Individual contributor,Marketing,17,False,0.73
lena.wilson72@icloud.example,35-44,£100k-£150k,DE,Hamburg,Hamburg,Managing Director,Director or above,Executive,1,True,0.81
lena.wilson@hawthorn-associates.example,45-54,£50k-£100k,US,California,San Francisco,Marketing Manager,Manager,Marketing,6,False,0.89
lena.wood@tamarind-college.example,25-34,£50k-£100k,NL,North Holland,Amsterdam,Sales Manager,Manager,Sales,2,True,0.94
lena.wright@pinecrest-tutors.example,25-34,under £25k,UK,North West,Manchester,Sales Rep,Individual contributor,Sales,0,False,0.63
lena.young@yarrow-transport.example,35-44,£100k-£150k,US,Illinois,Chicago,Marketing Manager,Manager,Marketing,6,True,0.71
lena@ashford-shipping.example,25-34,£25k-£50k,UK,West Midlands,Birmingham,Marketing Coordinator,Individual contributor,Marketing,3,False,0.64
lena@ashford-transport.example,25-34,£50k-£100k,US,Massachusetts,Boston,Marketing Executive,Individual contributor,Marketing,2,True,0.8
lena@aurora-haulage.example,25-34,£50k-£100k,FR,Hauts-de-France,Lille,Head of Marketing,Manager,Marketing,0,True,0.69
lena@beacon-engineering.example,18-24,£25k-£50k,NL,North Holland,Amsterdam,Marketing Executive,Individual contributor,Marketing,8,False,0.95
lena@beacon-works.example,25-34,under £25k,UK,North West,Manchester,Marketing Executive,Individual contributor,Marketing,5,True,0.78
lena@bramble-trading.example,45-54,£100k-£150k,NL,North Brabant,Eindhoven,Managing Director,Director or above,Executive,9,True,0.79
lena@brightwater-stores.example,35-44,£100k-£150k,FR,Hauts-de-France,Lille,Founder,Director or above,Executive,2,False,0.9
lena@cobalt-partners.example,45-54,£100k-£150k,US,Washington,Seattle,Director of Sales,Director or above,Sales,3,True,0.97
lena@fernhill-academy.example,35-44,£50k-£100k,US,Massachusetts,Boston,Marketing Director,Director or above,Marketing,11,True,0.81
lena@foxglove-lending.example,25-34,under £25k,DE,Berlin,Berlin,Marketing Executive,Individual contributor,Marketing,2,False,0.94
lena@glenmoor-market.example,35-44,£100k-£150k,UK,London,London,Chief Revenue Officer,Director or above,Executive,6,True,0.76
lena@hawthorn-shipping.example,35-44,£25k-£50k,US,California,San Francisco,Analyst,Individual contributor,Operations,2,True,0.71
lena@highgate-industries.example,25-34,£50k-£100k,UK,London,London,Assistant,Individual contributor,Operations,1,True,0.67
lena@jasper-learning.example,45-54,£50k-£100k,UK,South West,Bristol,Managing Director,Director or above,Executive,10,False,0.74
lena@juniper-couriers.example,45-54,£25k-£50k,UK,South West,Bristol,Operations Manager,Manager,Operations,2,False,0.94
lena@kelvin-manufacturing.example,25-34,£50k-£100k,US,California,San Francisco,Sales Manager,Manager,Sales,2,False,0.85
lena@kelvin-transport.example,35-44,£100k-£150k,UK,London,London,Sales Manager,Manager,Sales,2,True,0.78
lena@keystone-education.example,25-34,£50k-£100k,NL,Utrecht,Utrecht,Analyst,Individual contributor,Operations,4,False,0.79
lena@keystone-haulage.example,35-44,£100k-£150k,UK,South West,Bristol,Sales Manager,Manager,Sales,9,True,0.89
lena@kingsway-dental.example,25-34,£50k-£100k,UK,Scotland,Edinburgh,CEO,Director or above,Executive,2,True,0.75
lena@kingsway-industries.example,25-34,£50k-£100k,US,Washington,Seattle,Head of Growth,Manager,Marketing,3,False,0.81
lena@lantern-learning.example,25-34,£50k-£100k,DE,Bavaria,Munich,Marketing Coordinator,Individual contributor,Marketing,3,False,0.72
lena@lindenwood-labs.example,25-34,£25k-£50k,US,New York,New York,Head of Growth,Manager,Marketing,3,True,0.78
lena@norfolk-health.example,45-54,£100k-£150k,US,Massachusetts,Boston,CEO,Director or above,Executive,3,True,0.6
lena@northwind-tutors.example,18-24,under £25k,UK,North West,Manchester,Student,Student,Student,0,False,0.96
lena@oakridge-fabrication.example,45-54,£50k-£100k,DE,Berlin,Berlin,Head of Marketing,Manager,Marketing,11,True,0.92
lena@orchard-learning.example,25-34,£25k-£50k,UK,West Midlands,Birmingham,Analyst,Individual contributor,Operations,0,True,0.83
lena@orchard-pharma.example,35-44,£150k+,US,Illinois,Chicago,VP Marketing,Director or above,Marketing,8,False,0.71
lena@pebble-accountants.example,45-54,£150k+,US,California,San Francisco,Managing Director,Director or above,Executive,4,True,0.94
lena@pennine-trading.example,35-44,£100k-£150k,US,Washington,Seattle,Demand Gen Manager,Manager,Marketing,7,False,0.85
lena@quartz-retail.example,25-34,£25k-£50k,UK,South West,Bristol,Analyst,Individual contributor,Operations,1,False,0.9
lena@saltmarsh-recruitment.example,55-64,£100k-£150k,DE,Berlin,Berlin,Founder,Director or above,Executive,4,True,0.63
lena@silverline-transport.example,45-54,£100k-£150k,FR,Ile-de-France,Paris,VP Marketing,Director or above,Marketing,2,True,0.82
lena@stonebridge-freight.example,65+,£150k+,DE,Hesse,Frankfurt,Marketing Director,Director or above,Marketing,2,True,0.93
lena@tamarind-digital.example,35-44,under £25k,FR,Auvergne-Rhone-Alpes,Lyon,Marketing Coordinator,Individual contributor,Marketing,2,False,0.63
lena@tidewater-clinics.example,45-54,£50k-£100k,NL,North Brabant,Eindhoven,Head of Marketing,Manager,Marketing,1,False,0.86
lena@tidewater-legal.example,55-64,£50k-£100k,NL,North Holland,Amsterdam,Operations Manager,Manager,Operations,2,True,0.83
lena@umber-training.example,25-34,under £25k,UK,North West,Manchester,Sales Rep,Individual contributor,Sales,0,True,0.82
lena@upland-clinics.example,25-34,£100k-£150k,FR,Hauts-de-France,Lille,Marketing Director,Director or above,Marketing,4,True,0.87
lena@valley-fabrication.example,45-54,£150k+,DE,Berlin,Berlin,VP Marketing,Director or above,Marketing,3,True,0.61
lena@vantage-fabrication.example,35-44,£25k-£50k,FR,Occitanie,Toulouse,Demand Gen Manager,Manager,Marketing,2,True,0.62
lena@vantage-systems.example,45-54,£150k+,US,Massachusetts,Boston,CEO,Director or above,Executive,2,True,0.65
lena@zephyr-couriers.example,18-24,£50k-£100k,NL,Utrecht,Utrecht,Assistant,Individual contributor,Operations,6,False,0.91
lena@zephyr-education.example,25-34,£25k-£50k,UK,West Midlands,Birmingham,Marketing Executive,Individual contributor,Marketing,0,False,0.84
lenabakker16@hotmail.example,35-44,£100k-£150k,UK,Yorkshire,Leeds,Sales Manager,Manager,Sales,3,False,0.86
lenabernard42@outlook.example,35-44,£50k-£100k,UK,West Midlands,Birmingham,Head of Growth,Manager,Marketing,1,False,0.74
lenajones20@yahoo.example,25-34,£50k-£100k,UK,South West,Bristol,Sales Manager,Manager,Sales,0,False,0.91
lenapatel68@outlook.example,35-44,£25k-£50k,DE,Berlin,Berlin,Marketing Executive,Individual contributor,Marketing,5,False,0.68
lenawilson56@outlook.example,45-54,£100k-£150k,FR,Hauts-de-France,Lille,VP Marketing,Director or above,Marketing,9,True,0.74
lenawood74@gmail.example,18-24,under £25k,UK,West Midlands,Birmingham,Sales Rep,Individual contributor,Sales,1,False,0.75
leo.anderson@rosewood-components.example,25-34,£25k-£50k,UK,West Midlands,Birmingham,Marketing Executive,Individual contributor,Marketing,8,False,0.81
leo.anderson@rosewood-stores.example,25-34,under £25k,US,Massachusetts,Boston,Marketing Executive,Individual contributor,Marketing,2,True,0.96
leo.baker@bluebell-tutors.example,45-54,£100k-£150k,NL,Utrecht,Utrecht,CEO,Director or above,Executive,3,True,0.71
leo.bernard@pennine-learning.example,45-54,£100k-£150k,DE,Hesse,Frankfurt,Marketing Director,Director or above,Marketing,2,False,0.97
leo.clarke@ivywood-training.example,35-44,£50k-£100k,FR,Occitanie,Toulouse,Operations Manager,Manager,Operations,1,False,0.7
leo.clarke@zephyr-market.example,35-44,£100k-£150k,US,Illinois,Chicago,Marketing Director,Director or above,Marketing,2,True,0.91
leo.devries@gmail.example,25-34,£50k-£100k,UK,North West,Manchester,Director of Sales,Director or above,Sales,1,False,0.96
leo.dubois@orchard-insurance.example,65+,£150k+,UK,Yorkshire,Leeds,Managing Director,Director or above,Executive,1,False,0.96
leo.evans@northwind-market.example,35-44,under £25k,FR,Auvergne-Rhone-Alpes,Lyon,Marketing Executive,Individual contributor,Marketing,1,False,0.82
leo.evans@saltmarsh-works.example,25-34,£25k-£50k,US,Massachusetts,Boston,Analyst,Individual contributor,Operations,4,False,0.64
leo.garcia@marigold-outfitters.example,35-44,£50k-£100k,US,California,San Francisco,Head of Marketing,Manager,Marketing,5,True,0.97
leo.hall@hotmail.example,25-34,£25k-£50k,UK,West Midlands,Birmingham,Marketing Coordinator,Individual contributor,Marketing,1,False,0.75
leo.hughes@inkwell-lending.example,18-24,£25k-£50k,US,Texas,Austin,Marketing Coordinator,Individual contributor,Marketing,2,False,0.69
leo.jansen@alder-labs.example,35-44,£50k-£100k,UK,London,London,Head of Marketing,Manager,Marketing,2,False,0.98
leo.jansen@gmail.example,25-34,under £25k,UK,Yorkshire,Leeds,Assistant,Individual contributor,Operations,10,False,0.76
leo.jansen@heron-goods.example,45-54,£100k-£150k,DE,Bavaria,Munich,Director of Sales,Director or above,Sales,6,False,0.67
leo.jansen@outlook.example,35-44,£50k-£100k,UK,North West,Manchester,Head of Marketing,Manager,Marketing,0,True,0.91
leo.johnson@icloud.example,25-34,£100k-£150k,UK,London,London,Sales Manager,Manager,Sales,5,False,0.98
leo.jones@clearwater-works.example,25-34,£100k-£150k,US,Texas,Austin,Chief Revenue Officer,Director or above,Executive,2,False,0.88
leo.jones@gmail.example,25-34,under £25k,NL,North Holland,Amsterdam,Analyst,Individual contributor,Operations,3,False,0.71
leo.jones@kelvin-digital.example,35-44,£150k+,UK,Yorkshire,Leeds,Marketing Director,Director or above,Marketing,4,False,0.64
leo.khan@moorland-trading.example,35-44,£50k-£100k,NL,North Brabant,Eindhoven,Head of Growth,Manager,Marketing,2,True,0.93
leo.khan@saltmarsh-trading.example,25-34,under £25k,FR,Hauts-de-France,Lille,Marketing Coordinator,Individual contributor,Marketing,3,False,0.72
leo.king@ashford-care.example,18-24,£25k-£50k,UK,Scotland,Edinburgh,Assistant,Individual contributor,Operations,1,False,0.72
leo.lewis@dunmore-fabrication.example,35-44,£100k-£150k,UK,West Midlands,Birmingham,Head of Marketing,Manager,Marketing,8,True,0.91
leo.lewis@gmail.example,25-34,£50k-£100k,US,Massachusetts,Boston,Marketing Manager,Manager,Marketing,2,True,0.91
leo.lewis@jasper-outfitters.example,25-34,£25k-£50k,DE,Berlin,Berlin,Sales Rep,Individual contributor,Sales,1,False,0.85
leo.martin@ashford-academy.example,25-34,£25k-£50k,NL,South Holland,Rotterdam,Marketing Executive,Individual contributor,Marketing,1,False,0.78
leo.martin@cobalt-insurance.example,25-34,£25k-£50k,US,Texas,Austin,Marketing Coordinator,Individual contributor,Marketing,1,True,0.6
leo.martin@granite-fabrication.example,35-44,£100k-£150k,US,Texas,Austin,Marketing Manager,Manager,Marketing,3,True,0.78
leo.miller@cedar-finance.example,35-44,£50k-£100k,US,New York,New York,Demand Gen Manager,Manager,Marketing,2,True,0.83
leo.muller@beacon-training.example,35-44,£25k-£50k,DE,Hesse,Frankfurt,Head of Marketing,Manager,Marketing,1,True,0.95
leo.patel@aurora-pharma.example,45-54,£50k-£100k,NL,South Holland,Rotterdam,Sales Manager,Manager,Sales,0,True,0.76
leo.patel@upland-components.example,18-24,£50k-£100k,UK,Scotland,Edinburgh,Assistant,Individual contributor,Operations,1,False,0.81
leo.schmidt@heron-partners.example,45-54,£100k-£150k,UK,London,London,VP Marketing,Director or above,Marketing,6,True,0.8
leo.smith@silverline-haulage.example,25-34,£25k-£50k,US,New York,New York,Marketing Coordinator,Individual contributor,Marketing,2,False,0.62
leo.taylor@yahoo.example,18-24,under £25k,FR,Hauts-de-France,Lille,Student,Student,Student,0,False,0.67
leo.thompson@umber-wealth.example,45-54,£100k-£150k,NL,North Holland,Amsterdam,Director of Sales,Director or above,Sales,1,False,0.93
leo.weber@ashford-transport.example,35-44,£50k-£100k,US,California,San Francisco,Marketing Manager,Manager,Marketing,3,True,0.85
leo.weber@foxglove-pharma.example,35-44,£25k-£50k,DE,Hamburg,Hamburg,Assistant,Individual contributor,Operations,3,False,0.76
leo.white@moorland-couriers.example,25-34,£50k-£100k,FR,Auvergne-Rhone-Alpes,Lyon,Analyst,Individual contributor,Operations,2,False,0.85
leo.white@tidewater-cloud.example,18-24,£25k-£50k,NL,North Holland,Amsterdam,Analyst,Individual contributor,Operations,3,True,0.73
leo.williams@greystone-haulage.example,45-54,£50k-£100k,UK,Yorkshire,Leeds,Managing Director,Director or above,Executive,0,True,0.97
leo.williams@tamarind-medical.example,35-44,£150k+,UK,Scotland,Edinburgh,Chief Revenue Officer,Director or above,Executive,0,True,0.95
leo.wilson@fernhill-education.example,35-44,£50k-£100k,UK,South West,Bristol,Head of Growth,Manager,Marketing,5,True,0.86
leo.wilson@lantern-insurance.example,45-54,£150k+,DE,Hesse,Frankfurt,Chief Revenue Officer,Director or above,Executive,2,False,0.77
leo.wright@elmstead-freight.example,45-54,£100k-£150k,UK,West Midlands,Birmingham,Founder,Director or above,Executive,0,True,0.72
leo.wright@stonebridge-freight.example,25-34,under £25k,DE,Berlin,Berlin,Sales Rep,Individual contributor,Sales,2,False,0.84
leo.wright@zephyr-labs.example,45-54,£100k-£150k,UK,London,London,Marketing Director,Director or above,Marketing,5,True,0.78
leo02@brightwater-transport.example,25-34,£50k-£100k,FR,Ile-de-France,Paris,Head of Marketing,Manager,Marketing,6,False,0.6
leo20@foxglove-labs.example,25-34,under £25k,UK,London,London,Analyst,Individual contributor,Operations,2,False,0.88
leo@alder-academy.example,45-54,£150k+,DE,Hesse,Frankfurt,Founder,Director or above,Executive,5,True,0.82
leo@alder-clinics.example,25-34,£25k-£50k,UK,North West,Manchester,Sales Manager,Manager,Sales,1,False,0.75
leo@beacon-couriers.example,25-34,under £25k,US,Massachusetts,Boston,Marketing Coordinator,Individual contributor,Marketing,3,False,0.83
leo@cedar-transport.example,25-34,£100k-£150k,UK,South West,Bristol,CEO,Director or above,Executive,1,True,0.77
leo@dovecote-trading.example,25-34,£25k-£50k,UK,Scotland,Edinburgh,Marketing Executive,Individual contributor,Marketing,1,False,0.95
leo@driftwood-lending.example,35-44,under £25k,US,Texas,Austin,Analyst,Individual contributor,Operations,2,False,0.88
leo@dunmore-market.example,35-44,£50k-£100k,FR,Hauts-de-France,Lille,Operations Manager,Manager,Operations,3,True,0.83
leo@elmstead-associates.example,35-44,£100k-£150k,DE,Hesse,Frankfurt,Chief Revenue Officer,Director or above,Executive,4,True,0.63
leo@emberly-transport.example,25-34,£50k-£100k,US,New York,New York,Marketing Executive,Individual contributor,Marketing,4,False,0.67
leo@evergreen-advisory.example,45-54,£50k-£100k,UK,West Midlands,Birmingham,Head of Marketing,Manager,Marketing,3,False,0.61
leo@evergreen-components.example,45-54,£50k-£100k,UK,West Midlands,Birmingham,Demand Gen Manager,Manager,Marketing,1,False,0.61
leo@falcon-learning.example,25-34,£25k-£50k,US,Illinois,Chicago,Marketing Manager,Manager,Marketing,1,True,0.93
leo@fernhill-wealth.example,45-54,£100k-£150k,UK,South West,Bristol,Founder,Director or above,Executive,1,True,0.84
leo@foxglove-engineering.example,45-54,£100k-£150k,NL,Utrecht,Utrecht,CEO,Director or above,Executive,4,True,0.71
leo@foxglove-labs.example,55-64,£150k+,UK,North West,Manchester,Marketing Director,Director or above,Marketing,2,False,0.81
leo@granite-insurance.example,25-34,£50k-£100k,US,New York,New York,Assistant,Individual contributor,Operations,2,False,0.65
leo@harbour-trading.example,45-54,£25k-£50k,DE,Berlin,Berlin,Assistant,Individual contributor,Operations,3,False,0.62
leo@heron-labs.example,55-64,£150k+,US,Massachusetts,Boston,Managing Director,Director or above,Executive,3,True,0.73
leo@ivywood-training.example,25-34,under £25k,FR,Hauts-de-France,Lille,Sales Rep,Individual contributor,Sales,1,True,0.66
leo@kelvin-digital.example,25-34,£50k-£100k,UK,North West,Manchester,Marketing Executive,Individual contributor,Marketing,2,False,0.75
leo@kestrel-learning.example,35-44,£50k-£100k,FR,Hauts-de-France,Lille,Analyst,Individual contributor,Operations,11,True,0.69
leo@keystone-market.example,25-34,£50k-£100k,DE,Bavaria,Munich,Demand Gen Manager,Manager,Marketing,1,True,0.84
leo@larkspur-stores.example,35-44,£150k+,UK,North West,Manchester,VP Marketing,Director or above,Marketing,3,True,0.78
leo@marigold-cloud.example,35-44,£50k-£100k,US,Massachusetts,Boston,Marketing Manager,Manager,Marketing,1,True,0.96
leo@nettlefield-finance.example,35-44,£100k-£150k,UK,South West,Bristol,Marketing Director,Director or above,Marketing,1,True,0.64
leo@nettlefield-tutors.example,35-44,£50k-£100k,US,New York,New York,Demand Gen Manager,Manager,Marketing,10,False,0.79
leo@norfolk-clinics.example,25-34,£50k-£100k,US,Washington,Seattle,Sales Manager,Manager,Sales,1,True,0.63
leo@oakridge-accountants.example,45-54,£100k-£150k,FR,Auvergne-Rhone-Alpes,Lyon,Managing Director,Director or above,Executive,2,True,0.74
leo@oldfield-insurance.example,25-34,under £25k,UK,Scotland,Edinburgh,Sales Rep,Individual contributor,Sales,3,False,0.66
leo@pebble-consulting.example,35-44,£150k+,UK,South West,Bristol,Founder,Director or above,Executive,2,True,0.63
leo@pebble-digital.example,35-44,£25k-£50k,UK,North West,Manchester,Head of Growth,Manager,Marketing,5,False,0.85
leo@pennine-market.example,25-34,£50k-£100k,FR,Ile-de-France,Paris,Marketing Manager,Manager,Marketing,2,False,0.96
leo@pinecrest-market.example,25-34,£50k-£100k,US,New York,New York,Marketing Executive,Individual contributor,Marketing,5,False,0.9
leo@quartz-care.example,25-34,£25k-£50k,US,Illinois,Chicago,Sales Rep,Individual contributor,Sales,1,True,0.85
leo@rosewood-trading.example,25-34,£100k-£150k,UK,Scotland,Edinburgh,Head of Growth,Manager,Marketing,2,False,0.76
leo@saltmarsh-lending.example,35-44,£50k-£100k,DE,Bavaria,Munich,Operations Manager,Manager,Operations,4,True,0.76
leo@saltmarsh-shipping.example,25-34,£50k-£100k,UK,West Midlands,Birmingham,Marketing Coordinator,Individual contributor,Marketing,4,False,0.91
leo@saltmarsh-training.example,45-54,£50k-£100k,UK,South West,Bristol,Sales Manager,Manager,Sales,3,False,0.63
leo@saltmarsh-wealth.example,25-34,£50k-£100k,DE,Hamburg,Hamburg,Operations Manager,Manager,Operations,13,False,0.69
leo@silverline-associates.example,25-34,£100k-£150k,UK,North West,Manchester,VP Marketing,Director or above,Marketing,5,True,0.95
leo@tamarind-capital.example,35-44,£25k-£50k,UK,Scotland,Edinburgh,Analyst,Individual contributor,Operations,4,True,0.6
leo@umber-dental.example,25-34,£100k-£150k,UK,West Midlands,Birmingham,CEO,Director or above,Executive,2,True,0.65
leo@umber-logistics.example,25-34,£100k-£150k,FR,Ile-de-France,Paris,Operations Manager,Manager,Operations,0,False,0.67
leo@westbrook-data.example,25-34,£50k-£100k,DE,Berlin,Berlin,Sales Manager,Manager,Sales,4,True,0.63
leo@yarrow-care.example,25-34,£25k-£50k,FR,Occitanie,Toulouse,Marketing Coordinator,Individual contributor,Marketing,2,False,0.61
leo@zephyr-associates.example,45-54,£100k-£150k,US,Massachusetts,Boston,VP Marketing,Director or above,Marketing,1,True,0.65
leodavies83@gmail.example,45-54,£25k-£50k,UK,South West,Bristol,Demand Gen Manager,Manager,Marketing,3,True,0.72
leokhan09@hotmail.example,45-54,£25k-£50k,US,Washington,Seattle,Sales Rep,Individual contributor,Sales,2,False,0.95
leoking82@outlook.example,35-44,£100k-£150k,UK,South West,Bristol,Operations Manager,Manager,Operations,4,False,0.72
leomartin16@icloud.example,55-64,£100k-£150k,DE,Berlin,Berlin,Chief Revenue Officer,Director or above,Executive,2,True,0.65
leomurphy95@icloud.example,25-34,£50k-£100k,US,Washington,Seattle,Head of Marketing,Manager,Marketing,2,True,0.63
leowilliams69@icloud.example,45-54,£25k-£50k,US,Massachusetts,Boston,Marketing Manager,Manager,Marketing,6,True,0.77
leowood47@icloud.example,35-44,£50k-£100k,US,California,San Francisco,Marketing Manager,Manager,Marketing,1,False,0.71
leowood96@outlook.example,25-34,£50k-£100k,DE,Hesse,Frankfurt,Head of Marketing,Manager,Marketing,1,True,0.68
lgreen125@gmail.example,18-24,under £25k,US,New York,New York,Student,Student,Student,0,False,0.95
ljansen525@outlook.example,18-24,under £25k,FR,Occitanie,Toulouse,Student,Student,Student,0,False,0.61
ljansen863@yahoo.example,45-54,£25k-£50k,UK,North West,Manchester,Marketing Coordinator,Individual contributor,Marketing,6,False,0.8
ljohnson332@gmail.example,18-24,£25k-£50k,US,California,San Francisco,Analyst,Individual contributor,Operations,0,False,0.73
ljones392@icloud.example,45-54,£50k-£100k,UK,London,London,Marketing Director,Director or above,Marketing,5,True,0.71
lkhan242@gmail.example,35-44,£100k-£150k,US,Washington,Seattle,Head of Marketing,Manager,Marketing,1,True,0.85
lkhan597@hotmail.example,25-34,under £25k,DE,Hamburg,Hamburg,Sales Rep,Individual contributor,Sales,6,False,0.76
llewis770@icloud.example,35-44,£100k-£150k,US,California,San Francisco,Head of Marketing,Manager,Marketing,1,True,0.85
lmoore439@yahoo.example,45-54,under £25k,DE,Hesse,Frankfurt,Marketing Coordinator,Individual contributor,Marketing,3,False,0.98
lmoore752@hotmail.example,35-44,£25k-£50k,UK,Scotland,Edinburgh,Founder,Director or above,Executive,3,False,0.88
lmuller668@icloud.example,35-44,£25k-£50k,UK,Scotland,Edinburgh,Analyst,Individual contributor,Operations,2,True,0.85
lschmidt134@gmail.example,45-54,£25k-£50k,NL,Utrecht,Utrecht,VP Marketing,Director or above,Marketing,3,True,0.79
lscott544@yahoo.example,35-44,£100k-£150k,US,Illinois,Chicago,VP Marketing,Director or above,Marketing,3,False,0.98
lscott662@yahoo.example,35-44,£25k-£50k,DE,Berlin,Berlin,Sales Manager,Manager,Sales,17,False,0.93
lthompson320@icloud.example,25-34,£50k-£100k,US,Texas,Austin,Operations Manager,Manager,Operations,5,False,0.79
lucas.bakker@gmail.example,25-34,£50k-£100k,FR,Occitanie,Toulouse,Head of Marketing,Manager,Marketing,3,True,0.83
lucas.bakker@tidewater-wealth.example,25-34,£100k-£150k,US,New York,New York,Marketing Executive,Individual contributor,Marketing,2,False,0.77
lucas.bernard@emberly-lending.example,45-54,£50k-£100k,UK,South West,Bristol,Head of Marketing,Manager,Marketing,2,False,0.64
lucas.bernard@gmail.example,25-34,£25k-£50k,US,New York,New York,Sales Manager,Manager,Sales,5,True,0.68
lucas.bernard@oldfield-transport.example,55-64,£100k-£150k,UK,South West,Bristol,Chief Revenue Officer,Director or above,Executive,1,False,0.94
lucas.brown@bramble-advisory.example,18-24,£25k-£50k,UK,North West,Manchester,Analyst,Individual contributor,Operations,1,False,0.88
lucas.brown@hotmail.example,55-64,£100k-£150k,FR,Hauts-de-France,Lille,Chief Revenue Officer,Director or above,Executive,15,True,0.84
lucas.davies@pebble-tutors.example,35-44,£100k-£150k,DE,Hesse,Frankfurt,Chief Revenue Officer,Director or above,Executive,1,True,0.95
lucas.devries@dovecote-digital.example,25-34,£25k-£50k,NL,South Holland,Rotterdam,Sales Rep,Individual contributor,Sales,5,False,0.96
lucas.devries@lantern-partners.example,18-24,£25k-£50k,DE,Bavaria,Munich,Operations Manager,Manager,Operations,1,True,0.7
lucas.dubois@yahoo.example,35-44,under £25k,NL,North Holland,Amsterdam,Sales Manager,Manager,Sales,4,False,0.83
lucas.evans@dovecote-college.example,45-54,£100k-£150k,US,Washington,Seattle,Chief Revenue Officer,Director or above,Executive,6,True,0.94
lucas.green@bluebell-transport.example,25-34,£50k-£100k,NL,North Holland,Amsterdam,Marketing Coordinator,Individual contributor,Marketing,3,True,0.87
lucas.hall@pebble-transport.example,35-44,£100k-£150k,DE,Hamburg,Hamburg,Managing Director,Director or above,Executive,4,True,0.94
lucas.jansen@ashford-clinics.example,35-44,£50k-£100k,NL,North Holland,Amsterdam,Head of Marketing,Manager,Marketing,1,True,0.91
lucas.jansen@glenmoor-haulage.example,35-44,£50k-£100k,UK,West Midlands,Birmingham,Marketing Manager,Manager,Marketing,1,True,0.67
lucas.johnson@inkwell-goods.example,25-34,£25k-£50k,US,Illinois,Chicago,Marketing Executive,Individual contributor,Marketing,1,False,0.8
lucas.johnson@willow-wealth.example,55-64,£100k-£150k,US,Texas,Austin,Marketing Director,Director or above,Marketing,2,True,0.86
lucas.khan@falcon-components.example,45-54,£100k-£150k,DE,Berlin,Berlin,VP Marketing,Director or above,Marketing,1,True,0.84
lucas.khan@upland-industries.example,45-54,£25k-£50k,DE,Bavaria,Munich,Analyst,Individual contributor,Operations,1,False,0.89
lucas.khan@vantage-fabrication.example,35-44,£50k-£100k,FR,Ile-de-France,Paris,Operations Manager,Manager,Operations,1,True,0.81
lucas.lewis@inkwell-accountants.example,45-54,£50k-£100k,FR,Hauts-de-France,Lille,Marketing Manager,Manager,Marketing,1,True,0.77
lucas.lewis@norfolk-advisory.example,45-54,£25k-£50k,US,Massachusetts,Boston,Analyst,Individual contributor,Operations,3,False,0.72
lucas.lewis@zephyr-retail.example,18-24,£50k-£100k,US,Illinois,Chicago,Marketing Coordinator,Individual contributor,Marketing,3,False,0.79
lucas.miller@foxglove-education.example,45-54,£150k+,DE,Berlin,Berlin,Marketing Director,Director or above,Marketing,1,True,0.74
lucas.miller@upland-academy.example,35-44,£100k-£150k,US,Massachusetts,Boston,Operations Manager,Manager,Operations,4,False,0.88
lucas.muller@granite-data.example,45-54,£150k+,UK,Scotland,Edinburgh,VP Marketing,Director or above,Marketing,6,True,0.94
lucas.muller@tamarind-pharma.example,25-34,under £25k,DE,Berlin,Berlin,Sales Rep,Individual contributor,Sales,2,False,0.75
lucas.murphy@alder-pharma.example,18-24,£25k-£50k,US,California,San Francisco,Analyst,Individual contributor,Operations,2,False,0.6
lucas.patel@lantern-goods.example,45-54,£50k-£100k,FR,Ile-de-France,Paris,Assistant,Individual contributor,Operations,1,True,0.73
lucas.roberts@juniper-outfitters.example,25-34,£25k-£50k,US,California,San Francisco,Analyst,Individual contributor,Operations,6,False,0.81
lucas.schmidt@northwind-digital.example,25-34,£25k-£50k,NL,Utrecht,Utrecht,Analyst,Individual contributor,Operations,5,True,0.88
lucas.scott@gmail.example,25-34,under £25k,FR,Auvergne-Rhone-Alpes,Lyon,Marketing Coordinator,Individual contributor,Marketing,1,True,0.85
lucas.taylor@evergreen-stores.example,35-44,£50k-£100k,UK,Scotland,Edinburgh,Marketing Director,Director or above,Marketing,3,True,0.87
lucas.walker@moorland-medical.example,18-24,£25k-£50k,US,California,San Francisco,Assistant,Individual contributor,Operations,1,False,0.65
lucas.weber@highgate-training.example,25-34,£25k-£50k,US,Washington,Seattle,Assistant,Individual contributor,Operations,7,False,0.83
lucas.white@glenmoor-fabrication.example,18-24,under £25k,DE,Hamburg,Hamburg,Marketing Coordinator,Individual contributor,Marketing,2,False,0.68
lucas.white@pebble-haulage.example,25-34,£25k-£50k,US,Texas,Austin,Marketing Executive,Individual contributor,Marketing,1,False,0.87
lucas.williams@meridian-insurance.example,25-34,£100k-£150k,UK,West Midlands,Birmingham,Head of Growth,Manager,Marketing,1,True,0.85
lucas.williams@nettlefield-consulting.example,35-44,£100k-£150k,US,Texas,Austin,Sales Manager,Manager,Sales,1,False,0.71
lucas.wilson@orchard-cloud.example,45-54,under £25k,UK,North West,Manchester,Assistant,Individual contributor,Operations,6,True,0.83
lucas.wright@juniper-associates.example,25-34,£25k-£50k,US,Washington,Seattle,Marketing Executive,Individual contributor,Marketing,4,False,0.72
lucas.young@nettlefield-insurance.example,35-44,£100k-£150k,UK,London,London,Head of Growth,Manager,Marketing,4,False,0.71
lucas@ashford-capital.example,25-34,£25k-£50k,US,Texas,Austin,Analyst,Individual contributor,Operations,6,False,0.88
lucas@aurora-advisory.example,35-44,£50k-£100k,UK,South West,Bristol,Head of Growth,Manager,Marketing,2,True,0.7
lucas@bluebell-couriers.example,45-54,£100k-£150k,US,Massachusetts,Boston,Sales Manager,Manager,Sales,2,False,0.95
lucas@brightwater-cloud.example,18-24,£25k-£50k,UK,West Midlands,Birmingham,Marketing Coordinator,Individual contributor,Marketing,1,False,0.7
lucas@clearwater-associates.example,25-34,£25k-£50k,US,Illinois,Chicago,Analyst,Individual contributor,Operations,3,False,0.89
lucas@driftwood-consulting.example,55-64,£25k-£50k,FR,Hauts-de-France,Lille,Marketing Manager,Manager,Marketing,1,False,0.99
lucas@emberly-couriers.example,35-44,£25k-£50k,US,New York,New York,Demand Gen Manager,Manager,Marketing,3,False,0.82
lucas@granite-data.example,35-44,£50k-£100k,UK,North West,Manchester,Analyst,Individual contributor,Operations,0,False,0.78
lucas@granite-trading.example,45-54,£100k-£150k,NL,South Holland,Rotterdam,Founder,Director or above,Executive,1,True,0.62
lucas@harbour-advisory.example,18-24,£25k-£50k,UK,Scotland,Edinburgh,Analyst,Individual contributor,Operations,6,True,0.81
lucas@inkwell-advisory.example,35-44,£50k-£100k,UK,West Midlands,Birmingham,Head of Marketing,Manager,Marketing,3,False,0.68
lucas@inkwell-tutors.example,35-44,£100k-£150k,US,California,San Francisco,Head of Marketing,Manager,Marketing,4,False,0.92
lucas@juniper-care.example,55-64,£50k-£100k,NL,North Brabant,Eindhoven,Chief Revenue Officer,Director or above,Executive,1,True,0.95
lucas@juniper-dental.example,35-44,£25k-£50k,NL,North Holland,Amsterdam,Sales Manager,Manager,Sales,4,False,0.75
lucas@keystone-data.example,25-34,£50k-£100k,UK,Scotland,Edinburgh,Head of Marketing,Manager,Marketing,8,True,0.96
lucas@keystone-market.example,45-54,£150k+,DE,Bavaria,Munich,Director of Sales,Director or above,Sales,2,True,0.96
lucas@kingsway-recruitment.example,35-44,£50k-£100k,UK,South West,Bristol,Chief Revenue Officer,Director or above,Executive,0,True,0.6
lucas@lantern-accountants.example,35-44,£25k-£50k,US,Massachusetts,Boston,Assistant,Individual contributor,Operations,1,False,0.82
lucas@lantern-advisory.example,18-24,under £25k,DE,Bavaria,Munich,Student,Student,Student,0,False,0.96
lucas@lantern-capital.example,65+,£100k-£150k,UK,London,London,Founder,Director or above,Executive,4,True,0.75
lucas@nimbus-partners.example,35-44,£50k-£100k,DE,Berlin,Berlin,Head of Marketing,Manager,Marketing,4,True,0.85
lucas@norfolk-learning.example,25-34,£50k-£100k,DE,Hamburg,Hamburg,Head of Marketing,Manager,Marketing,1,True,0.79
lucas@pebble-goods.example,45-54,£100k-£150k,UK,North West,Manchester,CEO,Director or above,Executive,1,True,0.76
lucas@pinecrest-software.example,35-44,£100k-£150k,US,California,San Francisco,CEO,Director or above,Executive,4,False,0.92
lucas@riverside-haulage.example,35-44,£50k-£100k,US,Texas,Austin,Founder,Director or above,Executive,2,True,0.71
lucas@tidewater-dental.example,25-34,£50k-£100k,UK,South West,Bristol,Demand Gen Manager,Manager,Marketing,2,True,0.93
lucas@tidewater-lending.example,45-54,£50k-£100k,US,Massachusetts,Boston,Sales Manager,Manager,Sales,2,False,0.96
lucas@tidewater-manufacturing.example,25-34,£100k-£150k,US,Massachusetts,Boston,Head of Growth,Manager,Marketing,4,False,0.64
lucas@westbrook-shipping.example,25-34,£25k-£50k,UK,South West,Bristol,Sales Rep,Individual contributor,Sales,6,True,0.91
lucasdavies56@yahoo.example,25-34,£100k-£150k,UK,South West,Bristol,Head of Growth,Manager,Marketing,1,True,0.87
lucasgreen40@outlook.example,35-44,£25k-£50k,UK,North West,Manchester,Sales Manager,Manager,Sales,8,False,0.67
lucasking01@yahoo.example,25-34,£25k-£50k,UK,South West,Bristol,Demand Gen Manager,Manager,Marketing,1,True,0.88
lucasmiller50@outlook.example,18-24,under £25k,US,New York,New York,Student,Student,Student,0,False,0.96
lucasmuller21@hotmail.example,18-24,under £25k,UK,Scotland,Edinburgh,Assistant,Individual contributor,Operations,3,True,0.78
lucasmurphy69@gmail.example,25-34,£25k-£50k,FR,Ile-de-France,Paris,Assistant,Individual contributor,Operations,2,False,0.83
lucasroberts78@gmail.example,18-24,under £25k,UK,Yorkshire,Leeds,Student,Student,Student,0,False,0.66
lucasschmidt75@hotmail.example,35-44,£25k-£50k,DE,Bavaria,Munich,Sales Manager,Manager,Sales,1,False,0.76
lucassmith84@yahoo.example,25-34,under £25k,UK,North West,Manchester,Student,Student,Student,0,False,0.84
lucasyoung60@hotmail.example,18-24,£25k-£50k,US,Texas,Austin,Student,Student,Student,0,False,0.69
lwalker929@hotmail.example,35-44,under £25k,NL,Utrecht,Utrecht,Sales Rep,Individual contributor,Sales,8,True,0.72
lweber418@hotmail.example,35-44,£50k-£100k,UK,West Midlands,Birmingham,VP Marketing,Director or above,Marketing,3,True,0.75
lweber951@outlook.example,25-34,£25k-£50k,UK,West Midlands,Birmingham,Sales Rep,Individual contributor,Sales,2,True,0.67
lwhite021@yahoo.example,25-34,under £25k,UK,Yorkshire,Leeds,Sales Rep,Individual contributor,Sales,1,False,0.88
lwhite365@gmail.example,18-24,£25k-£50k,US,California,San Francisco,Sales Rep,Individual contributor,Sales,6,False,0.61
lwilson440@yahoo.example,45-54,£50k-£100k,US,Texas,Austin,Marketing Manager,Manager,Marketing,2,True,0.67
lwood224@gmail.example,25-34,£25k-£50k,UK,North West,Manchester,Sales Manager,Manager,Sales,3,False,0.93
lwood976@yahoo.example,55-64,£100k-£150k,UK,West Midlands,Birmingham,Chief Revenue Officer,Director or above,Executive,3,False,0.7
lyoung028@outlook.example,25-34,£25k-£50k,US,Washington,Seattle,Sales Rep,Individual contributor,Sales,5,True,0.77
lyoung905@icloud.example,35-44,£50k-£100k,US,California,San Francisco,Head of Growth,Manager,Marketing,1,False,0.71
m.anderson@keystone-lending.example,25-34,£25k-£50k,UK,Yorkshire,Leeds,Marketing Manager,Manager,Marketing,2,False,0.91
m.anderson@zephyr-clinics.example,45-54,£50k-£100k,UK,London,London,Operations Manager,Manager,Operations,1,True,0.9
m.baker@elmstead-components.example,35-44,under £25k,UK,South West,Bristol,Analyst,Individual contributor,Operations,2,False,0.64
m.baker@ivywood-haulage.example,25-34,£50k-£100k,DE,Berlin,Berlin,Marketing Manager,Manager,Marketing,4,True,0.75
m.baker@juniper-associates.example,55-64,£150k+,US,Illinois,Chicago,Founder,Director or above,Executive,3,True,0.7
m.baker@pennine-lending.example,45-54,£100k-£150k,US,California,San Francisco,Founder,Director or above,Executive,3,True,0.74
m.baker@pinecrest-engineering.example,35-44,£100k-£150k,US,Massachusetts,Boston,Sales Manager,Manager,Sales,3,True,0.93
m.baker@umber-consulting.example,25-34,£25k-£50k,UK,West Midlands,Birmingham,Sales Rep,Individual contributor,Sales,1,False,0.85
m.bakker@evergreen-tutors.example,45-54,£25k-£50k,US,Washington,Seattle,Sales Rep,Individual contributor,Sales,2,True,0.88
m.bakker@granite-freight.example,18-24,£25k-£50k,UK,South West,Bristol,Marketing Coordinator,Individual contributor,Marketing,2,False,0.75
m.bakker@pebble-academy.example,25-34,£50k-£100k,DE,Hesse,Frankfurt,Sales Rep,Individual contributor,Sales,1,True,0.74
m.bernard@cobalt-digital.example,18-24,under £25k,UK,Scotland,Edinburgh,Marketing Executive,Individual contributor,Marketing,2,True,0.77
m.bernard@hawthorn-care.example,35-44,£150k+,NL,North Brabant,Eindhoven,Director of Sales,Director or above,Sales,1,True,0.63
m.brown@riverside-partners.example,35-44,£25k-£50k,NL,South Holland,Rotterdam,Operations Manager,Manager,Operations,2,False,0.8
m.clarke@bluebell-transport.example,18-24,under £25k,NL,North Brabant,Eindhoven,Student,Student,Student,0,False,0.75
m.clarke@larkspur-couriers.example,25-34,£50k-£100k,FR,Occitanie,Toulouse,Head of Marketing,Manager,Marketing,3,True,0.69
m.clarke@upland-education.example,35-44,£100k-£150k,UK,London,London,Head of Growth,Manager,Marketing,3,False,0.97
m.davies@brightwater-couriers.example,18-24,£25k-£50k,DE,Bavaria,Munich,Head of Growth,Manager,Marketing,2,False,0.91
m.davies@tamarind-clinics.example,25-34,£100k-£150k,US,Texas,Austin,Sales Manager,Manager,Sales,4,False,0.64
m.devries@ashford-systems.example,25-34,£25k-£50k,UK,West Midlands,Birmingham,Assistant,Individual contributor,Operations,1,False,0.66
m.dubois@juniper-accountants.example,25-34,£50k-£100k,UK,North West,Manchester,Marketing Coordinator,Individual contributor,Marketing,11,False,0.93
m.dubois@lindenwood-training.example,25-34,under £25k,NL,Utrecht,Utrecht,Assistant,Individual contributor,Operations,3,True,0.62
m.evans@falcon-data.example,35-44,£50k-£100k,UK,West Midlands,Birmingham,Head of Growth,Manager,Marketing,1,False,0.98
m.evans@kestrel-market.example,35-44,£150k+,US,California,San Francisco,Chief Revenue Officer,Director or above,Executive,1,True,0.78
m.evans@norfolk-manufacturing.example,55-64,£150k+,FR,Occitanie,Toulouse,Marketing Director,Director or above,Marketing,2,True,0.74
m.evans@tidewater-trading.example,18-24,£25k-£50k,FR,Hauts-de-France,Lille,Analyst,Individual contributor,Operations,4,False,0.73
m.garcia@brightwater-insurance.example,25-34,£100k-£150k,UK,North West,Manchester,Operations Manager,Manager,Operations,2,True,0.88
m.garcia@ironbridge-care.example,25-34,£50k-£100k,UK,West Midlands,Birmingham,Sales Rep,Individual contributor,Sales,2,False,0.87
m.garcia@oldfield-consulting.example,18-24,under £25k,UK,West Midlands,Birmingham,Student,Student,Student,0,False,0.63
m.green@cedar-manufacturing.example,35-44,£100k-£150k,UK,Yorkshire,Leeds,Managing Director,Director or above,Executive,12,False,0.61
m.green@granite-pharma.example,35-44,£50k-£100k,FR,Auvergne-Rhone-Alpes,Lyon,Sales Manager,Manager,Sales,6,False,0.94
m.green@pinecrest-dental.example,45-54,£100k-£150k,UK,London,London,Managing Director,Director or above,Executive,1,False,0.74
m.green@rosewood-dental.example,25-34,£50k-£100k,US,Washington,Seattle,Sales Manager,Manager,Sales,2,True,0.98
m.hughes@juniper-manufacturing.example,25-34,£50k-£100k,UK,London,London,Marketing Manager,Manager,Marketing,3,False,0.67
m.hughes@marigold-haulage.example,35-44,£50k-£100k,UK,Scotland,Edinburgh,Demand Gen Manager,Manager,Marketing,2,False,0.84
m.hughes@tamarind-medical.example,25-34,£50k-£100k,UK,West Midlands,Birmingham,Marketing Coordinator,Individual contributor,Marketing,2,False,0.63
m.hughes@upland-finance.example,35-44,£50k-£100k,UK,Scotland,Edinburgh,Chief Revenue Officer,Director or above,Executive,6,True,0.87
m.jansen@fernhill-lending.example,25-34,£100k-£150k,UK,North West,Manchester,Operations Manager,Manager,Operations,7,False,0.71
m.jansen@heron-works.example,25-34,£50k-£100k,UK,Scotland,Edinburgh,Analyst,Individual contributor,Operations,1,False,0.97
m.jansen@kestrel-manufacturing.example,18-24,under £25k,FR,Hauts-de-France,Lille,Student,Student,Student,0,False,0.88
m.jansen@lindenwood-haulage.example,25-34,£25k-£50k,UK,South West,Bristol,Head of Marketing,Manager,Marketing,1,False,0.77
m.johnson@lindenwood-medical.example,35-44,£50k-£100k,DE,Hesse,Frankfurt,Operations Manager,Manager,Operations,6,False,0.85
m.jones@bramble-data.example,35-44,£25k-£50k,FR,Hauts-de-France,Lille,Analyst,Individual contributor,Operations,2,True,0.78
m.jones@marigold-digital.example,25-34,£25k-£50k,UK,South West,Bristol,Analyst,Individual contributor,Operations,4,False,0.83
m.jones@moorland-learning.example,25-34,£100k-£150k,UK,North West,Manchester,VP Marketing,Director or above,Marketing,3,True,0.62
m.jones@nettlefield-software.example,25-34,£25k-£50k,US,New York,New York,Assistant,Individual contributor,Operations,4,False,0.61
m.jones@nimbus-medical.example,18-24,under £25k,UK,South West,Bristol,Student,Student,Student,0,False,0.81
m.jones@redwood-couriers.example,25-34,£25k-£50k,UK,Scotland,Edinburgh,Sales Rep,Individual contributor,Sales,7,False,0.7
m.jones@upland-engineering.example,35-44,£100k-£150k,UK,West Midlands,Birmingham,Founder,Director or above,Executive,4,True,0.62
m.king@highgate-trading.example,25-34,£50k-£100k,UK,North West,Manchester,Head of Growth,Manager,Marketing,17,False,0.92
m.lewis@cobalt-freight.example,25-34,under £25k,FR,Occitanie,Toulouse,Sales Rep,Individual contributor,Sales,0,True,0.77
m.lewis@inkwell-college.example,45-54,£50k-£100k,UK,Yorkshire,Leeds,Director of Sales,Director or above,Sales,2,False,0.96
m.lewis@nettlefield-outfitters.example,45-54,£50k-£100k,UK,London,London,Marketing Director,Director or above,Marketing,3,True,0.88
m.lewis@quartz-digital.example,35-44,£100k-£150k,US,New York,New York,Founder,Director or above,Executive,2,True,0.99
m.martin@foxglove-manufacturing.example,35-44,£25k-£50k,UK,South West,Bristol,Marketing Coordinator,Individual contributor,Marketing,3,False,0.94
m.miller@glenmoor-works.example,25-34,£50k-£100k,US,Texas,Austin,Marketing Manager,Manager,Marketing,1,True,0.69
m.miller@keystone-capital.example,35-44,£25k-£50k,FR,Hauts-de-France,Lille,Marketing Coordinator,Individual contributor,Marketing,6,True,0.62
m.miller@lantern-works.example,18-24,£25k-£50k,US,Massachusetts,Boston,Sales Rep,Individual contributor,Sales,6,False,0.73
m.moore@elmstead-transport.example,25-34,£25k-£50k,UK,London,London,Sales Rep,Individual contributor,Sales,2,False,0.74
m.moore@pinecrest-market.example,18-24,under £25k,US,Massachusetts,Boston,Marketing Coordinator,Individual contributor,Marketing,8,False,0.97
m.muller@northwind-software.example,25-34,£25k-£50k,NL,North Brabant,Eindhoven,Analyst,Individual contributor,Operations,9,False,0.97
m.murphy@saltmarsh-legal.example,25-34,£25k-£50k,NL,North Brabant,Eindhoven,Marketing Coordinator,Individual contributor,Marketing,2,True,0.75
m.murphy@tamarind-legal.example,25-34,£25k-£50k,UK,West Midlands,Birmingham,Sales Rep,Individual contributor,Sales,2,False,0.84
m.patel@bluebell-clinics.example,25-34,£100k-£150k,US,Washington,Seattle,Head of Growth,Manager,Marketing,0,False,0.86
m.patel@highgate-capital.example,55-64,£150k+,US,Massachusetts,Boston,Founder,Director or above,Executive,2,False,0.63
m.patel@silverline-haulage.example,55-64,£150k+,US,Massachusetts,Boston,Managing Director,Director or above,Executive,3,True,0.93
m.roberts@heron-consulting.example,45-54,£150k+,US,Texas,Austin,CEO,Director or above,Executive,1,True,0.73
m.roberts@inkwell-labs.example,45-54,£100k-£150k,US,New York,New York,Head of Growth,Manager,Marketing,3,True,0.7
m.roberts@ironbridge-education.example,35-44,£25k-£50k,UK,West Midlands,Birmingham,Marketing Executive,Individual contributor,Marketing,3,False,0.75
m.schmidt@bramble-advisory.example,55-64,£50k-£100k,UK,London,London,Head of Marketing,Manager,Marketing,9,False,0.84
m.schmidt@driftwood-pharma.example,35-44,£50k-£100k,US,Massachusetts,Boston,Marketing Coordinator,Individual contributor,Marketing,4,False,0.96
m.schmidt@kingsway-systems.example,25-34,£25k-£50k,FR,Ile-de-France,Paris,Analyst,Individual contributor,Operations,3,False,0.62
m.schmidt@oldfield-medical.example,25-34,£25k-£50k,UK,West Midlands,Birmingham,Marketing Executive,Individual contributor,Marketing,2,True,0.9
m.schmidt@quayside-consulting.example,18-24,£25k-£50k,UK,Yorkshire,Leeds,Student,Student,Student,0,False,0.91
m.schmidt@riverside-tutors.example,25-34,£25k-£50k,US,Massachusetts,Boston,Marketing Executive,Individual contributor,Marketing,5,False,0.88
m.scott@bluebell-goods.example,55-64,£100k-£150k,UK,Yorkshire,Leeds,Director of Sales,Director or above,Sales,4,True,0.61
m.scott@harbour-associates.example,25-34,£100k-£150k,US,California,San Francisco,Sales Manager,Manager,Sales,10,True,0.74
m.scott@kestrel-data.example,35-44,£50k-£100k,UK,South West,Bristol,Head of Marketing,Manager,Marketing,2,False,0.68
m.smith@bluebell-data.example,35-44,£150k+,US,Texas,Austin,Managing Director,Director or above,Executive,10,True,0.92
m.smith@emberly-manufacturing.example,25-34,£50k-£100k,UK,North West,Manchester,Marketing Manager,Manager,Marketing,3,False,0.91
m.smith@falcon-finance.example,35-44,£100k-£150k,US,New York,New York,Founder,Director or above,Executive,1,True,0.6
m.smith@highgate-haulage.example,55-64,£50k-£100k,FR,Auvergne-Rhone-Alpes,Lyon,CEO,Director or above,Executive,2,True,0.63
m.smith@inkwell-goods.example,35-44,£50k-£100k,US,Texas,Austin,Analyst,Individual contributor,Operations,2,True,0.85
m.smith@ivywood-data.example,25-34,£25k-£50k,DE,Berlin,Berlin,Sales Rep,Individual contributor,Sales,3,False,0.88
m.taylor@bluebell-stores.example,35-44,£100k-£150k,DE,Berlin,Berlin,Marketing Manager,Manager,Marketing,3,False,0.96
m.taylor@fernhill-recruitment.example,35-44,£50k-£100k,UK,South West,Bristol,Operations Manager,Manager,Operations,1,True,0.92
m.taylor@harbour-learning.example,25-34,under £25k,UK,South West,Bristol,Analyst,Individual contributor,Operations,3,False,0.96
m.taylor@hawthorn-goods.example,25-34,£50k-£100k,US,Illinois,Chicago,Demand Gen Manager,Manager,Marketing,1,True,0.63
m.taylor@norfolk-academy.example,25-34,£50k-£100k,NL,South Holland,Rotterdam,Head of Marketing,Manager,Marketing,2,True,0.83
m.taylor@oakridge-recruitment.example,25-34,£50k-£100k,US,Washington,Seattle,Sales Manager,Manager,Sales,6,True,0.69
m.taylor@pennine-systems.example,45-54,£25k-£50k,UK,South West,Bristol,Head of Growth,Manager,Marketing,3,False,0.98
m.thompson@evergreen-manufacturing.example,25-34,£100k-£150k,UK,Yorkshire,Leeds,Operations Manager,Manager,Operations,0,True,0.71
m.thompson@evergreen-pharma.example,35-44,£25k-£50k,UK,Scotland,Edinburgh,Marketing Manager,Manager,Marketing,1,False,0.64
m.thompson@harbour-trading.example,35-44,£100k-£150k,DE,Hesse,Frankfurt,Director of Sales,Director or above,Sales,0,True,0.79
m.thompson@larkspur-works.example,45-54,£150k+,US,Massachusetts,Boston,Director of Sales,Director or above,Sales,2,True,0.92
m.thompson@thornbury-haulage.example,25-34,£50k-£100k,UK,Yorkshire,Leeds,Assistant,Individual contributor,Operations,2,False,0.65
m.walker@rosewood-manufacturing.example,18-24,£100k-£150k,US,California,San Francisco,Sales Manager,Manager,Sales,1,True,0.97
m.walker@yarrow-works.example,45-54,£150k+,US,California,San Francisco,Founder,Director or above,Executive,2,True,0.77
m.weber@inkwell-industries.example,25-34,£50k-£100k,FR,Ile-de-France,Paris,Marketing Manager,Manager,Marketing,4,False,0.73
m.weber@keystone-labs.example,25-34,£50k-£100k,US,Washington,Seattle,Marketing Coordinator,Individual contributor,Marketing,2,False,0.98
m.weber@meridian-works.example,45-54,under £25k,DE,Hamburg,Hamburg,Marketing Coordinator,Individual contributor,Marketing,2,True,0.63
m.weber@redwood-stores.example,55-64,£100k-£150k,FR,Auvergne-Rhone-Alpes,Lyon,Chief Revenue Officer,Director or above,Executive,2,True,0.75
m.weber@thornbury-finance.example,18-24,£25k-£50k,NL,Utrecht,Utrecht,Assistant,Individual contributor,Operations,4,False,0.82
m.weber@thornbury-software.example,35-44,under £25k,UK,Yorkshire,Leeds,Analyst,Individual contributor,Operations,0,True,0.96
m.white@kelvin-freight.example,25-34,£25k-£50k,FR,Hauts-de-France,Lille,Marketing Coordinator,Individual contributor,Marketing,3,True,0.87
m.white@oldfield-associates.example,35-44,£50k-£100k,US,California,San Francisco,Sales Manager,Manager,Sales,3,False,0.74
m.williams@aurora-recruitment.example,25-34,£25k-£50k,US,California,San Francisco,Sales Rep,Individual contributor,Sales,5,False,0.88
m.williams@kelvin-freight.example,25-34,£25k-£50k,FR,Auvergne-Rhone-Alpes,Lyon,Assistant,Individual contributor,Operations,5,False,0.97
m.williams@oakridge-partners.example,35-44,£100k-£150k,UK,West Midlands,Birmingham,Managing Director,Director or above,Executive,0,True,0.92
m.williams@pennine-trading.example,35-44,£25k-£50k,US,California,San Francisco,Marketing Coordinator,Individual contributor,Marketing,2,False,0.97
m.wilson@bluebell-cloud.example,45-54,£50k-£100k,UK,South West,Bristol,Marketing Manager,Manager,Marketing,2,True,0.7
m.wilson@kestrel-learning.example,25-34,£25k-£50k,FR,Auvergne-Rhone-Alpes,Lyon,Marketing Coordinator,Individual contributor,Marketing,2,False,0.73
m.wood@upland-retail.example,25-34,£25k-£50k,US,Washington,Seattle,Marketing Executive,Individual contributor,Marketing,3,False,0.98
m.wright@greystone-accountants.example,65+,£100k-£150k,FR,Ile-de-France,Paris,Founder,Director or above,Executive,3,True,0.77
m.wright@harbour-lending.example,35-44,£25k-£50k,UK,Scotland,Edinburgh,Head of Marketing,Manager,Marketing,0,True,0.89
m.young@saltmarsh-medical.example,25-34,£50k-£100k,US,Washington,Seattle,Sales Manager,Manager,Sales,2,False,0.64
m.young@silverline-learning.example,25-34,£25k-£50k,UK,Yorkshire,Leeds,Marketing Executive,Individual contributor,Marketing,3,True,0.71
manderson240@icloud.example,25-34,under £25k,DE,Berlin,Berlin,Marketing Coordinator,Individual contributor,Marketing,1,False,0.7
maya.anderson@heron-college.example,25-34,£50k-£100k,US,California,San Francisco,Analyst,Individual contributor,Operations,5,True,0.6
maya.baker@highgate-stores.example,25-34,£50k-£100k,UK,South West,Bristol,Analyst,Individual contributor,Operations,5,False,0.91
maya.baker@thornbury-digital.example,18-24,£25k-£50k,UK,Scotland,Edinburgh,Student,Student,Student,0,False,0.93
maya.baker@tidewater-tutors.example,45-54,£100k-£150k,US,Illinois,Chicago,Head of Growth,Manager,Marketing,1,True,0.62
maya.bakker@hotmail.example,35-44,£50k-£100k,UK,Scotland,Edinburgh,Operations Manager,Manager,Operations,3,True,0.88
maya.bakker@valley-associates.example,35-44,£50k-£100k,UK,North West,Manchester,Marketing Director,Director or above,Marketing,1,True,0.92
maya.brown@pinecrest-training.example,45-54,£100k-£150k,UK,South West,Bristol,VP Marketing,Director or above,Marketing,3,True,0.94
maya.clarke@gmail.example,35-44,£50k-£100k,NL,North Holland,Amsterdam,Sales Manager,Manager,Sales,3,True,0.95
maya.davies@fernhill-cloud.example,25-34,£50k-£100k,UK,London,London,Head of Marketing,Manager,Marketing,4,True,0.7
maya.davies@gmail.example,18-24,£25k-£50k,US,Texas,Austin,Student,Student,Student,0,False,0.72
maya.davies@inkwell-industries.example,45-54,£100k-£150k,FR,Occitanie,Toulouse,Founder,Director or above,Executive,2,False,0.84
maya.davies@tamarind-software.example,18-24,£25k-£50k,UK,West Midlands,Birmingham,Analyst,Individual contributor,Operations,2,True,0.93
maya.dubois@meridian-stores.example,35-44,£100k-£150k,NL,North Brabant,Eindhoven,Managing Director,Director or above,Executive,4,False,0.63
maya.evans@emberly-freight.example,35-44,£50k-£100k,UK,West Midlands,Birmingham,Head of Growth,Manager,Marketing,5,True,0.74
maya.garcia@hawthorn-fabrication.example,25-34,£50k-£100k,UK,South West,Bristol,Sales Manager,Manager,Sales,1,True,0.72
maya.garcia@saltmarsh-medical.example,45-54,£100k-£150k,US,Texas,Austin,VP Marketing,Director or above,Marketing,3,True,0.65
maya.garcia@tidewater-accountants.example,45-54,£50k-£100k,FR,Occitanie,Toulouse,Head of Marketing,Manager,Marketing,12,True,0.98
maya.green@ivywood-logistics.example,25-34,£100k-£150k,US,Illinois,Chicago,Marketing Manager,Manager,Marketing,1,True,0.84
maya.green@tamarind-freight.example,35-44,£25k-£50k,US,Washington,Seattle,Analyst,Individual contributor,Operations,4,False,0.81
maya.hall@jasper-outfitters.example,45-54,£50k-£100k,DE,Berlin,Berlin,Demand Gen Manager,Manager,Marketing,3,True,0.75
maya.hall@westbrook-lending.example,35-44,£50k-£100k,UK,Yorkshire,Leeds,Head of Marketing,Manager,Marketing,6,False,0.65
maya.hughes@emberly-haulage.example,35-44,£25k-£50k,NL,South Holland,Rotterdam,Analyst,Individual contributor,Operations,0,False,0.91
maya.hughes@larkspur-haulage.example,25-34,£100k-£150k,DE,Berlin,Berlin,Operations Manager,Manager,Operations,2,True,0.66
maya.jansen@outlook.example,25-34,£50k-£100k,US,California,San Francisco,Marketing Executive,Individual contributor,Marketing,4,False,0.88
maya.johnson@pinecrest-software.example,25-34,£50k-£100k,US,California,San Francisco,Marketing Manager,Manager,Marketing,0,True,0.88
maya.johnson@rosewood-trading.example,35-44,£100k-£150k,UK,Scotland,Edinburgh,Managing Director,Director or above,Executive,4,True,0.74
maya.king@driftwood-learning.example,25-34,£100k-£150k,US,California,San Francisco,CEO,Director or above,Executive,3,False,0.79
maya.king@quayside-partners.example,25-34,under £25k,UK,North West,Manchester,Analyst,Individual contributor,Operations,2,False,0.62
maya.king@redwood-college.example,25-34,£25k-£50k,US,Massachusetts,Boston,Sales Rep,Individual contributor,Sales,2,False,0.74
maya.lewis@northwind-capital.example,25-34,£50k-£100k,UK,Yorkshire,Leeds,Demand Gen Manager,Manager,Marketing,5,True,0.83
maya.lewis@pebble-haulage.example,25-34,£50k-£100k,US,New York,New York,Marketing Executive,Individual contributor,Marketing,0,False,0.63
maya.lewis@yahoo.example,35-44,£50k-£100k,FR,Ile-de-France,Paris,Head of Marketing,Manager,Marketing,2,False,0.87
maya.miller@redwood-wealth.example,45-54,£50k-£100k,UK,Scotland,Edinburgh,Head of Growth,Manager,Marketing,3,False,0.65
maya.miller@zephyr-engineering.example,25-34,£100k-£150k,US,California,San Francisco,Head of Marketing,Manager,Marketing,1,True,0.9
maya.moore@gmail.example,18-24,under £25k,NL,North Holland,Amsterdam,Sales Rep,Individual contributor,Sales,3,False,0.85
maya.scott@granite-trading.example,25-34,under £25k,NL,North Holland,Amsterdam,Sales Rep,Individual contributor,Sales,2,False,0.79
maya.scott@vantage-learning.example,35-44,£100k-£150k,NL,Utrecht,Utrecht,Marketing Manager,Manager,Marketing,4,True,0.96
maya.smith@oldfield-retail.example,35-44,£100k-£150k,US,Illinois,Chicago,Marketing Manager,Manager,Marketing,3,True,0.91
maya.smith@pennine-goods.example,25-34,£50k-£100k,NL,North Brabant,Eindhoven,VP Marketing,Director or above,Marketing,1,True,0.95
maya.taylor@driftwood-pharma.example,25-34,£25k-£50k,US,Texas,Austin,Marketing Executive,Individual contributor,Marketing,2,False,0.86
maya.taylor@elmstead-tutors.example,45-54,£50k-£100k,FR,Auvergne-Rhone-Alpes,Lyon,VP Marketing,Director or above,Marketing,5,True,0.79
maya.taylor@granite-training.example,25-34,£150k+,US,Texas,Austin,Sales Manager,Manager,Sales,2,True,0.64
maya.taylor@westbrook-market.example,25-34,£50k-£100k,US,Washington,Seattle,Operations Manager,Manager,Operations,5,True,0.89
maya.thompson@valley-legal.example,35-44,£100k-£150k,US,Massachusetts,Boston,Head of Marketing,Manager,Marketing,1,True,0.93
maya.thompson@yahoo.example,25-34,under £25k,DE,Berlin,Berlin,Student,Student,Student,0,False,0.99
maya.weber@marigold-goods.example,35-44,£100k-£150k,US,New York,New York,Demand Gen Manager,Manager,Marketing,9,True,0.85
maya.weber@pebble-advisory.example,25-34,£25k-£50k,DE,Berlin,Berlin,Marketing Coordinator,Individual contributor,Marketing,1,False,0.92
maya.white@westbrook-lending.example,25-34,£25k-£50k,UK,South West,Bristol,Head of Growth,Manager,Marketing,5,True,0.73
maya.williams@bramble-labs.example,25-34,£50k-£100k,DE,Hesse,Frankfurt,Marketing Executive,Individual contributor,Marketing,6,True,0.9
maya.williams@foxglove-capital.example,18-24,under £25k,DE,Hesse,Frankfurt,Student,Student,Student,0,False,0.61
maya.williams@outlook.example,18-24,under £25k,FR,Hauts-de-France,Lille,Marketing Executive,Individual contributor,Marketing,3,False,0.65
maya.wilson@ashford-tutors.example,25-34,£25k-£50k,UK,North West,Manchester,Analyst,Individual contributor,Operations,3,False,0.91
maya.wilson@driftwood-lending.example,35-44,£50k-£100k,US,California,San Francisco,Analyst,Individual contributor,Operations,5,True,0.61
maya.wilson@inkwell-trading.example,25-34,£50k-£100k,FR,Ile-de-France,Paris,Operations Manager,Manager,Operations,8,False,0.75
maya.wood@marigold-labs.example,35-44,under £25k,FR,Ile-de-France,Paris,Marketing Executive,Individual contributor,Marketing,2,False,0.82
maya.young@cobalt-stores.example,45-54,£25k-£50k,NL,North Holland,Amsterdam,Marketing Manager,Manager,Marketing,1,True,0.65
maya.young@redwood-college.example,35-44,£25k-£50k,US,Massachusetts,Boston,Marketing Manager,Manager,Marketing,1,True,0.64
maya83@harbour-goods.example,35-44,£25k-£50k,UK,London,London,Marketing Executive,Individual contributor,Marketing,5,True,0.72
maya97@evergreen-systems.example,25-34,under £25k,US,Illinois,Chicago,Marketing Executive,Individual contributor,Marketing,2,False,0.9
maya@ashford-associates.example,35-44,£25k-£50k,NL,North Holland,Amsterdam,Marketing Manager,Manager,Marketing,14,True,0.85
maya@brightwater-partners.example,45-54,£100k-£150k,FR,Occitanie,Toulouse,Founder,Director or above,Executive,1,True,0.7
maya@clearwater-haulage.example,35-44,£50k-£100k,UK,West Midlands,Birmingham,VP Marketing,Director or above,Marketing,5,True,0.63
maya@cobalt-advisory.example,25-34,£50k-£100k,DE,Hesse,Frankfurt,Marketing Manager,Manager,Marketing,1,True,0.75
maya@dovecote-shipping.example,25-34,£25k-£50k,UK,Scotland,Edinburgh,Marketing Coordinator,Individual contributor,Marketing,3,False,0.64
maya@dunmore-freight.example,45-54,£50k-£100k,UK,Yorkshire,Leeds,Marketing Manager,Manager,Marketing,9,True,0.83
maya@evergreen-systems.example,18-24,under £25k,US,Massachusetts,Boston,Marketing Executive,Individual contributor,Marketing,15,False,0.8
maya@foxglove-accountants.example,25-34,£50k-£100k,FR,Auvergne-Rhone-Alpes,Lyon,Marketing Manager,Manager,Marketing,1,False,0.89
maya@foxglove-dental.example,18-24,£25k-£50k,FR,Hauts-de-France,Lille,Marketing Coordinator,Individual contributor,Marketing,6,False,0.62
maya@glenmoor-couriers.example,25-34,£25k-£50k,NL,South Holland,Rotterdam,Marketing Coordinator,Individual contributor,Marketing,2,True,0.94
maya@glenmoor-data.example,18-24,under £25k,US,Illinois,Chicago,Marketing Executive,Individual contributor,Marketing,1,False,0.76
maya@granite-associates.example,18-24,£50k-£100k,US,Illinois,Chicago,Marketing Executive,Individual contributor,Marketing,0,False,0.84
maya@greystone-cloud.example,35-44,£100k-£150k,DE,Hamburg,Hamburg,Marketing Manager,Manager,Marketing,1,False,0.68
maya@harbour-engineering.example,45-54,£100k-£150k,NL,North Holland,Amsterdam,Director of Sales,Director or above,Sales,1,False,0.64
maya@heron-stores.example,55-64,£100k-£150k,UK,North West,Manchester,Founder,Director or above,Executive,2,True,0.62
maya@highgate-legal.example,45-54,£25k-£50k,DE,Hamburg,Hamburg,Head of Growth,Manager,Marketing,1,False,0.8
maya@inkwell-manufacturing.example,35-44,£25k-£50k,UK,South West,Bristol,Sales Rep,Individual contributor,Sales,1,False,0.94
maya@ironbridge-engineering.example,35-44,£25k-£50k,FR,Occitanie,Toulouse,Sales Rep,Individual contributor,Sales,2,True,0.69
maya@jasper-accountants.example,35-44,£25k-£50k,NL,South Holland,Rotterdam,Analyst,Individual contributor,Operations,3,False,0.68
maya@kelvin-freight.example,35-44,£100k-£150k,FR,Occitanie,Toulouse,Demand Gen Manager,Manager,Marketing,5,False,0.67
maya@kestrel-recruitment.example,35-44,£50k-£100k,UK,West Midlands,Birmingham,Marketing Manager,Manager,Marketing,1,False,0.88
maya@keystone-stores.example,25-34,£100k-£150k,US,Texas,Austin,Head of Growth,Manager,Marketing,1,False,0.81
maya@kingsway-systems.example,45-54,£150k+,FR,Occitanie,Toulouse,CEO,Director or above,Executive,2,False,0.85
maya@lantern-finance.example,45-54,£100k-£150k,UK,West Midlands,Birmingham,Founder,Director or above,Executive,3,False,0.81
maya@lantern-industries.example,25-34,£100k-£150k,FR,Hauts-de-France,Lille,Founder,Director or above,Executive,1,False,0.69
maya@meridian-outfitters.example,25-34,£100k-£150k,FR,Auvergne-Rhone-Alpes,Lyon,VP Marketing,Director or above,Marketing,4,True,0.96
maya@nimbus-training.example,25-34,£100k-£150k,US,Washington,Seattle,Marketing Manager,Manager,Marketing,3,True,0.84
maya@norfolk-freight.example,25-34,£50k-£100k,UK,Scotland,Edinburgh,Marketing Executive,Individual contributor,Marketing,1,False,0.6
maya@norfolk-logistics.example,35-44,£50k-£100k,UK,London,London,Marketing Manager,Manager,Marketing,4,False,0.81
maya@northwind-freight.example,25-34,£25k-£50k,US,Texas,Austin,Analyst,Individual contributor,Operations,2,False,0.94
maya@oakridge-goods.example,25-34,£50k-£100k,DE,Hamburg,Hamburg,Marketing Coordinator,Individual contributor,Marketing,1,False,0.89
maya@pebble-college.example,25-34,£50k-£100k,FR,Hauts-de-France,Lille,Operations Manager,Manager,Operations,3,False,0.85
maya@pebble-stores.example,18-24,under £25k,DE,Hesse,Frankfurt,Assistant,Individual contributor,Operations,0,False,0.84
maya@saltmarsh-outfitters.example,25-34,£50k-£100k,UK,Yorkshire,Leeds,Head of Growth,Manager,Marketing,5,True,0.87
maya@silverline-associates.example,35-44,£100k-£150k,UK,North West,Manchester,Chief Revenue Officer,Director or above,Executive,1,False,0.85
maya@silverline-digital.example,55-64,£150k+,US,New York,New York,VP Marketing,Director or above,Marketing,1,True,0.68
maya@tamarind-freight.example,25-34,£50k-£100k,US,New York,New York,Sales Rep,Individual contributor,Sales,0,True,0.61
maya@thornbury-dental.example,25-34,£100k-£150k,US,New York,New York,Marketing Director,Director or above,Marketing,2,False,0.9
maya@umber-fabrication.example,25-34,£50k-£100k,UK,London,London,Marketing Executive,Individual contributor,Marketing,3,True,0.98
maya@vantage-advisory.example,35-44,£100k-£150k,FR,Occitanie,Toulouse,Head of Marketing,Manager,Marketing,3,False,0.98
maya@yarrow-manufacturing.example,25-34,£25k-£50k,UK,West Midlands,Birmingham,Analyst,Individual contributor,Operations,2,False,0.81
mayaanderson09@gmail.example,18-24,under £25k,DE,Hesse,Frankfurt,Student,Student,Student,0,False,0.73
mayaevans82@yahoo.example,45-54,£100k-£150k,UK,London,London,CEO,Director or above,Executive,5,False,0.8
mayagarcia85@outlook.example,45-54,£100k-£150k,DE,Hesse,Frankfurt,Marketing Manager,Manager,Marketing,4,False,0.71
mayalewis56@icloud.example,35-44,£150k+,UK,Scotland,Edinburgh,Director of Sales,Director or above,Sales,3,True,0.83
mayascott72@gmail.example,45-54,£100k-£150k,US,Texas,Austin,Marketing Manager,Manager,Marketing,2,True,0.63
mayataylor47@hotmail.example,35-44,£100k-£150k,US,New York,New York,Operations Manager,Manager,Operations,4,True,0.89
mayawood78@yahoo.example,25-34,£25k-£50k,US,Texas,Austin,Sales Manager,Manager,Sales,0,False,0.93
mayayoung02@outlook.example,35-44,£25k-£50k,FR,Hauts-de-France,Lille,Sales Manager,Manager,Sales,2,False,0.92
mbaker338@outlook.example,25-34,£25k-£50k,UK,South West,Bristol,Sales Rep,Individual contributor,Sales,4,True,0.83
mbakker775@yahoo.example,25-34,£25k-£50k,US,Texas,Austin,Marketing Executive,Individual contributor,Marketing,1,True,0.81
mbernard983@yahoo.example,18-24,£25k-£50k,DE,Hamburg,Hamburg,Marketing Executive,Individual contributor,Marketing,3,False,0.64
mbrown569@gmail.example,45-54,£100k-£150k,NL,Utrecht,Utrecht,Director of Sales,Director or above,Sales,2,False,0.72
mclarke328@hotmail.example,35-44,under £25k,UK,South West,Bristol,Marketing Manager,Manager,Marketing,0,False,0.8
megan.baker@larkspur-systems.example,35-44,£150k+,UK,Yorkshire,Leeds,VP Marketing,Director or above,Marketing,4,True,0.84
megan.bakker@rosewood-components.example,25-34,£50k-£100k,UK,Yorkshire,Leeds,Marketing Manager,Manager,Marketing,1,False,0.68
megan.bernard@outlook.example,25-34,£50k-£100k,US,Illinois,Chicago,Marketing Coordinator,Individual contributor,Marketing,5,False,0.96
megan.bernard@yahoo.example,45-54,£25k-£50k,FR,Hauts-de-France,Lille,Operations Manager,Manager,Operations,7,True,0.74
megan.brown@oldfield-works.example,25-34,£100k-£150k,US,Washington,Seattle,VP Marketing,Director or above,Marketing,6,True,0.82
megan.clarke@tidewater-trading.example,35-44,£100k-£150k,FR,Ile-de-France,Paris,Operations Manager,Manager,Operations,6,True,0.95
megan.davies@ashford-advisory.example,35-44,£100k-£150k,UK,West Midlands,Birmingham,Chief Revenue Officer,Director or above,Executive,1,True,0.87
megan.davies@icloud.example,25-34,£100k-£150k,US,Illinois,Chicago,Sales Manager,Manager,Sales,3,True,0.63
megan.devries@icloud.example,35-44,£25k-£50k,UK,London,London,Sales Rep,Individual contributor,Sales,3,True,0.87
megan.dubois@gmail.example,25-34,under £25k,UK,West Midlands,Birmingham,Analyst,Individual contributor,Operations,6,False,0.79
megan.dubois@orchard-outfitters.example,25-34,£25k-£50k,US,Washington,Seattle,Marketing Executive,Individual contributor,Marketing,2,True,0.64
megan.evans@bramble-digital.example,35-44,£100k-£150k,UK,West Midlands,Birmingham,VP Marketing,Director or above,Marketing,1,True,0.88
megan.evans@westbrook-college.example,25-34,£50k-£100k,DE,Bavaria,Munich,Operations Manager,Manager,Operations,1,False,0.85
megan.garcia@beacon-manufacturing.example,25-34,£150k+,US,Texas,Austin,Marketing Director,Director or above,Marketing,1,False,0.77
megan.garcia@zephyr-medical.example,25-34,£25k-£50k,DE,Hesse,Frankfurt,Analyst,Individual contributor,Operations,3,True,0.6
megan.green@oakridge-associates.example,25-34,£50k-£100k,FR,Occitanie,Toulouse,Head of Marketing,Manager,Marketing,0,False,0.82
megan.hall@ivywood-market.example,55-64,£100k-£150k,FR,Ile-de-France,Paris,Managing Director,Director or above,Executive,2,True,0.67
megan.hall@redwood-lending.example,25-34,£50k-£100k,US,Massachusetts,Boston,Head of Marketing,Manager,Marketing,4,False,0.96
megan.hall@saltmarsh-works.example,25-34,£100k-£150k,US,New York,New York,Head of Growth,Manager,Marketing,6,True,0.72
megan.hughes@hawthorn-logistics.example,25-34,£100k-£150k,FR,Ile-de-France,Paris,Demand Gen Manager,Manager,Marketing,0,True,0.76
megan.hughes@heron-health.example,35-44,£25k-£50k,FR,Occitanie,Toulouse,Operations Manager,Manager,Operations,2,True,0.64
megan.hughes@orchard-partners.example,35-44,£50k-£100k,UK,South West,Bristol,Demand Gen Manager,Manager,Marketing,2,True,0.96
megan.jansen@kingsway-medical.example,35-44,£100k-£150k,UK,London,London,CEO,Director or above,Executive,7,True,0.66
megan.johnson@kelvin-clinics.example,25-34,£25k-£50k,DE,Berlin,Berlin,Sales Rep,Individual contributor,Sales,3,True,0.89
megan.johnson@yarrow-learning.example,35-44,£100k-£150k,UK,West Midlands,Birmingham,VP Marketing,Director or above,Marketing,3,True,0.67
megan.khan@heron-partners.example,25-34,£25k-£50k,UK,Scotland,Edinburgh,Head of Growth,Manager,Marketing,1,False,0.63
megan.king@hotmail.example,25-34,£50k-£100k,US,New York,New York,Analyst,Individual contributor,Operations,2,False,0.77
megan.moore@hotmail.example,45-54,£25k-£50k,UK,West Midlands,Birmingham,Operations Manager,Manager,Operations,0,False,0.69
megan.moore@riverside-lending.example,18-24,under £25k,US,New York,New York,Marketing Coordinator,Individual contributor,Marketing,2,False,0.87
megan.muller@cobalt-partners.example,35-44,£50k-£100k,US,Washington,Seattle,Operations Manager,Manager,Operations,6,True,0.87
megan.murphy@highgate-digital.example,25-34,£100k-£150k,US,California,San Francisco,Sales Manager,Manager,Sales,3,True,0.83
megan.murphy@hotmail.example,35-44,£50k-£100k,US,Massachusetts,Boston,Head of Growth,Manager,Marketing,1,True,0.89
megan.patel@gmail.example,25-34,£25k-£50k,DE,Berlin,Berlin,Marketing Coordinator,Individual contributor,Marketing,10,True,0.65
megan.schmidt@juniper-fabrication.example,45-54,£150k+,UK,Yorkshire,Leeds,Managing Director,Director or above,Executive,5,True,0.81
megan.schmidt@keystone-stores.example,35-44,£100k-£150k,US,Massachusetts,Boston,Marketing Manager,Manager,Marketing,2,False,0.67
megan.schmidt@yarrow-market.example,55-64,£50k-£100k,DE,Berlin,Berlin,Managing Director,Director or above,Executive,11,True,0.96
megan.scott@norfolk-manufacturing.example,35-44,£50k-£100k,FR,Ile-de-France,Paris,Demand Gen Manager,Manager,Marketing,4,False,0.86
megan.smith@jasper-industries.example,35-44,£50k-£100k,UK,Yorkshire,Leeds,Sales Manager,Manager,Sales,6,False,0.96
megan.smith@riverside-components.example,55-64,£150k+,UK,Scotland,Edinburgh,Director of Sales,Director or above,Sales,5,True,0.84
megan.taylor@cedar-engineering.example,25-34,£25k-£50k,DE,Bavaria,Munich,Marketing Coordinator,Individual contributor,Marketing,13,False,0.99
megan.thompson@brightwater-cloud.example,18-24,£25k-£50k,UK,North West,Manchester,Assistant,Individual contributor,Operations,4,False,0.66
megan.walker@ashford-clinics.example,18-24,£25k-£50k,NL,South Holland,Rotterdam,Sales Manager,Manager,Sales,5,True,0.87
megan.walker@ashford-insurance.example,35-44,under £25k,UK,London,London,Analyst,Individual contributor,Operations,4,False,0.69
megan.walker@icloud.example,18-24,£25k-£50k,UK,North West,Manchester,Analyst,Individual contributor,Operations,1,False,0.74
megan.walker@saltmarsh-engineering.example,25-34,£25k-£50k,FR,Ile-de-France,Paris,Marketing Executive,Individual contributor,Marketing,5,False,0.61
megan.weber@gmail.example,25-34,under £25k,NL,North Brabant,Eindhoven,Assistant,Individual contributor,Operations,20,True,0.67
megan.wilson@outlook.example,18-24,under £25k,DE,Hamburg,Hamburg,Student,Student,Student,0,False,0.97
megan.wilson@silverline-transport.example,35-44,£50k-£100k,FR,Ile-de-France,Paris,Operations Manager,Manager,Operations,2,True,0.96
megan.wood@icloud.example,35-44,£100k-£150k,US,California,San Francisco,Sales Manager,Manager,Sales,3,False,0.83
megan.wood@redwood-goods.example,35-44,£100k-£150k,UK,West Midlands,Birmingham,Director of Sales,Director or above,Sales,2,True,0.68
megan.wright@yahoo.example,25-34,under £25k,DE,Hamburg,Hamburg,Demand Gen Manager,Manager,Marketing,2,True,0.68
megan.young@dunmore-market.example,35-44,£50k-£100k,FR,Hauts-de-France,Lille,Founder,Director or above,Executive,2,False,0.95
megan@alder-goods.example,25-34,£25k-£50k,UK,West Midlands,Birmingham,Marketing Executive,Individual contributor,Marketing,3,True,0.67
megan@alder-software.example,35-44,£100k-£150k,UK,Scotland,Edinburgh,Marketing Manager,Manager,Marketing,5,True,0.95
megan@ashford-accountants.example,35-44,£50k-£100k,UK,Scotland,Edinburgh,Marketing Executive,Individual contributor,Marketing,1,False,0.81
megan@beacon-components.example,35-44,£25k-£50k,NL,South Holland,Rotterdam,Marketing Coordinator,Individual contributor,Marketing,2,False,0.98
megan@bramble-outfitters.example,35-44,£50k-£100k,US,Texas,Austin,Sales Manager,Manager,Sales,6,True,0.89
megan@cedar-cloud.example,45-54,£50k-£100k,US,California,San Francisco,Head of Growth,Manager,Marketing,4,True,0.69
megan@clearwater-consulting.example,18-24,under £25k,DE,Berlin,Berlin,Sales Rep,Individual contributor,Sales,2,False,0.96
megan@cobalt-market.example,35-44,£50k-£100k,US,Massachusetts,Boston,Demand Gen Manager,Manager,Marketing,1,True,0.76
megan@dunmore-advisory.example,18-24,£25k-£50k,UK,London,London,Assistant,Individual contributor,Operations,3,False,0.89
megan@foxglove-clinics.example,35-44,£25k-£50k,US,Massachusetts,Boston,Marketing Coordinator,Individual contributor,Marketing,2,False,0.9
megan@harbour-learning.example,25-34,£25k-£50k,UK,West Midlands,Birmingham,Marketing Executive,Individual contributor,Marketing,4,True,0.87
megan@hawthorn-learning.example,25-34,£25k-£50k,US,New York,New York,Analyst,Individual contributor,Operations,5,False,0.76
megan@heron-retail.example,25-34,£25k-£50k,US,California,San Francisco,Analyst,Individual contributor,Operations,1,False,0.83
megan@highgate-goods.example,25-34,£100k-£150k,US,Massachusetts,Boston,Head of Marketing,Manager,Marketing,4,False,0.82
megan@inkwell-stores.example,45-54,£25k-£50k,UK,South West,Bristol,Sales Manager,Manager,Sales,1,True,0.76
megan@ironbridge-pharma.example,35-44,£100k-£150k,FR,Hauts-de-France,Lille,Head of Marketing,Manager,Marketing,3,False,0.64
megan@jasper-training.example,45-54,£100k-£150k,NL,North Holland,Amsterdam,Director of Sales,Director or above,Sales,4,True,0.95
megan@juniper-engineering.example,35-44,£50k-£100k,FR,Occitanie,Toulouse,Founder,Director or above,Executive,4,True,0.62
megan@kelvin-recruitment.example,25-34,£50k-£100k,NL,Utrecht,Utrecht,Sales Rep,Individual contributor,Sales,3,True,0.73
megan@lantern-market.example,35-44,£50k-£100k,UK,London,London,Marketing Coordinator,Individual contributor,Marketing,2,False,0.77
megan@lantern-partners.example,55-64,£50k-£100k,DE,Hamburg,Hamburg,Managing Director,Director or above,Executive,4,True,0.73
megan@larkspur-recruitment.example,35-44,£100k-£150k,UK,London,London,Managing Director,Director or above,Executive,7,True,0.71
megan@lindenwood-learning.example,18-24,under £25k,DE,Bavaria,Munich,Student,Student,Student,0,False,0.63
megan@lindenwood-transport.example,35-44,£50k-£100k,DE,Berlin,Berlin,Head of Marketing,Manager,Marketing,2,False,0.91
megan@moorland-software.example,25-34,£50k-£100k,UK,Scotland,Edinburgh,Assistant,Individual contributor,Operations,3,False,0.79
megan@oakridge-health.example,35-44,£50k-£100k,US,California,San Francisco,Demand Gen Manager,Manager,Marketing,1,False,0.87
megan@orchard-retail.example,35-44,£100k-£150k,DE,Berlin,Berlin,Director of Sales,Director or above,Sales,1,True,0.77
megan@pebble-cloud.example,35-44,£25k-£50k,FR,Hauts-de-France,Lille,Marketing Executive,Individual contributor,Marketing,2,False,0.65
megan@pebble-works.example,45-54,£150k+,US,California,San Francisco,Chief Revenue Officer,Director or above,Executive,9,False,0.9
megan@quartz-data.example,35-44,£150k+,US,Illinois,Chicago,Director of Sales,Director or above,Sales,8,True,0.63
megan@quartz-legal.example,35-44,under £25k,DE,Bavaria,Munich,Assistant,Individual contributor,Operations,4,True,0.84
megan@quartz-pharma.example,35-44,£50k-£100k,NL,North Brabant,Eindhoven,Demand Gen Manager,Manager,Marketing,2,True,0.91
megan@quartz-shipping.example,18-24,£25k-£50k,US,Illinois,Chicago,Student,Student,Student,0,False,0.79
megan@quayside-clinics.example,35-44,£100k-£150k,UK,London,London,Sales Manager,Manager,Sales,1,False,0.98
megan@quayside-logistics.example,45-54,£100k-£150k,NL,South Holland,Rotterdam,Marketing Director,Director or above,Marketing,1,True,0.89
megan@rosewood-transport.example,35-44,£50k-£100k,UK,North West,Manchester,Marketing Manager,Manager,Marketing,1,True,0.78
megan@saltmarsh-tutors.example,45-54,£50k-£100k,NL,North Holland,Amsterdam,Managing Director,Director or above,Executive,3,False,0.85
megan@silverline-couriers.example,45-54,£25k-£50k,UK,Yorkshire,Leeds,Marketing Manager,Manager,Marketing,2,False,0.94
megan@umber-engineering.example,25-34,£150k+,US,Texas,Austin,Sales Manager,Manager,Sales,4,True,0.6
megan@upland-health.example,35-44,£100k-£150k,US,New York,New York,Head of Growth,Manager,Marketing,3,True,0.9
megan@valley-education.example,35-44,£25k-£50k,FR,Auvergne-Rhone-Alpes,Lyon,Assistant,Individual contributor,Operations,2,False,0.79
megan@westbrook-wealth.example,25-34,£25k-£50k,US,New York,New York,Marketing Coordinator,Individual contributor,Marketing,2,True,0.82
megan@willow-systems.example,35-44,£50k-£100k,UK,North West,Manchester,Demand Gen Manager,Manager,Marketing,1,True,0.83
megan@yarrow-legal.example,35-44,£50k-£100k,FR,Auvergne-Rhone-Alpes,Lyon,Marketing Manager,Manager,Marketing,1,True,0.79
megan@zephyr-systems.example,18-24,£25k-£50k,UK,North West,Manchester,Sales Rep,Individual contributor,Sales,1,False,0.89
meganbernard25@outlook.example,35-44,£100k-£150k,US,New York,New York,Head of Growth,Manager,Marketing,2,True,0.95
megandevries11@gmail.example,35-44,£100k-£150k,DE,Berlin,Berlin,CEO,Director or above,Executive,3,True,0.86
meganevans02@gmail.example,35-44,£25k-£50k,UK,Yorkshire,Leeds,Head of Growth,Manager,Marketing,3,False,0.87
meganjansen61@outlook.example,25-34,£50k-£100k,FR,Occitanie,Toulouse,Assistant,Individual contributor,Operations,2,False,0.79
meganjones19@gmail.example,18-24,£25k-£50k,DE,Bavaria,Munich,Student,Student,Student,0,False,0.83
meganmartin68@gmail.example,18-24,£25k-£50k,UK,North West,Manchester,Student,Student,Student,0,False,0.78
meganmiller49@yahoo.example,25-34,£150k+,US,Massachusetts,Boston,VP Marketing,Director or above,Marketing,1,True,0.94
meganmurphy17@gmail.example,35-44,£100k-£150k,DE,Hesse,Frankfurt,Director of Sales,Director or above,Sales,4,True,0.61
megantaylor29@icloud.example,25-34,£50k-£100k,US,California,San Francisco,Sales Manager,Manager,Sales,1,False,0.73
meganyoung92@hotmail.example,45-54,£25k-£50k,UK,North West,Manchester,Marketing Manager,Manager,Marketing,9,False,0.61
mgarcia730@icloud.example,35-44,£50k-£100k,UK,South West,Bristol,Sales Manager,Manager,Sales,4,True,0.67
mhall503@hotmail.example,35-44,£100k-£150k,NL,Utrecht,Utrecht,Sales Manager,Manager,Sales,1,False,0.74
mhughes452@hotmail.example,18-24,under £25k,UK,London,London,Student,Student,Student,0,False,0.97
mia.anderson@nimbus-market.example,25-34,£25k-£50k,US,California,San Francisco,Sales Rep,Individual contributor,Sales,4,False,0.79
mia.baker@gmail.example,18-24,£25k-£50k,FR,Occitanie,Toulouse,Student,Student,Student,0,False,0.85
mia.baker@greystone-finance.example,65+,£100k-£150k,UK,South West,Bristol,Director of Sales,Director or above,Sales,10,True,0.82
mia.bernard@kelvin-retail.example,25-34,£50k-£100k,UK,Yorkshire,Leeds,Head of Growth,Manager,Marketing,12,True,0.77
mia.bernard@pinecrest-tutors.example,35-44,£50k-£100k,UK,Yorkshire,Leeds,Head of Marketing,Manager,Marketing,3,False,0.94
mia.clarke@oakridge-learning.example,45-54,£100k-£150k,DE,Berlin,Berlin,VP Marketing,Director or above,Marketing,5,False,0.6
mia.davies@brightwater-labs.example,25-34,£25k-£50k,DE,Hesse,Frankfurt,Assistant,Individual contributor,Operations,1,False,0.88
mia.davies@granite-haulage.example,18-24,£50k-£100k,UK,London,London,Analyst,Individual contributor,Operations,0,False,0.7
mia.davies@moorland-market.example,55-64,£50k-£100k,US,Illinois,Chicago,Head of Growth,Manager,Marketing,3,False,0.68
mia.davies@yahoo.example,45-54,£100k-£150k,US,California,San Francisco,VP Marketing,Director or above,Marketing,5,True,0.94
mia.devries@elmstead-insurance.example,35-44,£100k-£150k,NL,North Holland,Amsterdam,Sales Manager,Manager,Sales,2,True,0.94
mia.devries@evergreen-tutors.example,35-44,£100k-£150k,US,Illinois,Chicago,Operations Manager,Manager,Operations,1,False,0.95
mia.garcia@aurora-digital.example,35-44,£50k-£100k,UK,South West,Bristol,Head of Marketing,Manager,Marketing,1,False,0.98
mia.garcia@dovecote-medical.example,18-24,under £25k,US,Illinois,Chicago,Student,Student,Student,0,False,0.63
mia.green@elmstead-advisory.example,18-24,£50k-£100k,UK,London,London,Assistant,Individual contributor,Operations,0,True,0.89
mia.green@nettlefield-engineering.example,25-34,£25k-£50k,UK,West Midlands,Birmingham,Marketing Coordinator,Individual contributor,Marketing,2,False,0.86
mia.green@tidewater-partners.example,25-34,£25k-£50k,FR,Auvergne-Rhone-Alpes,Lyon,Assistant,Individual contributor,Operations,4,True,0.84
mia.hall@ashford-couriers.example,25-34,£25k-£50k,UK,Scotland,Edinburgh,Marketing Coordinator,Individual contributor,Marketing,2,False,0.62
mia.hall@willow-care.example,25-34,£100k-£150k,US,New York,New York,Sales Rep,Individual contributor,Sales,2,True,0.64
mia.hall@yahoo.example,25-34,under £25k,UK,Scotland,Edinburgh,Marketing Coordinator,Individual contributor,Marketing,5,False,0.6
mia.hughes@dovecote-freight.example,25-34,£50k-£100k,FR,Ile-de-France,Paris,Operations Manager,Manager,Operations,13,False,0.76
mia.hughes@hotmail.example,35-44,£25k-£50k,US,California,San Francisco,Sales Rep,Individual contributor,Sales,1,True,0.69
mia.hughes@kelvin-tutors.example,35-44,£50k-£100k,US,Texas,Austin,Marketing Executive,Individual contributor,Marketing,7,False,0.89
mia.hughes@lantern-retail.example,45-54,£25k-£50k,UK,Yorkshire,Leeds,Assistant,Individual contributor,Operations,3,False,0.63
mia.jansen@alder-retail.example,25-34,£50k-£100k,UK,Yorkshire,Leeds,Demand Gen Manager,Manager,Marketing,1,True,0.69
mia.johnson@pennine-fabrication.example,18-24,under £25k,US,California,San Francisco,Student,Student,Student,0,False,0.89
mia.khan@lindenwood-data.example,35-44,£50k-£100k,FR,Auvergne-Rhone-Alpes,Lyon,Marketing Executive,Individual contributor,Marketing,3,True,0.68
mia.king@greystone-transport.example,35-44,£25k-£50k,NL,North Brabant,Eindhoven,Sales Manager,Manager,Sales,11,True,0.96
mia.lewis@dunmore-accountants.example,45-54,£150k+,US,Washington,Seattle,Director of Sales,Director or above,Sales,2,True,0.67
mia.lewis@icloud.example,35-44,£50k-£100k,DE,Bavaria,Munich,Head of Growth,Manager,Marketing,1,True,0.66
mia.lewis@silverline-digital.example,55-64,£50k-£100k,US,Texas,Austin,Director of Sales,Director or above,Sales,2,True,0.97
mia.miller@ivywood-works.example,25-34,£25k-£50k,NL,North Holland,Amsterdam,Marketing Coordinator,Individual contributor,Marketing,2,False,0.62
mia.miller@nimbus-stores.example,45-54,£50k-£100k,US,New York,New York,Head of Growth,Manager,Marketing,6,True,0.78
mia.moore@hotmail.example,35-44,£50k-£100k,US,New York,New York,Demand Gen Manager,Manager,Marketing,2,True,0.83
mia.muller@vantage-associates.example,25-34,£150k+,FR,Auvergne-Rhone-Alpes,Lyon,Managing Director,Director or above,Executive,3,True,0.99
mia.murphy@bluebell-data.example,25-34,£50k-£100k,US,Illinois,Chicago,Marketing Manager,Manager,Marketing,3,True,0.79
mia.murphy@dunmore-accountants.example,45-54,£100k-£150k,US,New York,New York,Marketing Director,Director or above,Marketing,1,False,0.96
mia.roberts@kelvin-retail.example,45-54,£50k-£100k,UK,South West,Bristol,Head of Marketing,Manager,Marketing,6,False,0.61
mia.schmidt@glenmoor-care.example,35-44,£50k-£100k,DE,Bavaria,Munich,Head of Marketing,Manager,Marketing,4,True,0.91
mia.schmidt@stonebridge-trading.example,25-34,£100k-£150k,NL,South Holland,Rotterdam,Head of Marketing,Manager,Marketing,7,True,0.86
mia.scott@gmail.example,25-34,£50k-£100k,US,Washington,Seattle,Head of Growth,Manager,Marketing,1,False,0.8
mia.scott@outlook.example,25-34,£50k-£100k,US,Washington,Seattle,Sales Rep,Individual contributor,Sales,2,False,0.88
mia.scott@pinecrest-training.example,25-34,under £25k,UK,Yorkshire,Leeds,Analyst,Individual contributor,Operations,1,False,0.97
mia.smith@clearwater-labs.example,45-54,£100k-£150k,US,Massachusetts,Boston,Chief Revenue Officer,Director or above,Executive,1,False,0.67
mia.taylor@nimbus-legal.example,25-34,£150k+,US,California,San Francisco,Marketing Manager,Manager,Marketing,1,True,0.77
mia.thompson@evergreen-works.example,25-34,£50k-£100k,US,California,San Francisco,Assistant,Individual contributor,Operations,1,False,0.74
mia.white@keystone-engineering.example,45-54,£50k-£100k,FR,Auvergne-Rhone-Alpes,Lyon,Marketing Manager,Manager,Marketing,4,True,0.94
mia.williams@greystone-manufacturing.example,25-34,£100k-£150k,US,New York,New York,Assistant,Individual contributor,Operations,1,False,0.93
mia.williams@hawthorn-advisory.example,35-44,£100k-£150k,US,California,San Francisco,Director of Sales,Director or above,Sales,2,True,0.95
mia.williams@lindenwood-education.example,45-54,£100k-£150k,US,Washington,Seattle,Head of Marketing,Manager,Marketing,1,False,0.68
mia.wood@gmail.example,35-44,£25k-£50k,NL,South Holland,Rotterdam,Head of Growth,Manager,Marketing,3,False,0.69
mia.wright@hawthorn-academy.example,25-34,£50k-£100k,FR,Ile-de-France,Paris,Marketing Coordinator,Individual contributor,Marketing,7,True,0.89
mia.wright@icloud.example,35-44,£50k-£100k,DE,Berlin,Berlin,Operations Manager,Manager,Operations,3,True,0.96
mia.young@alder-dental.example,25-34,£25k-£50k,UK,North West,Manchester,Sales Rep,Individual contributor,Sales,2,False,0.87
mia.young@granite-pharma.example,35-44,£50k-£100k,FR,Occitanie,Toulouse,Head of Growth,Manager,Marketing,1,False,0.93
mia.young@marigold-fabrication.example,45-54,£150k+,UK,Scotland,Edinburgh,Founder,Director or above,Executive,1,True,0.92
mia.young@nettlefield-pharma.example,25-34,£25k-£50k,UK,London,London,Marketing Executive,Individual contributor,Marketing,2,False,0.79
mia96@lantern-health.example,25-34,£100k-£150k,US,Illinois,Chicago,Managing Director,Director or above,Executive,5,True,0.65
mia@ashford-trading.example,35-44,£50k-£100k,FR,Auvergne-Rhone-Alpes,Lyon,Marketing Executive,Individual contributor,Marketing,3,True,0.96
mia@bramble-goods.example,25-34,under £25k,US,Texas,Austin,Marketing Coordinator,Individual contributor,Marketing,2,False,0.91
mia@bramble-outfitters.example,45-54,£50k-£100k,US,Texas,Austin,Head of Growth,Manager,Marketing,1,True,0.92
mia@cobalt-training.example,35-44,£50k-£100k,NL,South Holland,Rotterdam,Head of Marketing,Manager,Marketing,4,True,0.96
mia@dovecote-associates.example,35-44,£100k-£150k,NL,Utrecht,Utrecht,Marketing Director,Director or above,Marketing,0,True,0.88
mia@dovecote-labs.example,35-44,£25k-£50k,UK,South West,Bristol,Head of Marketing,Manager,Marketing,4,True,0.8
mia@dovecote-training.example,25-34,£25k-£50k,FR,Auvergne-Rhone-Alpes,Lyon,Sales Rep,Individual contributor,Sales,3,False,0.88
mia@dunmore-labs.example,18-24,£25k-£50k,UK,Scotland,Edinburgh,Sales Rep,Individual contributor,Sales,2,True,0.69
mia@elmstead-education.example,45-54,£50k-£100k,US,Texas,Austin,Head of Marketing,Manager,Marketing,9,True,0.98
mia@glenmoor-freight.example,25-34,£25k-£50k,UK,London,London,Marketing Coordinator,Individual contributor,Marketing,2,True,0.87
mia@glenmoor-logistics.example,45-54,£100k-£150k,UK,Yorkshire,Leeds,Head of Marketing,Manager,Marketing,13,False,0.8
mia@harbour-consulting.example,45-54,£50k-£100k,UK,Scotland,Edinburgh,Demand Gen Manager,Manager,Marketing,4,True,0.89
mia@hawthorn-training.example,45-54,£100k-£150k,DE,Hamburg,Hamburg,Marketing Director,Director or above,Marketing,3,True,0.61
mia@highgate-wealth.example,25-34,£25k-£50k,UK,Yorkshire,Leeds,Sales Rep,Individual contributor,Sales,4,False,0.78
mia@ivywood-couriers.example,45-54,£100k-£150k,US,Texas,Austin,CEO,Director or above,Executive,2,False,0.81
mia@ivywood-lending.example,25-34,under £25k,US,Washington,Seattle,Student,Student,Student,0,False,0.92
mia@kelvin-insurance.example,35-44,£25k-£50k,NL,North Brabant,Eindhoven,Sales Manager,Manager,Sales,5,True,0.72
mia@kelvin-wealth.example,45-54,£100k-£150k,UK,South West,Bristol,Marketing Director,Director or above,Marketing,2,False,0.72
mia@keystone-capital.example,18-24,£25k-£50k,FR,Hauts-de-France,Lille,Assistant,Individual contributor,Operations,5,True,0.66
mia@lantern-labs.example,55-64,£100k-£150k,US,Illinois,Chicago,Director of Sales,Director or above,Sales,1,False,0.9
mia@marigold-stores.example,55-64,£100k-£150k,UK,South West,Bristol,Marketing Director,Director or above,Marketing,3,True,0.72
mia@meridian-stores.example,45-54,£50k-£100k,NL,Utrecht,Utrecht,Marketing Manager,Manager,Marketing,2,True,0.72
mia@oldfield-outfitters.example,45-54,£25k-£50k,US,California,San Francisco,Marketing Manager,Manager,Marketing,4,True,0.68
mia@orchard-academy.example,45-54,£150k+,NL,North Holland,Amsterdam,Marketing Director,Director or above,Marketing,2,True,0.87
mia@orchard-labs.example,18-24,£25k-£50k,UK,London,London,Analyst,Individual contributor,Operations,13,False,0.97
mia@pebble-stores.example,25-34,£50k-£100k,DE,Hamburg,Hamburg,Head of Marketing,Manager,Marketing,5,False,0.77
mia@quartz-health.example,18-24,£50k-£100k,NL,North Holland,Amsterdam,Operations Manager,Manager,Operations,2,True,0.87
mia@quartz-trading.example,25-34,£100k-£150k,DE,Hamburg,Hamburg,Marketing Manager,Manager,Marketing,0,True,0.95
mia@saltmarsh-labs.example,25-34,£25k-£50k,DE,Hesse,Frankfurt,Marketing Executive,Individual contributor,Marketing,1,False,0.62
mia@saltmarsh-trading.example,45-54,£25k-£50k,FR,Auvergne-Rhone-Alpes,Lyon,Sales Rep,Individual contributor,Sales,4,False,0.98
mia@tamarind-dental.example,45-54,£50k-£100k,NL,North Brabant,Eindhoven,CEO,Director or above,Executive,10,True,0.97
mia@thornbury-advisory.example,45-54,£100k-£150k,US,New York,New York,Head of Growth,Manager,Marketing,4,True,0.83
mia@willow-consulting.example,45-54,£50k-£100k,UK,Scotland,Edinburgh,Head of Growth,Manager,Marketing,2,True,0.71
mia@zephyr-wealth.example,35-44,£150k+,US,California,San Francisco,Founder,Director or above,Executive,1,True,0.88
miabaker84@outlook.example,25-34,£50k-£100k,US,Massachusetts,Boston,Marketing Executive,Individual contributor,Marketing,2,False,0.66
miajones24@outlook.example,25-34,£25k-£50k,US,Massachusetts,Boston,Head of Marketing,Manager,Marketing,1,True,0.94
miajones63@yahoo.example,55-64,£100k-£150k,US,Massachusetts,Boston,VP Marketing,Director or above,Marketing,0,True,0.76
miaking17@icloud.example,25-34,under £25k,DE,Bavaria,Munich,Student,Student,Student,0,False,0.9
miaschmidt33@hotmail.example,25-34,under £25k,DE,Bavaria,Munich,Head of Marketing,Manager,Marketing,1,True,0.67
mjansen308@gmail.example,45-54,£100k-£150k,NL,North Brabant,Eindhoven,VP Marketing,Director or above,Marketing,4,False,0.99
mjones906@icloud.example,25-34,under £25k,UK,North West,Manchester,Marketing Manager,Manager,Marketing,5,True,0.91
mkhan723@icloud.example,45-54,£50k-£100k,DE,Berlin,Berlin,Marketing Director,Director or above,Marketing,6,True,0.63
mking164@gmail.example,25-34,£50k-£100k,NL,South Holland,Rotterdam,Director of Sales,Director or above,Sales,5,False,0.6
mking860@gmail.example,35-44,£25k-£50k,DE,Hamburg,Hamburg,Head of Growth,Manager,Marketing,7,True,0.95
mmiller259@yahoo.example,25-34,under £25k,NL,Utrecht,Utrecht,Marketing Executive,Individual contributor,Marketing,1,False,0.84
mmiller336@gmail.example,25-34,£50k-£100k,UK,Yorkshire,Leeds,Sales Manager,Manager,Sales,8,True,0.98
mmiller535@outlook.example,25-34,£25k-£50k,UK,South West,Bristol,Demand Gen Manager,Manager,Marketing,2,True,0.82
mmiller677@gmail.example,45-54,£25k-£50k,UK,South West,Bristol,Sales Manager,Manager,Sales,1,False,0.96
mmuller250@outlook.example,35-44,£50k-£100k,US,Massachusetts,Boston,Marketing Manager,Manager,Marketing,2,True,0.99
mpatel814@icloud.example,35-44,£100k-£150k,US,New York,New York,Chief Revenue Officer,Director or above,Executive,1,True,0.62
msmith087@icloud.example,25-34,£25k-£50k,US,Illinois,Chicago,Student,Student,Student,0,True,0.69
mthompson130@hotmail.example,25-34,£100k-£150k,UK,London,London,Operations Manager,Manager,Operations,4,False,0.76
mwalker071@outlook.example,25-34,£25k-£50k,FR,Hauts-de-France,Lille,Marketing Coordinator,Individual contributor,Marketing,3,True,0.95
mwalker120@yahoo.example,25-34,£25k-£50k,FR,Ile-de-France,Paris,Assistant,Individual contributor,Operations,3,False,0.98
mwalker304@outlook.example,45-54,£25k-£50k,NL,South Holland,Rotterdam,Assistant,Individual contributor,Operations,2,False,0.75
mweber200@icloud.example,55-64,£100k-£150k,UK,North West,Manchester,Marketing Director,Director or above,Marketing,1,True,0.93
mwhite058@icloud.example,25-34,under £25k,UK,London,London,Student,Student,Student,0,False,0.82
mwilson934@icloud.example,18-24,£50k-£100k,DE,Hesse,Frankfurt,Sales Rep,Individual contributor,Sales,10,True,0.65
n.baker@silverline-freight.example,25-34,£25k-£50k,UK,Yorkshire,Leeds,Assistant,Individual contributor,Operations,1,True,0.66
n.bakker@oldfield-associates.example,25-34,£25k-£50k,US,Illinois,Chicago,Marketing Coordinator,Individual contributor,Marketing,0,True,0.78
n.bernard@cobalt-trading.example,35-44,£50k-£100k,UK,West Midlands,Birmingham,Head of Marketing,Manager,Marketing,6,True,0.81
n.bernard@harbour-cloud.example,45-54,£100k-£150k,FR,Auvergne-Rhone-Alpes,Lyon,Marketing Manager,Manager,Marketing,1,True,0.94
n.bernard@nimbus-market.example,18-24,£25k-£50k,US,Washington,Seattle,Sales Rep,Individual contributor,Sales,8,True,0.91
n.clarke@lantern-data.example,25-34,£100k-£150k,FR,Ile-de-France,Paris,Head of Growth,Manager,Marketing,6,True,0.64
n.davies@larkspur-care.example,25-34,£50k-£100k,US,Washington,Seattle,Assistant,Individual contributor,Operations,1,False,0.79
n.devries@alder-training.example,25-34,£50k-£100k,UK,Scotland,Edinburgh,Demand Gen Manager,Manager,Marketing,3,True,0.75
n.devries@marigold-labs.example,35-44,£50k-£100k,FR,Auvergne-Rhone-Alpes,Lyon,Head of Marketing,Manager,Marketing,2,False,0.71
n.dubois@vantage-tutors.example,18-24,£50k-£100k,US,Texas,Austin,Student,Student,Student,0,False,0.64
n.green@lindenwood-haulage.example,35-44,£100k-£150k,UK,South West,Bristol,Marketing Manager,Manager,Marketing,3,True,0.93
n.green@pinecrest-finance.example,25-34,£25k-£50k,US,Washington,Seattle,Sales Manager,Manager,Sales,4,False,0.95
n.green@upland-data.example,35-44,£25k-£50k,UK,Scotland,Edinburgh,Marketing Coordinator,Individual contributor,Marketing,2,True,0.95
n.hall@brightwater-recruitment.example,18-24,£25k-£50k,US,Illinois,Chicago,Marketing Executive,Individual contributor,Marketing,2,False,0.91
n.hall@granite-fabrication.example,35-44,£50k-£100k,US,Washington,Seattle,Director of Sales,Director or above,Sales,3,True,0.82
n.jansen@granite-engineering.example,25-34,£50k-£100k,DE,Hamburg,Hamburg,Sales Manager,Manager,Sales,4,True,0.76
n.johnson@clearwater-accountants.example,18-24,under £25k,UK,North West,Manchester,Marketing Coordinator,Individual contributor,Marketing,4,True,0.92
n.johnson@orchard-haulage.example,35-44,£25k-£50k,UK,West Midlands,Birmingham,Analyst,Individual contributor,Operations,1,False,0.8
n.johnson@valley-medical.example,25-34,£25k-£50k,NL,North Brabant,Eindhoven,Marketing Coordinator,Individual contributor,Marketing,3,False,0.92
n.jones@marigold-wealth.example,25-34,£25k-£50k,UK,Yorkshire,Leeds,Assistant,Individual contributor,Operations,3,False,0.68
n.jones@zephyr-pharma.example,25-34,£50k-£100k,NL,South Holland,Rotterdam,Marketing Executive,Individual contributor,Marketing,6,False,0.78
n.khan@larkspur-stores.example,25-34,£25k-£50k,UK,Scotland,Edinburgh,Analyst,Individual contributor,Operations,1,False,0.81
n.lewis@oakridge-trading.example,45-54,£50k-£100k,UK,South West,Bristol,Head of Marketing,Manager,Marketing,3,False,0.9
n.martin@beacon-training.example,25-34,£50k-£100k,DE,Hesse,Frankfurt,Marketing Executive,Individual contributor,Marketing,2,True,0.9
n.miller@nimbus-trading.example,18-24,under £25k,FR,Auvergne-Rhone-Alpes,Lyon,Analyst,Individual contributor,Operations,1,False,0.79
n.moore@lindenwood-associates.example,45-54,£100k-£150k,UK,Scotland,Edinburgh,Managing Director,Director or above,Executive,1,True,0.71
n.moore@silverline-labs.example,25-34,£50k-£100k,US,New York,New York,Marketing Executive,Individual contributor,Marketing,9,False,0.7
n.murphy@bramble-education.example,35-44,£25k-£50k,US,Illinois,Chicago,Marketing Coordinator,Individual contributor,Marketing,1,False,0.92
n.murphy@foxglove-care.example,25-34,£25k-£50k,UK,North West,Manchester,Assistant,Individual contributor,Operations,7,False,0.92
n.murphy@saltmarsh-care.example,35-44,£50k-£100k,UK,North West,Manchester,Sales Manager,Manager,Sales,1,False,0.92
n.patel@evergreen-industries.example,35-44,£50k-£100k,US,New York,New York,Operations Manager,Manager,Operations,1,True,0.9
n.patel@northwind-recruitment.example,25-34,£150k+,US,New York,New York,Marketing Director,Director or above,Marketing,1,True,0.72
n.patel@redwood-learning.example,55-64,£100k-£150k,DE,Hesse,Frankfurt,Marketing Director,Director or above,Marketing,7,True,0.79
n.smith@bramble-capital.example,45-54,£50k-£100k,DE,Hesse,Frankfurt,Marketing Manager,Manager,Marketing,1,False,0.74
n.taylor@rosewood-outfitters.example,35-44,£50k-£100k,US,Illinois,Chicago,Assistant,Individual contributor,Operations,4,True,0.66
n.thompson@jasper-data.example,45-54,£100k-£150k,UK,South West,Bristol,CEO,Director or above,Executive,1,True,0.86
n.weber@elmstead-advisory.example,18-24,under £25k,UK,North West,Manchester,Student,Student,Student,0,False,0.96
n.weber@falcon-finance.example,35-44,£150k+,US,Illinois,Chicago,Managing Director,Director or above,Executive,2,False,0.74
n.white@thornbury-stores.example,45-54,£100k-£150k,DE,Bavaria,Munich,Director of Sales,Director or above,Sales,3,True,0.92
n.williams@driftwood-accountants.example,35-44,£100k-£150k,UK,Yorkshire,Leeds,Director of Sales,Director or above,Sales,0,True,0.69
n.wright@ivywood-manufacturing.example,35-44,£25k-£50k,NL,Utrecht,Utrecht,Marketing Coordinator,Individual contributor,Marketing,0,True,0.6
nbakker142@outlook.example,45-54,£25k-£50k,UK,South West,Bristol,Head of Growth,Manager,Marketing,1,True,0.72
ndevries145@gmail.example,45-54,under £25k,UK,Yorkshire,Leeds,Marketing Executive,Individual contributor,Marketing,2,False,0.78
nhall675@outlook.example,35-44,£100k-£150k,UK,Yorkshire,Leeds,Sales Manager,Manager,Sales,1,False,0.74
noah.anderson@pinecrest-care.example,25-34,£100k-£150k,US,New York,New York,Head of Marketing,Manager,Marketing,6,True,0.95
noah.anderson@zephyr-freight.example,35-44,£50k-£100k,US,Massachusetts,Boston,Head of Growth,Manager,Marketing,7,True,0.63
noah.baker@westbrook-partners.example,25-34,£25k-£50k,UK,London,London,Analyst,Individual contributor,Operations,2,True,0.75
noah.bakker@falcon-labs.example,25-34,£25k-£50k,FR,Hauts-de-France,Lille,Marketing Coordinator,Individual contributor,Marketing,3,True,0.8
noah.bernard@clearwater-care.example,35-44,£50k-£100k,UK,South West,Bristol,Sales Rep,Individual contributor,Sales,2,False,0.93
noah.bernard@orchard-digital.example,45-54,£25k-£50k,UK,Yorkshire,Leeds,Analyst,Individual contributor,Operations,1,True,0.9
noah.brown@inkwell-components.example,25-34,£25k-£50k,UK,Scotland,Edinburgh,Assistant,Individual contributor,Operations,5,False,0.68
noah.davies@hotmail.example,45-54,£100k-£150k,FR,Ile-de-France,Paris,Chief Revenue Officer,Director or above,Executive,4,False,0.79
noah.evans@granite-insurance.example,25-34,£50k-£100k,US,New York,New York,Head of Growth,Manager,Marketing,2,False,0.79
noah.evans@inkwell-legal.example,45-54,£25k-£50k,US,Texas,Austin,Sales Manager,Manager,Sales,4,False,0.6
noah.green@jasper-digital.example,45-54,£100k-£150k,US,Texas,Austin,Founder,Director or above,Executive,1,False,0.88
noah.hall@gmail.example,25-34,under £25k,NL,Utrecht,Utrecht,Sales Manager,Manager,Sales,5,False,0.95
noah.hall@nettlefield-capital.example,35-44,£50k-£100k,US,Texas,Austin,Head of Marketing,Manager,Marketing,2,True,0.81
noah.hall@riverside-tutors.example,25-34,£100k-£150k,US,Washington,Seattle,Assistant,Individual contributor,Operations,0,True,0.6
noah.hall@yahoo.example,55-64,£50k-£100k,FR,Occitanie,Toulouse,Head of Growth,Manager,Marketing,1,True,0.65
noah.hughes@umber-transport.example,25-34,£25k-£50k,UK,Yorkshire,Leeds,Marketing Executive,Individual contributor,Marketing,3,False,0.8
noah.jansen@inkwell-fabrication.example,25-34,£25k-£50k,NL,Utrecht,Utrecht,Marketing Coordinator,Individual contributor,Marketing,1,False,0.83
noah.johnson@icloud.example,25-34,£50k-£100k,UK,Yorkshire,Leeds,Head of Marketing,Manager,Marketing,2,True,0.89
noah.jones@bramble-trading.example,35-44,£50k-£100k,NL,North Brabant,Eindhoven,Operations Manager,Manager,Operations,0,False,0.77
noah.jones@dovecote-clinics.example,45-54,£25k-£50k,US,New York,New York,Assistant,Individual contributor,Operations,4,False,0.94
noah.khan@glenmoor-clinics.example,35-44,£25k-£50k,DE,Bavaria,Munich,Head of Growth,Manager,Marketing,3,False,0.67
noah.king@cedar-college.example,35-44,£100k-£150k,DE,Hamburg,Hamburg,Director of Sales,Director or above,Sales,6,True,0.82
noah.king@kestrel-market.example,25-34,£50k-£100k,US,New York,New York,Assistant,Individual contributor,Operations,2,False,0.88
noah.lewis@emberly-partners.example,45-54,£50k-£100k,DE,Hesse,Frankfurt,Demand Gen Manager,Manager,Marketing,5,True,0.64
noah.miller@keystone-capital.example,45-54,£50k-£100k,FR,Auvergne-Rhone-Alpes,Lyon,Marketing Manager,Manager,Marketing,1,False,0.76
noah.miller@saltmarsh-training.example,18-24,£25k-£50k,UK,North West,Manchester,Sales Rep,Individual contributor,Sales,3,True,0.74
noah.moore@dunmore-accountants.example,25-34,£50k-£100k,US,Massachusetts,Boston,Marketing Coordinator,Individual contributor,Marketing,1,False,0.97
noah.moore@juniper-fabrication.example,45-54,£100k-£150k,UK,West Midlands,Birmingham,CEO,Director or above,Executive,6,False,0.97
noah.muller@outlook.example,45-54,£100k-£150k,US,New York,New York,Marketing Coordinator,Individual contributor,Marketing,2,False,0.76
noah.murphy@beacon-works.example,25-34,£150k+,UK,South West,Bristol,Chief Revenue Officer,Director or above,Executive,3,False,0.77
noah.murphy@upland-components.example,45-54,£150k+,UK,North West,Manchester,CEO,Director or above,Executive,2,False,0.97
noah.patel@brightwater-recruitment.example,25-34,£25k-£50k,US,Texas,Austin,Marketing Coordinator,Individual contributor,Marketing,5,False,0.81
noah.roberts@brightwater-recruitment.example,25-34,£100k-£150k,US,Texas,Austin,Head of Growth,Manager,Marketing,2,True,0.9
noah.roberts@saltmarsh-trading.example,35-44,£100k-£150k,FR,Hauts-de-France,Lille,VP Marketing,Director or above,Marketing,3,True,0.91
noah.schmidt@moorland-haulage.example,18-24,£25k-£50k,UK,South West,Bristol,Sales Rep,Individual contributor,Sales,2,False,0.8
noah.scott@icloud.example,18-24,£50k-£100k,FR,Occitanie,Toulouse,Marketing Manager,Manager,Marketing,7,True,0.93
noah.scott@valley-consulting.example,35-44,£100k-£150k,NL,North Brabant,Eindhoven,Marketing Manager,Manager,Marketing,2,False,0.83
noah.scott@zephyr-shipping.example,55-64,£100k-£150k,FR,Auvergne-Rhone-Alpes,Lyon,VP Marketing,Director or above,Marketing,7,False,0.84
noah.smith@brightwater-wealth.example,45-54,£25k-£50k,UK,London,London,Head of Growth,Manager,Marketing,2,False,0.77
noah.smith@greystone-advisory.example,25-34,£25k-£50k,NL,Utrecht,Utrecht,Marketing Coordinator,Individual contributor,Marketing,1,False,0.91
noah.smith@nettlefield-training.example,35-44,£50k-£100k,UK,South West,Bristol,Head of Marketing,Manager,Marketing,1,False,0.84
noah.taylor@bluebell-partners.example,45-54,£50k-£100k,DE,Hamburg,Hamburg,Marketing Manager,Manager,Marketing,2,False,0.88
noah.taylor@greystone-manufacturing.example,25-34,£100k-£150k,US,Massachusetts,Boston,Demand Gen Manager,Manager,Marketing,8,True,0.81
noah.thompson@jasper-partners.example,18-24,£25k-£50k,US,California,San Francisco,Assistant,Individual contributor,Operations,2,False,0.69
noah.weber@brightwater-data.example,25-34,£50k-£100k,US,California,San Francisco,Head of Marketing,Manager,Marketing,2,False,0.71
noah.weber@juniper-education.example,25-34,£100k-£150k,DE,Berlin,Berlin,Demand Gen Manager,Manager,Marketing,2,True,0.87
noah.weber@saltmarsh-data.example,45-54,£150k+,UK,Scotland,Edinburgh,VP Marketing,Director or above,Marketing,16,True,0.84
noah.white@elmstead-medical.example,45-54,£100k-£150k,DE,Hesse,Frankfurt,VP Marketing,Director or above,Marketing,0,False,0.71
noah.white@gmail.example,35-44,£25k-£50k,FR,Hauts-de-France,Lille,Marketing Manager,Manager,Marketing,3,True,0.7
noah.wilson@gmail.example,18-24,under £25k,UK,North West,Manchester,Student,Student,Student,0,False,0.81
noah.wilson@vantage-stores.example,18-24,£25k-£50k,DE,Bavaria,Munich,Sales Rep,Individual contributor,Sales,1,True,0.98
noah.wood@hotmail.example,25-34,under £25k,UK,London,London,Marketing Executive,Individual contributor,Marketing,3,False,0.69
noah.wood@inkwell-shipping.example,18-24,under £25k,UK,West Midlands,Birmingham,Marketing Executive,Individual contributor,Marketing,1,False,0.93
noah.young@juniper-logistics.example,35-44,£100k-£150k,UK,North West,Manchester,Founder,Director or above,Executive,5,True,0.92
noah@alder-legal.example,25-34,£50k-£100k,US,Illinois,Chicago,Assistant,Individual contributor,Operations,3,False,0.72
noah@ashford-capital.example,25-34,£50k-£100k,US,Washington,Seattle,Assistant,Individual contributor,Operations,1,True,0.79
noah@aurora-goods.example,35-44,£150k+,US,Washington,Seattle,Director of Sales,Director or above,Sales,5,True,0.82
noah@aurora-labs.example,25-34,£100k-£150k,US,Texas,Austin,Sales Manager,Manager,Sales,5,True,0.95
noah@beacon-lending.example,45-54,£100k-£150k,US,Massachusetts,Boston,VP Marketing,Director or above,Marketing,1,True,0.86
noah@bramble-capital.example,25-34,£150k+,DE,Hamburg,Hamburg,Managing Director,Director or above,Executive,2,True,0.69
noah@cedar-capital.example,18-24,£50k-£100k,UK,West Midlands,Birmingham,Marketing Manager,Manager,Marketing,2,True,0.62
noah@clearwater-recruitment.example,35-44,£50k-£100k,US,Washington,Seattle,Operations Manager,Manager,Operations,2,False,0.8
noah@elmstead-education.example,25-34,£25k-£50k,US,California,San Francisco,Marketing Executive,Individual contributor,Marketing,3,False,0.65
noah@fernhill-works.example,25-34,£25k-£50k,DE,Bavaria,Munich,Demand Gen Manager,Manager,Marketing,0,True,0.73
noah@foxglove-capital.example,35-44,£50k-£100k,DE,Bavaria,Munich,Head of Growth,Manager,Marketing,0,False,0.72
noah@foxglove-engineering.example,25-34,£25k-£50k,NL,North Holland,Amsterdam,Sales Rep,Individual contributor,Sales,6,False,0.66
noah@foxglove-legal.example,35-44,£25k-£50k,UK,West Midlands,Birmingham,Head of Marketing,Manager,Marketing,3,True,0.63
noah@glenmoor-couriers.example,35-44,£25k-£50k,NL,South Holland,Rotterdam,Sales Manager,Manager,Sales,5,False,0.72
noah@granite-shipping.example,45-54,£50k-£100k,FR,Ile-de-France,Paris,Sales Manager,Manager,Sales,8,False,0.98
noah@hawthorn-dental.example,25-34,£25k-£50k,UK,London,London,Marketing Coordinator,Individual contributor,Marketing,1,True,0.72
noah@highgate-care.example,35-44,£25k-£50k,UK,Scotland,Edinburgh,Assistant,Individual contributor,Operations,5,True,0.87
noah@ironbridge-wealth.example,45-54,£50k-£100k,US,New York,New York,Operations Manager,Manager,Operations,3,False,0.91
noah@ivywood-goods.example,25-34,under £25k,DE,Bavaria,Munich,Sales Rep,Individual contributor,Sales,4,False,0.72
noah@juniper-couriers.example,18-24,£25k-£50k,UK,Scotland,Edinburgh,Marketing Coordinator,Individual contributor,Marketing,8,False,0.62
noah@juniper-education.example,35-44,£25k-£50k,DE,Hesse,Frankfurt,Head of Marketing,Manager,Marketing,11,True,0.72
noah@juniper-learning.example,35-44,£100k-£150k,UK,South West,Bristol,Director of Sales,Director or above,Sales,3,True,0.94
noah@kelvin-insurance.example,25-34,under £25k,NL,North Brabant,Eindhoven,Assistant,Individual contributor,Operations,4,False,0.84
noah@kestrel-health.example,25-34,under £25k,UK,Scotland,Edinburgh,Assistant,Individual contributor,Operations,1,False,0.68
noah@lantern-wealth.example,35-44,£50k-£100k,US,Massachusetts,Boston,Sales Manager,Manager,Sales,2,True,0.95
noah@meridian-learning.example,25-34,£50k-£100k,UK,Scotland,Edinburgh,Head of Marketing,Manager,Marketing,4,False,0.78
noah@nettlefield-goods.example,35-44,£50k-£100k,UK,Yorkshire,Leeds,Operations Manager,Manager,Operations,17,False,0.96
noah@nettlefield-insurance.example,18-24,£25k-£50k,UK,Scotland,Edinburgh,Assistant,Individual contributor,Operations,4,False,0.81
noah@nettlefield-manufacturing.example,25-34,under £25k,US,California,San Francisco,Sales Rep,Individual contributor,Sales,2,False,0.85
noah@nimbus-haulage.example,25-34,£50k-£100k,DE,Hesse,Frankfurt,Head of Growth,Manager,Marketing,1,False,0.81
noah@norfolk-retail.example,35-44,£50k-£100k,FR,Occitanie,Toulouse,Founder,Director or above,Executive,3,True,0.98
noah@northwind-logistics.example,35-44,£100k-£150k,FR,Auvergne-Rhone-Alpes,Lyon,Head of Marketing,Manager,Marketing,2,True,0.98
noah@oakridge-logistics.example,35-44,£150k+,US,Washington,Seattle,CEO,Director or above,Executive,2,True,0.71
noah@oakridge-stores.example,18-24,£50k-£100k,US,New York,New York,Sales Rep,Individual contributor,Sales,2,False,0.81
noah@orchard-outfitters.example,25-34,under £25k,US,California,San Francisco,Sales Rep,Individual contributor,Sales,2,False,0.64
noah@pebble-learning.example,25-34,£50k-£100k,US,Illinois,Chicago,Head of Marketing,Manager,Marketing,8,False,0.61
noah@pebble-software.example,35-44,under £25k,DE,Bavaria,Munich,Marketing Coordinator,Individual contributor,Marketing,3,False,0.83
noah@pennine-trading.example,45-54,£100k-£150k,US,New York,New York,Operations Manager,Manager,Operations,2,False,0.72
noah@quartz-clinics.example,45-54,£50k-£100k,NL,Utrecht,Utrecht,Operations Manager,Manager,Operations,2,True,0.77
noah@quayside-health.example,25-34,£50k-£100k,US,California,San Francisco,Demand Gen Manager,Manager,Marketing,1,False,0.8
noah@quayside-trading.example,35-44,£100k-£150k,FR,Ile-de-France,Paris,Marketing Director,Director or above,Marketing,1,True,0.84
noah@redwood-stores.example,35-44,under £25k,FR,Hauts-de-France,Lille,Assistant,Individual contributor,Operations,1,True,0.96
noah@rosewood-data.example,25-34,£25k-£50k,FR,Ile-de-France,Paris,Sales Rep,Individual contributor,Sales,4,True,0.61
noah@rosewood-manufacturing.example,25-34,£100k-£150k,US,Massachusetts,Boston,Head of Growth,Manager,Marketing,2,False,0.9
noah@saltmarsh-care.example,55-64,£100k-£150k,UK,West Midlands,Birmingham,Managing Director,Director or above,Executive,2,False,0.8
noah@saltmarsh-outfitters.example,45-54,£100k-£150k,UK,Scotland,Edinburgh,VP Marketing,Director or above,Marketing,6,True,0.61
noah@silverline-retail.example,55-64,£150k+,US,Texas,Austin,Marketing Director,Director or above,Marketing,4,False,0.93
noah@tamarind-fabrication.example,45-54,£50k-£100k,FR,Occitanie,Toulouse,CEO,Director or above,Executive,5,False,0.98
noah@tidewater-consulting.example,55-64,£150k+,UK,Yorkshire,Leeds,CEO,Director or above,Executive,3,False,0.89
noah@tidewater-lending.example,25-34,£25k-£50k,US,Illinois,Chicago,Sales Rep,Individual contributor,Sales,4,False,0.66
noah@valley-dental.example,25-34,£100k-£150k,UK,London,London,Head of Marketing,Manager,Marketing,10,False,0.64
noah@yarrow-goods.example,25-34,£50k-£100k,US,Massachusetts,Boston,Marketing Executive,Individual contributor,Marketing,1,False,0.84
noah@yarrow-manufacturing.example,35-44,£25k-£50k,UK,North West,Manchester,Assistant,Individual contributor,Operations,2,False,0.65
noah@zephyr-consulting.example,45-54,£100k-£150k,DE,Berlin,Berlin,VP Marketing,Director or above,Marketing,2,False,0.78
noah@zephyr-labs.example,25-34,£25k-£50k,UK,London,London,Assistant,Individual contributor,Operations,1,False,0.77
noahclarke15@icloud.example,18-24,under £25k,UK,South West,Bristol,Student,Student,Student,0,False,0.82
noahevans10@yahoo.example,25-34,under £25k,US,Massachusetts,Boston,Marketing Executive,Individual contributor,Marketing,3,True,0.85
noahgarcia11@outlook.example,35-44,under £25k,UK,Scotland,Edinburgh,Marketing Executive,Individual contributor,Marketing,3,False,0.63
noahmiller73@icloud.example,45-54,£25k-£50k,US,Washington,Seattle,Marketing Executive,Individual contributor,Marketing,6,False,0.89
noahmoore06@hotmail.example,25-34,£25k-£50k,NL,Utrecht,Utrecht,Head of Marketing,Manager,Marketing,1,True,0.81
noahmuller66@yahoo.example,25-34,£50k-£100k,UK,Yorkshire,Leeds,Founder,Director or above,Executive,2,False,0.75
noahpatel91@icloud.example,18-24,£50k-£100k,DE,Hesse,Frankfurt,Analyst,Individual contributor,Operations,4,True,0.78
noahscott54@yahoo.example,18-24,£25k-£50k,US,California,San Francisco,Student,Student,Student,0,False,0.65
noahsmith55@outlook.example,35-44,£50k-£100k,US,California,San Francisco,Founder,Director or above,Executive,2,True,0.62
noahwilson82@yahoo.example,25-34,£50k-£100k,US,New York,New York,Analyst,Individual contributor,Operations,2,False,0.93
noahyoung24@hotmail.example,25-34,£50k-£100k,FR,Auvergne-Rhone-Alpes,Lyon,Marketing Manager,Manager,Marketing,1,True,0.74
nwhite201@gmail.example,55-64,£150k+,US,Texas,Austin,Marketing Director,Director or above,Marketing,4,True,0.89
nwright430@icloud.example,25-34,£50k-£100k,NL,North Holland,Amsterdam,Head of Marketing,Manager,Marketing,3,False,0.64
o.anderson@bramble-retail.example,25-34,under £25k,NL,South Holland,Rotterdam,Analyst,Individual contributor,Operations,1,False,0.97
o.anderson@cobalt-couriers.example,18-24,£25k-£50k,FR,Auvergne-Rhone-Alpes,Lyon,Student,Student,Student,0,False,0.98
o.anderson@oakridge-stores.example,55-64,£100k-£150k,US,New York,New York,VP Marketing,Director or above,Marketing,0,True,0.81
o.anderson@pebble-college.example,25-34,under £25k,FR,Auvergne-Rhone-Alpes,Lyon,Sales Rep,Individual contributor,Sales,1,False,0.74
o.anderson@vantage-logistics.example,35-44,£50k-£100k,UK,South West,Bristol,Head of Marketing,Manager,Marketing,3,False,0.89
o.anderson@westbrook-couriers.example,35-44,£25k-£50k,UK,London,London,Marketing Coordinator,Individual contributor,Marketing,6,True,0.97
o.anderson@willow-industries.example,55-64,£150k+,UK,North West,Manchester,Chief Revenue Officer,Director or above,Executive,2,True,0.88
o.baker@vantage-stores.example,35-44,£150k+,DE,Berlin,Berlin,Director of Sales,Director or above,Sales,2,False,0.79
o.bakker@falcon-education.example,25-34,£50k-£100k,UK,London,London,Demand Gen Manager,Manager,Marketing,3,False,0.85
o.bakker@lantern-fabrication.example,18-24,under £25k,NL,Utrecht,Utrecht,Student,Student,Student,0,False,0.83
o.bakker@lindenwood-associates.example,45-54,£100k-£150k,UK,London,London,Managing Director,Director or above,Executive,2,True,0.85
o.bakker@nimbus-associates.example,18-24,£25k-£50k,DE,Hamburg,Hamburg,Marketing Executive,Individual contributor,Marketing,0,False,0.63
o.bakker@pinecrest-data.example,25-34,£50k-£100k,FR,Auvergne-Rhone-Alpes,Lyon,Assistant,Individual contributor,Operations,2,False,0.62
o.bernard@cobalt-logistics.example,25-34,£50k-£100k,FR,Occitanie,Toulouse,Marketing Coordinator,Individual contributor,Marketing,9,False,0.78
o.bernard@inkwell-goods.example,35-44,£100k-£150k,US,New York,New York,Chief Revenue Officer,Director or above,Executive,1,False,0.91
o.bernard@jasper-capital.example,35-44,£50k-£100k,UK,North West,Manchester,Head of Marketing,Manager,Marketing,0,True,0.88
o.bernard@thornbury-finance.example,25-34,£25k-£50k,NL,South Holland,Rotterdam,Assistant,Individual contributor,Operations,5,False,0.96
o.brown@lantern-components.example,18-24,£25k-£50k,NL,North Brabant,Eindhoven,Assistant,Individual contributor,Operations,5,False,0.95
o.brown@lindenwood-industries.example,25-34,£50k-£100k,US,California,San Francisco,Sales Rep,Individual contributor,Sales,0,False,0.79
o.brown@pinecrest-recruitment.example,55-64,£100k-£150k,NL,North Brabant,Eindhoven,Managing Director,Director or above,Executive,5,False,0.93
o.brown@yarrow-outfitters.example,25-34,£25k-£50k,US,Illinois,Chicago,Sales Manager,Manager,Sales,2,True,0.95
o.clarke@elmstead-software.example,25-34,£50k-£100k,US,Massachusetts,Boston,Marketing Coordinator,Individual contributor,Marketing,1,False,0.78
o.clarke@evergreen-haulage.example,55-64,£150k+,FR,Ile-de-France,Paris,Marketing Director,Director or above,Marketing,4,True,0.82
o.clarke@thornbury-advisory.example,35-44,£100k-£150k,US,Massachusetts,Boston,CEO,Director or above,Executive,2,True,0.89
o.davies@alder-advisory.example,18-24,£100k-£150k,US,California,San Francisco,Analyst,Individual contributor,Operations,4,True,0.98
o.davies@emberly-retail.example,25-34,£25k-£50k,FR,Auvergne-Rhone-Alpes,Lyon,Marketing Manager,Manager,Marketing,2,True,0.92
o.davies@evergreen-advisory.example,35-44,£100k-£150k,UK,Scotland,Edinburgh,CEO,Director or above,Executive,3,True,0.78
o.davies@lantern-legal.example,25-34,£100k-£150k,DE,Hesse,Frankfurt,Director of Sales,Director or above,Sales,1,True,0.98
o.davies@redwood-clinics.example,35-44,under £25k,US,Washington,Seattle,Marketing Coordinator,Individual contributor,Marketing,0,False,0.94
o.devries@ashford-dental.example,35-44,£100k-£150k,US,Texas,Austin,Head of Growth,Manager,Marketing,2,True,0.61
o.devries@brightwater-clinics.example,35-44,£50k-£100k,FR,Occitanie,Toulouse,Head of Marketing,Manager,Marketing,2,True,0.68
o.devries@dunmore-data.example,45-54,£50k-£100k,UK,North West,Manchester,Sales Manager,Manager,Sales,0,True,0.89
o.devries@ivywood-data.example,25-34,£50k-£100k,DE,Hamburg,Hamburg,Demand Gen Manager,Manager,Marketing,2,False,0.71
o.devries@meridian-shipping.example,35-44,£100k-£150k,US,New York,New York,Founder,Director or above,Executive,7,False,0.69
o.devries@umber-retail.example,25-34,£100k-£150k,US,Washington,Seattle,Head of Growth,Manager,Marketing,1,True,0.86
o.devries@westbrook-finance.example,45-54,£100k-£150k,FR,Auvergne-Rhone-Alpes,Lyon,Founder,Director or above,Executive,1,True,0.95
o.dubois@aurora-labs.example,45-54,under £25k,US,Massachusetts,Boston,Marketing Executive,Individual contributor,Marketing,2,False,0.84
o.dubois@harbour-associates.example,25-34,£100k-£150k,US,California,San Francisco,Demand Gen Manager,Manager,Marketing,5,True,0.71
o.dubois@lantern-education.example,18-24,£25k-£50k,US,Massachusetts,Boston,Marketing Executive,Individual contributor,Marketing,4,False,0.95
o.dubois@thornbury-pharma.example,35-44,£50k-£100k,UK,Scotland,Edinburgh,VP Marketing,Director or above,Marketing,3,True,0.98
o.dubois@valley-freight.example,35-44,£150k+,US,Massachusetts,Boston,Founder,Director or above,Executive,0,True,0.66
o.dubois@westbrook-college.example,25-34,£25k-£50k,DE,Hesse,Frankfurt,Head of Marketing,Manager,Marketing,3,True,0.84
o.evans@dovecote-trading.example,25-34,£50k-£100k,UK,Scotland,Edinburgh,Sales Manager,Manager,Sales,1,True,0.65
o.evans@keystone-engineering.example,45-54,£150k+,FR,Auvergne-Rhone-Alpes,Lyon,VP Marketing,Director or above,Marketing,3,False,0.81
o.garcia@emberly-haulage.example,35-44,£150k+,NL,North Holland,Amsterdam,Managing Director,Director or above,Executive,4,False,0.88
o.garcia@kestrel-learning.example,25-34,£25k-£50k,FR,Hauts-de-France,Lille,Analyst,Individual contributor,Operations,7,True,0.94
o.garcia@tidewater-retail.example,35-44,£50k-£100k,US,Illinois,Chicago,Sales Rep,Individual contributor,Sales,4,False,0.7
o.garcia@upland-cloud.example,35-44,£25k-£50k,UK,North West,Manchester,Sales Rep,Individual contributor,Sales,9,False,0.98
o.green@brightwater-tutors.example,25-34,£50k-£100k,UK,Scotland,Edinburgh,Head of Growth,Manager,Marketing,0,True,0.6
o.green@cedar-works.example,25-34,£25k-£50k,UK,Scotland,Edinburgh,Analyst,Individual contributor,Operations,2,False,0.7
o.green@harbour-health.example,25-34,£25k-£50k,US,Washington,Seattle,Marketing Executive,Individual contributor,Marketing,1,False,0.93
o.green@moorland-wealth.example,18-24,£50k-£100k,NL,North Brabant,Eindhoven,Head of Growth,Manager,Marketing,5,True,0.98
o.green@pebble-finance.example,35-44,£50k-£100k,NL,North Brabant,Eindhoven,Managing Director,Director or above,Executive,5,True,0.64
o.green@riverside-advisory.example,25-34,under £25k,UK,London,London,Assistant,Individual contributor,Operations,3,False,0.86
o.hall@emberly-fabrication.example,25-34,£50k-£100k,US,California,San Francisco,Analyst,Individual contributor,Operations,1,True,0.82
o.hall@marigold-labs.example,35-44,£150k+,FR,Hauts-de-France,Lille,Founder,Director or above,Executive,3,True,0.78
o.hughes@evergreen-industries.example,25-34,£50k-£100k,US,New York,New York,Assistant,Individual contributor,Operations,10,True,0.76
o.hughes@greystone-finance.example,45-54,£50k-£100k,UK,Yorkshire,Leeds,Chief Revenue Officer,Director or above,Executive,1,True,0.86
o.hughes@keystone-learning.example,35-44,£100k-£150k,US,Washington,Seattle,Director of Sales,Director or above,Sales,4,True,0.92
o.hughes@nettlefield-dental.example,25-34,£25k-£50k,UK,Yorkshire,Leeds,Marketing Coordinator,Individual contributor,Marketing,2,False,0.91
o.hughes@saltmarsh-logistics.example,35-44,£50k-£100k,UK,West Midlands,Birmingham,Marketing Director,Director or above,Marketing,2,True,0.68
o.jansen@kestrel-learning.example,35-44,£50k-£100k,FR,Hauts-de-France,Lille,Assistant,Individual contributor,Operations,4,False,0.79
o.jansen@silverline-labs.example,35-44,£50k-£100k,US,California,San Francisco,Assistant,Individual contributor,Operations,2,False,0.61
o.jansen@tamarind-pharma.example,35-44,£25k-£50k,DE,Hamburg,Hamburg,Operations Manager,Manager,Operations,0,True,0.67
o.jansen@tidewater-manufacturing.example,55-64,£150k+,US,Illinois,Chicago,VP Marketing,Director or above,Marketing,1,True,0.69
o.jansen@valley-education.example,35-44,£150k+,FR,Hauts-de-France,Lille,Managing Director,Director or above,Executive,2,False,0.87
o.johnson@clearwater-associates.example,35-44,£50k-£100k,US,Washington,Seattle,Marketing Manager,Manager,Marketing,5,False,0.81
o.johnson@foxglove-lending.example,45-54,£50k-£100k,DE,Berlin,Berlin,Managing Director,Director or above,Executive,2,True,0.68
o.johnson@heron-finance.example,45-54,£100k-£150k,US,Texas,Austin,Founder,Director or above,Executive,3,False,0.62
o.johnson@oakridge-data.example,25-34,£25k-£50k,UK,North West,Manchester,Assistant,Individual contributor,Operations,9,False,0.8
o.johnson@vantage-tutors.example,45-54,£150k+,US,California,San Francisco,CEO,Director or above,Executive,1,True,0.81
o.jones@kingsway-transport.example,25-34,£25k-£50k,FR,Occitanie,Toulouse,Analyst,Individual contributor,Operations,0,False,0.71
o.jones@pennine-retail.example,25-34,£50k-£100k,FR,Hauts-de-France,Lille,Head of Marketing,Manager,Marketing,1,True,0.73
o.jones@stonebridge-insurance.example,35-44,£50k-£100k,UK,London,London,Head of Growth,Manager,Marketing,1,True,0.87
o.khan@emberly-systems.example,25-34,£100k-£150k,UK,London,London,Marketing Director,Director or above,Marketing,2,True,0.7
o.khan@glenmoor-fabrication.example,45-54,£50k-£100k,DE,Berlin,Berlin,Operations Manager,Manager,Operations,10,True,0.64
o.khan@northwind-market.example,55-64,£100k-£150k,FR,Ile-de-France,Paris,Director of Sales,Director or above,Sales,3,True,0.81
o.khan@oakridge-engineering.example,45-54,£25k-£50k,UK,London,London,Marketing Executive,Individual contributor,Marketing,3,False,0.69
o.khan@umber-logistics.example,18-24,under £25k,FR,Auvergne-Rhone-Alpes,Lyon,Student,Student,Student,0,False,0.96
o.khan@westbrook-insurance.example,25-34,£25k-£50k,UK,South West,Bristol,Marketing Executive,Individual contributor,Marketing,2,False,0.74
o.king@marigold-labs.example,35-44,£100k-£150k,FR,Auvergne-Rhone-Alpes,Lyon,Marketing Manager,Manager,Marketing,1,True,0.68
o.lewis@foxglove-components.example,45-54,£50k-£100k,DE,Berlin,Berlin,Director of Sales,Director or above,Sales,11,False,0.92
o.lewis@kingsway-systems.example,18-24,£25k-£50k,FR,Ile-de-France,Paris,Marketing Coordinator,Individual contributor,Marketing,4,False,0.81
o.lewis@pebble-legal.example,25-34,£100k-£150k,DE,Bavaria,Munich,Chief Revenue Officer,Director or above,Executive,4,False,0.61
o.martin@emberly-medical.example,35-44,£100k-£150k,US,California,San Francisco,Head of Marketing,Manager,Marketing,3,False,0.84
o.martin@juniper-insurance.example,25-34,£50k-£100k,UK,London,London,Operations Manager,Manager,Operations,8,False,0.66
o.martin@oakridge-pharma.example,18-24,under £25k,US,Illinois,Chicago,Student,Student,Student,0,False,0.72
o.martin@rosewood-industries.example,35-44,£50k-£100k,NL,North Brabant,Eindhoven,Sales Manager,Manager,Sales,1,True,0.92
o.martin@silverline-wealth.example,25-34,under £25k,NL,North Brabant,Eindhoven,Marketing Executive,Individual contributor,Marketing,9,False,0.75
o.miller@harbour-cloud.example,35-44,£50k-£100k,FR,Hauts-de-France,Lille,Head of Marketing,Manager,Marketing,7,False,0.63
o.miller@keystone-works.example,25-34,£150k+,US,Washington,Seattle,Head of Marketing,Manager,Marketing,0,False,0.64
o.miller@lindenwood-legal.example,25-34,£25k-£50k,UK,Yorkshire,Leeds,Marketing Executive,Individual contributor,Marketing,3,True,0.86
o.miller@quayside-systems.example,35-44,£25k-£50k,UK,West Midlands,Birmingham,Sales Manager,Manager,Sales,0,True,0.67
o.moore@westbrook-accountants.example,25-34,£100k-£150k,UK,North West,Manchester,Sales Manager,Manager,Sales,2,False,0.62
o.muller@fernhill-dental.example,35-44,£50k-£100k,DE,Berlin,Berlin,Demand Gen Manager,Manager,Marketing,2,True,0.9
o.muller@inkwell-industries.example,45-54,£100k-£150k,FR,Ile-de-France,Paris,Chief Revenue Officer,Director or above,Executive,2,True,0.75
o.murphy@dovecote-trading.example,35-44,£100k-£150k,UK,Scotland,Edinburgh,Demand Gen Manager,Manager,Marketing,1,False,0.96
o.murphy@hawthorn-industries.example,18-24,£50k-£100k,US,California,San Francisco,Student,Student,Student,0,False,0.78
o.murphy@stonebridge-medical.example,35-44,£100k-£150k,FR,Hauts-de-France,Lille,Founder,Director or above,Executive,6,True,0.64
o.murphy@tamarind-goods.example,18-24,under £25k,DE,Berlin,Berlin,Assistant,Individual contributor,Operations,1,False,0.99
o.patel@fernhill-shipping.example,25-34,£100k-£150k,FR,Hauts-de-France,Lille,Head of Growth,Manager,Marketing,8,False,0.79
o.patel@tamarind-software.example,35-44,£50k-£100k,UK,Yorkshire,Leeds,Demand Gen Manager,Manager,Marketing,5,True,0.77
o.roberts@bramble-couriers.example,45-54,£100k-£150k,NL,North Holland,Amsterdam,CEO,Director or above,Executive,2,False,0.88
o.roberts@inkwell-systems.example,35-44,£50k-£100k,US,Washington,Seattle,Analyst,Individual contributor,Operations,1,False,0.98
o.roberts@keystone-consulting.example,35-44,under £25k,UK,North West,Manchester,Marketing Coordinator,Individual contributor,Marketing,7,True,0.78
o.roberts@oldfield-insurance.example,45-54,£100k-£150k,UK,North West,Manchester,CEO,Director or above,Executive,5,True,0.97
o.roberts@willow-market.example,45-54,£25k-£50k,NL,South Holland,Rotterdam,Sales Manager,Manager,Sales,1,False,0.94
o.schmidt@alder-dental.example,25-34,£50k-£100k,UK,London,London,Head of Growth,Manager,Marketing,0,False,0.63
o.schmidt@driftwood-couriers.example,25-34,£150k+,US,California,San Francisco,Operations Manager,Manager,Operations,1,False,0.64
o.schmidt@evergreen-clinics.example,45-54,£150k+,US,Massachusetts,Boston,CEO,Director or above,Executive,1,False,0.96
o.schmidt@heron-academy.example,35-44,£150k+,US,Washington,Seattle,Marketing Director,Director or above,Marketing,2,True,0.97
o.schmidt@orchard-lending.example,55-64,£25k-£50k,FR,Occitanie,Toulouse,Demand Gen Manager,Manager,Marketing,0,True,0.98
o.schmidt@silverline-freight.example,25-34,under £25k,UK,West Midlands,Birmingham,Marketing Coordinator,Individual contributor,Marketing,3,False,0.76
o.scott@cedar-works.example,25-34,£25k-£50k,UK,Yorkshire,Leeds,Marketing Coordinator,Individual contributor,Marketing,1,False,0.89
o.scott@harbour-dental.example,35-44,£100k-£150k,US,California,San Francisco,Director of Sales,Director or above,Sales,8,True,0.94
o.scott@meridian-stores.example,25-34,£50k-£100k,NL,North Holland,Amsterdam,Demand Gen Manager,Manager,Marketing,5,False,0.86
o.scott@oldfield-clinics.example,25-34,£25k-£50k,UK,South West,Bristol,Marketing Coordinator,Individual contributor,Marketing,2,False,0.71
o.scott@pennine-industries.example,25-34,£50k-£100k,US,Washington,Seattle,Sales Rep,Individual contributor,Sales,0,False,0.63
o.scott@redwood-lending.example,35-44,£50k-£100k,US,Illinois,Chicago,Head of Growth,Manager,Marketing,2,True,0.99
o.scott@redwood-manufacturing.example,25-34,£50k-£100k,DE,Berlin,Berlin,Head of Growth,Manager,Marketing,11,True,0.62
o.smith@ashford-market.example,45-54,£50k-£100k,DE,Hesse,Frankfurt,Sales Manager,Manager,Sales,4,False,0.76
o.smith@granite-haulage.example,35-44,£50k-£100k,UK,Scotland,Edinburgh,Head of Growth,Manager,Marketing,7,True,0.92
o.taylor@clearwater-capital.example,25-34,£50k-£100k,DE,Berlin,Berlin,Head of Growth,Manager,Marketing,1,True,0.79
o.taylor@dovecote-accountants.example,25-34,£25k-£50k,US,Texas,Austin,Marketing Coordinator,Individual contributor,Marketing,2,True,0.84
o.taylor@falcon-cloud.example,25-34,£50k-£100k,US,Texas,Austin,Analyst,Individual contributor,Operations,6,False,0.65
o.taylor@highgate-digital.example,35-44,£50k-£100k,US,Illinois,Chicago,Analyst,Individual contributor,Operations,2,True,0.64
o.taylor@ironbridge-associates.example,45-54,£150k+,US,Washington,Seattle,CEO,Director or above,Executive,2,True,0.92
o.taylor@nettlefield-manufacturing.example,65+,£100k-£150k,US,Illinois,Chicago,Chief Revenue Officer,Director or above,Executive,2,True,0.8
o.taylor@yarrow-goods.example,18-24,£100k-£150k,US,New York,New York,Marketing Executive,Individual contributor,Marketing,2,False,0.85
o.taylor@zephyr-pharma.example,35-44,£100k-£150k,NL,Utrecht,Utrecht,Founder,Director or above,Executive,6,True,0.68
o.thompson@granite-systems.example,45-54,£100k-£150k,DE,Berlin,Berlin,Managing Director,Director or above,Executive,8,True,0.71
o.thompson@thornbury-academy.example,25-34,£50k-£100k,NL,South Holland,Rotterdam,Sales Manager,Manager,Sales,1,False,0.67
o.thompson@thornbury-outfitters.example,55-64,£150k+,US,Massachusetts,Boston,CEO,Director or above,Executive,0,True,0.92
o.thompson@vantage-software.example,45-54,£100k-£150k,US,Texas,Austin,Head of Growth,Manager,Marketing,2,False,0.95
o.walker@granite-goods.example,25-34,£25k-£50k,US,California,San Francisco,Head of Marketing,Manager,Marketing,4,False,0.9
o.walker@highgate-digital.example,35-44,£100k-£150k,US,Massachusetts,Boston,Head of Marketing,Manager,Marketing,5,False,0.83
o.walker@lantern-finance.example,45-54,£50k-£100k,UK,Scotland,Edinburgh,Director of Sales,Director or above,Sales,4,True,0.96
o.walker@lantern-goods.example,18-24,£50k-£100k,FR,Occitanie,Toulouse,Marketing Manager,Manager,Marketing,1,False,0.61
o.walker@larkspur-finance.example,25-34,£25k-£50k,UK,North West,Manchester,Analyst,Individual contributor,Operations,2,False,0.89
o.walker@moorland-components.example,35-44,£100k-£150k,UK,London,London,Chief Revenue Officer,Director or above,Executive,4,False,0.87
o.walker@silverline-retail.example,25-34,£100k-£150k,US,New York,New York,Assistant,Individual contributor,Operations,2,True,0.93
o.weber@ashford-software.example,18-24,under £25k,UK,South West,Bristol,Marketing Executive,Individual contributor,Marketing,1,False,0.94
o.white@dovecote-dental.example,35-44,£100k-£150k,US,New York,New York,Marketing Manager,Manager,Marketing,1,True,0.91
o.white@vantage-partners.example,45-54,£100k-£150k,US,Massachusetts,Boston,Operations Manager,Manager,Operations,2,False,0.79
o.williams@granite-lending.example,45-54,£150k+,UK,Scotland,Edinburgh,Founder,Director or above,Executive,2,True,0.79
o.williams@harbour-dental.example,25-34,£100k-£150k,US,New York,New York,Managing Director,Director or above,Executive,5,True,0.68
o.williams@oakridge-systems.example,18-24,£25k-£50k,UK,Yorkshire,Leeds,Marketing Coordinator,Individual contributor,Marketing,2,True,0.6
o.wilson@harbour-college.example,18-24,£25k-£50k,UK,South West,Bristol,Assistant,Individual contributor,Operations,7,False,0.71
o.wilson@hawthorn-academy.example,25-34,under £25k,FR,Auvergne-Rhone-Alpes,Lyon,Assistant,Individual contributor,Operations,3,False,0.65
o.wilson@tamarind-finance.example,25-34,£25k-£50k,UK,Yorkshire,Leeds,Sales Manager,Manager,Sales,8,True,0.65
o.wood@alder-goods.example,25-34,under £25k,UK,South West,Bristol,Marketing Coordinator,Individual contributor,Marketing,2,True,0.66
o.wood@driftwood-engineering.example,25-34,£50k-£100k,US,Texas,Austin,Head of Marketing,Manager,Marketing,3,False,0.72
o.wright@jasper-medical.example,35-44,£150k+,US,New York,New York,CEO,Director or above,Executive,12,True,0.72
o.young@saltmarsh-consulting.example,35-44,£50k-£100k,UK,North West,Manchester,Chief Revenue Officer,Director or above,Executive,4,False,0.97
o.young@westbrook-care.example,18-24,under £25k,US,New York,New York,Assistant,Individual contributor,Operations,1,True,0.64
oanderson115@gmail.example,25-34,£50k-£100k,FR,Hauts-de-France,Lille,Head of Marketing,Manager,Marketing,4,True,0.65
obaker317@icloud.example,35-44,£25k-£50k,UK,West Midlands,Birmingham,Chief Revenue Officer,Director or above,Executive,2,True,0.75
obaker934@outlook.example,35-44,£25k-£50k,UK,North West,Manchester,Marketing Manager,Manager,Marketing,10,True,0.84
obakker735@hotmail.example,25-34,£25k-£50k,US,Illinois,Chicago,Sales Rep,Individual contributor,Sales,4,False,0.83
obernard221@icloud.example,25-34,£50k-£100k,NL,North Brabant,Eindhoven,Marketing Manager,Manager,Marketing,3,True,0.92
obernard735@outlook.example,25-34,£150k+,UK,London,London,CEO,Director or above,Executive,10,True,0.67
obrown627@hotmail.example,18-24,under £25k,UK,South West,Bristol,Student,Student,Student,0,False,0.84
oclarke417@icloud.example,35-44,£50k-£100k,US,California,San Francisco,Operations Manager,Manager,Operations,13,False,0.79
oclarke882@icloud.example,18-24,£25k-£50k,UK,North West,Manchester,Student,Student,Student,0,False,0.7
odevries181@gmail.example,25-34,under £25k,NL,Utrecht,Utrecht,Assistant,Individual contributor,Operations,6,False,0.66
odubois553@icloud.example,45-54,£25k-£50k,UK,London,London,Sales Manager,Manager,Sales,2,True,0.9
oevans595@outlook.example,25-34,under £25k,UK,Yorkshire,Leeds,Assistant,Individual contributor,Operations,4,False,0.88
ojansen326@outlook.example,25-34,under £25k,UK,South West,Bristol,Sales Rep,Individual contributor,Sales,4,False,0.65
ojohnson494@yahoo.example,25-34,£50k-£100k,UK,London,London,Assistant,Individual contributor,Operations,1,False,0.91
okhan006@hotmail.example,18-24,under £25k,US,Illinois,Chicago,Sales Rep,Individual contributor,Sales,6,False,0.94
okhan346@hotmail.example,35-44,£50k-£100k,UK,London,London,Founder,Director or above,Executive,1,True,0.96
okhan479@icloud.example,18-24,under £25k,US,Illinois,Chicago,Student,Student,Student,0,True,0.96
olewis189@gmail.example,35-44,£50k-£100k,FR,Ile-de-France,Paris,Operations Manager,Manager,Operations,1,True,0.78
oliver.anderson@falcon-lending.example,35-44,£25k-£50k,US,Texas,Austin,Sales Manager,Manager,Sales,5,True,0.77
oliver.anderson@nimbus-accountants.example,25-34,£50k-£100k,NL,North Holland,Amsterdam,Head of Growth,Manager,Marketing,2,False,0.62
oliver.bakker@bluebell-tutors.example,25-34,£150k+,NL,North Holland,Amsterdam,Director of Sales,Director or above,Sales,1,True,0.9
oliver.bakker@gmail.example,45-54,£50k-£100k,FR,Ile-de-France,Paris,Chief Revenue Officer,Director or above,Executive,4,True,0.73
oliver.bakker@icloud.example,25-34,£50k-£100k,FR,Occitanie,Toulouse,Demand Gen Manager,Manager,Marketing,3,False,0.87
oliver.bakker@pinecrest-legal.example,25-34,£50k-£100k,UK,North West,Manchester,Head of Marketing,Manager,Marketing,2,True,0.87
oliver.bernard@granite-care.example,45-54,£100k-£150k,FR,Auvergne-Rhone-Alpes,Lyon,Managing Director,Director or above,Executive,2,False,0.66
oliver.brown@highgate-haulage.example,25-34,£100k-£150k,FR,Hauts-de-France,Lille,Director of Sales,Director or above,Sales,4,False,0.81
oliver.brown@yahoo.example,18-24,under £25k,FR,Hauts-de-France,Lille,Student,Student,Student,0,False,0.94
oliver.clarke@hawthorn-cloud.example,55-64,£150k+,US,New York,New York,VP Marketing,Director or above,Marketing,4,True,0.76
oliver.clarke@oakridge-accountants.example,25-34,£25k-£50k,FR,Hauts-de-France,Lille,Marketing Coordinator,Individual contributor,Marketing,2,True,0.96
oliver.clarke@yahoo.example,25-34,under £25k,US,Massachusetts,Boston,Marketing Executive,Individual contributor,Marketing,0,False,0.71
oliver.davies@hotmail.example,25-34,£25k-£50k,UK,South West,Bristol,Marketing Manager,Manager,Marketing,2,False,0.9
oliver.devries@granite-dental.example,25-34,£100k-£150k,FR,Auvergne-Rhone-Alpes,Lyon,Founder,Director or above,Executive,2,True,0.71
oliver.devries@pebble-legal.example,45-54,£25k-£50k,DE,Hamburg,Hamburg,Assistant,Individual contributor,Operations,3,False,0.98
oliver.dubois@brightwater-works.example,25-34,£25k-£50k,FR,Hauts-de-France,Lille,Marketing Executive,Individual contributor,Marketing,15,True,0.95
oliver.dubois@icloud.example,55-64,£100k-£150k,US,California,San Francisco,Marketing Director,Director or above,Marketing,3,True,0.6
oliver.dubois@willow-care.example,18-24,£100k-£150k,US,Washington,Seattle,Analyst,Individual contributor,Operations,1,False,0.8
oliver.garcia@keystone-data.example,35-44,£25k-£50k,UK,North West,Manchester,Operations Manager,Manager,Operations,2,True,0.98
oliver.hall@glenmoor-digital.example,35-44,£100k-£150k,US,New York,New York,Sales Manager,Manager,Sales,1,True,0.72
oliver.johnson@highgate-consulting.example,25-34,£100k-£150k,US,Illinois,Chicago,Operations Manager,Manager,Operations,2,True,0.6
oliver.jones@aurora-couriers.example,18-24,£25k-£50k,UK,London,London,Marketing Executive,Individual contributor,Marketing,1,True,0.67
oliver.jones@zephyr-cloud.example,18-24,£25k-£50k,DE,Bavaria,Munich,Analyst,Individual contributor,Operations,2,True,0.96
oliver.khan@beacon-wealth.example,18-24,under £25k,FR,Ile-de-France,Paris,Assistant,Individual contributor,Operations,2,True,0.71
oliver.khan@juniper-accountants.example,25-34,£50k-£100k,UK,Scotland,Edinburgh,VP Marketing,Director or above,Marketing,1,True,0.91
oliver.king@harbour-trading.example,35-44,£25k-£50k,DE,Hesse,Frankfurt,Assistant,Individual contributor,Operations,1,False,0.78
oliver.king@kestrel-components.example,45-54,£150k+,US,Texas,Austin,Chief Revenue Officer,Director or above,Executive,2,True,0.88
oliver.king@orchard-pharma.example,18-24,under £25k,US,New York,New York,Student,Student,Student,0,False,0.67
oliver.king@yahoo.example,45-54,£50k-£100k,UK,North West,Manchester,Demand Gen Manager,Manager,Marketing,5,True,0.88
oliver.moore@driftwood-engineering.example,35-44,£50k-£100k,US,Massachusetts,Boston,Marketing Manager,Manager,Marketing,8,True,0.84
oliver.moore@icloud.example,25-34,£100k-£150k,UK,Scotland,Edinburgh,Demand Gen Manager,Manager,Marketing,2,False,0.75
oliver.murphy@gmail.example,35-44,£25k-£50k,US,Texas,Austin,Demand Gen Manager,Manager,Marketing,1,True,0.9
oliver.patel@westbrook-haulage.example,18-24,£25k-£50k,UK,Scotland,Edinburgh,Analyst,Individual contributor,Operations,4,False,0.62
oliver.roberts@gmail.example,35-44,£25k-£50k,UK,North West,Manchester,Sales Manager,Manager,Sales,1,True,0.69
oliver.schmidt@westbrook-logistics.example,35-44,£50k-£100k,FR,Occitanie,Toulouse,Head of Growth,Manager,Marketing,6,True,0.79
oliver.schmidt@zephyr-stores.example,45-54,£150k+,US,Washington,Seattle,Managing Director,Director or above,Executive,7,True,0.92
oliver.scott@emberly-stores.example,25-34,£50k-£100k,UK,West Midlands,Birmingham,Marketing Manager,Manager,Marketing,0,False,0.95
oliver.scott@hotmail.example,18-24,£25k-£50k,UK,South West,Bristol,Assistant,Individual contributor,Operations,4,True,0.82
oliver.scott@yahoo.example,35-44,£25k-£50k,UK,North West,Manchester,Head of Marketing,Manager,Marketing,2,True,0.81
oliver.smith@kingsway-dental.example,25-34,under £25k,UK,South West,Bristol,Assistant,Individual contributor,Operations,3,False,0.62
oliver.taylor@jasper-data.example,45-54,£50k-£100k,UK,North West,Manchester,Operations Manager,Manager,Operations,4,True,0.92
oliver.thompson@dunmore-market.example,25-34,£25k-£50k,FR,Auvergne-Rhone-Alpes,Lyon,Assistant,Individual contributor,Operations,8,False,0.96
oliver.thompson@hawthorn-associates.example,25-34,£100k-£150k,US,California,San Francisco,Marketing Manager,Manager,Marketing,10,True,0.69
oliver.thompson@upland-education.example,18-24,£50k-£100k,UK,South West,Bristol,Marketing Coordinator,Individual contributor,Marketing,3,True,0.95
oliver.walker19@outlook.example,18-24,£25k-£50k,UK,North West,Manchester,Student,Student,Student,0,False,0.75
oliver.walker@dunmore-market.example,45-54,£50k-£100k,FR,Occitanie,Toulouse,Sales Manager,Manager,Sales,1,False,0.67
oliver.walker@harbour-goods.example,25-34,£25k-£50k,UK,West Midlands,Birmingham,Marketing Executive,Individual contributor,Marketing,1,False,0.69
oliver.walker@ironbridge-consulting.example,25-34,£150k+,FR,Hauts-de-France,Lille,Managing Director,Director or above,Executive,5,True,0.63
oliver.weber80@yahoo.example,45-54,£150k+,US,Illinois,Chicago,CEO,Director or above,Executive,3,True,0.96
oliver.weber@yahoo.example,25-34,under £25k,UK,Scotland,Edinburgh,Student,Student,Student,0,False,0.63
oliver.williams@silverline-stores.example,25-34,£50k-£100k,US,California,San Francisco,Marketing Executive,Individual contributor,Marketing,2,True,0.85
oliver.wilson@clearwater-shipping.example,55-64,£50k-£100k,UK,North West,Manchester,Head of Marketing,Manager,Marketing,3,True,0.75
oliver.wilson@evergreen-learning.example,55-64,£50k-£100k,FR,Hauts-de-France,Lille,Sales Manager,Manager,Sales,3,False,0.75
oliver.wilson@hawthorn-recruitment.example,55-64,£100k-£150k,DE,Hesse,Frankfurt,Founder,Director or above,Executive,1,True,0.68
oliver.wilson@westbrook-tutors.example,25-34,£100k-£150k,UK,Scotland,Edinburgh,Head of Growth,Manager,Marketing,3,False,0.91
oliver.young@yarrow-manufacturing.example,65+,£100k-£150k,UK,West Midlands,Birmingham,Director of Sales,Director or above,Sales,0,True,0.91
oliver00@upland-engineering.example,25-34,£50k-£100k,UK,Scotland,Edinburgh,Marketing Manager,Manager,Marketing,5,True,0.66
oliver@alder-dental.example,65+,£100k-£150k,UK,South West,Bristol,Marketing Director,Director or above,Marketing,2,False,0.94
oliver@alder-labs.example,45-54,£100k-£150k,UK,Scotland,Edinburgh,Head of Marketing,Manager,Marketing,1,False,0.93
oliver@aurora-advisory.example,25-34,£25k-£50k,UK,West Midlands,Birmingham,Operations Manager,Manager,Operations,3,False,0.76
oliver@beacon-components.example,25-34,£25k-£50k,NL,North Brabant,Eindhoven,Sales Manager,Manager,Sales,5,False,0.67
oliver@bluebell-labs.example,25-34,£50k-£100k,NL,North Brabant,Eindhoven,Marketing Coordinator,Individual contributor,Marketing,4,False,0.87
oliver@bluebell-transport.example,55-64,£25k-£50k,NL,South Holland,Rotterdam,Head of Growth,Manager,Marketing,2,False,0.91
oliver@clearwater-clinics.example,45-54,£100k-£150k,UK,North West,Manchester,Founder,Director or above,Executive,1,True,0.85
oliver@clearwater-college.example,35-44,£100k-£150k,UK,Yorkshire,Leeds,Chief Revenue Officer,Director or above,Executive,1,True,0.65
oliver@dovecote-capital.example,35-44,£50k-£100k,NL,Utrecht,Utrecht,Head of Marketing,Manager,Marketing,2,True,0.61
oliver@driftwood-learning.example,35-44,£100k-£150k,US,Washington,Seattle,Marketing Director,Director or above,Marketing,3,True,0.99
oliver@falcon-software.example,35-44,£150k+,US,Washington,Seattle,Operations Manager,Manager,Operations,2,False,0.92
oliver@foxglove-stores.example,45-54,£50k-£100k,US,Massachusetts,Boston,Marketing Coordinator,Individual contributor,Marketing,2,True,0.65
oliver@granite-wealth.example,35-44,£50k-£100k,FR,Ile-de-France,Paris,Demand Gen Manager,Manager,Marketing,1,True,0.92
oliver@heron-tutors.example,45-54,£100k-£150k,UK,Yorkshire,Leeds,Marketing Director,Director or above,Marketing,6,False,0.83
oliver@highgate-recruitment.example,18-24,under £25k,UK,Yorkshire,Leeds,Student,Student,Student,0,False,0.76
oliver@inkwell-market.example,25-34,£50k-£100k,NL,South Holland,Rotterdam,Sales Rep,Individual contributor,Sales,2,False,0.6
oliver@inkwell-systems.example,45-54,£100k-£150k,US,Texas,Austin,Founder,Director or above,Executive,2,True,0.91
oliver@ironbridge-pharma.example,35-44,£50k-£100k,FR,Auvergne-Rhone-Alpes,Lyon,Head of Growth,Manager,Marketing,1,False,0.83
oliver@jasper-training.example,45-54,£50k-£100k,NL,Utrecht,Utrecht,Demand Gen Manager,Manager,Marketing,1,False,0.78
oliver@juniper-cloud.example,25-34,£100k-£150k,NL,North Brabant,Eindhoven,Demand Gen Manager,Manager,Marketing,2,False,0.78
oliver@kelvin-components.example,45-54,£25k-£50k,US,New York,New York,Demand Gen Manager,Manager,Marketing,1,False,0.74
oliver@lantern-advisory.example,25-34,£50k-£100k,DE,Bavaria,Munich,Marketing Manager,Manager,Marketing,1,True,0.75
oliver@marigold-stores.example,25-34,£25k-£50k,UK,Scotland,Edinburgh,Marketing Coordinator,Individual contributor,Marketing,4,False,0.88
oliver@meridian-learning.example,25-34,£50k-£100k,UK,North West,Manchester,Assistant,Individual contributor,Operations,3,False,0.65
oliver@nettlefield-manufacturing.example,18-24,£25k-£50k,US,Washington,Seattle,Analyst,Individual contributor,Operations,1,True,0.89
oliver@nettlefield-pharma.example,25-34,£25k-£50k,UK,North West,Manchester,Marketing Executive,Individual contributor,Marketing,2,False,0.8
oliver@oakridge-data.example,35-44,under £25k,UK,Scotland,Edinburgh,Sales Rep,Individual contributor,Sales,2,False,0.64
oliver@orchard-clinics.example,25-34,£100k-£150k,US,Illinois,Chicago,Demand Gen Manager,Manager,Marketing,6,False,0.6
oliver@pennine-components.example,25-34,£25k-£50k,UK,West Midlands,Birmingham,Assistant,Individual contributor,Operations,1,True,0.9
oliver@redwood-stores.example,25-34,£100k-£150k,FR,Ile-de-France,Paris,VP Marketing,Director or above,Marketing,3,False,0.85
oliver@tamarind-health.example,55-64,£50k-£100k,US,Washington,Seattle,Sales Manager,Manager,Sales,5,True,0.9
oliver@umber-industries.example,35-44,£100k-£150k,US,Texas,Austin,Founder,Director or above,Executive,1,False,0.78
oliver@upland-engineering.example,45-54,£50k-£100k,UK,Scotland,Edinburgh,Sales Manager,Manager,Sales,1,True,0.73
oliver@vantage-care.example,35-44,£100k-£150k,UK,South West,Bristol,Founder,Director or above,Executive,4,True,0.76
oliver@willow-clinics.example,45-54,£50k-£100k,UK,Scotland,Edinburgh,Demand Gen Manager,Manager,Marketing,3,True,0.84
oliver@zephyr-haulage.example,18-24,£25k-£50k,US,Washington,Seattle,Analyst,Individual contributor,Operations,5,False,0.89
oliverbaker57@icloud.example,45-54,£100k-£150k,US,California,San Francisco,Marketing Director,Director or above,Marketing,2,True,0.82
oliverbakker09@gmail.example,55-64,£100k-£150k,UK,North West,Manchester,Managing Director,Director or above,Executive,1,True,0.83
oliverdevries49@gmail.example,18-24,under £25k,DE,Hamburg,Hamburg,Student,Student,Student,0,False,0.98
oliverevans31@hotmail.example,18-24,under £25k,FR,Occitanie,Toulouse,Student,Student,Student,0,False,0.76
oliverhall25@gmail.example,35-44,£50k-£100k,FR,Occitanie,Toulouse,Sales Manager,Manager,Sales,5,True,0.8
oliverhall48@yahoo.example,18-24,under £25k,FR,Occitanie,Toulouse,Student,Student,Student,0,False,0.82
oliverhall74@gmail.example,35-44,£100k-£150k,NL,North Brabant,Eindhoven,Managing Director,Director or above,Executive,3,False,0.77
oliverkhan48@gmail.example,25-34,£50k-£100k,UK,Yorkshire,Leeds,Marketing Executive,Individual contributor,Marketing,2,False,0.99
olivertaylor28@gmail.example,45-54,£25k-£50k,UK,London,London,Assistant,Individual contributor,Operations,2,True,0.79
oliverwilson77@hotmail.example,45-54,£50k-£100k,NL,North Brabant,Eindhoven,Operations Manager,Manager,Operations,0,True,0.88
olivia.anderson@bramble-goods.example,45-54,£50k-£100k,US,Massachusetts,Boston,Marketing Director,Director or above,Marketing,0,True,0.65
olivia.anderson@stonebridge-outfitters.example,35-44,£100k-£150k,NL,North Brabant,Eindhoven,Marketing Manager,Manager,Marketing,6,False,0.82
olivia.bernard@kingsway-freight.example,35-44,£100k-£150k,US,Washington,Seattle,Assistant,Individual contributor,Operations,1,True,0.67
olivia.bernard@lindenwood-couriers.example,35-44,£50k-£100k,DE,Hamburg,Hamburg,Head of Marketing,Manager,Marketing,5,True,0.74
olivia.brown@jasper-engineering.example,45-54,£100k-£150k,UK,London,London,Head of Marketing,Manager,Marketing,1,True,0.95
olivia.clarke@nettlefield-systems.example,35-44,£50k-£100k,UK,London,London,Operations Manager,Manager,Operations,3,False,0.62
olivia.clarke@quartz-academy.example,25-34,£25k-£50k,DE,Berlin,Berlin,Marketing Executive,Individual contributor,Marketing,1,True,0.78
olivia.davies@falcon-systems.example,35-44,£25k-£50k,UK,North West,Manchester,Marketing Manager,Manager,Marketing,1,True,0.94
olivia.davies@moorland-consulting.example,55-64,£150k+,FR,Auvergne-Rhone-Alpes,Lyon,Marketing Director,Director or above,Marketing,6,True,0.89
olivia.devries@dunmore-trading.example,45-54,£100k-£150k,UK,South West,Bristol,Marketing Manager,Manager,Marketing,1,False,0.87
olivia.devries@outlook.example,25-34,£25k-£50k,UK,West Midlands,Birmingham,Marketing Coordinator,Individual contributor,Marketing,1,False,0.86
olivia.dubois@heron-finance.example,18-24,£25k-£50k,US,Massachusetts,Boston,Assistant,Individual contributor,Operations,5,True,0.63
olivia.garcia@westbrook-education.example,35-44,£100k-£150k,NL,Utrecht,Utrecht,Director of Sales,Director or above,Sales,4,True,0.72
olivia.green@pennine-pharma.example,25-34,£100k-£150k,US,Texas,Austin,Operations Manager,Manager,Operations,2,True,0.82
olivia.hall@juniper-health.example,25-34,£50k-£100k,UK,South West,Bristol,Marketing Manager,Manager,Marketing,3,False,0.63
olivia.hughes@larkspur-haulage.example,25-34,£50k-£100k,DE,Hesse,Frankfurt,Marketing Coordinator,Individual contributor,Marketing,2,False,0.89
olivia.jansen@zephyr-retail.example,35-44,£100k-£150k,US,New York,New York,Head of Marketing,Manager,Marketing,7,False,0.83
olivia.jones@harbour-software.example,25-34,£50k-£100k,US,New York,New York,Sales Manager,Manager,Sales,2,True,0.96
olivia.jones@quartz-health.example,25-34,£50k-£100k,NL,North Holland,Amsterdam,Demand Gen Manager,Manager,Marketing,1,True,0.65
olivia.jones@quayside-insurance.example,35-44,£100k-£150k,US,Texas,Austin,Chief Revenue Officer,Director or above,Executive,1,True,0.75
olivia.king@lantern-advisory.example,25-34,£25k-£50k,DE,Hesse,Frankfurt,Marketing Executive,Individual contributor,Marketing,1,False,0.8
olivia.king@thornbury-systems.example,45-54,£25k-£50k,US,Illinois,Chicago,Head of Growth,Manager,Marketing,3,False,0.87
olivia.martin@tamarind-academy.example,45-54,£25k-£50k,US,Massachusetts,Boston,Head of Marketing,Manager,Marketing,1,True,0.92
olivia.moore@icloud.example,25-34,£100k-£150k,UK,North West,Manchester,Demand Gen Manager,Manager,Marketing,5,True,0.77
olivia.moore@vantage-advisory.example,45-54,£100k-£150k,FR,Occitanie,Toulouse,Head of Marketing,Manager,Marketing,3,False,0.92
olivia.murphy@evergreen-industries.example,55-64,£150k+,US,California,San Francisco,Marketing Director,Director or above,Marketing,1,True,0.84
olivia.murphy@orchard-lending.example,55-64,£100k-£150k,FR,Auvergne-Rhone-Alpes,Lyon,CEO,Director or above,Executive,4,True,0.98
olivia.patel@hotmail.example,35-44,£25k-£50k,DE,Berlin,Berlin,Assistant,Individual contributor,Operations,2,True,0.7
olivia.patel@nimbus-lending.example,45-54,£150k+,DE,Bavaria,Munich,Director of Sales,Director or above,Sales,2,True,0.79
olivia.patel@orchard-capital.example,35-44,£100k-£150k,DE,Berlin,Berlin,Operations Manager,Manager,Operations,7,True,0.95
olivia.roberts@redwood-college.example,25-34,£25k-£50k,US,Texas,Austin,Sales Rep,Individual contributor,Sales,5,False,0.83
olivia.schmidt@yahoo.example,25-34,£25k-£50k,DE,Hamburg,Hamburg,Head of Growth,Manager,Marketing,5,False,0.99
olivia.scott@umber-industries.example,45-54,£150k+,US,Washington,Seattle,CEO,Director or above,Executive,1,True,0.74
olivia.smith@heron-consulting.example,25-34,£50k-£100k,US,California,San Francisco,Sales Manager,Manager,Sales,1,False,0.73
olivia.smith@yarrow-lending.example,25-34,£25k-£50k,UK,Yorkshire,Leeds,Sales Rep,Individual contributor,Sales,1,True,0.7
olivia.taylor@falcon-wealth.example,25-34,£25k-£50k,FR,Ile-de-France,Paris,Marketing Executive,Individual contributor,Marketing,5,True,0.7
olivia.taylor@tidewater-training.example,45-54,£50k-£100k,US,Illinois,Chicago,Demand Gen Manager,Manager,Marketing,5,True,0.88
olivia.walker@cedar-goods.example,45-54,£150k+,US,Massachusetts,Boston,Marketing Director,Director or above,Marketing,3,True,0.96
olivia.walker@outlook.example,25-34,under £25k,UK,West Midlands,Birmingham,Marketing Executive,Individual contributor,Marketing,2,False,0.93
olivia.weber@larkspur-haulage.example,35-44,£25k-£50k,DE,Bavaria,Munich,Head of Marketing,Manager,Marketing,3,True,0.79
olivia.white@zephyr-engineering.example,25-34,£100k-£150k,US,Massachusetts,Boston,Analyst,Individual contributor,Operations,15,False,0.98
olivia.wilson@hotmail.example,25-34,£25k-£50k,NL,South Holland,Rotterdam,Analyst,Individual contributor,Operations,4,True,0.62
olivia.wilson@keystone-cloud.example,25-34,£25k-£50k,NL,North Brabant,Eindhoven,Head of Marketing,Manager,Marketing,1,True,0.6
olivia.wood@gmail.example,45-54,£100k-£150k,US,Texas,Austin,Managing Director,Director or above,Executive,3,True,0.86
olivia.wood@larkspur-components.example,25-34,£25k-£50k,DE,Bavaria,Munich,Sales Rep,Individual contributor,Sales,0,True,0.61
olivia.wright@ironbridge-stores.example,25-34,£25k-£50k,US,California,San Francisco,Marketing Coordinator,Individual contributor,Marketing,2,False,0.63
olivia.wright@jasper-wealth.example,25-34,£100k-£150k,US,California,San Francisco,Head of Growth,Manager,Marketing,3,True,0.96
olivia.wright@kestrel-insurance.example,25-34,£50k-£100k,FR,Ile-de-France,Paris,Analyst,Individual contributor,Operations,1,True,0.62
olivia.wright@valley-advisory.example,25-34,under £25k,NL,North Holland,Amsterdam,Marketing Executive,Individual contributor,Marketing,2,False,0.8
olivia75@kelvin-labs.example,45-54,£100k-£150k,UK,London,London,Marketing Director,Director or above,Marketing,1,True,0.93
olivia81@cedar-works.example,35-44,£100k-£150k,UK,North West,Manchester,Founder,Director or above,Executive,2,True,0.89
olivia@ashford-dental.example,25-34,£100k-£150k,US,Illinois,Chicago,Marketing Manager,Manager,Marketing,1,True,0.61
olivia@aurora-academy.example,25-34,£25k-£50k,US,Texas,Austin,Sales Rep,Individual contributor,Sales,5,True,0.68
olivia@aurora-engineering.example,35-44,£50k-£100k,FR,Occitanie,Toulouse,Operations Manager,Manager,Operations,2,True,0.81
olivia@beacon-manufacturing.example,25-34,£100k-£150k,US,California,San Francisco,Marketing Coordinator,Individual contributor,Marketing,1,False,0.93
olivia@bluebell-accountants.example,45-54,£25k-£50k,FR,Occitanie,Toulouse,Head of Marketing,Manager,Marketing,1,False,0.85
olivia@bluebell-care.example,35-44,£50k-£100k,UK,Yorkshire,Leeds,Head of Growth,Manager,Marketing,2,True,0.72
olivia@bluebell-legal.example,25-34,£150k+,US,California,San Francisco,Head of Marketing,Manager,Marketing,0,True,0.85
olivia@bramble-training.example,25-34,£25k-£50k,US,Illinois,Chicago,Analyst,Individual contributor,Operations,2,False,0.8
olivia@cedar-dental.example,25-34,£50k-£100k,UK,South West,Bristol,Head of Growth,Manager,Marketing,1,False,0.91
olivia@cedar-works.example,45-54,£100k-£150k,UK,Yorkshire,Leeds,CEO,Director or above,Executive,2,True,0.82
olivia@cobalt-trading.example,25-34,£25k-£50k,UK,West Midlands,Birmingham,Operations Manager,Manager,Operations,11,False,0.93
olivia@elmstead-training.example,18-24,£25k-£50k,UK,Scotland,Edinburgh,Marketing Coordinator,Individual contributor,Marketing,4,False,0.84
olivia@emberly-digital.example,35-44,£50k-£100k,UK,Yorkshire,Leeds,Operations Manager,Manager,Operations,3,True,0.84
olivia@evergreen-stores.example,25-34,under £25k,UK,London,London,Sales Rep,Individual contributor,Sales,3,False,0.92
olivia@glenmoor-couriers.example,25-34,£25k-£50k,NL,Utrecht,Utrecht,Assistant,Individual contributor,Operations,0,True,0.88
olivia@harbour-data.example,25-34,£25k-£50k,UK,London,London,Head of Growth,Manager,Marketing,5,False,0.81
olivia@heron-recruitment.example,35-44,£25k-£50k,US,New York,New York,Marketing Manager,Manager,Marketing,1,True,0.73
olivia@highgate-haulage.example,25-34,£25k-£50k,FR,Auvergne-Rhone-Alpes,Lyon,Marketing Manager,Manager,Marketing,1,True,0.89
olivia@ironbridge-education.example,45-54,£25k-£50k,UK,North West,Manchester,Demand Gen Manager,Manager,Marketing,1,False,0.78
olivia@ironbridge-finance.example,35-44,£100k-£150k,US,Washington,Seattle,Founder,Director or above,Executive,4,False,0.73
olivia@juniper-health.example,35-44,£50k-£100k,UK,South West,Bristol,Sales Manager,Manager,Sales,3,True,0.62
olivia@kestrel-fabrication.example,25-34,under £25k,US,Massachusetts,Boston,Assistant,Individual contributor,Operations,2,False,0.87
olivia@kingsway-care.example,35-44,£100k-£150k,US,Texas,Austin,Sales Manager,Manager,Sales,2,True,0.7
olivia@larkspur-works.example,35-44,£150k+,US,Texas,Austin,Marketing Director,Director or above,Marketing,1,False,0.66
olivia@moorland-works.example,35-44,£100k-£150k,US,Illinois,Chicago,Operations Manager,Manager,Operations,6,False,0.95
olivia@nettlefield-dental.example,25-34,£50k-£100k,UK,South West,Bristol,Head of Marketing,Manager,Marketing,3,False,0.9
olivia@nimbus-labs.example,18-24,£25k-£50k,NL,Utrecht,Utrecht,Marketing Executive,Individual contributor,Marketing,3,False,0.78
olivia@oakridge-accountants.example,35-44,£100k-£150k,FR,Ile-de-France,Paris,Chief Revenue Officer,Director or above,Executive,3,True,0.88
olivia@oakridge-data.example,45-54,£50k-£100k,UK,Yorkshire,Leeds,Head of Growth,Manager,Marketing,1,False,0.62
olivia@oakridge-partners.example,25-34,under £25k,UK,London,London,Marketing Executive,Individual contributor,Marketing,3,False,0.6
olivia@pebble-cloud.example,25-34,under £25k,FR,Hauts-de-France,Lille,Sales Rep,Individual contributor,Sales,5,False,0.82
olivia@quartz-legal.example,45-54,£150k+,DE,Bavaria,Munich,Managing Director,Director or above,Executive,7,True,0.88
olivia@quartz-pharma.example,55-64,£100k-£150k,NL,North Holland,Amsterdam,VP Marketing,Director or above,Marketing,0,False,0.7
olivia@redwood-market.example,35-44,£50k-£100k,NL,North Brabant,Eindhoven,Demand Gen Manager,Manager,Marketing,5,True,0.9
olivia@rosewood-accountants.example,35-44,£25k-£50k,DE,Hesse,Frankfurt,Demand Gen Manager,Manager,Marketing,1,True,0.91
olivia@saltmarsh-consulting.example,18-24,under £25k,UK,Scotland,Edinburgh,Sales Rep,Individual contributor,Sales,3,False,0.71
olivia@saltmarsh-outfitters.example,25-34,under £25k,UK,South West,Bristol,Assistant,Individual contributor,Operations,9,False,0.61
olivia@stonebridge-insurance.example,25-34,under £25k,UK,Scotland,Edinburgh,Assistant,Individual contributor,Operations,0,False,0.64
olivia@thornbury-dental.example,35-44,£150k+,US,Texas,Austin,Marketing Director,Director or above,Marketing,2,True,0.86
olivia@thornbury-fabrication.example,45-54,£50k-£100k,UK,West Midlands,Birmingham,Demand Gen Manager,Manager,Marketing,1,True,0.9
olivia@willow-logistics.example,45-54,£150k+,NL,North Brabant,Eindhoven,Chief Revenue Officer,Director or above,Executive,3,True,0.86
olivia@zephyr-wealth.example,35-44,£100k-£150k,US,New York,New York,Analyst,Individual contributor,Operations,2,False,0.8
oliviabakker25@hotmail.example,45-54,£50k-£100k,US,Texas,Austin,Operations Manager,Manager,Operations,0,False,0.67
oliviadevries63@icloud.example,55-64,£50k-£100k,US,Illinois,Chicago,Founder,Director or above,Executive,2,True,0.79
oliviaevans78@icloud.example,25-34,£25k-£50k,NL,North Brabant,Eindhoven,Marketing Executive,Individual contributor,Marketing,5,True,0.86
oliviajones48@outlook.example,25-34,under £25k,UK,South West,Bristol,Assistant,Individual contributor,Operations,5,False,0.63
oliviaking80@icloud.example,45-54,£25k-£50k,UK,Scotland,Edinburgh,Head of Growth,Manager,Marketing,3,False,0.79
oliviamiller85@outlook.example,25-34,under £25k,UK,London,London,Marketing Coordinator,Individual contributor,Marketing,1,False,0.6
oliviapatel71@icloud.example,18-24,under £25k,UK,West Midlands,Birmingham,Student,Student,Student,0,False,0.75
oliviaschmidt05@icloud.example,25-34,£25k-£50k,FR,Occitanie,Toulouse,Head of Growth,Manager,Marketing,5,False,0.79
oliviaschmidt13@icloud.example,25-34,£25k-£50k,FR,Occitanie,Toulouse,Head of Growth,Manager,Marketing,5,True,0.74
oliviascott30@outlook.example,18-24,£25k-£50k,DE,Hesse,Frankfurt,Analyst,Individual contributor,Operations,4,False,0.78
oliviascott34@yahoo.example,25-34,£25k-£50k,NL,North Holland,Amsterdam,Marketing Manager,Manager,Marketing,1,False,0.76
oliviawalker00@outlook.example,25-34,£50k-£100k,UK,Yorkshire,Leeds,Head of Marketing,Manager,Marketing,3,False,0.76
oliviaweber81@outlook.example,25-34,£25k-£50k,FR,Occitanie,Toulouse,Marketing Coordinator,Individual contributor,Marketing,2,True,0.88
omar.anderson@ashford-health.example,55-64,£150k+,US,Illinois,Chicago,Chief Revenue Officer,Director or above,Executive,3,False,0.84
omar.anderson@orchard-academy.example,18-24,under £25k,NL,South Holland,Rotterdam,Marketing Executive,Individual contributor,Marketing,2,False,0.63
omar.anderson@stonebridge-insurance.example,25-34,£25k-£50k,UK,Yorkshire,Leeds,Sales Rep,Individual contributor,Sales,1,True,0.93
omar.baker@lantern-industries.example,35-44,£50k-£100k,FR,Auvergne-Rhone-Alpes,Lyon,Head of Growth,Manager,Marketing,1,True,0.7
omar.bakker@clearwater-clinics.example,35-44,£100k-£150k,UK,Scotland,Edinburgh,VP Marketing,Director or above,Marketing,20,True,0.65
omar.bernard@stonebridge-transport.example,25-34,£100k-£150k,DE,Hamburg,Hamburg,Operations Manager,Manager,Operations,3,False,0.96
omar.clarke@icloud.example,18-24,£100k-£150k,US,New York,New York,Assistant,Individual contributor,Operations,1,False,0.84
omar.clarke@westbrook-cloud.example,45-54,£50k-£100k,UK,West Midlands,Birmingham,Operations Manager,Manager,Operations,6,True,0.71
omar.davies@dovecote-lending.example,25-34,£50k-£100k,NL,South Holland,Rotterdam,Operations Manager,Manager,Operations,2,False,0.98
omar.garcia@dovecote-goods.example,35-44,£50k-£100k,UK,West Midlands,Birmingham,Head of Growth,Manager,Marketing,4,True,0.76
omar.garcia@norfolk-academy.example,35-44,£100k-£150k,NL,North Brabant,Eindhoven,Founder,Director or above,Executive,0,True,0.64
omar.green@icloud.example,25-34,£25k-£50k,US,California,San Francisco,Assistant,Individual contributor,Operations,10,True,0.88
omar.green@yahoo.example,35-44,£100k-£150k,FR,Hauts-de-France,Lille,VP Marketing,Director or above,Marketing,1,True,0.98
omar.hall@juniper-training.example,45-54,£150k+,NL,North Holland,Amsterdam,Founder,Director or above,Executive,7,False,0.67
omar.hughes@outlook.example,45-54,£100k-£150k,NL,North Holland,Amsterdam,Marketing Manager,Manager,Marketing,4,False,0.84
omar.hughes@upland-market.example,25-34,£50k-£100k,UK,Scotland,Edinburgh,Marketing Manager,Manager,Marketing,2,True,0.76
omar.jansen@saltmarsh-tutors.example,45-54,£25k-£50k,NL,North Brabant,Eindhoven,Analyst,Individual contributor,Operations,1,True,0.61
omar.khan@emberly-freight.example,18-24,under £25k,UK,South West,Bristol,Analyst,Individual contributor,Operations,8,True,0.7
omar.khan@greystone-industries.example,55-64,£100k-£150k,UK,Scotland,Edinburgh,Director of Sales,Director or above,Sales,1,True,0.66
omar.khan@outlook.example,18-24,under £25k,UK,South West,Bristol,Student,Student,Student,0,False,0.67
omar.king@gmail.example,35-44,£100k-£150k,UK,Yorkshire,Leeds,Sales Manager,Manager,Sales,4,True,0.86
omar.king@yarrow-labs.example,25-34,£25k-£50k,US,Washington,Seattle,Assistant,Individual contributor,Operations,1,False,0.81
omar.lewis@nimbus-training.example,25-34,£150k+,US,California,San Francisco,Founder,Director or above,Executive,11,True,0.83
omar.patel@pennine-engineering.example,35-44,£50k-£100k,UK,London,London,Demand Gen Manager,Manager,Marketing,1,False,0.65
omar.roberts@tidewater-cloud.example,35-44,£100k-£150k,NL,North Brabant,Eindhoven,Marketing Director,Director or above,Marketing,1,True,0.93
omar.smith@ashford-accountants.example,35-44,£50k-£100k,UK,London,London,Head of Growth,Manager,Marketing,6,True,0.89
omar.smith@nimbus-digital.example,18-24,under £25k,US,Texas,Austin,Assistant,Individual contributor,Operations,1,True,0.84
omar.smith@vantage-components.example,35-44,£100k-£150k,DE,Hamburg,Hamburg,Sales Manager,Manager,Sales,1,False,0.88
omar.taylor51@icloud.example,25-34,£50k-£100k,US,Illinois,Chicago,Marketing Executive,Individual contributor,Marketing,4,False,0.86
omar.taylor@outlook.example,18-24,£25k-£50k,NL,North Brabant,Eindhoven,Sales Rep,Individual contributor,Sales,1,False,0.85
omar.walker@hotmail.example,35-44,£50k-£100k,UK,South West,Bristol,Marketing Coordinator,Individual contributor,Marketing,2,True,0.64
omar.white@icloud.example,35-44,£100k-£150k,US,New York,New York,Managing Director,Director or above,Executive,0,True,0.96
omar.white@ironbridge-education.example,25-34,£25k-£50k,UK,West Midlands,Birmingham,Head of Marketing,Manager,Marketing,3,False,0.99
omar.white@quayside-labs.example,45-54,£100k-£150k,UK,London,London,Sales Manager,Manager,Sales,1,False,0.61
omar.williams@hawthorn-shipping.example,25-34,£25k-£50k,US,Illinois,Chicago,Analyst,Individual contributor,Operations,5,True,0.75
omar.williams@highgate-components.example,18-24,£25k-£50k,US,Illinois,Chicago,Marketing Executive,Individual contributor,Marketing,4,False,0.86
omar.wilson@larkspur-academy.example,35-44,£100k-£150k,US,California,San Francisco,Marketing Manager,Manager,Marketing,2,True,0.62
omar.wilson@lindenwood-associates.example,45-54,£100k-£150k,UK,West Midlands,Birmingham,Demand Gen Manager,Manager,Marketing,1,False,0.79
omar.wright@kestrel-medical.example,18-24,£50k-£100k,DE,Bavaria,Munich,Sales Rep,Individual contributor,Sales,4,False,0.78
omar.wright@quartz-engineering.example,35-44,£50k-£100k,US,California,San Francisco,Analyst,Individual contributor,Operations,2,False,0.61
omar.young@greystone-freight.example,55-64,£50k-£100k,FR,Ile-de-France,Paris,Marketing Director,Director or above,Marketing,7,True,0.64
omar@ashford-fabrication.example,45-54,£100k-£150k,UK,Scotland,Edinburgh,Chief Revenue Officer,Director or above,Executive,3,False,0.87
omar@aurora-market.example,18-24,£25k-£50k,FR,Ile-de-France,Paris,Marketing Executive,Individual contributor,Marketing,1,True,0.78
omar@bluebell-medical.example,25-34,£25k-£50k,US,New York,New York,Assistant,Individual contributor,Operations,4,False,0.68
omar@clearwater-labs.example,25-34,under £25k,US,Massachusetts,Boston,Assistant,Individual contributor,Operations,2,False,0.63
omar@cobalt-advisory.example,25-34,£50k-£100k,DE,Berlin,Berlin,Head of Growth,Manager,Marketing,1,True,0.71
omar@cobalt-insurance.example,35-44,£50k-£100k,US,Texas,Austin,Demand Gen Manager,Manager,Marketing,0,True,0.68
omar@dovecote-logistics.example,25-34,£25k-£50k,UK,Scotland,Edinburgh,Marketing Executive,Individual contributor,Marketing,0,False,0.91
omar@driftwood-freight.example,25-34,£25k-£50k,DE,Berlin,Berlin,Assistant,Individual contributor,Operations,2,False,0.78
omar@driftwood-industries.example,18-24,£25k-£50k,UK,South West,Bristol,Marketing Executive,Individual contributor,Marketing,1,False,0.64
omar@dunmore-market.example,25-34,£50k-£100k,FR,Occitanie,Toulouse,Analyst,Individual contributor,Operations,7,True,0.64
omar@elmstead-systems.example,25-34,£100k-£150k,US,Massachusetts,Boston,Sales Manager,Manager,Sales,0,True,0.97
omar@harbour-accountants.example,45-54,£150k+,US,California,San Francisco,VP Marketing,Director or above,Marketing,2,True,0.95
omar@heron-academy.example,18-24,£50k-£100k,US,Washington,Seattle,Sales Rep,Individual contributor,Sales,2,False,0.65
omar@heron-care.example,25-34,£25k-£50k,US,Illinois,Chicago,Marketing Coordinator,Individual contributor,Marketing,1,True,0.92
omar@heron-cloud.example,25-34,£50k-£100k,US,Washington,Seattle,Assistant,Individual contributor,Operations,1,False,0.8
omar@highgate-software.example,35-44,£150k+,US,New York,New York,VP Marketing,Director or above,Marketing,1,True,0.72
omar@inkwell-couriers.example,35-44,£50k-£100k,UK,West Midlands,Birmingham,Marketing Manager,Manager,Marketing,1,True,0.91
omar@inkwell-shipping.example,25-34,£25k-£50k,UK,South West,Bristol,Sales Rep,Individual contributor,Sales,2,True,0.63
omar@juniper-tutors.example,35-44,£50k-£100k,US,Washington,Seattle,Assistant,Individual contributor,Operations,2,False,0.79
omar@kelvin-tutors.example,18-24,£25k-£50k,US,Texas,Austin,Sales Rep,Individual contributor,Sales,3,False,0.81
omar@larkspur-industries.example,25-34,£50k-£100k,NL,North Holland,Amsterdam,Demand Gen Manager,Manager,Marketing,2,False,0.97
omar@lindenwood-clinics.example,35-44,£50k-£100k,UK,Yorkshire,Leeds,Demand Gen Manager,Manager,Marketing,5,False,0.68
omar@marigold-fabrication.example,45-54,£150k+,UK,Scotland,Edinburgh,Founder,Director or above,Executive,3,True,0.91
omar@marigold-transport.example,35-44,£50k-£100k,NL,North Holland,Amsterdam,Marketing Director,Director or above,Marketing,2,True,0.91
omar@nimbus-care.example,45-54,£100k-£150k,US,California,San Francisco,Founder,Director or above,Executive,0,True,0.62
omar@norfolk-care.example,25-34,£100k-£150k,FR,Ile-de-France,Paris,Demand Gen Manager,Manager,Marketing,0,True,0.82
omar@norfolk-pharma.example,25-34,£25k-£50k,FR,Occitanie,Toulouse,Marketing Executive,Individual contributor,Marketing,5,False,0.82
omar@oakridge-data.example,35-44,£25k-£50k,UK,Scotland,Edinburgh,Demand Gen Manager,Manager,Marketing,3,False,0.84
omar@oakridge-retail.example,45-54,£100k-£150k,FR,Ile-de-France,Paris,Director of Sales,Director or above,Sales,5,False,0.95
omar@pennine-medical.example,35-44,£100k-£150k,DE,Hesse,Frankfurt,Demand Gen Manager,Manager,Marketing,2,True,0.73
omar@quartz-software.example,25-34,£25k-£50k,FR,Auvergne-Rhone-Alpes,Lyon,Analyst,Individual contributor,Operations,2,False,0.64
omar@quayside-logistics.example,45-54,£50k-£100k,NL,Utrecht,Utrecht,Head of Growth,Manager,Marketing,3,True,0.64
omar@riverside-insurance.example,35-44,£50k-£100k,FR,Auvergne-Rhone-Alpes,Lyon,Sales Manager,Manager,Sales,2,True,0.64
omar@rosewood-clinics.example,25-34,£50k-£100k,DE,Berlin,Berlin,Marketing Executive,Individual contributor,Marketing,1,False,0.84
omar@silverline-engineering.example,18-24,£50k-£100k,UK,London,London,Sales Rep,Individual contributor,Sales,5,False,0.77
omar@umber-freight.example,25-34,£50k-£100k,US,Washington,Seattle,Operations Manager,Manager,Operations,5,False,0.91
omar@upland-logistics.example,55-64,£100k-£150k,US,California,San Francisco,CEO,Director or above,Executive,0,True,0.96
omar@upland-retail.example,25-34,£50k-£100k,US,New York,New York,Marketing Manager,Manager,Marketing,1,False,0.92
omar@valley-medical.example,25-34,£25k-£50k,NL,South Holland,Rotterdam,Demand Gen Manager,Manager,Marketing,2,True,0.67
omar@vantage-health.example,25-34,£25k-£50k,US,Illinois,Chicago,Analyst,Individual contributor,Operations,1,True,0.93
omar@westbrook-health.example,45-54,£100k-£150k,FR,Hauts-de-France,Lille,Head of Marketing,Manager,Marketing,4,True,0.8
omar@westbrook-insurance.example,25-34,£50k-£100k,UK,London,London,Marketing Manager,Manager,Marketing,5,True,0.97
omar@willow-systems.example,45-54,£100k-£150k,UK,London,London,VP Marketing,Director or above,Marketing,7,True,0.96
omar@zephyr-haulage.example,35-44,£150k+,US,Illinois,Chicago,CEO,Director or above,Executive,4,True,0.69
omarbaker43@outlook.example,35-44,£150k+,US,New York,New York,Chief Revenue Officer,Director or above,Executive,2,True,0.75
omardavies73@hotmail.example,25-34,under £25k,FR,Ile-de-France,Paris,Sales Rep,Individual contributor,Sales,1,False,0.87
omardevries75@outlook.example,25-34,£50k-£100k,NL,Utrecht,Utrecht,Marketing Manager,Manager,Marketing,5,True,0.79
omarmartin20@icloud.example,25-34,under £25k,FR,Auvergne-Rhone-Alpes,Lyon,Student,Student,Student,0,False,0.68
omarmoore17@outlook.example,18-24,£50k-£100k,UK,London,London,Marketing Executive,Individual contributor,Marketing,1,False,0.79
omarmurphy71@gmail.example,18-24,£50k-£100k,DE,Hamburg,Hamburg,Marketing Executive,Individual contributor,Marketing,2,False,0.96
omartin643@outlook.example,25-34,under £25k,NL,Utrecht,Utrecht,Student,Student,Student,0,False,0.6
omarwalker12@gmail.example,25-34,£50k-£100k,UK,West Midlands,Birmingham,Analyst,Individual contributor,Operations,4,True,0.66
omoore661@icloud.example,35-44,£150k+,US,Massachusetts,Boston,CEO,Director or above,Executive,1,True,0.75
omoore937@outlook.example,18-24,under £25k,DE,Hamburg,Hamburg,Assistant,Individual contributor,Operations,0,True,0.62
omoore967@hotmail.example,35-44,£50k-£100k,DE,Hesse,Frankfurt,Marketing Director,Director or above,Marketing,1,True,0.66
omoore975@gmail.example,18-24,under £25k,UK,North West,Manchester,Sales Rep,Individual contributor,Sales,1,False,0.82
omurphy291@outlook.example,35-44,£25k-£50k,UK,West Midlands,Birmingham,Sales Manager,Manager,Sales,0,True,0.75
opatel163@hotmail.example,35-44,£50k-£100k,UK,North West,Manchester,Managing Director,Director or above,Executive,3,True,0.66
opatel186@gmail.example,35-44,£50k-£100k,FR,Hauts-de-France,Lille,Head of Growth,Manager,Marketing,3,False,0.76
oroberts621@yahoo.example,25-34,£25k-£50k,UK,London,London,Assistant,Individual contributor,Operations,1,False,0.93
oscar.anderson@oldfield-data.example,35-44,£50k-£100k,DE,Hesse,Frankfurt,Demand Gen Manager,Manager,Marketing,5,True,0.63
oscar.baker@kingsway-insurance.example,25-34,£100k-£150k,US,New York,New York,Head of Growth,Manager,Marketing,3,False,0.72
oscar.bakker@outlook.example,25-34,£50k-£100k,US,Illinois,Chicago,Assistant,Individual contributor,Operations,1,False,0.72
oscar.brown@vantage-manufacturing.example,35-44,£50k-£100k,UK,London,London,Operations Manager,Manager,Operations,2,False,0.92
oscar.clarke@gmail.example,45-54,£50k-£100k,DE,Berlin,Berlin,Sales Manager,Manager,Sales,4,False,0.74
oscar.clarke@lindenwood-education.example,18-24,under £25k,US,Washington,Seattle,Student,Student,Student,0,False,0.75
oscar.davies@keystone-cloud.example,55-64,£150k+,NL,North Holland,Amsterdam,Managing Director,Director or above,Executive,3,False,0.95
oscar.davies@yahoo.example,35-44,£50k-£100k,FR,Ile-de-France,Paris,Marketing Executive,Individual contributor,Marketing,8,False,0.85
oscar.devries@rosewood-systems.example,25-34,£50k-£100k,UK,London,London,Operations Manager,Manager,Operations,2,True,0.86
oscar.dubois@elmstead-stores.example,25-34,£50k-£100k,UK,North West,Manchester,Operations Manager,Manager,Operations,2,True,0.65
oscar.garcia@driftwood-software.example,45-54,£100k-£150k,UK,South West,Bristol,Managing Director,Director or above,Executive,0,True,0.96
oscar.green@kestrel-recruitment.example,45-54,£100k-£150k,UK,London,London,Chief Revenue Officer,Director or above,Executive,3,True,0.69
oscar.hall@norfolk-dental.example,25-34,£25k-£50k,UK,South West,Bristol,Analyst,Individual contributor,Operations,10,False,0.69
oscar.jansen@icloud.example,18-24,under £25k,US,Illinois,Chicago,Student,Student,Student,0,False,0.91
oscar.johnson@orchard-partners.example,25-34,£50k-£100k,UK,West Midlands,Birmingham,Operations Manager,Manager,Operations,5,True,0.9
oscar.jones@aurora-advisory.example,55-64,£100k-£150k,UK,Yorkshire,Leeds,Founder,Director or above,Executive,1,True,0.6
oscar.khan@hotmail.example,25-34,under £25k,DE,Hesse,Frankfurt,Analyst,Individual contributor,Operations,3,False,0.64
oscar.king@marigold-market.example,45-54,£50k-£100k,US,Massachusetts,Boston,Marketing Executive,Individual contributor,Marketing,2,True,0.77
oscar.king@outlook.example,65+,£50k-£100k,UK,Yorkshire,Leeds,Marketing Director,Director or above,Marketing,1,True,0.69
oscar.martin@harbour-education.example,25-34,£50k-£100k,DE,Hamburg,Hamburg,Head of Growth,Manager,Marketing,2,True,0.94
oscar.martin@outlook.example,25-34,under £25k,NL,Utrecht,Utrecht,Marketing Executive,Individual contributor,Marketing,20,False,0.64
oscar.miller@greystone-components.example,25-34,£25k-£50k,UK,Yorkshire,Leeds,Analyst,Individual contributor,Operations,1,False,0.86
oscar.miller@ironbridge-capital.example,25-34,£25k-£50k,NL,North Brabant,Eindhoven,Marketing Coordinator,Individual contributor,Marketing,12,False,0.95
oscar.moore@juniper-industries.example,25-34,£25k-£50k,UK,London,London,Assistant,Individual contributor,Operations,6,False,0.86
oscar.murphy@outlook.example,25-34,£50k-£100k,US,Massachusetts,Boston,Head of Growth,Manager,Marketing,7,True,0.62
oscar.murphy@quartz-partners.example,35-44,£100k-£150k,DE,Bavaria,Munich,Director of Sales,Director or above,Sales,5,False,0.91
oscar.patel@tamarind-market.example,25-34,under £25k,FR,Auvergne-Rhone-Alpes,Lyon,Sales Rep,Individual contributor,Sales,1,True,0.81
oscar.roberts@highgate-lending.example,25-34,under £25k,FR,Occitanie,Toulouse,Assistant,Individual contributor,Operations,2,True,0.64
oscar.roberts@nimbus-pharma.example,45-54,£50k-£100k,UK,London,London,Marketing Director,Director or above,Marketing,2,True,0.86
oscar.schmidt@aurora-works.example,25-34,£25k-£50k,UK,South West,Bristol,Sales Rep,Individual contributor,Sales,3,False,0.99
oscar.scott@cobalt-insurance.example,45-54,£150k+,US,New York,New York,Chief Revenue Officer,Director or above,Executive,1,True,0.73
oscar.scott@emberly-consulting.example,25-34,£50k-£100k,UK,South West,Bristol,Analyst,Individual contributor,Operations,2,False,0.91
oscar.scott@icloud.example,25-34,£25k-£50k,UK,London,London,Analyst,Individual contributor,Operations,13,True,0.78
oscar.scott@yarrow-college.example,25-34,£25k-£50k,US,New York,New York,Head of Marketing,Manager,Marketing,1,True,0.88
oscar.smith@falcon-market.example,35-44,£50k-£100k,NL,North Holland,Amsterdam,Sales Manager,Manager,Sales,1,False,0.68
oscar.smith@kelvin-academy.example,35-44,£50k-£100k,UK,London,London,Sales Rep,Individual contributor,Sales,4,False,0.95
oscar.smith@oldfield-insurance.example,65+,£100k-£150k,UK,Yorkshire,Leeds,CEO,Director or above,Executive,2,True,0.89
oscar.taylor@dunmore-legal.example,35-44,£50k-£100k,FR,Hauts-de-France,Lille,Head of Growth,Manager,Marketing,3,True,0.97
oscar.thompson@icloud.example,35-44,£25k-£50k,UK,Scotland,Edinburgh,Marketing Manager,Manager,Marketing,1,True,0.71
oscar.thompson@juniper-haulage.example,45-54,£100k-£150k,UK,North West,Manchester,Director of Sales,Director or above,Sales,3,True,0.79
oscar.walker@northwind-learning.example,35-44,£150k+,NL,South Holland,Rotterdam,VP Marketing,Director or above,Marketing,8,True,0.84
oscar.weber@norfolk-learning.example,25-34,£50k-£100k,DE,Hamburg,Hamburg,Head of Growth,Manager,Marketing,6,True,0.7
oscar.weber@valley-consulting.example,25-34,£100k-£150k,NL,North Holland,Amsterdam,Operations Manager,Manager,Operations,4,True,0.89
oscar.white@cobalt-outfitters.example,55-64,£50k-£100k,DE,Berlin,Berlin,Director of Sales,Director or above,Sales,9,False,0.79
oscar.white@lindenwood-dental.example,25-34,£25k-£50k,US,Washington,Seattle,Marketing Coordinator,Individual contributor,Marketing,3,False,0.61
oscar.white@westbrook-shipping.example,18-24,£25k-£50k,UK,South West,Bristol,Sales Rep,Individual contributor,Sales,5,True,0.85
oscar.williams@bramble-couriers.example,25-34,£25k-£50k,NL,North Holland,Amsterdam,Analyst,Individual contributor,Operations,3,False,0.72
oscar.wright35@hotmail.example,45-54,£100k-£150k,DE,Bavaria,Munich,Founder,Director or above,Executive,1,True,0.78
oscar.wright@jasper-industries.example,18-24,£25k-£50k,UK,North West,Manchester,Analyst,Individual contributor,Operations,2,True,0.71
oscar.wright@lantern-consulting.example,25-34,£25k-£50k,UK,North West,Manchester,Marketing Coordinator,Individual contributor,Marketing,1,False,0.93
oscar.young@rosewood-clinics.example,35-44,£150k+,DE,Bavaria,Munich,CEO,Director or above,Executive,4,True,0.83
oscar.young@yahoo.example,18-24,under £25k,UK,Yorkshire,Leeds,Sales Rep,Individual contributor,Sales,3,False,0.76
oscar50@marigold-education.example,35-44,£50k-£100k,US,Massachusetts,Boston,Demand Gen Manager,Manager,Marketing,4,True,0.87
oscar@alder-components.example,45-54,£100k-£150k,DE,Hesse,Frankfurt,Operations Manager,Manager,Operations,1,False,0.91
oscar@ashford-data.example,25-34,£50k-£100k,UK,London,London,Head of Growth,Manager,Marketing,5,False,0.9
oscar@clearwater-advisory.example,35-44,£100k-£150k,UK,Scotland,Edinburgh,Director of Sales,Director or above,Sales,3,True,0.74
oscar@cobalt-industries.example,18-24,£50k-£100k,UK,Yorkshire,Leeds,Marketing Executive,Individual contributor,Marketing,4,False,0.75
oscar@dovecote-labs.example,35-44,£50k-£100k,UK,North West,Manchester,Marketing Manager,Manager,Marketing,1,True,0.79
oscar@fernhill-market.example,25-34,£50k-£100k,FR,Hauts-de-France,Lille,Marketing Manager,Manager,Marketing,1,True,0.85
oscar@glenmoor-health.example,25-34,£50k-£100k,FR,Ile-de-France,Paris,Head of Growth,Manager,Marketing,3,True,0.81
oscar@glenmoor-insurance.example,25-34,£100k-£150k,UK,Scotland,Edinburgh,Sales Manager,Manager,Sales,7,False,0.74
oscar@granite-components.example,18-24,£25k-£50k,UK,South West,Bristol,Analyst,Individual contributor,Operations,6,False,0.89
oscar@greystone-logistics.example,55-64,£50k-£100k,US,Washington,Seattle,Head of Marketing,Manager,Marketing,2,True,0.99
oscar@hawthorn-care.example,35-44,£50k-£100k,NL,North Brabant,Eindhoven,Demand Gen Manager,Manager,Marketing,1,True,0.95
oscar@hawthorn-consulting.example,18-24,£25k-£50k,FR,Ile-de-France,Paris,Sales Rep,Individual contributor,Sales,5,False,0.84
oscar@highgate-training.example,45-54,£25k-£50k,US,New York,New York,Marketing Manager,Manager,Marketing,7,False,0.96
oscar@inkwell-trading.example,35-44,£50k-£100k,FR,Hauts-de-France,Lille,Sales Manager,Manager,Sales,8,True,0.87
oscar@jasper-trading.example,18-24,£25k-£50k,US,Illinois,Chicago,Marketing Executive,Individual contributor,Marketing,3,False,0.98
oscar@kelvin-industries.example,25-34,£150k+,US,Texas,Austin,Founder,Director or above,Executive,2,True,0.78
oscar@kestrel-stores.example,18-24,£25k-£50k,UK,North West,Manchester,Assistant,Individual contributor,Operations,10,False,0.72
oscar@kingsway-logistics.example,55-64,£100k-£150k,NL,North Brabant,Eindhoven,Director of Sales,Director or above,Sales,3,True,0.73
oscar@lantern-medical.example,35-44,£100k-£150k,US,California,San Francisco,Head of Growth,Manager,Marketing,1,True,0.94
oscar@marigold-clinics.example,45-54,£50k-£100k,US,Texas,Austin,Demand Gen Manager,Manager,Marketing,0,False,0.67
oscar@marigold-education.example,25-34,£25k-£50k,US,New York,New York,Marketing Coordinator,Individual contributor,Marketing,1,False,0.81
oscar@nettlefield-accountants.example,55-64,£100k-£150k,US,California,San Francisco,Marketing Manager,Manager,Marketing,2,True,0.82
oscar@northwind-engineering.example,25-34,£100k-£150k,US,Illinois,Chicago,Analyst,Individual contributor,Operations,1,False,0.65
oscar@pennine-health.example,25-34,£25k-£50k,DE,Berlin,Berlin,Assistant,Individual contributor,Operations,2,True,0.61
oscar@pinecrest-capital.example,35-44,£100k-£150k,US,Massachusetts,Boston,Founder,Director or above,Executive,1,True,0.74
oscar@stonebridge-outfitters.example,45-54,£100k-£150k,NL,North Brabant,Eindhoven,VP Marketing,Director or above,Marketing,9,False,0.76
oscar@stonebridge-software.example,35-44,£25k-£50k,US,New York,New York,Marketing Executive,Individual contributor,Marketing,1,False,0.85
oscar@thornbury-college.example,45-54,£100k-£150k,NL,North Holland,Amsterdam,Chief Revenue Officer,Director or above,Executive,2,True,0.71
oscar@tidewater-legal.example,25-34,£25k-£50k,NL,North Brabant,Eindhoven,Marketing Manager,Manager,Marketing,2,True,0.85
oscar@umber-labs.example,25-34,£50k-£100k,UK,London,London,Assistant,Individual contributor,Operations,3,False,0.93
oscar@willow-fabrication.example,18-24,£50k-£100k,US,New York,New York,Marketing Executive,Individual contributor,Marketing,1,True,0.64
oscar@yarrow-accountants.example,18-24,£25k-£50k,UK,Yorkshire,Leeds,Assistant,Individual contributor,Operations,12,False,0.89
oscar@zephyr-market.example,18-24,£25k-£50k,US,Illinois,Chicago,Marketing Coordinator,Individual contributor,Marketing,5,False,0.74
oscaranderson61@yahoo.example,25-34,£50k-£100k,FR,Auvergne-Rhone-Alpes,Lyon,Operations Manager,Manager,Operations,6,True,0.94
oscarbaker18@outlook.example,25-34,£25k-£50k,FR,Hauts-de-France,Lille,Analyst,Individual contributor,Operations,4,True,0.71
oscarbaker35@gmail.example,25-34,under £25k,UK,Scotland,Edinburgh,Marketing Executive,Individual contributor,Marketing,2,False,0.96
oscarevans98@yahoo.example,45-54,£100k-£150k,UK,Yorkshire,Leeds,Managing Director,Director or above,Executive,8,True,0.75
oscarhall57@gmail.example,18-24,£25k-£50k,UK,South West,Bristol,Sales Rep,Individual contributor,Sales,3,True,0.69
oscarpatel25@outlook.example,25-34,£50k-£100k,UK,West Midlands,Birmingham,Assistant,Individual contributor,Operations,8,False,0.93
oscarschmidt11@outlook.example,45-54,£50k-£100k,FR,Hauts-de-France,Lille,CEO,Director or above,Executive,3,True,0.96
oscarscott80@hotmail.example,35-44,under £25k,UK,South West,Bristol,Head of Marketing,Manager,Marketing,4,True,0.84
oscarsmith63@hotmail.example,25-34,under £25k,UK,South West,Bristol,Sales Manager,Manager,Sales,5,False,0.81
oscarwalker46@icloud.example,35-44,£150k+,NL,South Holland,Rotterdam,Founder,Director or above,Executive,2,True,0.77
oscarweber45@outlook.example,25-34,£25k-£50k,US,Texas,Austin,Sales Rep,Individual contributor,Sales,1,False,0.65
oscarweber92@icloud.example,55-64,£100k-£150k,DE,Bavaria,Munich,Sales Manager,Manager,Sales,1,True,0.77
oscarwright88@outlook.example,45-54,£50k-£100k,DE,Berlin,Berlin,Chief Revenue Officer,Director or above,Executive,3,True,0.65
oscaryoung43@outlook.example,25-34,£50k-£100k,UK,Yorkshire,Leeds,Head of Marketing,Manager,Marketing,5,True,0.61
oschmidt302@icloud.example,55-64,£100k-£150k,US,Massachusetts,Boston,Head of Marketing,Manager,Marketing,1,True,0.69
otaylor202@yahoo.example,18-24,£25k-£50k,US,Massachusetts,Boston,Student,Student,Student,0,False,0.63
owhite359@hotmail.example,45-54,£100k-£150k,NL,South Holland,Rotterdam,CEO,Director or above,Executive,2,True,0.63
owilson420@yahoo.example,25-34,£25k-£50k,NL,North Brabant,Eindhoven,Analyst,Individual contributor,Operations,4,False,0.98
owright315@yahoo.example,25-34,under £25k,UK,South West,Bristol,Assistant,Individual contributor,Operations,1,False,0.83
oyoung288@yahoo.example,55-64,£150k+,FR,Hauts-de-France,Lille,Chief Revenue Officer,Director or above,Executive,3,True,0.95
oyoung375@icloud.example,25-34,£100k-£150k,US,Illinois,Chicago,Chief Revenue Officer,Director or above,Executive,0,True,0.95
oyoung804@hotmail.example,25-34,£25k-£50k,US,California,San Francisco,Analyst,Individual contributor,Operations,1,True,0.9
oyoung941@gmail.example,45-54,£150k+,US,New York,New York,Marketing Director,Director or above,Marketing,2,True,0.83
p.baker@dovecote-labs.example,45-54,£100k-£150k,UK,London,London,Marketing Director,Director or above,Marketing,0,False,0.82
p.baker@dunmore-education.example,45-54,£100k-£150k,FR,Ile-de-France,Paris,Head of Marketing,Manager,Marketing,4,False,0.98
p.baker@lindenwood-engineering.example,35-44,£100k-£150k,UK,London,London,Head of Marketing,Manager,Marketing,3,True,0.65
p.bakker@highgate-components.example,35-44,£50k-£100k,US,California,San Francisco,Sales Manager,Manager,Sales,1,True,0.99
p.bernard@dovecote-medical.example,35-44,£50k-£100k,US,Massachusetts,Boston,Head of Marketing,Manager,Marketing,2,False,0.85
p.davies@inkwell-recruitment.example,45-54,£50k-£100k,UK,South West,Bristol,Sales Manager,Manager,Sales,1,False,0.7
p.garcia@elmstead-clinics.example,35-44,£100k-£150k,US,Massachusetts,Boston,Operations Manager,Manager,Operations,2,True,0.76
p.garcia@quayside-clinics.example,55-64,£50k-£100k,UK,South West,Bristol,Director of Sales,Director or above,Sales,3,True,0.98
p.garcia@vantage-market.example,65+,£100k-£150k,UK,South West,Bristol,Marketing Director,Director or above,Marketing,0,True,0.64
p.hughes@glenmoor-fabrication.example,25-34,£25k-£50k,DE,Hamburg,Hamburg,Assistant,Individual contributor,Operations,4,False,0.98
p.hughes@ivywood-college.example,18-24,£50k-£100k,US,Illinois,Chicago,Marketing Executive,Individual contributor,Marketing,2,False,0.89
p.hughes@pennine-stores.example,18-24,under £25k,UK,London,London,Assistant,Individual contributor,Operations,3,True,0.77
p.jansen@emberly-stores.example,55-64,£50k-£100k,UK,West Midlands,Birmingham,Demand Gen Manager,Manager,Marketing,1,True,0.82
p.jansen@pennine-fabrication.example,25-34,£50k-£100k,US,Massachusetts,Boston,Marketing Coordinator,Individual contributor,Marketing,5,True,0.88
p.johnson@heron-outfitters.example,35-44,£100k-£150k,NL,North Holland,Amsterdam,Marketing Manager,Manager,Marketing,5,True,0.67
p.jones@emberly-couriers.example,35-44,£100k-£150k,US,Massachusetts,Boston,Demand Gen Manager,Manager,Marketing,1,False,0.84
p.jones@riverside-education.example,25-34,under £25k,FR,Ile-de-France,Paris,Sales Rep,Individual contributor,Sales,4,False,0.61
p.jones@thornbury-advisory.example,25-34,£50k-£100k,US,Washington,Seattle,Sales Rep,Individual contributor,Sales,2,True,0.73
p.khan@driftwood-manufacturing.example,25-34,£100k-£150k,UK,North West,Manchester,Marketing Manager,Manager,Marketing,4,True,0.76
p.khan@vantage-manufacturing.example,45-54,£100k-£150k,UK,Yorkshire,Leeds,Chief Revenue Officer,Director or above,Executive,1,True,0.81
p.khan@westbrook-data.example,25-34,£25k-£50k,DE,Hamburg,Hamburg,Marketing Manager,Manager,Marketing,4,True,0.7
p.martin@emberly-freight.example,25-34,£50k-£100k,UK,London,London,Demand Gen Manager,Manager,Marketing,3,True,0.72
p.miller@clearwater-consulting.example,25-34,£50k-£100k,DE,Hamburg,Hamburg,Marketing Manager,Manager,Marketing,8,False,0.85
p.moore@clearwater-accountants.example,35-44,£25k-£50k,UK,West Midlands,Birmingham,Assistant,Individual contributor,Operations,2,False,0.97
p.murphy@cedar-outfitters.example,35-44,£100k-£150k,UK,Scotland,Edinburgh,Head of Growth,Manager,Marketing,4,False,0.88
p.murphy@kestrel-systems.example,35-44,under £25k,FR,Auvergne-Rhone-Alpes,Lyon,Assistant,Individual contributor,Operations,0,False,0.89
p.patel@quayside-insurance.example,25-34,£25k-£50k,US,Illinois,Chicago,Analyst,Individual contributor,Operations,2,True,0.68
p.roberts@lindenwood-health.example,25-34,£25k-£50k,DE,Hamburg,Hamburg,Analyst,Individual contributor,Operations,2,False,0.71
p.scott@cobalt-learning.example,35-44,£100k-£150k,FR,Hauts-de-France,Lille,Founder,Director or above,Executive,5,True,0.79
p.smith@greystone-tutors.example,25-34,£25k-£50k,DE,Hesse,Frankfurt,Marketing Coordinator,Individual contributor,Marketing,3,True,0.74
p.smith@upland-industries.example,35-44,£50k-£100k,DE,Hamburg,Hamburg,Chief Revenue Officer,Director or above,Executive,2,True,0.77
p.taylor@norfolk-academy.example,45-54,£100k-£150k,NL,North Brabant,Eindhoven,Head of Marketing,Manager,Marketing,4,False,0.96
p.thompson@alder-data.example,45-54,£50k-£100k,DE,Berlin,Berlin,Sales Manager,Manager,Sales,2,True,0.85
p.thompson@kingsway-recruitment.example,35-44,£100k-£150k,UK,Scotland,Edinburgh,Chief Revenue Officer,Director or above,Executive,0,False,0.94
p.walker@elmstead-trading.example,45-54,£100k-£150k,UK,Scotland,Edinburgh,VP Marketing,Director or above,Marketing,2,True,0.88
p.walker@glenmoor-haulage.example,45-54,£100k-£150k,UK,Scotland,Edinburgh,CEO,Director or above,Executive,1,False,0.93
p.walker@larkspur-advisory.example,35-44,£25k-£50k,NL,Utrecht,Utrecht,Operations Manager,Manager,Operations,4,True,0.68
p.walker@lindenwood-software.example,35-44,£25k-£50k,US,Massachusetts,Boston,Analyst,Individual contributor,Operations,3,False,0.95
p.weber@keystone-data.example,45-54,under £25k,UK,North West,Manchester,Analyst,Individual contributor,Operations,6,False,0.72
p.williams@aurora-software.example,35-44,£100k-£150k,US,California,San Francisco,Chief Revenue Officer,Director or above,Executive,11,False,0.79
p.wilson@dovecote-clinics.example,25-34,£100k-£150k,US,California,San Francisco,Marketing Director,Director or above,Marketing,2,False,0.63
p.wilson@jasper-industries.example,35-44,£25k-£50k,UK,North West,Manchester,Demand Gen Manager,Manager,Marketing,25,False,0.64
p.wilson@keystone-recruitment.example,18-24,£25k-£50k,NL,North Brabant,Eindhoven,Marketing Coordinator,Individual contributor,Marketing,2,True,0.72
p.wood@brightwater-learning.example,25-34,£25k-£50k,US,New York,New York,Marketing Coordinator,Individual contributor,Marketing,3,True,0.78
p.wright@foxglove-accountants.example,25-34,£50k-£100k,FR,Hauts-de-France,Lille,Head of Growth,Manager,Marketing,2,False,0.93
p.wright@kelvin-academy.example,35-44,£50k-£100k,UK,West Midlands,Birmingham,Head of Marketing,Manager,Marketing,1,False,0.67
p.wright@moorland-capital.example,35-44,£50k-£100k,FR,Ile-de-France,Paris,Head of Marketing,Manager,Marketing,3,False,0.78
p.wright@moorland-wealth.example,18-24,£50k-£100k,NL,South Holland,Rotterdam,Marketing Executive,Individual contributor,Marketing,4,False,0.91
p.young@ironbridge-components.example,25-34,£50k-£100k,US,California,San Francisco,Marketing Coordinator,Individual contributor,Marketing,4,False,0.79
p.young@larkspur-components.example,45-54,£25k-£50k,DE,Hesse,Frankfurt,Head of Marketing,Manager,Marketing,1,True,0.78
pbakker720@gmail.example,35-44,£150k+,UK,Scotland,Edinburgh,Managing Director,Director or above,Executive,2,True,0.79
pclarke395@yahoo.example,25-34,£50k-£100k,DE,Hesse,Frankfurt,Head of Growth,Manager,Marketing,3,False,0.83
pgarcia370@icloud.example,18-24,£50k-£100k,US,California,San Francisco,Analyst,Individual contributor,Operations,3,False,0.66
plewis871@outlook.example,35-44,under £25k,UK,London,London,Assistant,Individual contributor,Operations,3,False,0.95
pmoore213@icloud.example,35-44,£50k-£100k,UK,South West,Bristol,Head of Marketing,Manager,Marketing,11,False,0.85
pmuller587@icloud.example,18-24,under £25k,UK,London,London,Student,Student,Student,0,False,0.95
priya.baker@alder-retail.example,35-44,£150k+,UK,West Midlands,Birmingham,Marketing Director,Director or above,Marketing,5,True,0.6
priya.baker@yahoo.example,18-24,£25k-£50k,UK,West Midlands,Birmingham,Student,Student,Student,0,False,0.79
priya.bakker@marigold-fabrication.example,45-54,£100k-£150k,UK,West Midlands,Birmingham,Demand Gen Manager,Manager,Marketing,4,False,0.79
priya.bernard@bluebell-data.example,55-64,£150k+,US,California,San Francisco,VP Marketing,Director or above,Marketing,1,False,0.62
priya.bernard@foxglove-clinics.example,25-34,£25k-£50k,US,Massachusetts,Boston,Assistant,Individual contributor,Operations,3,True,0.96
priya.brown@evergreen-clinics.example,45-54,£100k-£150k,US,Illinois,Chicago,CEO,Director or above,Executive,2,True,0.93
priya.brown@oakridge-learning.example,35-44,£100k-£150k,DE,Berlin,Berlin,CEO,Director or above,Executive,8,True,0.81
priya.brown@redwood-works.example,35-44,£25k-£50k,FR,Occitanie,Toulouse,Head of Growth,Manager,Marketing,4,False,0.83
priya.clarke@pennine-data.example,25-34,£25k-£50k,UK,South West,Bristol,Head of Growth,Manager,Marketing,7,True,0.9
priya.devries@thornbury-dental.example,35-44,£25k-£50k,US,New York,New York,Marketing Coordinator,Individual contributor,Marketing,5,True,0.65
priya.dubois@gmail.example,25-34,£150k+,UK,London,London,Founder,Director or above,Executive,1,False,0.91
priya.dubois@meridian-shipping.example,35-44,£50k-£100k,US,Massachusetts,Boston,Head of Growth,Manager,Marketing,4,False,0.69
priya.garcia@greystone-haulage.example,35-44,£25k-£50k,UK,Scotland,Edinburgh,Operations Manager,Manager,Operations,6,True,0.76
priya.green@foxglove-accountants.example,35-44,£50k-£100k,FR,Auvergne-Rhone-Alpes,Lyon,Director of Sales,Director or above,Sales,1,False,0.72
priya.hall@hotmail.example,35-44,£100k-£150k,US,Massachusetts,Boston,VP Marketing,Director or above,Marketing,1,True,0.88
priya.hughes@lantern-goods.example,18-24,£25k-£50k,FR,Ile-de-France,Paris,Marketing Executive,Individual contributor,Marketing,2,False,0.73
priya.jansen@westbrook-training.example,25-34,£50k-£100k,UK,West Midlands,Birmingham,Head of Growth,Manager,Marketing,0,False,0.81
priya.johnson@yahoo.example,18-24,under £25k,UK,Yorkshire,Leeds,Student,Student,Student,0,False,0.8
priya.jones@cobalt-care.example,25-34,£50k-£100k,UK,South West,Bristol,Sales Manager,Manager,Sales,2,False,0.74
priya.king@larkspur-recruitment.example,35-44,£50k-£100k,UK,North West,Manchester,Assistant,Individual contributor,Operations,2,False,0.72
priya.lewis@icloud.example,45-54,£50k-£100k,UK,South West,Bristol,Marketing Director,Director or above,Marketing,3,True,0.8
priya.martin@oakridge-training.example,25-34,under £25k,DE,Bavaria,Munich,Marketing Coordinator,Individual contributor,Marketing,3,False,0.8
priya.miller@kelvin-partners.example,25-34,£50k-£100k,UK,Yorkshire,Leeds,Head of Growth,Manager,Marketing,1,True,0.67
priya.miller@meridian-fabrication.example,35-44,£150k+,DE,Berlin,Berlin,Director of Sales,Director or above,Sales,0,True,0.78
priya.miller@outlook.example,45-54,£50k-£100k,US,Washington,Seattle,Managing Director,Director or above,Executive,2,True,0.66
priya.moore@falcon-couriers.example,18-24,£25k-£50k,UK,West Midlands,Birmingham,Marketing Coordinator,Individual contributor,Marketing,1,False,0.69
priya.moore@gmail.example,25-34,£50k-£100k,US,Texas,Austin,Analyst,Individual contributor,Operations,1,False,0.69
priya.murphy@granite-components.example,35-44,£100k-£150k,UK,Scotland,Edinburgh,Sales Manager,Manager,Sales,4,False,0.68
priya.schmidt@moorland-components.example,35-44,£50k-£100k,UK,Yorkshire,Leeds,Sales Manager,Manager,Sales,1,False,0.78
priya.schmidt@nettlefield-capital.example,45-54,£150k+,US,New York,New York,Marketing Director,Director or above,Marketing,3,True,0.73
priya.scott@brightwater-medical.example,35-44,£25k-£50k,UK,Scotland,Edinburgh,Operations Manager,Manager,Operations,0,True,0.9
priya.smith@driftwood-haulage.example,55-64,£50k-£100k,US,Illinois,Chicago,Marketing Director,Director or above,Marketing,4,True,0.7
priya.taylor@umber-freight.example,25-34,£25k-£50k,US,Illinois,Chicago,Analyst,Individual contributor,Operations,6,True,0.96
priya.thompson@redwood-training.example,35-44,£25k-£50k,FR,Hauts-de-France,Lille,Marketing Manager,Manager,Marketing,6,True,0.73
priya.walker@hotmail.example,35-44,£25k-£50k,UK,London,London,Marketing Executive,Individual contributor,Marketing,7,True,0.71
priya.walker@inkwell-components.example,35-44,£150k+,UK,Yorkshire,Leeds,Marketing Director,Director or above,Marketing,1,False,0.75
priya.walker@redwood-industries.example,35-44,£25k-£50k,UK,South West,Bristol,Demand Gen Manager,Manager,Marketing,1,True,0.9
priya.white@emberly-associates.example,25-34,under £25k,UK,London,London,Analyst,Individual contributor,Operations,5,False,0.88
priya.white@quayside-systems.example,25-34,£25k-£50k,UK,Yorkshire,Leeds,Marketing Coordinator,Individual contributor,Marketing,0,False,0.91
priya.white@vantage-partners.example,35-44,£150k+,US,Illinois,Chicago,VP Marketing,Director or above,Marketing,1,True,0.94
priya.williams@ironbridge-wealth.example,45-54,£50k-£100k,US,Massachusetts,Boston,Managing Director,Director or above,Executive,12,False,0.65
priya.williams@outlook.example,35-44,£100k-£150k,DE,Berlin,Berlin,Managing Director,Director or above,Executive,5,True,0.61
priya.williams@tidewater-clinics.example,45-54,£50k-£100k,NL,North Brabant,Eindhoven,Sales Manager,Manager,Sales,5,False,0.95
priya.wilson@outlook.example,25-34,£25k-£50k,UK,London,London,Assistant,Individual contributor,Operations,2,True,0.67
priya.wright@yahoo.example,25-34,under £25k,FR,Occitanie,Toulouse,Marketing Coordinator,Individual contributor,Marketing,4,False,0.8
priya.wright@yarrow-associates.example,35-44,£100k-£150k,US,Washington,Seattle,VP Marketing,Director or above,Marketing,0,True,0.95
priya.young@falcon-industries.example,35-44,£50k-£100k,US,Massachusetts,Boston,Demand Gen Manager,Manager,Marketing,2,True,0.88
priya@ashford-market.example,35-44,£25k-£50k,DE,Bavaria,Munich,Operations Manager,Manager,Operations,3,False,0.99
priya@brightwater-works.example,18-24,£50k-£100k,FR,Hauts-de-France,Lille,Marketing Manager,Manager,Marketing,4,True,0.82
priya@cedar-cloud.example,35-44,£50k-£100k,US,Illinois,Chicago,Head of Marketing,Manager,Marketing,4,False,0.94
priya@clearwater-clinics.example,45-54,£25k-£50k,UK,London,London,Operations Manager,Manager,Operations,0,True,0.64
priya@dovecote-advisory.example,35-44,£100k-£150k,US,Washington,Seattle,Demand Gen Manager,Manager,Marketing,6,True,0.95
priya@dovecote-software.example,45-54,£150k+,US,Massachusetts,Boston,Chief Revenue Officer,Director or above,Executive,4,True,0.95
priya@driftwood-engineering.example,35-44,£50k-£100k,US,Texas,Austin,Demand Gen Manager,Manager,Marketing,2,False,0.82
priya@emberly-finance.example,35-44,£50k-£100k,US,Massachusetts,Boston,Demand Gen Manager,Manager,Marketing,1,True,0.64
priya@falcon-lending.example,35-44,£25k-£50k,US,Illinois,Chicago,Operations Manager,Manager,Operations,4,False,0.7
priya@granite-care.example,35-44,£50k-£100k,FR,Ile-de-France,Paris,Sales Manager,Manager,Sales,3,True,0.84
priya@greystone-transport.example,35-44,£50k-£100k,NL,Utrecht,Utrecht,Operations Manager,Manager,Operations,1,True,0.8
priya@highgate-systems.example,45-54,£25k-£50k,UK,London,London,Sales Rep,Individual contributor,Sales,1,False,0.98
priya@inkwell-cloud.example,25-34,£25k-£50k,UK,South West,Bristol,Marketing Coordinator,Individual contributor,Marketing,4,False,0.96
priya@ivywood-health.example,18-24,£50k-£100k,NL,North Brabant,Eindhoven,Marketing Manager,Manager,Marketing,2,False,0.98
priya@juniper-education.example,35-44,£100k-£150k,DE,Berlin,Berlin,Sales Manager,Manager,Sales,4,False,0.82
priya@juniper-outfitters.example,25-34,£50k-£100k,US,Texas,Austin,Assistant,Individual contributor,Operations,1,False,0.96
priya@kelvin-insurance.example,55-64,£100k-£150k,NL,Utrecht,Utrecht,Director of Sales,Director or above,Sales,5,True,0.98
priya@kingsway-manufacturing.example,25-34,under £25k,US,California,San Francisco,Sales Rep,Individual contributor,Sales,1,True,0.94
priya@larkspur-components.example,35-44,£50k-£100k,DE,Bavaria,Munich,Sales Manager,Manager,Sales,6,True,0.91
priya@marigold-lending.example,25-34,£50k-£100k,UK,North West,Manchester,Head of Growth,Manager,Marketing,1,True,0.91
priya@northwind-tutors.example,18-24,£25k-£50k,UK,West Midlands,Birmingham,Marketing Executive,Individual contributor,Marketing,4,True,0.6
priya@oldfield-software.example,25-34,£100k-£150k,US,Texas,Austin,Sales Manager,Manager,Sales,5,True,0.66
priya@quartz-advisory.example,45-54,£100k-£150k,UK,Yorkshire,Leeds,VP Marketing,Director or above,Marketing,1,True,0.98
priya@rosewood-fabrication.example,25-34,£50k-£100k,UK,West Midlands,Birmingham,Sales Manager,Manager,Sales,6,True,0.86
priya@rosewood-stores.example,25-34,£25k-£50k,US,New York,New York,Analyst,Individual contributor,Operations,6,False,0.72
priya@silverline-lending.example,45-54,£100k-£150k,US,California,San Francisco,Sales Manager,Manager,Sales,2,False,0.65
priya@tamarind-fabrication.example,25-34,£25k-£50k,FR,Occitanie,Toulouse,Marketing Coordinator,Individual contributor,Marketing,5,False,0.97
priya@tamarind-logistics.example,25-34,£50k-£100k,DE,Hamburg,Hamburg,Sales Manager,Manager,Sales,3,False,0.85
priya@tamarind-partners.example,25-34,£25k-£50k,US,New York,New York,Marketing Coordinator,Individual contributor,Marketing,4,False,0.97
priya@umber-industries.example,25-34,£50k-£100k,US,Massachusetts,Boston,Demand Gen Manager,Manager,Marketing,1,True,0.66
priyabrown55@hotmail.example,35-44,£100k-£150k,US,Massachusetts,Boston,Marketing Manager,Manager,Marketing,2,True,0.95
priyadevries01@icloud.example,45-54,£100k-£150k,UK,West Midlands,Birmingham,Founder,Director or above,Executive,3,True,0.78
priyadubois11@gmail.example,45-54,£50k-£100k,DE,Hamburg,Hamburg,Marketing Manager,Manager,Marketing,9,True,0.91
priyaking25@hotmail.example,35-44,£25k-£50k,NL,North Brabant,Eindhoven,Head of Growth,Manager,Marketing,1,False,0.92
priyalewis14@hotmail.example,55-64,£50k-£100k,UK,North West,Manchester,Marketing Director,Director or above,Marketing,0,True,0.98
priyamiller36@gmail.example,18-24,under £25k,UK,London,London,Student,Student,Student,0,False,0.73
priyataylor17@icloud.example,45-54,£50k-£100k,UK,Yorkshire,Leeds,Head of Growth,Manager,Marketing,2,True,0.66
priyawilliams43@gmail.example,35-44,£25k-£50k,NL,South Holland,Rotterdam,Head of Growth,Manager,Marketing,3,False,0.71
r.anderson@vantage-accountants.example,25-34,under £25k,DE,Bavaria,Munich,Marketing Executive,Individual contributor,Marketing,3,True,0.67
r.brown@valley-health.example,35-44,£50k-£100k,US,California,San Francisco,Operations Manager,Manager,Operations,1,False,0.69
r.davies@aurora-pharma.example,25-34,£50k-£100k,NL,North Brabant,Eindhoven,Assistant,Individual contributor,Operations,1,False,0.69
r.davies@heron-stores.example,35-44,£50k-£100k,UK,Scotland,Edinburgh,Managing Director,Director or above,Executive,1,True,0.82
r.davies@highgate-transport.example,35-44,£100k-£150k,UK,Yorkshire,Leeds,VP Marketing,Director or above,Marketing,1,True,0.63
r.davies@vantage-accountants.example,25-34,£50k-£100k,DE,Berlin,Berlin,Marketing Executive,Individual contributor,Marketing,3,False,0.63
r.devries@granite-education.example,35-44,£100k-£150k,UK,North West,Manchester,Director of Sales,Director or above,Sales,2,False,0.66
r.dubois@tamarind-training.example,35-44,£100k-£150k,US,Washington,Seattle,CEO,Director or above,Executive,4,True,0.73
r.dubois@valley-industries.example,35-44,£25k-£50k,NL,Utrecht,Utrecht,Marketing Executive,Individual contributor,Marketing,11,False,0.8
r.evans@cedar-partners.example,45-54,£50k-£100k,DE,Hesse,Frankfurt,Head of Growth,Manager,Marketing,6,True,0.82
r.evans@highgate-consulting.example,35-44,£150k+,US,Illinois,Chicago,Head of Growth,Manager,Marketing,2,False,0.83
r.evans@willow-advisory.example,35-44,£50k-£100k,FR,Auvergne-Rhone-Alpes,Lyon,Sales Manager,Manager,Sales,2,False,0.84
r.evans@zephyr-clinics.example,45-54,£100k-£150k,UK,South West,Bristol,Marketing Director,Director or above,Marketing,1,True,0.98
r.hall@oakridge-manufacturing.example,18-24,£50k-£100k,UK,North West,Manchester,Marketing Executive,Individual contributor,Marketing,6,False,0.81
r.hall@pebble-finance.example,25-34,£100k-£150k,NL,Utrecht,Utrecht,Demand Gen Manager,Manager,Marketing,2,True,0.79
r.hughes@evergreen-software.example,45-54,£50k-£100k,UK,North West,Manchester,Head of Growth,Manager,Marketing,5,False,0.62
r.johnson@tidewater-partners.example,45-54,£100k-£150k,FR,Hauts-de-France,Lille,Director of Sales,Director or above,Sales,4,True,0.72
r.jones@fernhill-lending.example,25-34,under £25k,UK,South West,Bristol,Analyst,Individual contributor,Operations,13,False,0.66
r.jones@quayside-industries.example,35-44,£50k-£100k,UK,South West,Bristol,Head of Marketing,Manager,Marketing,0,True,0.97
r.king@larkspur-systems.example,18-24,under £25k,UK,South West,Bristol,Student,Student,Student,0,False,0.82
r.martin@highgate-associates.example,18-24,under £25k,NL,North Brabant,Eindhoven,Analyst,Individual contributor,Operations,3,False,0.79
r.martin@oakridge-industries.example,25-34,£25k-£50k,NL,North Holland,Amsterdam,Assistant,Individual contributor,Operations,2,True,0.77
r.martin@umber-consulting.example,65+,£100k-£150k,UK,London,London,CEO,Director or above,Executive,1,True,0.82
r.miller@meridian-clinics.example,25-34,£150k+,UK,Scotland,Edinburgh,Director of Sales,Director or above,Sales,3,False,0.79
r.miller@upland-associates.example,55-64,£50k-£100k,UK,North West,Manchester,Head of Growth,Manager,Marketing,2,True,0.85
r.muller@dunmore-academy.example,45-54,£150k+,US,New York,New York,Managing Director,Director or above,Executive,4,True,0.64
r.muller@saltmarsh-logistics.example,35-44,£50k-£100k,UK,West Midlands,Birmingham,Head of Growth,Manager,Marketing,1,False,0.82
r.murphy@meridian-transport.example,55-64,£150k+,US,Texas,Austin,Marketing Director,Director or above,Marketing,4,False,0.87
r.murphy@tamarind-care.example,25-34,£25k-£50k,NL,North Brabant,Eindhoven,Sales Manager,Manager,Sales,1,False,0.81
r.patel@aurora-haulage.example,45-54,£100k-£150k,FR,Auvergne-Rhone-Alpes,Lyon,Marketing Manager,Manager,Marketing,2,True,0.96
r.taylor@harbour-tutors.example,25-34,£50k-£100k,UK,Scotland,Edinburgh,Marketing Manager,Manager,Marketing,0,False,0.95
r.thompson@fernhill-shipping.example,25-34,£50k-£100k,FR,Ile-de-France,Paris,Head of Marketing,Manager,Marketing,1,True,0.64
r.thompson@inkwell-training.example,35-44,£100k-£150k,US,Illinois,Chicago,VP Marketing,Director or above,Marketing,7,True,0.64
r.thompson@ivywood-pharma.example,35-44,£100k-£150k,UK,West Midlands,Birmingham,Head of Marketing,Manager,Marketing,7,True,0.85
r.thompson@quartz-learning.example,55-64,£50k-£100k,DE,Berlin,Berlin,Chief Revenue Officer,Director or above,Executive,4,True,0.92
r.walker@redwood-outfitters.example,35-44,£50k-£100k,DE,Bavaria,Munich,Head of Marketing,Manager,Marketing,2,False,0.9
r.weber@falcon-advisory.example,45-54,£100k-£150k,US,California,San Francisco,Founder,Director or above,Executive,2,True,0.65
r.weber@inkwell-medical.example,35-44,£100k-£150k,UK,North West,Manchester,Marketing Director,Director or above,Marketing,4,True,0.96
r.weber@tidewater-clinics.example,45-54,£150k+,NL,North Brabant,Eindhoven,Marketing Director,Director or above,Marketing,1,True,0.88
r.wilson@cobalt-advisory.example,25-34,£50k-£100k,DE,Berlin,Berlin,Sales Manager,Manager,Sales,4,True,0.72
r.wright@rosewood-clinics.example,45-54,£100k-£150k,DE,Berlin,Berlin,CEO,Director or above,Executive,1,False,0.77
rdevries748@gmail.example,18-24,under £25k,US,California,San Francisco,Student,Student,Student,0,False,0.95
rgarcia551@hotmail.example,25-34,£50k-£100k,UK,Scotland,Edinburgh,Sales Rep,Individual contributor,Sales,10,True,0.87
rkhan788@hotmail.example,18-24,under £25k,FR,Auvergne-Rhone-Alpes,Lyon,Student,Student,Student,0,False,0.83
rmuller951@gmail.example,55-64,£50k-£100k,UK,Scotland,Edinburgh,Marketing Director,Director or above,Marketing,3,True,0.79
rmurphy274@hotmail.example,18-24,£50k-£100k,US,New York,New York,Analyst,Individual contributor,Operations,3,True,0.98
ruby.baker@nettlefield-capital.example,35-44,£100k-£150k,US,California,San Francisco,Director of Sales,Director or above,Sales,4,True,0.8
ruby.baker@pinecrest-stores.example,35-44,£100k-£150k,US,Massachusetts,Boston,Marketing Director,Director or above,Marketing,4,True,0.63
ruby.baker@yahoo.example,25-34,£50k-£100k,FR,Auvergne-Rhone-Alpes,Lyon,Head of Marketing,Manager,Marketing,2,False,0.83
ruby.bernard@upland-advisory.example,35-44,£50k-£100k,NL,South Holland,Rotterdam,Marketing Coordinator,Individual contributor,Marketing,3,False,0.79
ruby.brown@tidewater-wealth.example,18-24,£25k-£50k,US,Illinois,Chicago,Student,Student,Student,0,False,0.75
ruby.clarke@hotmail.example,35-44,£100k-£150k,UK,London,London,Managing Director,Director or above,Executive,3,True,0.82
ruby.davies@driftwood-industries.example,35-44,under £25k,UK,Yorkshire,Leeds,Analyst,Individual contributor,Operations,1,False,0.65
ruby.davies@granite-transport.example,45-54,£50k-£100k,FR,Ile-de-France,Paris,Head of Marketing,Manager,Marketing,3,True,0.63
ruby.devries@clearwater-shipping.example,18-24,£25k-£50k,UK,Yorkshire,Leeds,Assistant,Individual contributor,Operations,4,False,0.77
ruby.devries@umber-insurance.example,18-24,£25k-£50k,US,Illinois,Chicago,Marketing Executive,Individual contributor,Marketing,2,True,0.85
ruby.dubois@ivywood-digital.example,55-64,£50k-£100k,NL,North Brabant,Eindhoven,CEO,Director or above,Executive,2,False,0.92
ruby.evans@icloud.example,35-44,£25k-£50k,US,Massachusetts,Boston,Operations Manager,Manager,Operations,7,True,0.73
ruby.evans@northwind-works.example,35-44,£25k-£50k,UK,Scotland,Edinburgh,Head of Marketing,Manager,Marketing,1,False,0.6
ruby.evans@stonebridge-trading.example,35-44,£25k-£50k,NL,South Holland,Rotterdam,Marketing Manager,Manager,Marketing,2,True,0.95
ruby.evans@yahoo.example,25-34,£50k-£100k,DE,Hesse,Frankfurt,Sales Rep,Individual contributor,Sales,3,False,0.6
ruby.garcia@ironbridge-industries.example,35-44,£150k+,US,Texas,Austin,Marketing Director,Director or above,Marketing,2,True,0.95
ruby.green@willow-fabrication.example,25-34,£100k-£150k,US,California,San Francisco,Marketing Manager,Manager,Marketing,1,True,0.8
ruby.hall@hotmail.example,25-34,£25k-£50k,US,New York,New York,Student,Student,Student,0,False,0.64
ruby.hall@moorland-learning.example,25-34,£50k-£100k,UK,Yorkshire,Leeds,Operations Manager,Manager,Operations,3,True,0.97
ruby.hall@upland-engineering.example,35-44,under £25k,UK,West Midlands,Birmingham,Analyst,Individual contributor,Operations,4,False,0.69
ruby.hughes@saltmarsh-software.example,18-24,under £25k,UK,North West,Manchester,Student,Student,Student,0,True,0.64
ruby.jansen@brightwater-recruitment.example,25-34,£50k-£100k,US,Washington,Seattle,Marketing Executive,Individual contributor,Marketing,5,False,0.64
ruby.jansen@westbrook-capital.example,25-34,under £25k,DE,Hamburg,Hamburg,Sales Rep,Individual contributor,Sales,1,True,0.98
ruby.johnson@pebble-haulage.example,25-34,£50k-£100k,US,Massachusetts,Boston,Marketing Coordinator,Individual contributor,Marketing,9,False,0.64
ruby.king@driftwood-components.example,25-34,£25k-£50k,FR,Occitanie,Toulouse,Marketing Coordinator,Individual contributor,Marketing,4,False,0.64
ruby.king@kestrel-trading.example,25-34,£50k-£100k,US,California,San Francisco,Analyst,Individual contributor,Operations,4,False,0.95
ruby.lewis@outlook.example,45-54,£100k-£150k,US,Illinois,Chicago,Founder,Director or above,Executive,2,False,0.61
ruby.martin@emberly-systems.example,25-34,under £25k,UK,North West,Manchester,Marketing Coordinator,Individual contributor,Marketing,6,False,0.89
ruby.moore@cobalt-pharma.example,18-24,under £25k,US,Illinois,Chicago,Student,Student,Student,0,False,0.83
ruby.muller@nimbus-goods.example,35-44,£150k+,US,Illinois,Chicago,VP Marketing,Director or above,Marketing,4,False,0.75
ruby.patel@cedar-medical.example,45-54,£100k-£150k,FR,Auvergne-Rhone-Alpes,Lyon,Marketing Director,Director or above,Marketing,10,True,0.68
ruby.roberts@dunmore-recruitment.example,45-54,£50k-£100k,UK,Scotland,Edinburgh,Sales Manager,Manager,Sales,2,True,0.86
ruby.roberts@thornbury-education.example,35-44,£100k-£150k,UK,South West,Bristol,Marketing Manager,Manager,Marketing,1,False,0.79
ruby.scott@evergreen-training.example,25-34,£25k-£50k,UK,North West,Manchester,Marketing Coordinator,Individual contributor,Marketing,5,True,0.91
ruby.smith@alder-finance.example,18-24,£25k-£50k,US,Massachusetts,Boston,Marketing Executive,Individual contributor,Marketing,4,True,0.9
ruby.smith@dovecote-learning.example,45-54,£100k-£150k,FR,Auvergne-Rhone-Alpes,Lyon,Founder,Director or above,Executive,7,True,0.85
ruby.smith@emberly-associates.example,25-34,£50k-£100k,UK,Scotland,Edinburgh,Operations Manager,Manager,Operations,16,False,0.95
ruby.smith@saltmarsh-learning.example,25-34,£25k-£50k,US,Illinois,Chicago,Marketing Executive,Individual contributor,Marketing,2,True,0.72
ruby.taylor@kestrel-software.example,35-44,£25k-£50k,NL,North Holland,Amsterdam,Sales Rep,Individual contributor,Sales,5,False,0.97
ruby.walker@aurora-couriers.example,35-44,£25k-£50k,UK,North West,Manchester,Operations Manager,Manager,Operations,3,True,0.64
ruby.walker@keystone-manufacturing.example,45-54,£50k-£100k,FR,Ile-de-France,Paris,Director of Sales,Director or above,Sales,1,True,0.75
ruby.weber@foxglove-education.example,35-44,£50k-£100k,DE,Bavaria,Munich,Head of Marketing,Manager,Marketing,1,False,0.61
ruby.weber@rosewood-components.example,25-34,£50k-£100k,UK,West Midlands,Birmingham,Head of Growth,Manager,Marketing,5,False,0.92
ruby.weber@stonebridge-trading.example,35-44,£100k-£150k,NL,South Holland,Rotterdam,Chief Revenue Officer,Director or above,Executive,2,True,0.91
ruby.weber@zephyr-associates.example,25-34,£25k-£50k,US,Washington,Seattle,Assistant,Individual contributor,Operations,4,False,0.85
ruby.white@emberly-market.example,25-34,£25k-£50k,US,Massachusetts,Boston,Marketing Executive,Individual contributor,Marketing,6,True,0.84
ruby.wilson@beacon-couriers.example,45-54,£50k-£100k,US,Illinois,Chicago,Operations Manager,Manager,Operations,2,False,0.66
ruby.wilson@emberly-transport.example,35-44,£25k-£50k,US,New York,New York,Assistant,Individual contributor,Operations,1,False,0.67
ruby.wilson@tamarind-software.example,25-34,£100k-£150k,UK,Scotland,Edinburgh,Head of Marketing,Manager,Marketing,5,True,0.83
ruby.wright@nettlefield-manufacturing.example,35-44,£50k-£100k,US,California,San Francisco,Demand Gen Manager,Manager,Marketing,2,False,0.9
ruby.wright@zephyr-insurance.example,25-34,£25k-£50k,NL,North Holland,Amsterdam,Marketing Executive,Individual contributor,Marketing,3,False,0.65
ruby.young@rosewood-clinics.example,35-44,£50k-£100k,DE,Hesse,Frankfurt,Operations Manager,Manager,Operations,4,True,0.85
ruby@aurora-goods.example,18-24,£50k-£100k,US,New York,New York,Assistant,Individual contributor,Operations,3,False,0.7
ruby@aurora-health.example,35-44,£25k-£50k,NL,Utrecht,Utrecht,Head of Marketing,Manager,Marketing,2,False,0.72
ruby@beacon-legal.example,25-34,£50k-£100k,NL,South Holland,Rotterdam,Head of Marketing,Manager,Marketing,2,False,0.77
ruby@bramble-advisory.example,25-34,£100k-£150k,UK,Yorkshire,Leeds,VP Marketing,Director or above,Marketing,5,True,0.61
ruby@brightwater-lending.example,25-34,£50k-£100k,DE,Bavaria,Munich,Marketing Coordinator,Individual contributor,Marketing,14,True,0.75
ruby@brightwater-stores.example,18-24,£50k-£100k,FR,Ile-de-France,Paris,Marketing Executive,Individual contributor,Marketing,9,False,0.74
ruby@cedar-industries.example,35-44,£100k-£150k,US,New York,New York,Marketing Manager,Manager,Marketing,0,False,0.92
ruby@dovecote-software.example,35-44,£50k-£100k,US,Washington,Seattle,Marketing Director,Director or above,Marketing,4,True,0.65
ruby@driftwood-logistics.example,25-34,£50k-£100k,NL,North Brabant,Eindhoven,Analyst,Individual contributor,Operations,5,False,0.97
ruby@elmstead-outfitters.example,25-34,£25k-£50k,DE,Berlin,Berlin,Assistant,Individual contributor,Operations,1,False,0.95
ruby@emberly-couriers.example,25-34,£25k-£50k,US,Washington,Seattle,Marketing Executive,Individual contributor,Marketing,4,True,0.71
ruby@emberly-manufacturing.example,18-24,under £25k,UK,North West,Manchester,Marketing Executive,Individual contributor,Marketing,0,True,0.76
ruby@evergreen-college.example,25-34,£25k-£50k,FR,Occitanie,Toulouse,Sales Rep,Individual contributor,Sales,0,True,0.83
ruby@falcon-logistics.example,45-54,£100k-£150k,US,Washington,Seattle,Chief Revenue Officer,Director or above,Executive,6,False,0.61
ruby@foxglove-components.example,18-24,£50k-£100k,DE,Hamburg,Hamburg,Sales Manager,Manager,Sales,5,True,0.79
ruby@foxglove-education.example,25-34,£50k-£100k,DE,Berlin,Berlin,Demand Gen Manager,Manager,Marketing,5,False,0.84
ruby@granite-engineering.example,25-34,£100k-£150k,DE,Hesse,Frankfurt,Marketing Manager,Manager,Marketing,10,True,0.65
ruby@granite-trading.example,35-44,£100k-£150k,NL,North Brabant,Eindhoven,Head of Marketing,Manager,Marketing,2,True,0.83
ruby@hawthorn-shipping.example,25-34,£25k-£50k,US,California,San Francisco,Marketing Manager,Manager,Marketing,2,True,0.77
ruby@highgate-associates.example,35-44,£50k-£100k,NL,South Holland,Rotterdam,Sales Manager,Manager,Sales,0,False,0.83
ruby@inkwell-cloud.example,25-34,£50k-£100k,UK,London,London,Marketing Coordinator,Individual contributor,Marketing,5,False,0.7
ruby@ironbridge-insurance.example,25-34,£100k-£150k,UK,South West,Bristol,Marketing Manager,Manager,Marketing,3,True,0.87
ruby@ivywood-digital.example,55-64,£150k+,NL,North Holland,Amsterdam,VP Marketing,Director or above,Marketing,5,True,0.69
ruby@ivywood-retail.example,18-24,£25k-£50k,US,New York,New York,Analyst,Individual contributor,Operations,2,True,0.93
ruby@jasper-partners.example,55-64,£150k+,US,California,San Francisco,Marketing Director,Director or above,Marketing,10,True,0.99
ruby@juniper-recruitment.example,45-54,£150k+,US,Washington,Seattle,Marketing Director,Director or above,Marketing,3,False,0.87
ruby@kelvin-couriers.example,45-54,£100k-£150k,UK,South West,Bristol,CEO,Director or above,Executive,2,False,0.98
ruby@kestrel-labs.example,25-34,£50k-£100k,US,Texas,Austin,Demand Gen Manager,Manager,Marketing,1,True,0.72
ruby@lantern-dental.example,18-24,£25k-£50k,UK,North West,Manchester,Analyst,Individual contributor,Operations,3,False,0.72
ruby@larkspur-retail.example,45-54,£25k-£50k,UK,North West,Manchester,Operations Manager,Manager,Operations,8,True,0.83
ruby@nettlefield-advisory.example,35-44,£25k-£50k,NL,North Brabant,Eindhoven,Marketing Executive,Individual contributor,Marketing,1,False,0.74
ruby@nettlefield-outfitters.example,25-34,£50k-£100k,UK,Scotland,Edinburgh,Head of Growth,Manager,Marketing,1,False,0.74
ruby@nimbus-health.example,25-34,£25k-£50k,US,New York,New York,Marketing Executive,Individual contributor,Marketing,6,False,0.86
ruby@oakridge-fabrication.example,18-24,under £25k,DE,Hamburg,Hamburg,Student,Student,Student,0,False,0.87
ruby@quartz-care.example,35-44,£50k-£100k,US,Massachusetts,Boston,Founder,Director or above,Executive,1,True,0.69
ruby@quartz-labs.example,45-54,£100k-£150k,UK,Yorkshire,Leeds,Managing Director,Director or above,Executive,4,True,0.69
ruby@quayside-components.example,25-34,£25k-£50k,US,Illinois,Chicago,Head of Growth,Manager,Marketing,1,False,0.6
ruby@riverside-market.example,35-44,£50k-£100k,NL,Utrecht,Utrecht,Chief Revenue Officer,Director or above,Executive,4,True,0.88
ruby@riverside-tutors.example,25-34,£150k+,US,Illinois,Chicago,Demand Gen Manager,Manager,Marketing,3,False,0.76
ruby@rosewood-shipping.example,25-34,£50k-£100k,US,New York,New York,Demand Gen Manager,Manager,Marketing,5,True,0.63
ruby@saltmarsh-wealth.example,25-34,£50k-£100k,DE,Bavaria,Munich,Head of Marketing,Manager,Marketing,2,True,0.7
ruby@tamarind-care.example,25-34,£25k-£50k,NL,North Brabant,Eindhoven,Sales Rep,Individual contributor,Sales,3,True,0.72
ruby@umber-manufacturing.example,45-54,£50k-£100k,US,California,San Francisco,Sales Rep,Individual contributor,Sales,1,False,0.81
ruby@umber-wealth.example,35-44,£25k-£50k,NL,Utrecht,Utrecht,Head of Growth,Manager,Marketing,4,True,0.78
ruby@upland-advisory.example,25-34,£50k-£100k,NL,South Holland,Rotterdam,Head of Marketing,Manager,Marketing,1,False,0.95
ruby@upland-data.example,18-24,£25k-£50k,UK,North West,Manchester,Marketing Coordinator,Individual contributor,Marketing,3,True,0.9
ruby@valley-couriers.example,25-34,£25k-£50k,US,California,San Francisco,Sales Manager,Manager,Sales,1,True,0.95
ruby@vantage-college.example,18-24,£50k-£100k,UK,Yorkshire,Leeds,Operations Manager,Manager,Operations,0,True,0.77
ruby@westbrook-couriers.example,35-44,£100k-£150k,UK,North West,Manchester,Head of Marketing,Manager,Marketing,1,False,0.92
ruby@westbrook-data.example,35-44,£50k-£100k,DE,Hesse,Frankfurt,Sales Manager,Manager,Sales,1,False,0.84
ruby@westbrook-trading.example,45-54,£25k-£50k,UK,Scotland,Edinburgh,Marketing Manager,Manager,Marketing,0,False,0.78
ruby@westbrook-tutors.example,35-44,£25k-£50k,UK,Scotland,Edinburgh,Marketing Coordinator,Individual contributor,Marketing,4,True,0.75
rubyevans56@outlook.example,18-24,under £25k,UK,London,London,Student,Student,Student,0,False,0.83
rubygarcia78@outlook.example,25-34,under £25k,UK,North West,Manchester,Marketing Manager,Manager,Marketing,12,True,0.63
rubyjones41@gmail.example,25-34,under £25k,UK,West Midlands,Birmingham,Analyst,Individual contributor,Operations,3,False,0.95
rubykhan86@yahoo.example,25-34,£50k-£100k,UK,South West,Bristol,Operations Manager,Manager,Operations,6,False,0.92
rubymartin90@gmail.example,18-24,under £25k,NL,South Holland,Rotterdam,Student,Student,Student,0,False,0.94
rubymuller16@icloud.example,25-34,under £25k,US,Massachusetts,Boston,Marketing Executive,Individual contributor,Marketing,5,True,0.97
rubymuller62@gmail.example,35-44,£50k-£100k,NL,Utrecht,Utrecht,Demand Gen Manager,Manager,Marketing,9,False,0.84
rubywilliams63@outlook.example,35-44,£25k-£50k,FR,Hauts-de-France,Lille,Head of Growth,Manager,Marketing,2,False,0.61
rubywilliams94@outlook.example,18-24,£25k-£50k,NL,Utrecht,Utrecht,Student,Student,Student,0,True,0.81
rubywood48@hotmail.example,45-54,£100k-£150k,UK,London,London,VP Marketing,Director or above,Marketing,3,True,0.65
rwilliams294@yahoo.example,25-34,£25k-£50k,US,Texas,Austin,Marketing Coordinator,Individual contributor,Marketing,1,False,0.86
rwright068@outlook.example,45-54,£150k+,FR,Auvergne-Rhone-Alpes,Lyon,Managing Director,Director or above,Executive,1,True,0.61
s.anderson@kingsway-care.example,45-54,£100k-£150k,US,Texas,Austin,Director of Sales,Director or above,Sales,1,True,0.66
s.anderson@pennine-capital.example,35-44,£50k-£100k,FR,Hauts-de-France,Lille,Sales Rep,Individual contributor,Sales,2,False,0.67
s.anderson@pinecrest-components.example,45-54,under £25k,UK,West Midlands,Birmingham,Marketing Coordinator,Individual contributor,Marketing,2,False,0.72
s.anderson@umber-goods.example,18-24,£25k-£50k,FR,Occitanie,Toulouse,Operations Manager,Manager,Operations,2,False,0.82
s.baker@glenmoor-clinics.example,25-34,£50k-£100k,DE,Hamburg,Hamburg,Operations Manager,Manager,Operations,7,False,0.61
s.baker@glenmoor-freight.example,25-34,£25k-£50k,UK,Yorkshire,Leeds,Assistant,Individual contributor,Operations,2,True,0.97
s.baker@nettlefield-consulting.example,45-54,£50k-£100k,US,New York,New York,Operations Manager,Manager,Operations,3,True,0.95
s.baker@yarrow-goods.example,55-64,£100k-£150k,US,Washington,Seattle,VP Marketing,Director or above,Marketing,1,True,0.84
s.bernard@granite-education.example,35-44,under £25k,UK,South West,Bristol,Assistant,Individual contributor,Operations,1,True,0.88
s.bernard@granite-haulage.example,35-44,£50k-£100k,UK,Scotland,Edinburgh,Operations Manager,Manager,Operations,1,False,0.71
s.bernard@ivywood-learning.example,25-34,£25k-£50k,DE,Hesse,Frankfurt,Assistant,Individual contributor,Operations,2,True,0.73
s.brown@glenmoor-consulting.example,45-54,£50k-£100k,FR,Ile-de-France,Paris,Chief Revenue Officer,Director or above,Executive,3,True,0.6
s.clarke@cedar-cloud.example,25-34,£25k-£50k,US,Massachusetts,Boston,Analyst,Individual contributor,Operations,1,False,0.82
s.clarke@willow-health.example,45-54,£100k-£150k,US,Massachusetts,Boston,Demand Gen Manager,Manager,Marketing,3,True,0.71
s.davies@alder-fabrication.example,35-44,£100k-£150k,DE,Berlin,Berlin,CEO,Director or above,Executive,2,True,0.64
s.davies@beacon-software.example,25-34,£100k-£150k,DE,Hesse,Frankfurt,Marketing Manager,Manager,Marketing,9,True,0.79
s.davies@cedar-wealth.example,35-44,£50k-£100k,UK,West Midlands,Birmingham,Demand Gen Manager,Manager,Marketing,3,True,0.81
s.davies@orchard-stores.example,45-54,£150k+,UK,Yorkshire,Leeds,Director of Sales,Director or above,Sales,3,True,0.92
s.davies@pebble-works.example,35-44,£50k-£100k,US,Washington,Seattle,Head of Marketing,Manager,Marketing,4,True,0.94
s.devries@brightwater-lending.example,35-44,£25k-£50k,DE,Berlin,Berlin,Marketing Coordinator,Individual contributor,Marketing,2,False,0.98
s.devries@silverline-shipping.example,18-24,under £25k,UK,West Midlands,Birmingham,Marketing Coordinator,Individual contributor,Marketing,1,False,0.77
s.dubois@highgate-goods.example,18-24,£25k-£50k,US,California,San Francisco,Analyst,Individual contributor,Operations,1,True,0.68
s.dubois@kingsway-freight.example,25-34,£25k-£50k,US,Washington,Seattle,Assistant,Individual contributor,Operations,1,False,0.7
s.evans@clearwater-lending.example,35-44,£50k-£100k,US,Illinois,Chicago,CEO,Director or above,Executive,1,True,0.75
s.evans@kelvin-digital.example,45-54,£50k-£100k,UK,South West,Bristol,Head of Growth,Manager,Marketing,7,True,0.77
s.evans@moorland-components.example,25-34,£150k+,UK,South West,Bristol,Director of Sales,Director or above,Sales,3,True,0.95
s.evans@vantage-fabrication.example,25-34,£50k-£100k,FR,Auvergne-Rhone-Alpes,Lyon,Operations Manager,Manager,Operations,3,False,0.74
s.evans@yarrow-transport.example,35-44,£100k-£150k,US,California,San Francisco,CEO,Director or above,Executive,2,True,0.72
s.garcia@ashford-dental.example,35-44,£150k+,US,Washington,Seattle,CEO,Director or above,Executive,3,True,0.87
s.garcia@oakridge-transport.example,35-44,£50k-£100k,UK,West Midlands,Birmingham,Demand Gen Manager,Manager,Marketing,3,False,0.61
s.garcia@silverline-transport.example,35-44,£50k-£100k,FR,Ile-de-France,Paris,Marketing Manager,Manager,Marketing,3,True,0.87
s.green@ashford-consulting.example,25-34,under £25k,US,New York,New York,Assistant,Individual contributor,Operations,9,False,0.67
s.green@harbour-goods.example,25-34,under £25k,UK,South West,Bristol,Assistant,Individual contributor,Operations,9,False,0.8
s.green@kestrel-engineering.example,55-64,£50k-£100k,UK,West Midlands,Birmingham,Marketing Director,Director or above,Marketing,2,True,0.67
s.green@riverside-digital.example,35-44,£100k-£150k,US,Washington,Seattle,Head of Growth,Manager,Marketing,11,False,0.95
s.hall@greystone-lending.example,35-44,£50k-£100k,UK,London,London,Head of Growth,Manager,Marketing,3,True,0.64
s.hall@ivywood-health.example,35-44,£50k-£100k,NL,North Brabant,Eindhoven,Sales Manager,Manager,Sales,3,True,0.91
s.hall@nettlefield-works.example,45-54,£25k-£50k,NL,Utrecht,Utrecht,Sales Manager,Manager,Sales,5,False,0.87
s.hall@northwind-health.example,35-44,£25k-£50k,FR,Hauts-de-France,Lille,Operations Manager,Manager,Operations,2,False,0.85
s.hall@pennine-clinics.example,35-44,£150k+,FR,Ile-de-France,Paris,Chief Revenue Officer,Director or above,Executive,4,True,0.88
s.hall@yarrow-engineering.example,25-34,£25k-£50k,US,California,San Francisco,Marketing Coordinator,Individual contributor,Marketing,6,False,0.75
s.hughes@upland-academy.example,45-54,£150k+,US,Massachusetts,Boston,CEO,Director or above,Executive,1,True,0.95
s.hughes@willow-tutors.example,45-54,£100k-£150k,US,Texas,Austin,Head of Marketing,Manager,Marketing,13,False,0.95
s.jansen@bluebell-accountants.example,45-54,£50k-£100k,FR,Hauts-de-France,Lille,Marketing Director,Director or above,Marketing,5,True,0.64
s.jansen@elmstead-medical.example,35-44,£25k-£50k,DE,Hamburg,Hamburg,Assistant,Individual contributor,Operations,3,False,0.76
s.jansen@kestrel-components.example,35-44,£50k-£100k,US,California,San Francisco,Operations Manager,Manager,Operations,3,True,0.91
s.johnson@harbour-trading.example,35-44,£50k-£100k,DE,Hesse,Frankfurt,Sales Manager,Manager,Sales,6,False,0.66
s.johnson@vantage-academy.example,35-44,£50k-£100k,US,Texas,Austin,Head of Marketing,Manager,Marketing,3,False,0.9
s.jones@oldfield-works.example,35-44,£150k+,US,Illinois,Chicago,Demand Gen Manager,Manager,Marketing,6,True,0.75
s.khan@alder-trading.example,25-34,£25k-£50k,US,Texas,Austin,Marketing Coordinator,Individual contributor,Marketing,4,False,0.72
s.khan@brightwater-academy.example,25-34,£25k-£50k,DE,Berlin,Berlin,Marketing Executive,Individual contributor,Marketing,2,True,0.66
s.khan@dovecote-logistics.example,25-34,£25k-£50k,UK,London,London,Assistant,Individual contributor,Operations,1,False,0.75
s.khan@inkwell-wealth.example,25-34,under £25k,NL,North Brabant,Eindhoven,Sales Rep,Individual contributor,Sales,4,False,0.86
s.khan@orchard-clinics.example,25-34,£100k-£150k,US,Texas,Austin,Analyst,Individual contributor,Operations,3,False,0.98
s.king@bluebell-stores.example,45-54,£50k-£100k,DE,Hesse,Frankfurt,Sales Manager,Manager,Sales,1,True,0.63
s.king@cedar-freight.example,45-54,£25k-£50k,DE,Berlin,Berlin,Sales Manager,Manager,Sales,4,True,0.98
s.king@cedar-industries.example,55-64,£50k-£100k,US,Washington,Seattle,Managing Director,Director or above,Executive,7,True,0.71
s.king@granite-wealth.example,35-44,£25k-£50k,FR,Hauts-de-France,Lille,Marketing Executive,Individual contributor,Marketing,1,True,0.87
s.lewis@lindenwood-software.example,25-34,£100k-£150k,US,New York,New York,Operations Manager,Manager,Operations,2,True,0.84
s.lewis@saltmarsh-health.example,25-34,£100k-£150k,US,Texas,Austin,Sales Manager,Manager,Sales,3,False,0.92
s.lewis@westbrook-college.example,25-34,£50k-£100k,DE,Hesse,Frankfurt,Marketing Executive,Individual contributor,Marketing,1,False,0.86
s.martin@ashford-pharma.example,18-24,£50k-£100k,UK,London,London,Head of Growth,Manager,Marketing,2,True,0.67
s.martin@driftwood-education.example,35-44,£50k-£100k,US,California,San Francisco,Marketing Executive,Individual contributor,Marketing,3,True,0.74
s.martin@evergreen-systems.example,18-24,£50k-£100k,US,California,San Francisco,Marketing Executive,Individual contributor,Marketing,3,True,0.81
s.martin@thornbury-transport.example,25-34,under £25k,FR,Occitanie,Toulouse,Sales Rep,Individual contributor,Sales,1,True,0.94
s.miller@clearwater-lending.example,35-44,£50k-£100k,US,Illinois,Chicago,Marketing Coordinator,Individual contributor,Marketing,1,False,0.71
s.miller@emberly-market.example,55-64,£150k+,US,New York,New York,Managing Director,Director or above,Executive,3,True,0.9
s.miller@pennine-learning.example,35-44,£50k-£100k,DE,Bavaria,Munich,Sales Manager,Manager,Sales,2,False,0.97
s.miller@tamarind-care.example,25-34,£50k-£100k,NL,North Holland,Amsterdam,CEO,Director or above,Executive,1,True,0.99
s.moore@brightwater-associates.example,45-54,£150k+,US,Texas,Austin,VP Marketing,Director or above,Marketing,1,True,0.75
s.moore@evergreen-clinics.example,45-54,£100k-£150k,US,Massachusetts,Boston,Managing Director,Director or above,Executive,2,True,0.69
s.moore@hawthorn-pharma.example,55-64,£150k+,NL,North Brabant,Eindhoven,Managing Director,Director or above,Executive,3,True,0.69
s.moore@pinecrest-care.example,35-44,£100k-£150k,US,New York,New York,Operations Manager,Manager,Operations,2,True,0.86
s.muller@quartz-academy.example,25-34,£25k-£50k,DE,Berlin,Berlin,Sales Rep,Individual contributor,Sales,2,False,0.79
s.muller@vantage-partners.example,45-54,£150k+,US,Massachusetts,Boston,Head of Growth,Manager,Marketing,1,False,0.84
s.muller@yarrow-works.example,25-34,£25k-£50k,US,Washington,Seattle,Demand Gen Manager,Manager,Marketing,5,True,0.69
s.murphy@emberly-market.example,35-44,£50k-£100k,US,Massachusetts,Boston,Marketing Manager,Manager,Marketing,2,True,0.81
s.murphy@thornbury-associates.example,45-54,£50k-£100k,UK,South West,Bristol,Operations Manager,Manager,Operations,1,True,0.89
s.murphy@thornbury-transport.example,35-44,£50k-£100k,FR,Hauts-de-France,Lille,Head of Marketing,Manager,Marketing,0,True,0.96
s.patel@brightwater-lending.example,35-44,£25k-£50k,DE,Hesse,Frankfurt,Sales Rep,Individual contributor,Sales,2,True,0.66
s.patel@cedar-engineering.example,35-44,£50k-£100k,DE,Hesse,Frankfurt,Demand Gen Manager,Manager,Marketing,12,False,0.65
s.patel@dovecote-industries.example,18-24,under £25k,FR,Occitanie,Toulouse,Student,Student,Student,0,True,0.91
s.patel@foxglove-dental.example,35-44,£50k-£100k,FR,Hauts-de-France,Lille,CEO,Director or above,Executive,1,False,0.65
s.patel@kestrel-software.example,25-34,£25k-£50k,NL,North Brabant,Eindhoven,Analyst,Individual contributor,Operations,1,False,0.65
s.patel@lindenwood-medical.example,35-44,£100k-£150k,DE,Berlin,Berlin,Sales Manager,Manager,Sales,3,False,0.87
s.patel@oakridge-transport.example,35-44,£50k-£100k,UK,London,London,Sales Manager,Manager,Sales,5,True,0.62
s.roberts@falcon-haulage.example,35-44,£50k-£100k,NL,Utrecht,Utrecht,Demand Gen Manager,Manager,Marketing,6,False,0.89
s.roberts@fernhill-health.example,55-64,£150k+,US,Massachusetts,Boston,Managing Director,Director or above,Executive,2,False,0.96
s.roberts@zephyr-outfitters.example,55-64,£150k+,US,Texas,Austin,Director of Sales,Director or above,Sales,1,True,0.7
s.schmidt@dovecote-outfitters.example,35-44,£100k-£150k,US,Washington,Seattle,Head of Growth,Manager,Marketing,4,False,0.7
s.schmidt@fernhill-tutors.example,25-34,£50k-£100k,UK,North West,Manchester,Marketing Manager,Manager,Marketing,2,True,0.62
s.schmidt@redwood-training.example,35-44,£25k-£50k,FR,Occitanie,Toulouse,Operations Manager,Manager,Operations,3,False,0.76
s.schmidt@silverline-industries.example,25-34,£25k-£50k,NL,South Holland,Rotterdam,Analyst,Individual contributor,Operations,1,True,0.94
s.schmidt@silverline-logistics.example,45-54,£150k+,US,California,San Francisco,Founder,Director or above,Executive,1,False,0.82
s.schmidt@zephyr-wealth.example,35-44,£100k-£150k,US,Texas,Austin,Demand Gen Manager,Manager,Marketing,5,False,0.88
s.scott@greystone-transport.example,18-24,under £25k,NL,North Holland,Amsterdam,Assistant,Individual contributor,Operations,3,False,0.94
s.scott@hawthorn-associates.example,35-44,£100k-£150k,US,Massachusetts,Boston,Chief Revenue Officer,Director or above,Executive,1,True,0.7
s.scott@keystone-market.example,35-44,£150k+,DE,Berlin,Berlin,Director of Sales,Director or above,Sales,6,True,0.94
s.scott@pebble-digital.example,25-34,£100k-£150k,UK,Scotland,Edinburgh,Marketing Manager,Manager,Marketing,4,False,0.81
s.smith@marigold-labs.example,45-54,£100k-£150k,FR,Auvergne-Rhone-Alpes,Lyon,Head of Marketing,Manager,Marketing,3,True,0.89
s.smith@oakridge-fabrication.example,18-24,under £25k,DE,Berlin,Berlin,Student,Student,Student,0,False,0.91
s.taylor@kingsway-medical.example,25-34,£25k-£50k,UK,West Midlands,Birmingham,Analyst,Individual contributor,Operations,1,True,0.65
s.taylor@nettlefield-transport.example,25-34,£50k-£100k,US,Illinois,Chicago,Sales Manager,Manager,Sales,4,False,0.87
s.thompson@glenmoor-tutors.example,35-44,£50k-£100k,FR,Ile-de-France,Paris,Head of Growth,Manager,Marketing,5,True,0.84
s.thompson@redwood-college.example,45-54,£100k-£150k,US,California,San Francisco,CEO,Director or above,Executive,8,True,0.97
s.thompson@silverline-freight.example,35-44,£25k-£50k,UK,West Midlands,Birmingham,Head of Marketing,Manager,Marketing,5,True,0.64
s.walker@hawthorn-academy.example,25-34,£50k-£100k,FR,Occitanie,Toulouse,Sales Manager,Manager,Sales,0,True,0.96
s.walker@norfolk-manufacturing.example,25-34,£100k-£150k,FR,Ile-de-France,Paris,Head of Marketing,Manager,Marketing,4,False,0.7
s.walker@upland-works.example,35-44,£50k-£100k,FR,Hauts-de-France,Lille,Managing Director,Director or above,Executive,2,True,0.97
s.weber@hawthorn-consulting.example,35-44,£50k-£100k,FR,Occitanie,Toulouse,Demand Gen Manager,Manager,Marketing,2,True,0.89
s.weber@ivywood-college.example,45-54,£25k-£50k,US,Washington,Seattle,Marketing Coordinator,Individual contributor,Marketing,1,False,0.86
s.weber@quartz-trading.example,25-34,£25k-£50k,DE,Hesse,Frankfurt,Sales Rep,Individual contributor,Sales,4,False,0.95
s.white@ironbridge-associates.example,25-34,£50k-£100k,US,Washington,Seattle,Marketing Coordinator,Individual contributor,Marketing,4,True,0.96
s.white@norfolk-logistics.example,35-44,£100k-£150k,UK,Yorkshire,Leeds,Marketing Director,Director or above,Marketing,7,True,0.68
s.white@silverline-industries.example,25-34,£100k-£150k,NL,North Holland,Amsterdam,Marketing Manager,Manager,Marketing,1,True,0.78
s.white@willow-lending.example,25-34,£150k+,FR,Hauts-de-France,Lille,Chief Revenue Officer,Director or above,Executive,4,True,0.88
s.williams@juniper-capital.example,25-34,£50k-£100k,UK,London,London,Head of Growth,Manager,Marketing,3,True,0.67
s.wilson@yarrow-industries.example,25-34,£50k-£100k,US,New York,New York,Marketing Coordinator,Individual contributor,Marketing,2,False,0.83
s.wood@heron-capital.example,35-44,under £25k,UK,South West,Bristol,Marketing Executive,Individual contributor,Marketing,5,True,0.71
s.wood@kingsway-associates.example,25-34,£100k-£150k,UK,South West,Bristol,Head of Growth,Manager,Marketing,4,True,0.76
s.wright@beacon-couriers.example,18-24,under £25k,US,Texas,Austin,Analyst,Individual contributor,Operations,7,False,0.98
s.wright@moorland-software.example,25-34,£25k-£50k,UK,London,London,Sales Rep,Individual contributor,Sales,3,True,0.83
s.wright@northwind-software.example,25-34,£25k-£50k,NL,North Brabant,Eindhoven,Marketing Coordinator,Individual contributor,Marketing,0,False,0.82
s.wright@orchard-haulage.example,25-34,£50k-£100k,UK,South West,Bristol,Assistant,Individual contributor,Operations,2,False,0.81
s.young@brightwater-cloud.example,25-34,£100k-£150k,UK,South West,Bristol,Sales Manager,Manager,Sales,3,True,0.66
s.young@dunmore-legal.example,35-44,£150k+,FR,Ile-de-France,Paris,Managing Director,Director or above,Executive,1,True,0.72
s.young@evergreen-tutors.example,18-24,£25k-£50k,US,New York,New York,Student,Student,Student,0,False,0.72
s.young@pebble-advisory.example,55-64,£100k-£150k,DE,Hesse,Frankfurt,VP Marketing,Director or above,Marketing,1,True,0.69
samuel.anderson@norfolk-advisory.example,25-34,under £25k,US,New York,New York,Sales Rep,Individual contributor,Sales,2,True,0.83
samuel.baker@bluebell-transport.example,35-44,£100k-£150k,NL,South Holland,Rotterdam,Sales Manager,Manager,Sales,1,True,0.83
samuel.baker@fernhill-insurance.example,55-64,£50k-£100k,FR,Ile-de-France,Paris,CEO,Director or above,Executive,4,False,0.77
samuel.baker@oldfield-consulting.example,45-54,£100k-£150k,UK,South West,Bristol,Marketing Manager,Manager,Marketing,4,True,0.98
samuel.bakker@falcon-learning.example,35-44,£50k-£100k,US,Illinois,Chicago,Sales Manager,Manager,Sales,2,True,0.79
samuel.bakker@granite-legal.example,25-34,£50k-£100k,UK,North West,Manchester,Analyst,Individual contributor,Operations,3,False,0.77
samuel.bakker@harbour-learning.example,45-54,£25k-£50k,UK,Scotland,Edinburgh,Marketing Manager,Manager,Marketing,7,False,0.84
samuel.bakker@norfolk-works.example,25-34,£100k-£150k,US,California,San Francisco,Operations Manager,Manager,Operations,9,True,0.98
samuel.brown@dunmore-cloud.example,35-44,£150k+,US,Washington,Seattle,Sales Manager,Manager,Sales,2,False,0.97
samuel.brown@yahoo.example,25-34,£50k-£100k,DE,Bavaria,Munich,Marketing Director,Director or above,Marketing,2,False,0.82
samuel.clarke@pinecrest-pharma.example,45-54,£25k-£50k,US,California,San Francisco,Head of Marketing,Manager,Marketing,3,True,0.83
samuel.davies@ashford-accountants.example,45-54,£100k-£150k,UK,South West,Bristol,Director of Sales,Director or above,Sales,3,False,0.99
samuel.davies@dovecote-clinics.example,45-54,£50k-£100k,US,Massachusetts,Boston,Marketing Director,Director or above,Marketing,7,True,0.8
samuel.davies@norfolk-health.example,45-54,£150k+,US,Massachusetts,Boston,Director of Sales,Director or above,Sales,2,False,0.63
samuel.evans@driftwood-fabrication.example,25-34,£25k-£50k,DE,Hesse,Frankfurt,Marketing Coordinator,Individual contributor,Marketing,2,True,0.99
samuel.garcia@falcon-health.example,25-34,£25k-£50k,NL,North Brabant,Eindhoven,Marketing Coordinator,Individual contributor,Marketing,3,False,0.7
samuel.garcia@hawthorn-stores.example,35-44,£100k-£150k,US,Massachusetts,Boston,Head of Marketing,Manager,Marketing,6,True,0.79
samuel.green@hotmail.example,25-34,£50k-£100k,NL,North Brabant,Eindhoven,VP Marketing,Director or above,Marketing,1,True,0.73
samuel.green@stonebridge-insurance.example,25-34,£25k-£50k,UK,London,London,Assistant,Individual contributor,Operations,1,False,0.72
samuel.hall@nettlefield-legal.example,25-34,£25k-£50k,DE,Hamburg,Hamburg,Marketing Coordinator,Individual contributor,Marketing,1,False,0.82
samuel.hughes@gmail.example,55-64,£50k-£100k,US,New York,New York,Founder,Director or above,Executive,5,True,0.91
samuel.hughes@orchard-lending.example,25-34,£150k+,FR,Hauts-de-France,Lille,Marketing Director,Director or above,Marketing,1,False,0.99
samuel.hughes@saltmarsh-data.example,25-34,£50k-£100k,UK,West Midlands,Birmingham,Sales Rep,Individual contributor,Sales,3,False,0.83
samuel.jansen@icloud.example,25-34,£25k-£50k,DE,Hamburg,Hamburg,Head of Marketing,Manager,Marketing,3,True,0.79
samuel.jansen@yahoo.example,25-34,£50k-£100k,US,Illinois,Chicago,Marketing Coordinator,Individual contributor,Marketing,3,False,0.61
samuel.johnson@hotmail.example,55-64,£100k-£150k,UK,Yorkshire,Leeds,CEO,Director or above,Executive,7,True,0.64
samuel.jones@icloud.example,45-54,£50k-£100k,US,Texas,Austin,Marketing Manager,Manager,Marketing,0,True,0.6
samuel.jones@kingsway-freight.example,35-44,£50k-£100k,US,Texas,Austin,Head of Marketing,Manager,Marketing,9,False,0.67
samuel.khan@icloud.example,25-34,£25k-£50k,DE,Hamburg,Hamburg,Marketing Executive,Individual contributor,Marketing,2,False,0.82
samuel.khan@outlook.example,25-34,£25k-£50k,US,California,San Francisco,Assistant,Individual contributor,Operations,3,False,0.9
samuel.khan@redwood-market.example,35-44,£50k-£100k,NL,North Holland,Amsterdam,Assistant,Individual contributor,Operations,2,True,0.98
samuel.lewis@elmstead-industries.example,45-54,£50k-£100k,US,Texas,Austin,Head of Growth,Manager,Marketing,1,False,0.96
samuel.lewis@falcon-pharma.example,25-34,£25k-£50k,NL,South Holland,Rotterdam,Head of Marketing,Manager,Marketing,1,True,0.69
samuel.martin@dovecote-freight.example,35-44,£50k-£100k,FR,Auvergne-Rhone-Alpes,Lyon,Sales Manager,Manager,Sales,0,False,0.94
samuel.moore@orchard-stores.example,25-34,£100k-£150k,UK,South West,Bristol,Chief Revenue Officer,Director or above,Executive,2,True,0.97
samuel.muller@heron-recruitment.example,35-44,£100k-£150k,US,Massachusetts,Boston,Demand Gen Manager,Manager,Marketing,1,False,0.82
samuel.murphy@falcon-data.example,25-34,£25k-£50k,UK,Scotland,Edinburgh,Marketing Executive,Individual contributor,Marketing,2,False,0.65
samuel.murphy@heron-labs.example,55-64,£50k-£100k,US,Illinois,Chicago,VP Marketing,Director or above,Marketing,3,True,0.69
samuel.patel@cobalt-digital.example,35-44,£100k-£150k,UK,Scotland,Edinburgh,Managing Director,Director or above,Executive,1,True,0.66
samuel.schmidt@saltmarsh-care.example,35-44,£100k-£150k,UK,Yorkshire,Leeds,Marketing Manager,Manager,Marketing,4,True,0.81
samuel.scott@hotmail.example,25-34,£25k-£50k,FR,Occitanie,Toulouse,Sales Manager,Manager,Sales,4,True,0.88
samuel.scott@westbrook-digital.example,18-24,£25k-£50k,US,New York,New York,Student,Student,Student,0,False,0.65
samuel.smith97@gmail.example,18-24,£25k-£50k,UK,North West,Manchester,Demand Gen Manager,Manager,Marketing,4,True,0.89
samuel.smith@quartz-college.example,35-44,£150k+,US,Massachusetts,Boston,Chief Revenue Officer,Director or above,Executive,2,False,0.66
samuel.smith@stonebridge-software.example,25-34,£50k-£100k,US,New York,New York,Assistant,Individual contributor,Operations,1,False,0.77
samuel.taylor@hawthorn-pharma.example,35-44,£25k-£50k,NL,South Holland,Rotterdam,Marketing Executive,Individual contributor,Marketing,1,False,0.93
samuel.taylor@northwind-consulting.example,25-34,£100k-£150k,NL,North Brabant,Eindhoven,Head of Growth,Manager,Marketing,2,True,0.91
samuel.taylor@outlook.example,25-34,under £25k,UK,Yorkshire,Leeds,Marketing Executive,Individual contributor,Marketing,4,True,0.68
samuel.thompson@evergreen-learning.example,25-34,under £25k,FR,Occitanie,Toulouse,Analyst,Individual contributor,Operations,2,False,0.88
samuel.thompson@norfolk-works.example,35-44,£100k-£150k,US,Washington,Seattle,Operations Manager,Manager,Operations,2,False,0.67
samuel.walker@bramble-trading.example,25-34,under £25k,NL,North Holland,Amsterdam,Marketing Executive,Individual contributor,Marketing,1,False,0.65
samuel.wilson@clearwater-cloud.example,25-34,£100k-£150k,NL,South Holland,Rotterdam,Marketing Manager,Manager,Marketing,2,True,0.91
samuel.wilson@evergreen-advisory.example,35-44,£25k-£50k,UK,Yorkshire,Leeds,Operations Manager,Manager,Operations,5,True,0.98
samuel.wilson@saltmarsh-wealth.example,35-44,£100k-£150k,DE,Hamburg,Hamburg,Founder,Director or above,Executive,3,False,0.97
samuel.wood@ashford-advisory.example,35-44,£50k-£100k,UK,Yorkshire,Leeds,CEO,Director or above,Executive,4,True,0.64
samuel.wood@keystone-pharma.example,35-44,£50k-£100k,FR,Hauts-de-France,Lille,Sales Manager,Manager,Sales,0,False,0.7
samuel.wright@bramble-finance.example,45-54,£100k-£150k,US,Illinois,Chicago,CEO,Director or above,Executive,2,True,0.65
samuel.wright@glenmoor-care.example,18-24,£25k-£50k,DE,Berlin,Berlin,Analyst,Individual contributor,Operations,1,True,0.81
samuel.young@beacon-labs.example,35-44,£50k-£100k,NL,North Holland,Amsterdam,Sales Manager,Manager,Sales,3,True,0.77
samuel12@pennine-fabrication.example,18-24,£50k-£100k,US,New York,New York,Marketing Manager,Manager,Marketing,2,True,0.72
samuel39@driftwood-shipping.example,35-44,£100k-£150k,FR,Occitanie,Toulouse,Marketing Manager,Manager,Marketing,3,False,0.99
samuel@beacon-lending.example,35-44,£150k+,US,Texas,Austin,CEO,Director or above,Executive,2,True,0.86
samuel@brightwater-cloud.example,35-44,£50k-£100k,UK,North West,Manchester,Demand Gen Manager,Manager,Marketing,0,True,0.97
samuel@cedar-goods.example,25-34,£25k-£50k,US,Washington,Seattle,Marketing Coordinator,Individual contributor,Marketing,6,False,0.78
samuel@cedar-market.example,35-44,£100k-£150k,DE,Bavaria,Munich,VP Marketing,Director or above,Marketing,1,True,0.73
samuel@cedar-outfitters.example,25-34,£50k-£100k,UK,West Midlands,Birmingham,Sales Rep,Individual contributor,Sales,3,True,0.72
samuel@cedar-training.example,55-64,£100k-£150k,UK,North West,Manchester,Founder,Director or above,Executive,1,False,0.74
samuel@dovecote-advisory.example,18-24,£25k-£50k,US,Texas,Austin,Sales Rep,Individual contributor,Sales,1,True,0.83
samuel@dovecote-recruitment.example,18-24,£50k-£100k,FR,Hauts-de-France,Lille,Marketing Coordinator,Individual contributor,Marketing,3,False,0.64
samuel@driftwood-pharma.example,45-54,£50k-£100k,US,Massachusetts,Boston,Founder,Director or above,Executive,0,True,0.66
samuel@driftwood-shipping.example,35-44,£100k-£150k,FR,Ile-de-France,Paris,CEO,Director or above,Executive,2,True,0.94
samuel@elmstead-legal.example,25-34,£100k-£150k,UK,Scotland,Edinburgh,Sales Manager,Manager,Sales,2,True,0.99
samuel@evergreen-learning.example,18-24,under £25k,FR,Hauts-de-France,Lille,Student,Student,Student,0,False,0.6
samuel@evergreen-stores.example,45-54,£50k-£100k,UK,London,London,Managing Director,Director or above,Executive,3,True,0.86
samuel@foxglove-lending.example,35-44,£50k-£100k,DE,Bavaria,Munich,Director of Sales,Director or above,Sales,5,True,0.79
samuel@granite-pharma.example,25-34,£25k-£50k,FR,Auvergne-Rhone-Alpes,Lyon,Assistant,Individual contributor,Operations,2,True,0.93
samuel@greystone-haulage.example,35-44,£25k-£50k,UK,London,London,Assistant,Individual contributor,Operations,3,True,0.77
samuel@hawthorn-accountants.example,25-34,£25k-£50k,US,Texas,Austin,Marketing Executive,Individual contributor,Marketing,0,False,0.72
samuel@hawthorn-logistics.example,45-54,£100k-£150k,FR,Ile-de-France,Paris,Founder,Director or above,Executive,1,False,0.91
samuel@hawthorn-shipping.example,18-24,£25k-£50k,US,Texas,Austin,Marketing Executive,Individual contributor,Marketing,6,False,0.61
samuel@heron-data.example,25-34,£50k-£100k,UK,Scotland,Edinburgh,Sales Rep,Individual contributor,Sales,9,True,0.83
samuel@highgate-transport.example,45-54,£100k-£150k,UK,South West,Bristol,VP Marketing,Director or above,Marketing,4,True,0.61
samuel@ivywood-logistics.example,25-34,£50k-£100k,US,Texas,Austin,Analyst,Individual contributor,Operations,6,False,0.65
samuel@ivywood-training.example,35-44,£50k-£100k,FR,Auvergne-Rhone-Alpes,Lyon,Sales Manager,Manager,Sales,3,False,0.78
samuel@jasper-engineering.example,45-54,£100k-£150k,UK,London,London,Demand Gen Manager,Manager,Marketing,3,False,0.65
samuel@kestrel-wealth.example,55-64,£50k-£100k,UK,Yorkshire,Leeds,Director of Sales,Director or above,Sales,11,False,0.75
samuel@keystone-learning.example,35-44,£25k-£50k,US,Texas,Austin,Analyst,Individual contributor,Operations,1,False,0.6
samuel@kingsway-academy.example,35-44,£25k-£50k,US,New York,New York,Operations Manager,Manager,Operations,1,True,0.64
samuel@kingsway-freight.example,25-34,£50k-£100k,US,Washington,Seattle,Marketing Executive,Individual contributor,Marketing,2,False,0.83
samuel@kingsway-manufacturing.example,25-34,£25k-£50k,US,California,San Francisco,Assistant,Individual contributor,Operations,2,True,0.69
samuel@nimbus-outfitters.example,25-34,£25k-£50k,UK,Yorkshire,Leeds,Analyst,Individual contributor,Operations,1,False,0.85
samuel@oakridge-data.example,25-34,£25k-£50k,UK,South West,Bristol,Marketing Coordinator,Individual contributor,Marketing,4,False,0.97
samuel@oldfield-pharma.example,25-34,£100k-£150k,US,Massachusetts,Boston,Demand Gen Manager,Manager,Marketing,1,True,0.66
samuel@pebble-training.example,45-54,£150k+,DE,Hamburg,Hamburg,Marketing Director,Director or above,Marketing,5,True,0.66
samuel@pennine-fabrication.example,35-44,£100k-£150k,US,Washington,Seattle,Marketing Manager,Manager,Marketing,1,False,0.91
samuel@pennine-pharma.example,45-54,£50k-£100k,US,Texas,Austin,Demand Gen Manager,Manager,Marketing,1,True,0.68
samuel@pinecrest-components.example,35-44,£50k-£100k,UK,London,London,Head of Growth,Manager,Marketing,17,False,0.92
samuel@quartz-digital.example,25-34,£50k-£100k,US,Washington,Seattle,Operations Manager,Manager,Operations,1,False,0.78
samuel@redwood-wealth.example,45-54,£150k+,UK,Scotland,Edinburgh,Marketing Director,Director or above,Marketing,1,True,0.83
samuel@riverside-labs.example,35-44,£100k-£150k,UK,Scotland,Edinburgh,VP Marketing,Director or above,Marketing,1,False,0.67
samuel@stonebridge-clinics.example,25-34,under £25k,FR,Occitanie,Toulouse,Analyst,Individual contributor,Operations,2,False,0.87
samuel@upland-haulage.example,45-54,£25k-£50k,US,Massachusetts,Boston,Marketing Executive,Individual contributor,Marketing,12,False,0.93
samuel@vantage-cloud.example,45-54,£50k-£100k,FR,Occitanie,Toulouse,Operations Manager,Manager,Operations,3,True,0.66
samuel@willow-care.example,25-34,under £25k,US,Texas,Austin,Sales Rep,Individual contributor,Sales,1,True,0.68
samuel@willow-components.example,25-34,£50k-£100k,UK,Scotland,Edinburgh,Analyst,Individual contributor,Operations,5,True,0.84
samuel@willow-haulage.example,25-34,£100k-£150k,US,Texas,Austin,VP Marketing,Director or above,Marketing,0,True,0.89
samuel@yarrow-components.example,35-44,£50k-£100k,UK,North West,Manchester,Head of Growth,Manager,Marketing,1,True,0.62
samuel@zephyr-outfitters.example,18-24,£25k-£50k,US,Texas,Austin,Student,Student,Student,0,False,0.65
samuel@zephyr-systems.example,25-34,£25k-£50k,UK,West Midlands,Birmingham,Marketing Coordinator,Individual contributor,Marketing,5,False,0.61
samuelanderson53@gmail.example,18-24,under £25k,FR,Occitanie,Toulouse,Student,Student,Student,0,False,0.88
samuelbaker33@gmail.example,25-34,£25k-£50k,UK,Scotland,Edinburgh,Marketing Coordinator,Individual contributor,Marketing,6,False,0.91
samuelhughes22@yahoo.example,35-44,£50k-£100k,DE,Hesse,Frankfurt,Head of Growth,Manager,Marketing,4,True,0.64
samuelmurphy21@yahoo.example,35-44,£50k-£100k,US,Washington,Seattle,Chief Revenue Officer,Director or above,Executive,5,True,0.91
samuelmurphy50@gmail.example,45-54,£100k-£150k,US,Texas,Austin,Managing Director,Director or above,Executive,3,True,0.83
samuelpatel80@outlook.example,25-34,£25k-£50k,US,California,San Francisco,Analyst,Individual contributor,Operations,2,False,0.85
samuelwalker07@outlook.example,35-44,£50k-£100k,DE,Berlin,Berlin,Head of Marketing,Manager,Marketing,1,True,0.93
samuelwalker46@hotmail.example,55-64,£50k-£100k,NL,North Brabant,Eindhoven,VP Marketing,Director or above,Marketing,1,True,0.64
samuelwilliams64@yahoo.example,18-24,under £25k,US,Washington,Seattle,Student,Student,Student,0,False,0.93
samuelyoung80@hotmail.example,25-34,under £25k,FR,Occitanie,Toulouse,Student,Student,Student,0,False,0.61
sanderson797@outlook.example,25-34,£25k-£50k,DE,Hesse,Frankfurt,Demand Gen Manager,Manager,Marketing,1,True,0.61
sanderson978@yahoo.example,18-24,under £25k,UK,Yorkshire,Leeds,Student,Student,Student,0,False,0.86
sanne.anderson@beacon-lending.example,35-44,£100k-£150k,US,New York,New York,Head of Marketing,Manager,Marketing,2,False,0.67
sanne.baker@fernhill-clinics.example,18-24,under £25k,UK,London,London,Student,Student,Student,0,False,0.69
sanne.bakker@hotmail.example,45-54,£100k-£150k,NL,South Holland,Rotterdam,Marketing Manager,Manager,Marketing,2,False,0.63
sanne.bakker@silverline-retail.example,45-54,£100k-£150k,US,New York,New York,VP Marketing,Director or above,Marketing,14,False,0.73
sanne.clarke@dunmore-freight.example,35-44,£50k-£100k,UK,North West,Manchester,Head of Growth,Manager,Marketing,15,True,0.8
sanne.clarke@stonebridge-trading.example,45-54,£150k+,NL,South Holland,Rotterdam,CEO,Director or above,Executive,1,True,0.94
sanne.clarke@zephyr-industries.example,25-34,£50k-£100k,DE,Berlin,Berlin,Head of Marketing,Manager,Marketing,4,True,0.93
sanne.davies@gmail.example,25-34,£25k-£50k,NL,Utrecht,Utrecht,Marketing Coordinator,Individual contributor,Marketing,3,False,0.97
sanne.davies@icloud.example,35-44,£100k-£150k,UK,Yorkshire,Leeds,Head of Growth,Manager,Marketing,2,True,0.77
sanne.devries@hotmail.example,25-34,£25k-£50k,UK,South West,Bristol,Analyst,Individual contributor,Operations,3,True,0.73
sanne.dubois@kelvin-advisory.example,25-34,£25k-£50k,NL,North Holland,Amsterdam,Marketing Coordinator,Individual contributor,Marketing,2,False,0.68
sanne.evans@driftwood-learning.example,18-24,£50k-£100k,US,New York,New York,Head of Marketing,Manager,Marketing,3,True,0.66
sanne.evans@harbour-tutors.example,25-34,under £25k,UK,South West,Bristol,Analyst,Individual contributor,Operations,0,False,0.82
sanne.evans@marigold-dental.example,25-34,£100k-£150k,DE,Hesse,Frankfurt,Operations Manager,Manager,Operations,2,True,0.68
sanne.evans@yahoo.example,25-34,£25k-£50k,NL,South Holland,Rotterdam,Sales Manager,Manager,Sales,1,True,0.94
sanne.green@upland-health.example,25-34,£150k+,US,New York,New York,Marketing Director,Director or above,Marketing,6,True,0.79
sanne.green@westbrook-advisory.example,18-24,£25k-£50k,US,Washington,Seattle,Assistant,Individual contributor,Operations,3,True,0.63
sanne.hughes@yarrow-associates.example,45-54,£150k+,US,California,San Francisco,Director of Sales,Director or above,Sales,11,False,0.95
sanne.jansen@brightwater-logistics.example,25-34,£25k-£50k,FR,Occitanie,Toulouse,Sales Rep,Individual contributor,Sales,2,True,0.7
sanne.jansen@hotmail.example,45-54,£25k-£50k,UK,West Midlands,Birmingham,Marketing Director,Director or above,Marketing,13,True,0.65
sanne.jansen@jasper-outfitters.example,25-34,£25k-£50k,DE,Hamburg,Hamburg,Marketing Executive,Individual contributor,Marketing,1,False,0.62
sanne.khan@outlook.example,25-34,£25k-£50k,UK,Yorkshire,Leeds,Sales Rep,Individual contributor,Sales,1,True,0.86
sanne.lewis@aurora-consulting.example,25-34,£100k-£150k,UK,Yorkshire,Leeds,Marketing Manager,Manager,Marketing,1,True,0.77
sanne.lewis@orchard-partners.example,25-34,£50k-£100k,UK,North West,Manchester,Head of Marketing,Manager,Marketing,3,False,0.67
sanne.lewis@thornbury-transport.example,25-34,£50k-£100k,FR,Hauts-de-France,Lille,Head of Marketing,Manager,Marketing,2,True,0.88
sanne.miller@hotmail.example,18-24,under £25k,UK,London,London,Assistant,Individual contributor,Operations,1,False,0.91
sanne.moore@hawthorn-components.example,55-64,£100k-£150k,FR,Auvergne-Rhone-Alpes,Lyon,Chief Revenue Officer,Director or above,Executive,5,True,0.69
sanne.muller@evergreen-transport.example,25-34,under £25k,DE,Hamburg,Hamburg,Analyst,Individual contributor,Operations,2,False,0.76
sanne.muller@icloud.example,25-34,£50k-£100k,UK,South West,Bristol,Marketing Executive,Individual contributor,Marketing,4,False,0.64
sanne.murphy@quayside-haulage.example,35-44,£100k-£150k,US,New York,New York,Sales Manager,Manager,Sales,7,True,0.62
sanne.patel@marigold-pharma.example,35-44,£100k-£150k,NL,Utrecht,Utrecht,Founder,Director or above,Executive,2,True,0.89
sanne.taylor@icloud.example,25-34,£50k-£100k,FR,Ile-de-France,Paris,Operations Manager,Manager,Operations,1,True,0.72
sanne.thompson@foxglove-goods.example,25-34,£50k-£100k,FR,Ile-de-France,Paris,Sales Manager,Manager,Sales,2,True,0.75
sanne.weber@yahoo.example,25-34,£50k-£100k,US,Illinois,Chicago,Demand Gen Manager,Manager,Marketing,3,True,0.63
sanne.wilson@kelvin-market.example,35-44,£25k-£50k,UK,South West,Bristol,Head of Marketing,Manager,Marketing,4,False,0.69
sanne.wilson@upland-freight.example,18-24,£25k-£50k,UK,Yorkshire,Leeds,Marketing Coordinator,Individual contributor,Marketing,1,False,0.94
sanne.wilson@yahoo.example,25-34,£25k-£50k,US,Massachusetts,Boston,Assistant,Individual contributor,Operations,4,False,0.76
sanne.wood@inkwell-retail.example,25-34,£25k-£50k,FR,Occitanie,Toulouse,Assistant,Individual contributor,Operations,1,False,0.63
sanne.wood@northwind-works.example,25-34,£50k-£100k,UK,West Midlands,Birmingham,Head of Marketing,Manager,Marketing,3,True,0.61
sanne.wright@greystone-cloud.example,45-54,£50k-£100k,DE,Bavaria,Munich,VP Marketing,Director or above,Marketing,5,True,0.99
sanne.wright@ivywood-logistics.example,25-34,£50k-£100k,US,California,San Francisco,Marketing Coordinator,Individual contributor,Marketing,3,False,0.79
sanne.wright@vantage-fabrication.example,25-34,£25k-£50k,FR,Ile-de-France,Paris,Operations Manager,Manager,Operations,2,True,0.66
sanne.young@hotmail.example,45-54,£100k-£150k,DE,Bavaria,Munich,Founder,Director or above,Executive,3,True,0.84
sanne.young@kelvin-tutors.example,35-44,£50k-£100k,US,California,San Francisco,Sales Manager,Manager,Sales,4,True,0.64
sanne18@bluebell-cloud.example,55-64,£25k-£50k,UK,West Midlands,Birmingham,Operations Manager,Manager,Operations,4,False,0.89
sanne29@lantern-health.example,25-34,£25k-£50k,US,Washington,Seattle,Assistant,Individual contributor,Operations,2,False,0.91
sanne@ashford-systems.example,25-34,£50k-£100k,UK,Yorkshire,Leeds,Director of Sales,Director or above,Sales,0,False,0.95
sanne@aurora-data.example,25-34,£100k-£150k,US,California,San Francisco,Head of Growth,Manager,Marketing,2,True,0.76
sanne@beacon-fabrication.example,65+,£50k-£100k,DE,Bavaria,Munich,Chief Revenue Officer,Director or above,Executive,2,True,0.66
sanne@bluebell-cloud.example,45-54,£100k-£150k,UK,West Midlands,Birmingham,VP Marketing,Director or above,Marketing,2,True,0.68
sanne@bramble-engineering.example,25-34,£50k-£100k,US,New York,New York,Assistant,Individual contributor,Operations,21,True,0.62
sanne@bramble-outfitters.example,35-44,£150k+,US,Texas,Austin,CEO,Director or above,Executive,9,False,0.83
sanne@brightwater-cloud.example,25-34,£25k-£50k,UK,South West,Bristol,Head of Marketing,Manager,Marketing,7,True,0.89
sanne@cedar-transport.example,35-44,£50k-£100k,UK,Scotland,Edinburgh,Head of Marketing,Manager,Marketing,5,False,0.65
sanne@clearwater-recruitment.example,45-54,£100k-£150k,US,Massachusetts,Boston,Managing Director,Director or above,Executive,20,True,0.79
sanne@cobalt-health.example,25-34,under £25k,DE,Hesse,Frankfurt,Sales Rep,Individual contributor,Sales,2,True,0.93
sanne@dovecote-advisory.example,35-44,£25k-£50k,US,New York,New York,Operations Manager,Manager,Operations,5,False,0.84
sanne@driftwood-haulage.example,18-24,£25k-£50k,US,California,San Francisco,Marketing Coordinator,Individual contributor,Marketing,1,False,0.96
sanne@dunmore-care.example,25-34,£25k-£50k,DE,Hesse,Frankfurt,Marketing Executive,Individual contributor,Marketing,3,False,0.91
sanne@falcon-advisory.example,55-64,£100k-£150k,US,Texas,Austin,Marketing Manager,Manager,Marketing,1,False,0.66
sanne@foxglove-cloud.example,25-34,£25k-£50k,UK,Yorkshire,Leeds,Marketing Coordinator,Individual contributor,Marketing,1,False,0.87
sanne@granite-medical.example,45-54,£50k-£100k,FR,Occitanie,Toulouse,Sales Manager,Manager,Sales,3,False,0.9
sanne@harbour-learning.example,25-34,£25k-£50k,UK,Scotland,Edinburgh,Marketing Coordinator,Individual contributor,Marketing,4,False,0.93
sanne@harbour-stores.example,35-44,£50k-£100k,FR,Occitanie,Toulouse,CEO,Director or above,Executive,3,True,0.96
sanne@hawthorn-capital.example,45-54,£50k-£100k,UK,South West,Bristol,Operations Manager,Manager,Operations,1,False,0.62
sanne@ironbridge-care.example,35-44,£150k+,UK,Yorkshire,Leeds,Director of Sales,Director or above,Sales,1,True,0.64
sanne@ironbridge-logistics.example,25-34,£25k-£50k,US,California,San Francisco,Marketing Coordinator,Individual contributor,Marketing,2,False,0.82
sanne@ivywood-market.example,35-44,£25k-£50k,FR,Occitanie,Toulouse,Marketing Coordinator,Individual contributor,Marketing,3,False,0.75
sanne@jasper-data.example,25-34,£100k-£150k,UK,South West,Bristol,Demand Gen Manager,Manager,Marketing,5,True,0.69
sanne@juniper-health.example,35-44,£50k-£100k,UK,London,London,Sales Manager,Manager,Sales,1,True,0.78
sanne@keystone-training.example,25-34,£50k-£100k,UK,South West,Bristol,Demand Gen Manager,Manager,Marketing,2,False,0.93
sanne@kingsway-freight.example,25-34,£25k-£50k,US,New York,New York,Analyst,Individual contributor,Operations,4,False,0.99
sanne@lantern-consulting.example,45-54,£50k-£100k,UK,London,London,Head of Growth,Manager,Marketing,0,True,0.96
sanne@lantern-health.example,35-44,£50k-£100k,US,New York,New York,Director of Sales,Director or above,Sales,1,True,0.97
sanne@larkspur-logistics.example,25-34,£50k-£100k,NL,North Holland,Amsterdam,Marketing Coordinator,Individual contributor,Marketing,3,False,0.71
sanne@moorland-digital.example,25-34,£50k-£100k,FR,Occitanie,Toulouse,Assistant,Individual contributor,Operations,2,False,0.88
sanne@moorland-shipping.example,25-34,£150k+,US,Illinois,Chicago,Head of Marketing,Manager,Marketing,4,True,0.84
sanne@northwind-learning.example,18-24,£50k-£100k,NL,Utrecht,Utrecht,Marketing Coordinator,Individual contributor,Marketing,14,True,0.77
sanne@oakridge-pharma.example,35-44,£50k-£100k,US,Illinois,Chicago,Demand Gen Manager,Manager,Marketing,2,True,0.66
sanne@pinecrest-market.example,45-54,£100k-£150k,US,New York,New York,Operations Manager,Manager,Operations,2,True,0.79
sanne@quartz-health.example,25-34,£50k-£100k,NL,North Brabant,Eindhoven,Sales Rep,Individual contributor,Sales,4,False,0.89
sanne@quartz-insurance.example,35-44,£100k-£150k,US,Illinois,Chicago,Founder,Director or above,Executive,3,False,0.64
sanne@riverside-capital.example,25-34,£50k-£100k,UK,Scotland,Edinburgh,Analyst,Individual contributor,Operations,2,False,0.9
sanne@saltmarsh-dental.example,35-44,£25k-£50k,UK,Scotland,Edinburgh,Marketing Coordinator,Individual contributor,Marketing,3,True,0.82
sanne@silverline-medical.example,18-24,under £25k,NL,Utrecht,Utrecht,Sales Rep,Individual contributor,Sales,3,False,0.75
sanne@upland-works.example,35-44,£100k-£150k,FR,Auvergne-Rhone-Alpes,Lyon,Chief Revenue Officer,Director or above,Executive,3,False,0.68
sanne@valley-haulage.example,35-44,£50k-£100k,DE,Hesse,Frankfurt,Marketing Manager,Manager,Marketing,5,True,0.94
sanne@westbrook-associates.example,45-54,£50k-£100k,UK,West Midlands,Birmingham,Sales Manager,Manager,Sales,7,False,0.7
sanne@yarrow-market.example,18-24,£50k-£100k,DE,Bavaria,Munich,Assistant,Individual contributor,Operations,9,False,0.85
sanne@zephyr-associates.example,45-54,£100k-£150k,US,Texas,Austin,CEO,Director or above,Executive,6,True,0.76
sanne@zephyr-medical.example,45-54,£150k+,DE,Berlin,Berlin,Founder,Director or above,Executive,3,True,0.73
sanne@zephyr-shipping.example,25-34,£50k-£100k,FR,Auvergne-Rhone-Alpes,Lyon,Marketing Executive,Individual contributor,Marketing,2,False,0.9
sannedavies98@outlook.example,25-34,£25k-£50k,FR,Auvergne-Rhone-Alpes,Lyon,Assistant,Individual contributor,Operations,1,True,0.92
sannedevries20@hotmail.example,45-54,£25k-£50k,UK,Scotland,Edinburgh,Marketing Executive,Individual contributor,Marketing,1,False,0.69
sannedubois17@outlook.example,35-44,under £25k,UK,South West,Bristol,Marketing Executive,Individual contributor,Marketing,1,False,0.71
sannegarcia53@gmail.example,25-34,£25k-£50k,FR,Ile-de-France,Paris,Assistant,Individual contributor,Operations,5,False,0.79
sannegarcia74@hotmail.example,18-24,£50k-£100k,US,Washington,Seattle,Student,Student,Student,0,False,0.74
sannejansen51@gmail.example,35-44,£100k-£150k,UK,North West,Manchester,Managing Director,Director or above,Executive,4,False,0.68
sannejansen56@gmail.example,35-44,£150k+,UK,North West,Manchester,Director of Sales,Director or above,Sales,5,True,0.79
sannejohnson49@outlook.example,18-24,under £25k,FR,Occitanie,Toulouse,Student,Student,Student,0,False,0.93
sannelewis12@yahoo.example,35-44,£25k-£50k,US,Massachusetts,Boston,Demand Gen Manager,Manager,Marketing,4,False,0.82
sannemurphy80@outlook.example,25-34,under £25k,UK,South West,Bristol,Sales Manager,Manager,Sales,5,False,0.64
sannepatel21@yahoo.example,35-44,£25k-£50k,UK,Yorkshire,Leeds,Head of Growth,Manager,Marketing,4,False,0.93
sannesmith80@hotmail.example,35-44,£150k+,FR,Auvergne-Rhone-Alpes,Lyon,Marketing Director,Director or above,Marketing,3,True,0.77
sannetaylor61@hotmail.example,35-44,£25k-£50k,FR,Auvergne-Rhone-Alpes,Lyon,Marketing Executive,Individual contributor,Marketing,3,False,0.94
sanneweber18@outlook.example,18-24,under £25k,UK,Scotland,Edinburgh,Student,Student,Student,0,False,0.76
sannewood04@yahoo.example,25-34,under £25k,DE,Bavaria,Munich,Sales Rep,Individual contributor,Sales,6,True,0.62
sbaker928@gmail.example,18-24,£25k-£50k,DE,Bavaria,Munich,Assistant,Individual contributor,Operations,5,True,0.66
sclarke490@gmail.example,25-34,under £25k,NL,North Holland,Amsterdam,Analyst,Individual contributor,Operations,1,False,0.81
sdavies158@icloud.example,35-44,£50k-£100k,UK,Yorkshire,Leeds,Head of Marketing,Manager,Marketing,3,True,0.85
sdubois028@hotmail.example,25-34,£25k-£50k,US,Washington,Seattle,Marketing Executive,Individual contributor,Marketing,3,False,0.76
shughes372@gmail.example,35-44,£25k-£50k,US,Massachusetts,Boston,Demand Gen Manager,Manager,Marketing,10,True,0.8
sjohnson606@hotmail.example,35-44,£50k-£100k,DE,Hesse,Frankfurt,Head of Marketing,Manager,Marketing,1,False,0.71
sjohnson614@icloud.example,45-54,£100k-£150k,UK,Scotland,Edinburgh,Marketing Director,Director or above,Marketing,3,False,0.88
sjohnson789@gmail.example,18-24,under £25k,DE,Hesse,Frankfurt,Student,Student,Student,0,False,0.73
smurphy233@outlook.example,35-44,£50k-£100k,US,Massachusetts,Boston,Operations Manager,Manager,Operations,1,True,0.77
smurphy317@yahoo.example,25-34,£50k-£100k,UK,London,London,Marketing Manager,Manager,Marketing,2,False,0.76
sophie.baker@kestrel-freight.example,45-54,£150k+,US,Illinois,Chicago,CEO,Director or above,Executive,2,True,0.82
sophie.bernard@falcon-medical.example,35-44,£25k-£50k,NL,North Brabant,Eindhoven,Sales Rep,Individual contributor,Sales,5,False,0.77
sophie.garcia@hotmail.example,25-34,£25k-£50k,US,Massachusetts,Boston,Demand Gen Manager,Manager,Marketing,6,False,0.71
sophie.garcia@willow-fabrication.example,45-54,£50k-£100k,US,California,San Francisco,CEO,Director or above,Executive,4,False,0.98
sophie.green@outlook.example,25-34,£50k-£100k,US,Illinois,Chicago,CEO,Director or above,Executive,25,True,0.93
sophie.hall@icloud.example,25-34,£50k-£100k,US,Massachusetts,Boston,Head of Growth,Manager,Marketing,3,False,0.85
sophie.hughes@orchard-clinics.example,35-44,under £25k,US,Illinois,Chicago,Analyst,Individual contributor,Operations,1,False,0.65
sophie.johnson@moorland-associates.example,35-44,£25k-£50k,FR,Ile-de-France,Paris,Head of Growth,Manager,Marketing,9,False,0.61
sophie.king@upland-clinics.example,25-34,£100k-£150k,FR,Hauts-de-France,Lille,Founder,Director or above,Executive,2,True,0.85
sophie.martin@aurora-software.example,18-24,£25k-£50k,US,Texas,Austin,Marketing Executive,Individual contributor,Marketing,3,True,0.78
sophie.miller@harbour-consulting.example,25-34,£25k-£50k,UK,North West,Manchester,Analyst,Individual contributor,Operations,1,False,0.81
sophie.miller@norfolk-finance.example,35-44,£50k-£100k,UK,Yorkshire,Leeds,Sales Manager,Manager,Sales,6,True,0.86
sophie.moore@hawthorn-transport.example,25-34,£100k-£150k,UK,South West,Bristol,Operations Manager,Manager,Operations,2,True,0.8
sophie.roberts@aurora-training.example,35-44,£100k-£150k,UK,North West,Manchester,Chief Revenue Officer,Director or above,Executive,0,False,0.61
sophie.roberts@glenmoor-fabrication.example,18-24,£100k-£150k,DE,Hesse,Frankfurt,Sales Manager,Manager,Sales,6,True,0.94
sophie.scott@bramble-freight.example,35-44,£100k-£150k,UK,Scotland,Edinburgh,CEO,Director or above,Executive,2,True,0.84
sophie.scott@hotmail.example,25-34,£50k-£100k,US,Texas,Austin,Sales Rep,Individual contributor,Sales,5,False,0.87
sophie.smith@greystone-manufacturing.example,25-34,£25k-£50k,US,Illinois,Chicago,Head of Growth,Manager,Marketing,7,True,0.71
sophie.smith@heron-advisory.example,45-54,£100k-£150k,UK,Yorkshire,Leeds,Managing Director,Director or above,Executive,4,True,0.65
sophie.taylor@aurora-trading.example,35-44,£50k-£100k,UK,Yorkshire,Leeds,Assistant,Individual contributor,Operations,9,False,0.97
sophie.taylor@cedar-engineering.example,18-24,under £25k,DE,Hamburg,Hamburg,Sales Rep,Individual contributor,Sales,5,True,0.86
sophie.taylor@harbour-learning.example,35-44,£50k-£100k,UK,London,London,Analyst,Individual contributor,Operations,2,True,0.71
sophie.taylor@saltmarsh-health.example,45-54,£100k-£150k,US,Texas,Austin,Managing Director,Director or above,Executive,3,True,0.82
sophie.thompson@hotmail.example,35-44,£50k-£100k,DE,Bavaria,Munich,Founder,Director or above,Executive,2,True,0.64
sophie.thompson@quartz-goods.example,25-34,under £25k,US,Texas,Austin,Sales Rep,Individual contributor,Sales,3,False,0.81
sophie.walker@cedar-medical.example,35-44,£50k-£100k,FR,Hauts-de-France,Lille,Marketing Manager,Manager,Marketing,3,True,0.89
sophie.walker@yahoo.example,25-34,£50k-£100k,US,Washington,Seattle,Analyst,Individual contributor,Operations,5,False,0.77
sophie.wood@glenmoor-clinics.example,25-34,£50k-£100k,DE,Bavaria,Munich,Sales Manager,Manager,Sales,4,True,0.98
sophie@alder-components.example,35-44,£50k-£100k,DE,Hamburg,Hamburg,Marketing Manager,Manager,Marketing,3,True,0.73
sophie@aurora-trading.example,35-44,£50k-£100k,UK,Scotland,Edinburgh,Demand Gen Manager,Manager,Marketing,6,True,0.82
sophie@clearwater-insurance.example,45-54,£150k+,FR,Hauts-de-France,Lille,Director of Sales,Director or above,Sales,2,True,0.72
sophie@clearwater-systems.example,45-54,under £25k,DE,Hesse,Frankfurt,Assistant,Individual contributor,Operations,2,True,0.82
sophie@dovecote-digital.example,18-24,£25k-£50k,NL,North Holland,Amsterdam,Sales Rep,Individual contributor,Sales,6,False,0.95
sophie@elmstead-advisory.example,25-34,£50k-£100k,UK,Scotland,Edinburgh,Marketing Manager,Manager,Marketing,2,False,0.72
sophie@emberly-couriers.example,35-44,£100k-£150k,US,Illinois,Chicago,Sales Manager,Manager,Sales,3,True,0.87
sophie@emberly-works.example,45-54,£100k-£150k,FR,Ile-de-France,Paris,Director of Sales,Director or above,Sales,2,False,0.62
sophie@evergreen-training.example,35-44,£25k-£50k,UK,West Midlands,Birmingham,Sales Rep,Individual contributor,Sales,3,False,0.75
sophie@harbour-data.example,35-44,£25k-£50k,UK,Scotland,Edinburgh,Assistant,Individual contributor,Operations,6,True,0.7
sophie@heron-academy.example,25-34,£50k-£100k,US,Illinois,Chicago,Analyst,Individual contributor,Operations,12,False,0.63
sophie@highgate-components.example,25-34,£25k-£50k,US,Massachusetts,Boston,Marketing Coordinator,Individual contributor,Marketing,0,False,0.63
sophie@highgate-training.example,45-54,£50k-£100k,US,Texas,Austin,Sales Manager,Manager,Sales,1,False,0.65
sophie@ironbridge-legal.example,35-44,£100k-£150k,DE,Bavaria,Munich,Sales Manager,Manager,Sales,1,False,0.64
sophie@jasper-industries.example,45-54,£100k-£150k,UK,London,London,Chief Revenue Officer,Director or above,Executive,1,True,0.98
sophie@keystone-consulting.example,45-54,£50k-£100k,UK,Yorkshire,Leeds,Marketing Manager,Manager,Marketing,8,False,0.67
sophie@lantern-components.example,18-24,£25k-£50k,NL,North Brabant,Eindhoven,Assistant,Individual contributor,Operations,1,False,0.78
sophie@lantern-pharma.example,25-34,£25k-£50k,NL,North Brabant,Eindhoven,Marketing Executive,Individual contributor,Marketing,2,False,0.99
sophie@larkspur-transport.example,45-54,£50k-£100k,US,Texas,Austin,Marketing Manager,Manager,Marketing,0,True,0.73
sophie@meridian-goods.example,18-24,£25k-£50k,DE,Hamburg,Hamburg,Marketing Executive,Individual contributor,Marketing,2,False,0.63
sophie@meridian-learning.example,35-44,£50k-£100k,UK,North West,Manchester,VP Marketing,Director or above,Marketing,3,False,0.94
sophie@nettlefield-finance.example,25-34,£25k-£50k,UK,North West,Manchester,Sales Rep,Individual contributor,Sales,2,False,0.95
sophie@nettlefield-medical.example,25-34,£150k+,US,New York,New York,Operations Manager,Manager,Operations,5,True,0.94
sophie@northwind-wealth.example,25-34,£25k-£50k,US,Massachusetts,Boston,Assistant,Individual contributor,Operations,6,False,0.93
sophie@oakridge-associates.example,18-24,£25k-£50k,FR,Hauts-de-France,Lille,Marketing Executive,Individual contributor,Marketing,6,True,0.77
sophie@oakridge-stores.example,35-44,£100k-£150k,US,California,San Francisco,Marketing Manager,Manager,Marketing,1,False,0.81
sophie@orchard-capital.example,35-44,£50k-£100k,DE,Hesse,Frankfurt,Demand Gen Manager,Manager,Marketing,3,True,0.71
sophie@pebble-digital.example,25-34,£50k-£100k,UK,South West,Bristol,Marketing Executive,Individual contributor,Marketing,2,False,0.63
sophie@pinecrest-works.example,25-34,£100k-£150k,DE,Hesse,Frankfurt,Founder,Director or above,Executive,6,False,0.8
sophie@quayside-outfitters.example,18-24,£25k-£50k,UK,North West,Manchester,Marketing Executive,Individual contributor,Marketing,5,False,0.76
sophie@redwood-goods.example,18-24,under £25k,UK,South West,Bristol,Student,Student,Student,0,False,0.73
sophie@stonebridge-retail.example,45-54,£150k+,UK,London,London,Founder,Director or above,Executive,4,True,0.83
sophie@tidewater-care.example,35-44,£100k-£150k,UK,Scotland,Edinburgh,Director of Sales,Director or above,Sales,1,True,0.83
sophie@westbrook-academy.example,45-54,£150k+,US,California,San Francisco,Founder,Director or above,Executive,10,True,0.88
sophie@willow-manufacturing.example,25-34,£25k-£50k,NL,South Holland,Rotterdam,Marketing Coordinator,Individual contributor,Marketing,1,False,0.66
sophie@yarrow-goods.example,18-24,£25k-£50k,US,Texas,Austin,Student,Student,Student,0,False,0.61
sophie@yarrow-transport.example,35-44,£50k-£100k,US,Illinois,Chicago,Marketing Executive,Individual contributor,Marketing,12,False,0.84
sophie@zephyr-associates.example,45-54,£150k+,US,Illinois,Chicago,Managing Director,Director or above,Executive,2,True,0.88
sophiebrown13@icloud.example,45-54,£50k-£100k,NL,North Holland,Amsterdam,Head of Growth,Manager,Marketing,10,True,0.78
sophieevans06@yahoo.example,35-44,£25k-£50k,UK,Scotland,Edinburgh,Marketing Manager,Manager,Marketing,2,True,0.99
sophiemuller61@yahoo.example,45-54,£25k-£50k,DE,Bavaria,Munich,Head of Marketing,Manager,Marketing,3,False,0.67
sophiepatel53@icloud.example,45-54,£50k-£100k,UK,Yorkshire,Leeds,Operations Manager,Manager,Operations,1,True,0.98
sophieschmidt49@yahoo.example,25-34,under £25k,US,Washington,Seattle,Sales Rep,Individual contributor,Sales,1,False,0.62
sophietaylor22@hotmail.example,45-54,£25k-£50k,FR,Auvergne-Rhone-Alpes,Lyon,Demand Gen Manager,Manager,Marketing,2,False,0.98
sophiethompson08@hotmail.example,35-44,£50k-£100k,NL,North Brabant,Eindhoven,Demand Gen Manager,Manager,Marketing,6,True,0.67
sophiewhite36@icloud.example,18-24,under £25k,US,California,San Francisco,Student,Student,Student,0,False,0.94
sophiewhite88@yahoo.example,25-34,£25k-£50k,US,New York,New York,Analyst,Individual contributor,Operations,3,False,0.72
sophiewilson87@icloud.example,45-54,£100k-£150k,US,Washington,Seattle,VP Marketing,Director or above,Marketing,1,False,0.78
sschmidt185@gmail.example,55-64,£100k-£150k,US,Washington,Seattle,CEO,Director or above,Executive,2,False,0.98
sschmidt396@outlook.example,25-34,£50k-£100k,DE,Bavaria,Munich,Sales Manager,Manager,Sales,3,False,0.88
ssmith092@gmail.example,35-44,£25k-£50k,UK,North West,Manchester,Sales Manager,Manager,Sales,0,True,0.69
ssmith959@hotmail.example,55-64,£100k-£150k,UK,West Midlands,Birmingham,Founder,Director or above,Executive,1,True,0.75
staylor907@yahoo.example,35-44,£50k-£100k,FR,Occitanie,Toulouse,VP Marketing,Director or above,Marketing,3,True,0.61
sweber713@hotmail.example,25-34,£100k-£150k,US,Illinois,Chicago,Chief Revenue Officer,Director or above,Executive,2,True,0.74
swilson041@icloud.example,18-24,£25k-£50k,UK,Yorkshire,Leeds,Student,Student,Student,0,True,0.91
swright519@gmail.example,35-44,£100k-£150k,US,New York,New York,Marketing Manager,Manager,Marketing,3,True,0.77
t.anderson@lindenwood-accountants.example,25-34,£25k-£50k,DE,Hamburg,Hamburg,Analyst,Individual contributor,Operations,2,False,0.96
t.baker@pinecrest-advisory.example,45-54,£50k-£100k,DE,Hesse,Frankfurt,Chief Revenue Officer,Director or above,Executive,3,True,0.91
t.baker@tidewater-components.example,45-54,£100k-£150k,US,New York,New York,Director of Sales,Director or above,Sales,2,True,0.67
t.baker@upland-insurance.example,18-24,£25k-£50k,NL,North Brabant,Eindhoven,Assistant,Individual contributor,Operations,3,False,0.7
t.bernard@bramble-outfitters.example,45-54,£50k-£100k,US,New York,New York,Head of Growth,Manager,Marketing,7,False,0.88
t.clarke@pennine-components.example,25-34,£50k-£100k,UK,North West,Manchester,Chief Revenue Officer,Director or above,Executive,1,True,0.85
t.davies@dovecote-capital.example,35-44,£50k-£100k,NL,South Holland,Rotterdam,Marketing Manager,Manager,Marketing,2,True,0.71
t.davies@dovecote-logistics.example,25-34,£50k-£100k,UK,Yorkshire,Leeds,Sales Rep,Individual contributor,Sales,14,True,0.72
t.davies@glenmoor-logistics.example,55-64,£100k-£150k,UK,London,London,Marketing Director,Director or above,Marketing,2,True,0.94
t.devries@cobalt-software.example,35-44,£100k-£150k,US,Texas,Austin,Sales Manager,Manager,Sales,1,True,0.89
t.devries@foxglove-medical.example,25-34,£25k-£50k,NL,North Holland,Amsterdam,Sales Rep,Individual contributor,Sales,1,False,0.74
t.devries@northwind-retail.example,25-34,£25k-£50k,US,Texas,Austin,Analyst,Individual contributor,Operations,3,False,0.68
t.devries@tidewater-tutors.example,65+,£100k-£150k,US,Washington,Seattle,Director of Sales,Director or above,Sales,2,False,0.77
t.jansen@hawthorn-academy.example,35-44,£100k-£150k,FR,Hauts-de-France,Lille,Director of Sales,Director or above,Sales,2,True,0.91
t.jones@inkwell-medical.example,35-44,£100k-£150k,UK,South West,Bristol,Marketing Director,Director or above,Marketing,6,True,0.83
t.jones@tamarind-market.example,55-64,£50k-£100k,FR,Hauts-de-France,Lille,Managing Director,Director or above,Executive,1,True,0.9
t.khan@kelvin-clinics.example,25-34,£25k-£50k,DE,Bavaria,Munich,Analyst,Individual contributor,Operations,6,False,0.89
t.khan@yarrow-insurance.example,18-24,£25k-£50k,DE,Hamburg,Hamburg,Sales Rep,Individual contributor,Sales,4,False,0.89
t.king@cedar-insurance.example,25-34,£25k-£50k,NL,North Brabant,Eindhoven,Marketing Coordinator,Individual contributor,Marketing,4,False,0.85
t.lewis@aurora-academy.example,25-34,£50k-£100k,US,Washington,Seattle,Marketing Executive,Individual contributor,Marketing,1,True,0.7
t.miller@harbour-dental.example,35-44,£100k-£150k,US,New York,New York,Head of Growth,Manager,Marketing,3,True,0.91
t.moore@upland-clinics.example,55-64,£50k-£100k,FR,Hauts-de-France,Lille,Marketing Director,Director or above,Marketing,1,True,0.72
t.muller@pinecrest-care.example,25-34,£50k-£100k,US,Illinois,Chicago,Head of Growth,Manager,Marketing,2,True,0.94
t.murphy@kingsway-insurance.example,35-44,£100k-£150k,US,Texas,Austin,Director of Sales,Director or above,Sales,1,True,0.75
t.patel@bramble-pharma.example,25-34,£25k-£50k,UK,London,London,Analyst,Individual contributor,Operations,2,False,0.63
t.patel@elmstead-software.example,25-34,£25k-£50k,US,California,San Francisco,Marketing Coordinator,Individual contributor,Marketing,2,False,0.68
t.smith@driftwood-manufacturing.example,25-34,£50k-£100k,UK,South West,Bristol,Demand Gen Manager,Manager,Marketing,6,True,0.61
t.thompson@willow-software.example,45-54,£150k+,US,Texas,Austin,Founder,Director or above,Executive,1,True,0.76
t.walker@yarrow-learning.example,25-34,£50k-£100k,UK,Scotland,Edinburgh,Sales Rep,Individual contributor,Sales,3,False,0.86
t.weber@umber-insurance.example,35-44,£100k-£150k,US,California,San Francisco,Head of Marketing,Manager,Marketing,2,False,0.72
t.white@elmstead-tutors.example,25-34,£50k-£100k,FR,Hauts-de-France,Lille,Sales Manager,Manager,Sales,1,True,0.98
t.white@highgate-care.example,35-44,£25k-£50k,UK,West Midlands,Birmingham,Head of Marketing,Manager,Marketing,13,False,0.92
t.wilson@pebble-transport.example,35-44,£50k-£100k,DE,Berlin,Berlin,Managing Director,Director or above,Executive,4,True,0.9
t.wilson@quartz-advisory.example,45-54,£25k-£50k,UK,South West,Bristol,Operations Manager,Manager,Operations,3,True,0.79
t.young@oldfield-retail.example,45-54,£50k-£100k,US,Texas,Austin,Marketing Manager,Manager,Marketing,7,False,0.6
tbernard976@yahoo.example,35-44,£25k-£50k,US,Washington,Seattle,Managing Director,Director or above,Executive,3,True,0.7
tbrown567@icloud.example,18-24,under £25k,UK,Yorkshire,Leeds,Student,Student,Student,0,False,0.98
tbrown657@outlook.example,45-54,£25k-£50k,FR,Occitanie,Toulouse,Demand Gen Manager,Manager,Marketing,4,True,0.65
tdavies791@outlook.example,18-24,under £25k,UK,Scotland,Edinburgh,Marketing Coordinator,Individual contributor,Marketing,3,False,0.93
tgreen941@outlook.example,25-34,under £25k,FR,Ile-de-France,Paris,Operations Manager,Manager,Operations,3,True,0.63
tjansen956@icloud.example,45-54,£50k-£100k,FR,Hauts-de-France,Lille,Head of Marketing,Manager,Marketing,4,False,0.95
tmoore237@hotmail.example,35-44,£100k-£150k,UK,Scotland,Edinburgh,CEO,Director or above,Executive,3,False,0.6
tpatel601@icloud.example,25-34,under £25k,US,New York,New York,Marketing Executive,Individual contributor,Marketing,8,True,0.95
twright014@icloud.example,25-34,£25k-£50k,FR,Hauts-de-France,Lille,Sales Rep,Individual contributor,Sales,2,False,0.81
twright116@gmail.example,18-24,under £25k,US,Washington,Seattle,Marketing Coordinator,Individual contributor,Marketing,1,False,0.82
tyler.anderson@driftwood-shipping.example,25-34,£25k-£50k,FR,Occitanie,Toulouse,Marketing Coordinator,Individual contributor,Marketing,3,False,0.84
tyler.anderson@icloud.example,25-34,£25k-£50k,UK,North West,Manchester,Student,Student,Student,0,False,0.94
tyler.brown@saltmarsh-health.example,35-44,£150k+,US,Washington,Seattle,Chief Revenue Officer,Director or above,Executive,2,True,0.92
tyler.brown@yarrow-capital.example,55-64,£100k-£150k,NL,North Holland,Amsterdam,VP Marketing,Director or above,Marketing,4,False,0.77
tyler.clarke@northwind-works.example,35-44,£100k-£150k,UK,London,London,Marketing Director,Director or above,Marketing,3,True,0.95
tyler.davies@pinecrest-data.example,25-34,£25k-£50k,FR,Hauts-de-France,Lille,Assistant,Individual contributor,Operations,3,False,0.85
tyler.devries@willow-legal.example,45-54,£100k-£150k,US,Texas,Austin,CEO,Director or above,Executive,2,False,0.76
tyler.evans@evergreen-components.example,35-44,£50k-£100k,UK,London,London,Sales Manager,Manager,Sales,2,True,0.76
tyler.evans@foxglove-medical.example,18-24,£25k-£50k,NL,North Brabant,Eindhoven,Marketing Coordinator,Individual contributor,Marketing,4,False,0.63
tyler.evans@icloud.example,18-24,under £25k,UK,West Midlands,Birmingham,Student,Student,Student,0,True,0.79
tyler.hall@yahoo.example,35-44,under £25k,UK,South West,Bristol,Marketing Coordinator,Individual contributor,Marketing,4,True,0.84
tyler.hughes@vantage-cloud.example,25-34,£50k-£100k,FR,Occitanie,Toulouse,Sales Rep,Individual contributor,Sales,4,False,0.78
tyler.jones@moorland-components.example,25-34,£100k-£150k,UK,South West,Bristol,VP Marketing,Director or above,Marketing,9,True,0.66
tyler.jones@pennine-pharma.example,35-44,£100k-£150k,US,New York,New York,Operations Manager,Manager,Operations,1,True,0.7
tyler.jones@silverline-transport.example,18-24,£25k-£50k,FR,Ile-de-France,Paris,Analyst,Individual contributor,Operations,0,False,0.66
tyler.king@bluebell-partners.example,25-34,£25k-£50k,DE,Bavaria,Munich,Assistant,Individual contributor,Operations,8,False,0.88
tyler.martin@northwind-learning.example,35-44,£25k-£50k,NL,North Holland,Amsterdam,Marketing Manager,Manager,Marketing,3,False,0.72
tyler.miller@moorland-associates.example,35-44,£50k-£100k,FR,Ile-de-France,Paris,Demand Gen Manager,Manager,Marketing,1,False,0.94
tyler.moore@gmail.example,45-54,£50k-£100k,NL,South Holland,Rotterdam,Sales Manager,Manager,Sales,3,True,0.87
tyler.moore@marigold-digital.example,18-24,£25k-£50k,UK,Yorkshire,Leeds,Sales Rep,Individual contributor,Sales,2,False,0.8
tyler.muller@emberly-manufacturing.example,55-64,£100k-£150k,UK,Scotland,Edinburgh,Marketing Director,Director or above,Marketing,2,False,0.79
tyler.muller@jasper-college.example,25-34,£100k-£150k,FR,Hauts-de-France,Lille,Head of Growth,Manager,Marketing,1,False,0.8
tyler.murphy@meridian-insurance.example,25-34,£50k-£100k,UK,London,London,Head of Marketing,Manager,Marketing,4,False,0.92
tyler.murphy@northwind-logistics.example,35-44,£100k-£150k,FR,Occitanie,Toulouse,Founder,Director or above,Executive,2,False,0.7
tyler.patel@heron-capital.example,45-54,£50k-£100k,UK,North West,Manchester,Chief Revenue Officer,Director or above,Executive,5,True,0.64
tyler.patel@ivywood-lending.example,35-44,£50k-£100k,US,New York,New York,Managing Director,Director or above,Executive,2,True,0.61
tyler.roberts@emberly-training.example,35-44,£100k-£150k,US,Texas,Austin,Marketing Manager,Manager,Marketing,0,True,0.61
tyler.roberts@heron-health.example,35-44,£25k-£50k,FR,Auvergne-Rhone-Alpes,Lyon,Marketing Coordinator,Individual contributor,Marketing,1,False,0.97
tyler.schmidt@keystone-manufacturing.example,25-34,£100k-£150k,FR,Ile-de-France,Paris,Sales Manager,Manager,Sales,2,False,0.85
tyler.scott@ivywood-dental.example,25-34,£100k-£150k,UK,North West,Manchester,CEO,Director or above,Executive,2,True,0.7
tyler.scott@pinecrest-clinics.example,25-34,£50k-£100k,UK,Scotland,Edinburgh,Marketing Executive,Individual contributor,Marketing,5,True,0.73
tyler.smith@gmail.example,45-54,£100k-£150k,US,California,San Francisco,VP Marketing,Director or above,Marketing,2,True,0.96
tyler.taylor@driftwood-accountants.example,45-54,£50k-£100k,UK,Scotland,Edinburgh,Head of Marketing,Manager,Marketing,5,True,0.81
tyler.taylor@emberly-works.example,25-34,under £25k,FR,Occitanie,Toulouse,Marketing Coordinator,Individual contributor,Marketing,3,False,0.89
tyler.taylor@inkwell-software.example,18-24,£50k-£100k,UK,South West,Bristol,Sales Rep,Individual contributor,Sales,8,False,0.97
tyler.taylor@yahoo.example,25-34,£25k-£50k,FR,Ile-de-France,Paris,Sales Rep,Individual contributor,Sales,1,False,0.8
tyler.thompson@brightwater-software.example,35-44,£100k-£150k,NL,Utrecht,Utrecht,Demand Gen Manager,Manager,Marketing,4,False,0.69
tyler.thompson@evergreen-transport.example,45-54,£100k-£150k,DE,Hesse,Frankfurt,Director of Sales,Director or above,Sales,3,True,0.92
tyler.thompson@kelvin-transport.example,25-34,£50k-£100k,UK,South West,Bristol,Head of Growth,Manager,Marketing,0,True,0.75
tyler.walker@norfolk-care.example,35-44,£50k-£100k,FR,Auvergne-Rhone-Alpes,Lyon,Sales Manager,Manager,Sales,2,True,0.75
tyler.walker@valley-consulting.example,25-34,£25k-£50k,NL,South Holland,Rotterdam,Analyst,Individual contributor,Operations,9,False,0.69
tyler.weber@hotmail.example,45-54,£150k+,UK,West Midlands,Birmingham,VP Marketing,Director or above,Marketing,4,True,0.91
tyler.white@gmail.example,18-24,under £25k,NL,South Holland,Rotterdam,Student,Student,Student,0,False,0.6
tyler.white@hotmail.example,25-34,£25k-£50k,DE,Bavaria,Munich,Student,Student,Student,0,True,0.63
tyler.williams@hotmail.example,45-54,£100k-£150k,UK,West Midlands,Birmingham,Chief Revenue Officer,Director or above,Executive,4,False,0.85
tyler.williams@outlook.example,18-24,under £25k,FR,Occitanie,Toulouse,Student,Student,Student,0,True,0.76
tyler.williams@valley-fabrication.example,25-34,£50k-£100k,DE,Bavaria,Munich,Sales Manager,Manager,Sales,3,True,0.79
tyler.wood@yahoo.example,35-44,£50k-£100k,UK,West Midlands,Birmingham,Head of Marketing,Manager,Marketing,2,True,0.85
tyler.wright@outlook.example,35-44,£100k-£150k,UK,West Midlands,Birmingham,VP Marketing,Director or above,Marketing,4,True,0.71
tyler.young@dovecote-advisory.example,45-54,£50k-£100k,US,Texas,Austin,Head of Marketing,Manager,Marketing,7,False,0.78
tyler.young@gmail.example,25-34,£100k-£150k,US,Washington,Seattle,VP Marketing,Director or above,Marketing,2,False,0.64
tyler82@emberly-fabrication.example,25-34,£50k-£100k,US,Massachusetts,Boston,Analyst,Individual contributor,Operations,1,False,0.69
tyler@alder-college.example,45-54,£50k-£100k,FR,Occitanie,Toulouse,Analyst,Individual contributor,Operations,4,False,0.7
tyler@ashford-dental.example,35-44,£100k-£150k,US,Massachusetts,Boston,VP Marketing,Director or above,Marketing,2,False,0.77
tyler@aurora-haulage.example,25-34,£25k-£50k,FR,Hauts-de-France,Lille,Marketing Coordinator,Individual contributor,Marketing,4,False,0.95
tyler@aurora-systems.example,25-34,£25k-£50k,NL,North Brabant,Eindhoven,Assistant,Individual contributor,Operations,2,False,0.61
tyler@bramble-lending.example,35-44,£50k-£100k,FR,Occitanie,Toulouse,Marketing Manager,Manager,Marketing,0,False,0.84
tyler@brightwater-capital.example,35-44,£50k-£100k,UK,London,London,Sales Manager,Manager,Sales,1,True,0.72
tyler@brightwater-recruitment.example,35-44,£150k+,US,Texas,Austin,Marketing Director,Director or above,Marketing,6,False,0.62
tyler@cedar-manufacturing.example,35-44,£100k-£150k,UK,North West,Manchester,CEO,Director or above,Executive,0,True,0.62
tyler@dovecote-recruitment.example,45-54,£50k-£100k,FR,Ile-de-France,Paris,Operations Manager,Manager,Operations,3,False,0.89
tyler@elmstead-freight.example,35-44,£50k-£100k,UK,South West,Bristol,Sales Manager,Manager,Sales,2,False,0.91
tyler@elmstead-industries.example,45-54,£25k-£50k,US,New York,New York,Sales Manager,Manager,Sales,1,True,0.65
tyler@emberly-fabrication.example,35-44,£50k-£100k,US,Texas,Austin,Demand Gen Manager,Manager,Marketing,4,False,0.79
tyler@fernhill-works.example,25-34,£50k-£100k,DE,Bavaria,Munich,Head of Marketing,Manager,Marketing,1,True,0.68
tyler@glenmoor-couriers.example,25-34,£25k-£50k,NL,South Holland,Rotterdam,Head of Growth,Manager,Marketing,2,False,0.78
tyler@harbour-software.example,45-54,£25k-£50k,US,New York,New York,Marketing Manager,Manager,Marketing,1,False,0.72
tyler@highgate-lending.example,55-64,£50k-£100k,FR,Ile-de-France,Paris,Marketing Manager,Manager,Marketing,1,True,0.97
tyler@inkwell-shipping.example,18-24,£25k-£50k,UK,Scotland,Edinburgh,Analyst,Individual contributor,Operations,2,False,0.91
tyler@juniper-training.example,25-34,£25k-£50k,NL,North Holland,Amsterdam,Marketing Coordinator,Individual contributor,Marketing,2,False,0.83
tyler@lindenwood-college.example,18-24,under £25k,UK,Yorkshire,Leeds,Marketing Coordinator,Individual contributor,Marketing,14,True,0.78
tyler@lindenwood-engineering.example,25-34,£50k-£100k,UK,South West,Bristol,VP Marketing,Director or above,Marketing,1,True,0.99
tyler@meridian-software.example,45-54,£50k-£100k,FR,Ile-de-France,Paris,Founder,Director or above,Executive,4,False,0.64
tyler@nimbus-logistics.example,25-34,£100k-£150k,UK,Yorkshire,Leeds,Demand Gen Manager,Manager,Marketing,7,True,0.79
tyler@nimbus-trading.example,35-44,£25k-£50k,FR,Hauts-de-France,Lille,Marketing Coordinator,Individual contributor,Marketing,1,True,0.72
tyler@oakridge-finance.example,45-54,£50k-£100k,US,California,San Francisco,Head of Marketing,Manager,Marketing,0,False,0.94
tyler@pebble-haulage.example,35-44,£50k-£100k,US,Massachusetts,Boston,Analyst,Individual contributor,Operations,1,False,0.87
tyler@pebble-pharma.example,35-44,£150k+,FR,Auvergne-Rhone-Alpes,Lyon,Founder,Director or above,Executive,7,True,0.63
tyler@pinecrest-capital.example,18-24,£25k-£50k,US,Texas,Austin,Marketing Manager,Manager,Marketing,3,False,0.74
tyler@pinecrest-care.example,35-44,£25k-£50k,US,New York,New York,Marketing Executive,Individual contributor,Marketing,4,True,0.78
tyler@pinecrest-engineering.example,18-24,£50k-£100k,US,Texas,Austin,Assistant,Individual contributor,Operations,6,False,0.69
tyler@redwood-care.example,25-34,£50k-£100k,US,California,San Francisco,Marketing Executive,Individual contributor,Marketing,7,True,0.81
tyler@saltmarsh-outfitters.example,18-24,under £25k,UK,Scotland,Edinburgh,Assistant,Individual contributor,Operations,5,False,0.89
tyler@saltmarsh-recruitment.example,18-24,£50k-£100k,DE,Berlin,Berlin,Assistant,Individual contributor,Operations,2,False,0.79
tyler@silverline-advisory.example,45-54,£25k-£50k,NL,North Brabant,Eindhoven,Head of Growth,Manager,Marketing,1,True,0.84
tyler@tamarind-associates.example,35-44,£150k+,US,Washington,Seattle,Head of Marketing,Manager,Marketing,2,False,0.91
tyler@tamarind-finance.example,25-34,£150k+,UK,North West,Manchester,Marketing Director,Director or above,Marketing,7,True,0.71
tyler@tidewater-market.example,35-44,£50k-£100k,UK,Yorkshire,Leeds,Marketing Manager,Manager,Marketing,1,False,0.75
tyler@upland-engineering.example,45-54,£50k-£100k,UK,Yorkshire,Leeds,Marketing Manager,Manager,Marketing,2,False,0.94
tyler@willow-legal.example,35-44,£100k-£150k,US,Illinois,Chicago,Sales Manager,Manager,Sales,2,False,0.95
tyler@yarrow-accountants.example,45-54,£100k-£150k,UK,South West,Bristol,Operations Manager,Manager,Operations,10,False,0.64
tylerclarke39@gmail.example,25-34,£25k-£50k,FR,Ile-de-France,Paris,Marketing Coordinator,Individual contributor,Marketing,2,False,0.77
tylerdevries09@hotmail.example,25-34,£50k-£100k,UK,West Midlands,Birmingham,Analyst,Individual contributor,Operations,2,False,0.7
tylergarcia57@hotmail.example,35-44,£50k-£100k,US,California,San Francisco,Head of Marketing,Manager,Marketing,1,False,0.96
tylerkhan75@icloud.example,35-44,£25k-£50k,UK,Scotland,Edinburgh,Marketing Manager,Manager,Marketing,3,False,0.74
tylerkhan84@icloud.example,35-44,£50k-£100k,US,New York,New York,Marketing Executive,Individual contributor,Marketing,6,True,0.89
tylerwilliams43@yahoo.example,25-34,£25k-£50k,UK,North West,Manchester,Analyst,Individual contributor,Operations,1,False,0.88
tylerwilliams61@yahoo.example,35-44,£50k-£100k,US,Massachusetts,Boston,Sales Manager,Manager,Sales,10,True,0.69
z.anderson@silverline-freight.example,25-34,£50k-£100k,UK,South West,Bristol,Marketing Coordinator,Individual contributor,Marketing,8,False,0.64
z.baker@beacon-partners.example,25-34,under £25k,NL,South Holland,Rotterdam,Student,Student,Student,0,False,0.89
z.baker@nimbus-couriers.example,45-54,£100k-£150k,UK,Yorkshire,Leeds,Marketing Director,Director or above,Marketing,6,False,0.95
z.baker@nimbus-fabrication.example,35-44,£50k-£100k,UK,West Midlands,Birmingham,Demand Gen Manager,Manager,Marketing,4,False,0.61
z.baker@thornbury-tutors.example,35-44,£25k-£50k,US,California,San Francisco,Head of Growth,Manager,Marketing,4,False,0.68
z.bakker@marigold-stores.example,25-34,£50k-£100k,UK,Scotland,Edinburgh,Analyst,Individual contributor,Operations,5,False,0.66
z.bernard@brightwater-insurance.example,25-34,£25k-£50k,UK,Scotland,Edinburgh,Demand Gen Manager,Manager,Marketing,3,False,0.66
z.bernard@inkwell-trading.example,35-44,£100k-£150k,FR,Ile-de-France,Paris,Marketing Manager,Manager,Marketing,4,False,0.75
z.bernard@kingsway-education.example,35-44,£25k-£50k,DE,Hesse,Frankfurt,Sales Manager,Manager,Sales,1,True,0.72
z.davies@cedar-care.example,35-44,£150k+,US,Texas,Austin,Head of Marketing,Manager,Marketing,2,True,0.84
z.devries@rosewood-pharma.example,25-34,£25k-£50k,US,Massachusetts,Boston,Marketing Executive,Individual contributor,Marketing,5,False,0.93
z.garcia@dunmore-trading.example,35-44,£50k-£100k,UK,North West,Manchester,Marketing Manager,Manager,Marketing,2,False,0.84
z.garcia@emberly-college.example,25-34,£150k+,UK,West Midlands,Birmingham,VP Marketing,Director or above,Marketing,1,True,0.75
z.garcia@harbour-college.example,25-34,£25k-£50k,UK,South West,Bristol,Assistant,Individual contributor,Operations,2,True,0.76
z.green@ironbridge-pharma.example,35-44,£25k-£50k,FR,Hauts-de-France,Lille,Head of Growth,Manager,Marketing,2,False,0.97
z.green@meridian-software.example,25-34,£50k-£100k,FR,Hauts-de-France,Lille,Assistant,Individual contributor,Operations,2,False,0.93
z.hall@marigold-fabrication.example,35-44,£50k-£100k,UK,North West,Manchester,Head of Marketing,Manager,Marketing,2,False,0.62
z.hughes@marigold-market.example,45-54,£100k-£150k,US,Illinois,Chicago,Chief Revenue Officer,Director or above,Executive,4,True,0.6
z.johnson@meridian-wealth.example,35-44,£100k-£150k,DE,Hesse,Frankfurt,Managing Director,Director or above,Executive,2,True,0.65
z.jones@oldfield-medical.example,45-54,£25k-£50k,UK,West Midlands,Birmingham,Demand Gen Manager,Manager,Marketing,2,False,0.74
z.king@lindenwood-training.example,45-54,£25k-£50k,NL,Utrecht,Utrecht,Head of Marketing,Manager,Marketing,14,False,0.95
z.lewis@riverside-digital.example,35-44,£150k+,US,California,San Francisco,Founder,Director or above,Executive,3,True,0.99
z.lewis@silverline-advisory.example,18-24,£25k-£50k,NL,North Holland,Amsterdam,Sales Rep,Individual contributor,Sales,4,False,0.77
z.martin@cobalt-goods.example,25-34,£50k-£100k,UK,West Midlands,Birmingham,Sales Manager,Manager,Sales,2,False,0.71
z.miller@stonebridge-fabrication.example,25-34,£25k-£50k,UK,North West,Manchester,Sales Rep,Individual contributor,Sales,2,False,0.65
z.muller@keystone-advisory.example,55-64,£25k-£50k,NL,South Holland,Rotterdam,Marketing Manager,Manager,Marketing,4,True,0.93
z.muller@saltmarsh-data.example,45-54,£150k+,UK,Yorkshire,Leeds,Marketing Director,Director or above,Marketing,0,False,0.91
z.murphy@granite-legal.example,25-34,£25k-£50k,UK,London,London,Sales Rep,Individual contributor,Sales,3,False,0.67
z.patel@brightwater-goods.example,25-34,£25k-£50k,US,Massachusetts,Boston,Assistant,Individual contributor,Operations,2,True,0.79
z.patel@kestrel-couriers.example,25-34,£25k-£50k,NL,South Holland,Rotterdam,Assistant,Individual contributor,Operations,4,True,0.98
z.schmidt@saltmarsh-fabrication.example,35-44,£25k-£50k,US,California,San Francisco,Analyst,Individual contributor,Operations,1,False,0.73
z.scott@pennine-clinics.example,35-44,£100k-£150k,FR,Hauts-de-France,Lille,Sales Manager,Manager,Sales,5,True,0.89
z.smith@elmstead-training.example,45-54,£150k+,UK,South West,Bristol,Chief Revenue Officer,Director or above,Executive,1,True,0.86
z.taylor@greystone-components.example,25-34,£50k-£100k,UK,West Midlands,Birmingham,Demand Gen Manager,Manager,Marketing,4,True,0.61
z.thompson@cobalt-engineering.example,25-34,£25k-£50k,DE,Hesse,Frankfurt,Sales Rep,Individual contributor,Sales,7,False,0.77
z.walker@valley-data.example,25-34,£50k-£100k,FR,Hauts-de-France,Lille,Analyst,Individual contributor,Operations,9,True,0.8
z.weber@cobalt-stores.example,25-34,£50k-£100k,NL,South Holland,Rotterdam,Operations Manager,Manager,Operations,3,False,0.82
z.weber@heron-goods.example,45-54,£50k-£100k,DE,Berlin,Berlin,Assistant,Individual contributor,Operations,2,False,0.79
z.weber@meridian-works.example,35-44,£25k-£50k,DE,Hesse,Frankfurt,Head of Marketing,Manager,Marketing,2,True,0.86
z.weber@orchard-insurance.example,35-44,£100k-£150k,UK,North West,Manchester,Demand Gen Manager,Manager,Marketing,2,True,0.74
z.weber@westbrook-data.example,55-64,£100k-£150k,DE,Bavaria,Munich,Chief Revenue Officer,Director or above,Executive,1,True,0.69
z.white@moorland-advisory.example,35-44,£50k-£100k,UK,Yorkshire,Leeds,Operations Manager,Manager,Operations,10,False,0.79
z.williams@dunmore-medical.example,25-34,£150k+,US,Massachusetts,Boston,Marketing Manager,Manager,Marketing,1,False,0.75
z.williams@evergreen-advisory.example,35-44,£25k-£50k,UK,West Midlands,Birmingham,Sales Rep,Individual contributor,Sales,4,False,0.76
z.wilson@glenmoor-legal.example,25-34,under £25k,UK,Scotland,Edinburgh,Assistant,Individual contributor,Operations,4,False,0.75
z.wood@oakridge-stores.example,35-44,£25k-£50k,US,Massachusetts,Boston,Assistant,Individual contributor,Operations,2,False,0.7
z.wood@oldfield-insurance.example,25-34,£25k-£50k,UK,London,London,Sales Manager,Manager,Sales,1,True,0.99
z.wright@oldfield-legal.example,25-34,£25k-£50k,FR,Occitanie,Toulouse,Analyst,Individual contributor,Operations,1,False,0.92
z.young@moorland-engineering.example,25-34,£25k-£50k,UK,Yorkshire,Leeds,Marketing Coordinator,Individual contributor,Marketing,8,True,0.95
zara.baker@dunmore-fabrication.example,18-24,under £25k,UK,West Midlands,Birmingham,Student,Student,Student,0,False,0.64
zara.baker@greystone-lending.example,55-64,£50k-£100k,UK,Scotland,Edinburgh,VP Marketing,Director or above,Marketing,4,True,0.93
zara.baker@outlook.example,25-34,£50k-£100k,US,Texas,Austin,Assistant,Individual contributor,Operations,2,False,0.72
zara.bernard@moorland-software.example,45-54,under £25k,UK,South West,Bristol,Sales Rep,Individual contributor,Sales,5,False,0.87
zara.clarke@yarrow-works.example,65+,£100k-£150k,US,Illinois,Chicago,Chief Revenue Officer,Director or above,Executive,5,False,0.97
zara.davies@ashford-education.example,35-44,£50k-£100k,NL,North Holland,Amsterdam,Head of Growth,Manager,Marketing,3,True,0.87
zara.davies@falcon-haulage.example,25-34,£25k-£50k,NL,Utrecht,Utrecht,Analyst,Individual contributor,Operations,8,False,0.66
zara.davies@ironbridge-associates.example,25-34,£50k-£100k,US,New York,New York,Assistant,Individual contributor,Operations,3,True,0.9
zara.davies@redwood-outfitters.example,25-34,£100k-£150k,DE,Hamburg,Hamburg,Sales Manager,Manager,Sales,4,True,0.95
zara.dubois@bramble-goods.example,55-64,£100k-£150k,US,Massachusetts,Boston,Marketing Manager,Manager,Marketing,2,False,0.99
zara.dubois@emberly-couriers.example,35-44,£25k-£50k,US,California,San Francisco,Analyst,Individual contributor,Operations,1,False,0.6
zara.evans@beacon-insurance.example,18-24,£25k-£50k,UK,Scotland,Edinburgh,Analyst,Individual contributor,Operations,2,False,0.6
zara.hall@saltmarsh-insurance.example,25-34,£50k-£100k,UK,North West,Manchester,Sales Manager,Manager,Sales,3,False,0.95
zara.johnson@evergreen-learning.example,45-54,£50k-£100k,FR,Occitanie,Toulouse,Head of Growth,Manager,Marketing,0,False,0.72
zara.jones@cedar-software.example,25-34,£25k-£50k,US,California,San Francisco,Marketing Executive,Individual contributor,Marketing,2,False,0.79
zara.jones@outlook.example,45-54,£150k+,US,New York,New York,Chief Revenue Officer,Director or above,Executive,6,True,0.79
zara.king@orchard-academy.example,25-34,under £25k,NL,South Holland,Rotterdam,Sales Rep,Individual contributor,Sales,5,False,0.83
zara.martin@emberly-goods.example,35-44,£25k-£50k,UK,Yorkshire,Leeds,Sales Rep,Individual contributor,Sales,1,False,0.63
zara.moore@highgate-transport.example,35-44,£100k-£150k,UK,South West,Bristol,Director of Sales,Director or above,Sales,4,True,0.87
zara.muller@driftwood-accountants.example,25-34,£50k-£100k,UK,South West,Bristol,Marketing Manager,Manager,Marketing,1,True,0.83
zara.muller@pennine-lending.example,25-34,£50k-£100k,US,Illinois,Chicago,Sales Rep,Individual contributor,Sales,4,False,0.66
zara.muller@yahoo.example,35-44,£25k-£50k,UK,Yorkshire,Leeds,Operations Manager,Manager,Operations,4,False,0.93
zara.murphy@westbrook-data.example,25-34,£25k-£50k,DE,Berlin,Berlin,Analyst,Individual contributor,Operations,1,False,0.64
zara.murphy@willow-freight.example,35-44,under £25k,US,California,San Francisco,Sales Rep,Individual contributor,Sales,4,True,0.96
zara.roberts@moorland-wealth.example,35-44,£150k+,NL,North Holland,Amsterdam,CEO,Director or above,Executive,3,True,0.99
zara.roberts@oakridge-works.example,35-44,£150k+,NL,North Brabant,Eindhoven,Founder,Director or above,Executive,0,False,0.76
zara.scott@icloud.example,45-54,under £25k,UK,London,London,Marketing Executive,Individual contributor,Marketing,9,False,0.77
zara.scott@thornbury-college.example,55-64,£100k-£150k,NL,North Brabant,Eindhoven,Director of Sales,Director or above,Sales,1,True,0.66
zara.smith@lindenwood-academy.example,25-34,under £25k,UK,South West,Bristol,Marketing Coordinator,Individual contributor,Marketing,3,False,0.73
zara.thompson@quartz-accountants.example,45-54,£25k-£50k,DE,Hamburg,Hamburg,Sales Manager,Manager,Sales,1,False,0.93
zara.thompson@yahoo.example,25-34,£25k-£50k,US,Texas,Austin,Head of Growth,Manager,Marketing,5,True,0.85
zara.walker@dovecote-industries.example,45-54,£100k-£150k,FR,Occitanie,Toulouse,Director of Sales,Director or above,Sales,10,True,0.88
zara.walker@icloud.example,35-44,£50k-£100k,DE,Bavaria,Munich,Head of Marketing,Manager,Marketing,2,False,0.82
zara.weber@dovecote-industries.example,35-44,£50k-£100k,FR,Occitanie,Toulouse,Demand Gen Manager,Manager,Marketing,2,False,0.85
zara.white@nimbus-consulting.example,55-64,£150k+,US,Massachusetts,Boston,Managing Director,Director or above,Executive,3,False,0.94
zara.williams@elmstead-advisory.example,35-44,£50k-£100k,UK,Scotland,Edinburgh,Chief Revenue Officer,Director or above,Executive,5,True,0.83
zara.williams@northwind-freight.example,25-34,£100k-£150k,US,New York,New York,Demand Gen Manager,Manager,Marketing,0,True,0.76
zara.williams@yahoo.example,35-44,£25k-£50k,US,Illinois,Chicago,Demand Gen Manager,Manager,Marketing,7,False,0.84
zara.wood@outlook.example,25-34,under £25k,NL,Utrecht,Utrecht,Sales Rep,Individual contributor,Sales,1,False,0.85
zara.wright@outlook.example,55-64,£150k+,FR,Hauts-de-France,Lille,VP Marketing,Director or above,Marketing,15,True,0.88
zara.young@yahoo.example,45-54,£50k-£100k,FR,Hauts-de-France,Lille,Marketing Manager,Manager,Marketing,24,True,0.99
zara@ashford-cloud.example,55-64,£100k-£150k,US,Massachusetts,Boston,Sales Manager,Manager,Sales,3,False,0.83
zara@ashford-shipping.example,45-54,£50k-£100k,UK,London,London,Chief Revenue Officer,Director or above,Executive,3,False,0.6
zara@beacon-advisory.example,35-44,£50k-£100k,FR,Occitanie,Toulouse,Operations Manager,Manager,Operations,3,True,0.77
zara@beacon-tutors.example,25-34,£25k-£50k,NL,North Holland,Amsterdam,Operations Manager,Manager,Operations,1,True,0.93
zara@bluebell-labs.example,45-54,£50k-£100k,NL,North Holland,Amsterdam,Sales Manager,Manager,Sales,1,True,0.79
zara@bramble-lending.example,18-24,under £25k,FR,Occitanie,Toulouse,Assistant,Individual contributor,Operations,4,False,0.64
zara@driftwood-industries.example,25-34,under £25k,UK,Yorkshire,Leeds,Marketing Executive,Individual contributor,Marketing,4,False,0.81
zara@elmstead-wealth.example,35-44,£100k-£150k,UK,West Midlands,Birmingham,CEO,Director or above,Executive,2,True,0.77
zara@evergreen-haulage.example,25-34,under £25k,FR,Auvergne-Rhone-Alpes,Lyon,Analyst,Individual contributor,Operations,2,False,0.94
zara@granite-engineering.example,25-34,£25k-£50k,DE,Hamburg,Hamburg,Marketing Executive,Individual contributor,Marketing,6,False,0.73
zara@greystone-logistics.example,18-24,£25k-£50k,US,Illinois,Chicago,Assistant,Individual contributor,Operations,2,True,0.88
zara@harbour-associates.example,25-34,£25k-£50k,US,Illinois,Chicago,Head of Growth,Manager,Marketing,1,True,0.64
zara@harbour-care.example,25-34,£50k-£100k,UK,Scotland,Edinburgh,Sales Rep,Individual contributor,Sales,1,True,0.86
zara@hawthorn-capital.example,35-44,£150k+,UK,North West,Manchester,Chief Revenue Officer,Director or above,Executive,2,True,0.83
zara@heron-capital.example,35-44,£50k-£100k,UK,West Midlands,Birmingham,Operations Manager,Manager,Operations,2,True,0.75
zara@heron-transport.example,35-44,under £25k,UK,Scotland,Edinburgh,Analyst,Individual contributor,Operations,15,True,0.9
zara@jasper-outfitters.example,18-24,under £25k,DE,Berlin,Berlin,Student,Student,Student,0,False,0.8
zara@jasper-partners.example,45-54,£150k+,US,New York,New York,Managing Director,Director or above,Executive,4,True,0.82
zara@juniper-logistics.example,65+,£50k-£100k,UK,Yorkshire,Leeds,CEO,Director or above,Executive,3,True,0.68
zara@kelvin-goods.example,35-44,£50k-£100k,FR,Ile-de-France,Paris,Operations Manager,Manager,Operations,5,True,0.98
zara@kestrel-capital.example,35-44,£100k-£150k,DE,Hesse,Frankfurt,Director of Sales,Director or above,Sales,9,True,0.89
zara@lantern-clinics.example,25-34,£50k-£100k,UK,Yorkshire,Leeds,Assistant,Individual contributor,Operations,5,False,0.97
zara@lantern-consulting.example,25-34,£25k-£50k,UK,Yorkshire,Leeds,Marketing Coordinator,Individual contributor,Marketing,2,False,0.72
zara@larkspur-retail.example,45-54,£50k-£100k,UK,West Midlands,Birmingham,Marketing Manager,Manager,Marketing,2,True,0.81
zara@lindenwood-goods.example,35-44,£50k-£100k,UK,Yorkshire,Leeds,Sales Manager,Manager,Sales,1,True,0.7
zara@marigold-labs.example,45-54,£100k-£150k,FR,Hauts-de-France,Lille,Managing Director,Director or above,Executive,5,True,0.83
zara@meridian-goods.example,25-34,£100k-£150k,DE,Bavaria,Munich,Founder,Director or above,Executive,0,True,0.74
zara@moorland-insurance.example,35-44,£150k+,NL,Utrecht,Utrecht,CEO,Director or above,Executive,4,True,0.7
zara@nettlefield-finance.example,18-24,£100k-£150k,UK,South West,Bristol,Operations Manager,Manager,Operations,1,True,0.65
zara@nettlefield-haulage.example,35-44,£50k-£100k,FR,Auvergne-Rhone-Alpes,Lyon,CEO,Director or above,Executive,4,True,0.71
zara@nimbus-digital.example,25-34,£100k-£150k,US,New York,New York,Marketing Manager,Manager,Marketing,1,False,0.74
zara@orchard-academy.example,25-34,£50k-£100k,NL,North Holland,Amsterdam,Head of Marketing,Manager,Marketing,2,True,0.81
zara@orchard-shipping.example,65+,£150k+,US,Washington,Seattle,Marketing Director,Director or above,Marketing,1,True,0.83
zara@pebble-clinics.example,18-24,£50k-£100k,UK,South West,Bristol,Sales Rep,Individual contributor,Sales,3,False,0.85
zara@pebble-cloud.example,45-54,£100k-£150k,FR,Ile-de-France,Paris,Marketing Director,Director or above,Marketing,6,True,0.79
zara@pinecrest-health.example,18-24,under £25k,NL,South Holland,Rotterdam,Marketing Coordinator,Individual contributor,Marketing,2,False,0.68
zara@pinecrest-wealth.example,25-34,£100k-£150k,US,Washington,Seattle,Marketing Executive,Individual contributor,Marketing,2,True,0.86
zara@quartz-consulting.example,45-54,£100k-£150k,UK,North West,Manchester,Marketing Director,Director or above,Marketing,4,True,0.96
zara@quartz-data.example,25-34,£50k-£100k,US,Illinois,Chicago,Marketing Executive,Individual contributor,Marketing,5,True,0.75
zara@quartz-freight.example,25-34,£50k-£100k,US,Washington,Seattle,Marketing Executive,Individual contributor,Marketing,7,False,0.81
zara@quartz-logistics.example,35-44,£50k-£100k,NL,North Holland,Amsterdam,Sales Manager,Manager,Sales,1,True,0.98
zara@redwood-lending.example,35-44,£150k+,US,Massachusetts,Boston,CEO,Director or above,Executive,10,True,0.79
zara@saltmarsh-data.example,25-34,£50k-£100k,UK,London,London,Analyst,Individual contributor,Operations,3,False,0.74
zara@saltmarsh-insurance.example,25-34,£25k-£50k,UK,West Midlands,Birmingham,Marketing Executive,Individual contributor,Marketing,6,True,0.7
zara@silverline-shipping.example,35-44,£50k-£100k,UK,West Midlands,Birmingham,Analyst,Individual contributor,Operations,4,False,0.77
zara@tamarind-logistics.example,25-34,£50k-£100k,DE,Hesse,Frankfurt,Operations Manager,Manager,Operations,1,False,0.7
zara@thornbury-education.example,25-34,£25k-£50k,UK,London,London,Marketing Executive,Individual contributor,Marketing,9,False,0.79
zara@upland-shipping.example,18-24,£25k-£50k,NL,South Holland,Rotterdam,Sales Rep,Individual contributor,Sales,3,False,0.7
zara@vantage-college.example,35-44,£25k-£50k,UK,West Midlands,Birmingham,Operations Manager,Manager,Operations,14,True,0.68
zaraanderson68@icloud.example,25-34,under £25k,NL,North Holland,Amsterdam,Marketing Coordinator,Individual contributor,Marketing,6,False,0.75
zarabaker76@icloud.example,25-34,£25k-£50k,UK,Scotland,Edinburgh,Marketing Manager,Manager,Marketing,1,False,0.76
zarabakker71@hotmail.example,25-34,£50k-£100k,US,Washington,Seattle,Marketing Coordinator,Individual contributor,Marketing,14,True,0.96
zaraclarke62@yahoo.example,25-34,£150k+,US,California,San Francisco,Founder,Director or above,Executive,0,False,0.76
zaradevries05@yahoo.example,35-44,£100k-£150k,US,Washington,Seattle,Marketing Director,Director or above,Marketing,1,False,0.99
zaradubois01@yahoo.example,35-44,£25k-£50k,DE,Bavaria,Munich,Head of Marketing,Manager,Marketing,1,False,0.9
zaradubois28@icloud.example,45-54,£25k-£50k,US,Texas,Austin,Sales Rep,Individual contributor,Sales,2,True,0.63
zaraevans78@yahoo.example,35-44,£50k-£100k,DE,Hamburg,Hamburg,Demand Gen Manager,Manager,Marketing,2,True,0.79
zaragarcia61@hotmail.example,25-34,under £25k,FR,Occitanie,Toulouse,Head of Growth,Manager,Marketing,4,True,0.66
zaramoore33@gmail.example,25-34,under £25k,US,Massachusetts,Boston,Head of Marketing,Manager,Marketing,2,True,0.93
zaraschmidt99@gmail.example,45-54,£100k-£150k,NL,Utrecht,Utrecht,VP Marketing,Director or above,Marketing,2,True,0.8
zarasmith74@icloud.example,25-34,£25k-£50k,UK,Yorkshire,Leeds,Analyst,Individual contributor,Operations,4,False,0.84
zarataylor63@outlook.example,25-34,£50k-£100k,FR,Occitanie,Toulouse,Sales Manager,Manager,Sales,3,False,0.92
zarawilliams71@outlook.example,25-34,£100k-£150k,UK,London,London,Chief Revenue Officer,Director or above,Executive,1,True,0.65
zarawright95@yahoo.example,25-34,under £25k,FR,Occitanie,Toulouse,Student,Student,Student,0,False,0.81
zdevries438@outlook.example,25-34,£25k-£50k,UK,Yorkshire,Leeds,Student,Student,Student,0,False,0.88
zmartin767@outlook.example,25-34,£50k-£100k,DE,Hamburg,Hamburg,Operations Manager,Manager,Operations,4,False,0.84
zmoore465@hotmail.example,18-24,under £25k,UK,South West,Bristol,Student,Student,Student,0,False,0.85
zmuller044@outlook.example,35-44,£50k-£100k,UK,London,London,Head of Marketing,Manager,Marketing,1,False,0.96
zpatel485@outlook.example,25-34,£25k-£50k,NL,North Holland,Amsterdam,Marketing Coordinator,Individual contributor,Marketing,2,False,0.72
zscott264@outlook.example,35-44,£50k-£100k,NL,North Brabant,Eindhoven,Head of Marketing,Manager,Marketing,4,False,0.98
zscott786@gmail.example,25-34,under £25k,DE,Berlin,Berlin,Student,Student,Student,0,False,0.77
ztaylor989@hotmail.example,18-24,£50k-£100k,FR,Occitanie,Toulouse,Assistant,Individual contributor,Operations,3,False,0.64
zwilliams977@outlook.example,25-34,£25k-£50k,NL,North Holland,Amsterdam,Analyst,Individual contributor,Operations,1,False,0.8
zwood675@outlook.example,25-34,under £25k,FR,Hauts-de-France,Lille,Sales Rep,Individual contributor,Sales,2,False,0.61
