company_name,domain,sector,employee_band,country,hq_city,annual_revenue_band,founded_year,funding_stage,crm_platform,monthly_ad_spend_band,ad_platforms,is_hiring,open_roles
Heron Stores BV,heron-stores.example,Retail,1-10,NL,Rotterdam,under £1m,2009,Seed,No CRM,under £5k,"[""Google Ads""]",False,0
Granite Academy Inc,granite-academy.example,Education,1-10,US,San Francisco,under £1m,2017,Bootstrapped,No CRM,under £5k,"[""Meta Ads""]",True,2
Kingsway Recruitment Ltd,kingswayrecr-group.example,Professional services,51-200,UK,London,£10m-£50m,2005,Series B,Spreadsheet,£5k-£25k,"[""Google Ads"", ""LinkedIn Ads""]",True,9
Ivywood Components Inc,ivywood-components.example,Manufacturing,11-50,US,Boston,£1m-£10m,2024,Bootstrapped,Salesforce,£5k-£25k,"[""Meta Ads"", ""Microsoft Ads""]",True,3
Vantage Shipping Inc,vantage-shipping.example,Logistics,11-50,US,Seattle,£1m-£10m,2009,Bootstrapped,Spreadsheet,under £5k,"[""Microsoft Ads""]",False,0
Riverside Haulage Inc,riverside-haulage.example,Logistics,1-10,US,Boston,under £1m,2015,Bootstrapped,Spreadsheet,under £5k,"[""Meta Ads""]",False,0
Redwood Legal BV,redwood-legal.example,Professional services,1-10,NL,Rotterdam,under £1m,1996,Bootstrapped,No CRM,none,[],False,0
Kestrel Market Ltd,kestrelmark-group.example,Retail,201-1000,UK,London,£50m-£250m,1985,Bootstrapped,Salesforce,£25k-£100k,"[""LinkedIn Ads"", ""Meta Ads"", ""Microsoft Ads""]",True,23
Pinecrest Medical GmbH,pinecrest-medical.example,Healthcare,201-1000,DE,Munich,£50m-£250m,1993,Bootstrapped,HubSpot,£25k-£100k,"[""Google Ads"", ""Meta Ads"", ""Microsoft Ads""]",True,20
Redwood Trading Inc,redwood-trading.example,Retail,51-200,US,Chicago,£50m-£250m,2010,Series A,Salesforce,none,[],True,9
Nimbus Pharma Inc,nimbus-pharma.example,Healthcare,1-10,US,Chicago,under £1m,1995,Bootstrapped,No CRM,none,[],False,0
Dovecote Dental Ltd,dovecote-dental.example,Healthcare,201-1000,UK,Leeds,£50m-£250m,2021,Private equity,HubSpot,£100k+,"[""Google Ads"", ""LinkedIn Ads"", ""Meta Ads"", ""Microsoft Ads""]",True,27
Granite Clinics Inc,graniteclin-group.example,Healthcare,1-10,US,Chicago,under £1m,2008,Bootstrapped,No CRM,none,[],False,0
Pennine Accountants Inc,pennineacco-group.example,Professional services,1000+,US,Austin,£50m-£250m,2016,Series C+,Salesforce,£5k-£25k,"[""Google Ads"", ""Meta Ads""]",True,65
Greystone Fabrication Ltd,greystonefabr-group.example,Manufacturing,51-200,UK,London,£10m-£50m,2016,Series B,Salesforce,£5k-£25k,"[""Google Ads"", ""LinkedIn Ads""]",False,0
Thornbury Industries Inc,thornbury-industries.example,Manufacturing,1-10,US,Boston,under £1m,2010,Bootstrapped,No CRM,£5k-£25k,"[""Meta Ads"", ""Microsoft Ads""]",False,0
Thornbury Dental Inc,thornbury-dental.example,Healthcare,201-1000,US,San Francisco,£50m-£250m,2006,Series B,Salesforce,£5k-£25k,"[""Google Ads"", ""LinkedIn Ads""]",True,27
Kelvin Freight SAS,kelvin-freight.example,Logistics,201-1000,FR,Paris,£50m-£250m,2000,Series B,No CRM,£5k-£25k,"[""Meta Ads"", ""TikTok Ads""]",True,27
Granite Couriers Ltd,granitecour-group.example,Logistics,1-10,UK,Edinburgh,under £1m,1997,Bootstrapped,No CRM,under £5k,"[""Meta Ads""]",True,3
Fernhill Learning GmbH,fernhill-learning.example,Education,11-50,DE,Berlin,under £1m,2011,Seed,Pipedrive,under £5k,"[""Microsoft Ads""]",False,0
Stonebridge Legal SAS,stonebridge-legal.example,Professional services,1-10,FR,Lille,under £1m,2011,Bootstrapped,HubSpot,under £5k,"[""Meta Ads""]",True,2
Jasper Tutors Inc,jasper-tutors.example,Education,1-10,US,Chicago,under £1m,2009,Seed,HubSpot,under £5k,"[""Meta Ads""]",False,0
Fernhill Market Inc,fernhill-market.example,Retail,11-50,US,Seattle,£10m-£50m,1996,Bootstrapped,Pipedrive,under £5k,"[""Google Ads""]",False,0
Tidewater Care Ltd,tidewater-care.example,Healthcare,51-200,UK,Edinburgh,£10m-£50m,2009,Bootstrapped,HubSpot,£5k-£25k,"[""Google Ads"", ""Meta Ads""]",True,5
Pennine Tutors Ltd,penninetuto-group.example,Education,1-10,UK,Leeds,under £1m,2019,Bootstrapped,Spreadsheet,under £5k,"[""LinkedIn Ads""]",True,1
Ironbridge Outfitters GmbH,ironbridge-outfitters.example,Retail,11-50,DE,Frankfurt,£1m-£10m,2002,Series A,Pipedrive,£5k-£25k,"[""LinkedIn Ads"", ""Meta Ads""]",False,0
Upland Recruitment GmbH,uplandrecr-group.example,Professional services,11-50,DE,Munich,£10m-£50m,2000,Series A,HubSpot,under £5k,"[""Meta Ads""]",False,0
Aurora Accountants Ltd,auroraacco-group.example,Professional services,11-50,UK,Birmingham,£1m-£10m,2011,Seed,HubSpot,none,[],False,0
Greystone Retail BV,greystone-retail.example,Retail,51-200,NL,Eindhoven,£10m-£50m,2021,Bootstrapped,Salesforce,none,[],False,0
Tidewater Health GmbH,tidewaterheal-group.example,Healthcare,1-10,DE,Munich,under £1m,2016,Seed,Spreadsheet,under £5k,"[""Google Ads""]",False,0
Thornbury Finance Ltd,thornbury-finance.example,Financial services,11-50,UK,Leeds,£1m-£10m,2005,Seed,Pipedrive,£5k-£25k,"[""Meta Ads"", ""Microsoft Ads""]",False,0
Quartz Partners BV,quartz-partners.example,Financial services,1-10,NL,Eindhoven,under £1m,2005,Bootstrapped,Spreadsheet,under £5k,"[""LinkedIn Ads""]",False,0
Vantage Retail SAS,vantage-retail.example,Retail,201-1000,FR,Toulouse,£50m-£250m,1982,Series C+,Spreadsheet,£5k-£25k,"[""LinkedIn Ads"", ""Meta Ads""]",False,0
Ashford Freight SAS,ashford-freight.example,Logistics,11-50,FR,Toulouse,£1m-£10m,2004,Bootstrapped,Spreadsheet,none,[],False,0
Dunmore Wealth Inc,dunmoreweal-group.example,Financial services,51-200,US,Austin,£10m-£50m,2001,Series B,Salesforce,£5k-£25k,"[""Meta Ads"", ""Microsoft Ads""]",False,0
Oldfield Software GmbH,oldfieldsoft-group.example,Software,201-1000,DE,Munich,£50m-£250m,2018,Private equity,Salesforce,£25k-£100k,"[""LinkedIn Ads"", ""Meta Ads"", ""TikTok Ads""]",True,14
Stonebridge Outfitters Ltd,stonebridge-outfitters.example,Retail,201-1000,UK,Edinburgh,£50m-£250m,2014,Private equity,Salesforce,£5k-£25k,"[""Google Ads"", ""Meta Ads""]",False,0
Umber Retail Ltd,umber-retail.example,Retail,1-10,UK,Leeds,under £1m,2009,Seed,Pipedrive,£5k-£25k,"[""Google Ads"", ""Meta Ads""]",False,0
Larkspur Engineering Ltd,larkspur-engineering.example,Manufacturing,1-10,UK,Bristol,under £1m,2014,Seed,HubSpot,none,[],False,0
Willow Lending GmbH,willow-lending.example,Financial services,201-1000,DE,Munich,£50m-£250m,1987,Public,Salesforce,£5k-£25k,"[""Meta Ads"", ""Microsoft Ads""]",False,0
Saltmarsh College GmbH,saltmarsh-college.example,Education,201-1000,DE,Hamburg,£50m-£250m,1996,Series C+,Pipedrive,£25k-£100k,"[""Google Ads"", ""LinkedIn Ads"", ""Meta Ads""]",False,0
Valley Accountants Ltd,valley-accountants.example,Professional services,1-10,UK,Leeds,under £1m,2001,Seed,Spreadsheet,under £5k,"[""LinkedIn Ads""]",False,0
Pennine Software Ltd,pennine-software.example,Software,1-10,UK,London,under £1m,2006,Bootstrapped,HubSpot,under £5k,"[""LinkedIn Ads""]",False,0
Aurora Legal Ltd,auroralega-group.example,Professional services,201-1000,UK,Birmingham,£50m-£250m,2022,Series B,Salesforce,£5k-£25k,"[""Google Ads"", ""Meta Ads""]",True,24
Cedar Associates Ltd,cedar-associates.example,Professional services,1000+,UK,Edinburgh,£250m+,1998,Bootstrapped,Salesforce,£25k-£100k,"[""Google Ads"", ""LinkedIn Ads"", ""Microsoft Ads""]",True,55
Quayside College Ltd,quayside-college.example,Education,1-10,UK,Leeds,under £1m,2019,Bootstrapped,Pipedrive,under £5k,"[""Meta Ads""]",False,0
Kingsway Systems GmbH,kingswaysyst-group.example,Software,1-10,DE,Frankfurt,under £1m,1997,Seed,Pipedrive,£5k-£25k,"[""Google Ads"", ""Meta Ads""]",True,2
Granite Recruitment Inc,granite-recruitment.example,Professional services,51-200,US,Boston,£1m-£10m,1998,Bootstrapped,Spreadsheet,£5k-£25k,"[""Meta Ads"", ""Microsoft Ads""]",True,11
Riverside College GmbH,riverside-college.example,Education,201-1000,DE,Frankfurt,£50m-£250m,1978,Private equity,HubSpot,£5k-£25k,"[""Meta Ads"", ""Microsoft Ads""]",True,17
Falcon Freight Ltd,falconfrei-group.example,Logistics,201-1000,UK,Manchester,£50m-£250m,2011,Series B,Salesforce,£100k+,"[""Google Ads"", ""LinkedIn Ads"", ""Meta Ads"", ""Microsoft Ads""]",False,0
Larkspur Insurance Ltd,larkspur-insurance.example,Financial services,1-10,UK,Edinburgh,under £1m,1999,Bootstrapped,No CRM,under £5k,"[""Meta Ads""]",False,0
Inkwell Training Ltd,inkwelltrai-group.example,Education,11-50,UK,Bristol,£1m-£10m,1999,Bootstrapped,HubSpot,£5k-£25k,"[""Google Ads"", ""LinkedIn Ads""]",False,0
Emberly Associates Inc,emberlyasso-group.example,Professional services,1-10,US,Chicago,under £1m,2003,Bootstrapped,Spreadsheet,under £5k,"[""Microsoft Ads""]",False,0
Valley Couriers Ltd,valley-couriers.example,Logistics,11-50,UK,Manchester,£1m-£10m,1998,Bootstrapped,Pipedrive,under £5k,"[""Google Ads""]",False,0
Tamarind Health Ltd,tamarindheal-group.example,Healthcare,51-200,UK,Edinburgh,£10m-£50m,2013,Bootstrapped,Pipedrive,£25k-£100k,"[""Google Ads"", ""LinkedIn Ads"", ""Meta Ads""]",True,9
Inkwell Couriers Ltd,inkwellcour-group.example,Logistics,1000+,UK,Birmingham,£250m+,2023,Public,Salesforce,£5k-£25k,"[""Google Ads"", ""Meta Ads""]",False,0
Oakridge Haulage Inc,oakridge-haulage.example,Logistics,201-1000,US,San Francisco,£50m-£250m,2011,Bootstrapped,Salesforce,£100k+,"[""Google Ads"", ""LinkedIn Ads"", ""Meta Ads"", ""TikTok Ads""]",False,0
Pinecrest Recruitment Ltd,pinecrest-recruitment.example,Professional services,11-50,UK,Birmingham,under £1m,2009,Bootstrapped,No CRM,£5k-£25k,"[""Google Ads"", ""Meta Ads""]",False,0
Inkwell Freight BV,inkwellfrei-group.example,Logistics,51-200,NL,Amsterdam,£10m-£50m,2020,Bootstrapped,Spreadsheet,£5k-£25k,"[""Google Ads"", ""Meta Ads""]",False,0
Jasper Advisory Ltd,jasperadvi-group.example,Professional services,1-10,UK,Bristol,under £1m,2002,Bootstrapped,Pipedrive,under £5k,"[""Microsoft Ads""]",False,0
Hawthorn Wealth Inc,hawthornweal-group.example,Financial services,1-10,US,Seattle,£1m-£10m,2023,Bootstrapped,Spreadsheet,£25k-£100k,"[""LinkedIn Ads"", ""Meta Ads"", ""Microsoft Ads""]",False,0
Brightwater Health Ltd,brightwater-health.example,Healthcare,1-10,UK,London,under £1m,2012,Series A,HubSpot,under £5k,"[""Meta Ads""]",False,0
Yarrow Labs Ltd,yarrowlabs-group.example,Software,11-50,UK,Birmingham,£1m-£10m,2002,Bootstrapped,No CRM,under £5k,"[""Meta Ads""]",True,3
Dovecote Pharma Ltd,dovecotephar-group.example,Healthcare,51-200,UK,Manchester,£10m-£50m,2021,Bootstrapped,Salesforce,none,[],False,0
Clearwater Capital Inc,clearwater-capital.example,Financial services,201-1000,US,Seattle,£50m-£250m,2009,Private equity,Salesforce,£100k+,"[""Google Ads"", ""LinkedIn Ads"", ""Microsoft Ads"", ""TikTok Ads""]",True,17
Lindenwood Goods SAS,lindenwood-goods.example,Retail,201-1000,FR,Lyon,£50m-£250m,1973,Series C+,Salesforce,£25k-£100k,"[""Google Ads"", ""LinkedIn Ads"", ""Microsoft Ads""]",True,20
Ivywood Shipping SAS,ivywood-shipping.example,Logistics,51-200,FR,Toulouse,£10m-£50m,1998,Series B,Salesforce,£25k-£100k,"[""Google Ads"", ""LinkedIn Ads"", ""Meta Ads""]",True,9
Meridian Legal Inc,meridian-legal.example,Professional services,201-1000,US,Boston,£250m+,2003,Series C+,Salesforce,£5k-£25k,"[""LinkedIn Ads"", ""Meta Ads""]",True,25
Thornbury Fabrication Ltd,thornbury-fabrication.example,Manufacturing,11-50,UK,London,£1m-£10m,2002,Bootstrapped,HubSpot,£5k-£25k,"[""Google Ads"", ""Meta Ads""]",True,5
Quayside Outfitters GmbH,quayside-outfitters.example,Retail,201-1000,DE,Frankfurt,£10m-£50m,2002,Series C+,No CRM,£5k-£25k,"[""LinkedIn Ads"", ""Meta Ads""]",True,17
Bramble Education GmbH,bramble-education.example,Education,51-200,DE,Hamburg,£10m-£50m,2007,Series A,Spreadsheet,£5k-£25k,"[""Google Ads"", ""Meta Ads""]",False,0
Inkwell Manufacturing BV,inkwell-manufacturing.example,Manufacturing,1-10,NL,Rotterdam,under £1m,2005,Bootstrapped,Spreadsheet,none,[],False,0
Nettlefield Industries Inc,nettlefieldindu-group.example,Manufacturing,201-1000,US,Chicago,£50m-£250m,1974,Series C+,HubSpot,£25k-£100k,"[""Google Ads"", ""Microsoft Ads"", ""TikTok Ads""]",True,17
Valley Data BV,valley-data.example,Software,11-50,NL,Utrecht,under £1m,2019,Seed,Spreadsheet,under £5k,"[""Google Ads""]",False,0
Willow Engineering SAS,willow-engineering.example,Manufacturing,11-50,FR,Paris,£1m-£10m,2004,Series B,HubSpot,none,[],True,3
Riverside Fabrication BV,riverside-fabrication.example,Manufacturing,51-200,NL,Amsterdam,£10m-£50m,2018,Seed,Salesforce,£5k-£25k,"[""Microsoft Ads"", ""TikTok Ads""]",False,0
Riverside Partners Ltd,riverside-partners.example,Financial services,1-10,UK,Bristol,under £1m,2014,Seed,No CRM,under £5k,"[""LinkedIn Ads""]",False,0
Norfolk Outfitters SAS,norfolk-outfitters.example,Retail,1-10,FR,Lille,under £1m,2001,Seed,Pipedrive,none,[],False,0
Pinecrest Wealth GmbH,pinecrestweal-group.example,Financial services,11-50,DE,Berlin,£1m-£10m,2014,Bootstrapped,HubSpot,none,[],False,0
Kingsway Consulting Ltd,kingsway-consulting.example,Professional services,11-50,UK,Leeds,£1m-£10m,2002,Series A,Salesforce,under £5k,"[""LinkedIn Ads""]",False,0
Umber Pharma GmbH,umber-pharma.example,Healthcare,1000+,DE,Frankfurt,£250m+,1970,Bootstrapped,HubSpot,£25k-£100k,"[""Google Ads"", ""LinkedIn Ads"", ""Meta Ads""]",False,0
Silverline Clinics SAS,silverline-clinics.example,Healthcare,1000+,FR,Paris,£250m+,2001,Bootstrapped,Salesforce,£5k-£25k,"[""Google Ads"", ""Meta Ads""]",True,59
Aurora Finance Inc,aurora-finance.example,Financial services,11-50,US,Chicago,£1m-£10m,2002,Series A,No CRM,£25k-£100k,"[""Google Ads"", ""Meta Ads"", ""Microsoft Ads""]",True,4
Moorland Training Inc,moorland-training.example,Education,11-50,US,Seattle,£1m-£10m,2009,Bootstrapped,HubSpot,£5k-£25k,"[""Meta Ads"", ""Microsoft Ads""]",False,0
Harbour Industries Ltd,harbour-industries.example,Manufacturing,201-1000,UK,Bristol,£50m-£250m,1983,Series C+,Spreadsheet,£100k+,"[""Google Ads"", ""LinkedIn Ads"", ""Meta Ads"", ""Microsoft Ads""]",True,19
Keystone Dental Ltd,keystone-dental.example,Healthcare,1-10,UK,Manchester,under £1m,2012,Seed,Salesforce,under £5k,"[""Microsoft Ads""]",False,0
Keystone Wealth BV,keystone-wealth.example,Financial services,1000+,NL,Amsterdam,£50m-£250m,1970,Bootstrapped,Salesforce,under £5k,"[""Google Ads""]",True,62
Valley Finance SAS,valley-finance.example,Financial services,1000+,FR,Toulouse,£250m+,1988,Public,Salesforce,under £5k,"[""TikTok Ads""]",True,69
Pinecrest Manufacturing Ltd,pinecrest-manufacturing.example,Manufacturing,1-10,UK,Birmingham,under £1m,2014,Seed,Salesforce,under £5k,"[""Google Ads""]",False,0
Elmstead Consulting BV,elmstead-consulting.example,Professional services,201-1000,NL,Amsterdam,£50m-£250m,1974,Series C+,Salesforce,£5k-£25k,"[""Google Ads"", ""Microsoft Ads""]",True,24
Marigold Care BV,marigold-care.example,Healthcare,1-10,NL,Rotterdam,under £1m,1997,Seed,Pipedrive,£5k-£25k,"[""Google Ads"", ""Meta Ads""]",True,3
Ironbridge Haulage BV,ironbridge-haulage.example,Logistics,51-200,NL,Eindhoven,£10m-£50m,2010,Series B,HubSpot,£5k-£25k,"[""LinkedIn Ads"", ""Meta Ads""]",False,0
Fernhill Retail Ltd,fernhillreta-group.example,Retail,201-1000,UK,Manchester,£50m-£250m,1975,Bootstrapped,Pipedrive,£5k-£25k,"[""LinkedIn Ads"", ""Meta Ads""]",True,22
Nettlefield Stores Inc,nettlefieldstor-group.example,Retail,1-10,US,Seattle,under £1m,1995,Seed,Pipedrive,£25k-£100k,"[""Google Ads"", ""LinkedIn Ads"", ""Meta Ads""]",False,0
Cedar Legal Ltd,cedar-legal.example,Professional services,1-10,UK,Leeds,under £1m,2011,Bootstrapped,HubSpot,under £5k,"[""Meta Ads""]",False,0
Granite Industries Ltd,granite-industries.example,Manufacturing,1-10,UK,Manchester,£1m-£10m,2024,Seed,HubSpot,under £5k,"[""Meta Ads""]",False,0
Yarrow Fabrication Inc,yarrow-fabrication.example,Manufacturing,1-10,US,San Francisco,under £1m,1995,Bootstrapped,Spreadsheet,under £5k,"[""Microsoft Ads""]",False,0
Vantage Engineering BV,vantage-engineering.example,Manufacturing,51-200,NL,Rotterdam,£10m-£50m,2022,Series B,HubSpot,£25k-£100k,"[""Google Ads"", ""LinkedIn Ads"", ""TikTok Ads""]",False,0
Nettlefield Tutors BV,nettlefield-tutors.example,Education,1-10,NL,Utrecht,under £1m,2002,Bootstrapped,HubSpot,£25k-£100k,"[""Google Ads"", ""Meta Ads"", ""Microsoft Ads""]",True,1
Kingsway Engineering SAS,kingswayengi-group.example,Manufacturing,11-50,FR,Lyon,£1m-£10m,2004,Series A,No CRM,£25k-£100k,"[""Google Ads"", ""LinkedIn Ads"", ""Meta Ads""]",False,0
Saltmarsh Education Ltd,saltmarsh-education.example,Education,1-10,UK,Birmingham,under £1m,2021,Series A,Spreadsheet,£5k-£25k,"[""Google Ads"", ""Meta Ads""]",False,0
Bluebell Manufacturing BV,bluebell-manufacturing.example,Manufacturing,11-50,NL,Utrecht,£1m-£10m,2019,Seed,HubSpot,under £5k,"[""TikTok Ads""]",True,2
Tidewater Finance Ltd,tidewater-finance.example,Financial services,51-200,UK,Edinburgh,£10m-£50m,2014,Series A,Salesforce,£5k-£25k,"[""Microsoft Ads"", ""TikTok Ads""]",False,0
Thornbury Health Inc,thornbury-health.example,Healthcare,1-10,US,Austin,£1m-£10m,2000,Seed,Spreadsheet,under £5k,"[""Meta Ads""]",False,0
Lindenwood Components Ltd,lindenwood-components.example,Manufacturing,11-50,UK,Bristol,£1m-£10m,1995,Seed,Pipedrive,£5k-£25k,"[""Google Ads"", ""LinkedIn Ads""]",False,0
Elmstead Components Inc,elmstead-components.example,Manufacturing,51-200,US,New York,£10m-£50m,2022,Series A,HubSpot,£25k-£100k,"[""Google Ads"", ""LinkedIn Ads"", ""Meta Ads""]",True,3
Inkwell Transport Inc,inkwell-transport.example,Logistics,1-10,US,Chicago,under £1m,2000,Seed,No CRM,none,[],False,0
Thornbury Labs Inc,thornbury-labs.example,Software,1-10,US,Boston,under £1m,2005,Seed,HubSpot,under £5k,"[""Google Ads""]",False,0
Marigold Tutors Ltd,marigoldtuto-group.example,Education,201-1000,UK,Bristol,£250m+,2011,Series A,No CRM,£25k-£100k,"[""Google Ads"", ""LinkedIn Ads"", ""Meta Ads""]",True,29
Quartz Couriers Ltd,quartz-couriers.example,Logistics,51-200,UK,Bristol,£10m-£50m,2010,Bootstrapped,Salesforce,£5k-£25k,"[""Meta Ads"", ""TikTok Ads""]",True,7
Kingsway Finance Inc,kingsway-finance.example,Financial services,11-50,US,Boston,£1m-£10m,2009,Seed,Spreadsheet,£5k-£25k,"[""Google Ads"", ""Microsoft Ads""]",True,4
Northwind Cloud Ltd,northwind-cloud.example,Software,201-1000,UK,Birmingham,£50m-£250m,1994,Private equity,Salesforce,£5k-£25k,"[""Google Ads"", ""Meta Ads""]",True,22
Tamarind Market SAS,tamarindmark-group.example,Retail,1-10,FR,Toulouse,under £1m,2009,Bootstrapped,Spreadsheet,under £5k,"[""Microsoft Ads""]",False,0
Juniper Wealth Inc,juniper-wealth.example,Financial services,11-50,US,New York,£10m-£50m,1997,Series A,HubSpot,£25k-£100k,"[""LinkedIn Ads"", ""Meta Ads"", ""TikTok Ads""]",False,0
Granite Market Ltd,granite-market.example,Retail,11-50,UK,London,£1m-£10m,2024,Series A,Spreadsheet,under £5k,"[""Microsoft Ads""]",True,8
Marigold Logistics BV,marigoldlogi-group.example,Logistics,51-200,NL,Utrecht,£10m-£50m,2024,Bootstrapped,HubSpot,none,[],False,0
Northwind Accountants Ltd,northwind-accountants.example,Professional services,11-50,UK,Manchester,£1m-£10m,1997,Bootstrapped,Spreadsheet,£5k-£25k,"[""Google Ads"", ""LinkedIn Ads""]",False,0
Bluebell College Inc,bluebell-college.example,Education,201-1000,US,New York,£50m-£250m,2024,Bootstrapped,Salesforce,£25k-£100k,"[""Google Ads"", ""LinkedIn Ads"", ""Meta Ads""]",True,13
Beacon Training Ltd,beacontrai-group.example,Education,201-1000,UK,Manchester,£50m-£250m,2022,Private equity,HubSpot,£25k-£100k,"[""LinkedIn Ads"", ""Meta Ads"", ""Microsoft Ads""]",True,21
Kelvin Wealth BV,kelvinweal-group.example,Financial services,51-200,NL,Amsterdam,£10m-£50m,2013,Series A,HubSpot,£5k-£25k,"[""Google Ads"", ""Microsoft Ads""]",True,11
Inkwell Accountants SAS,inkwellacco-group.example,Professional services,201-1000,FR,Paris,£50m-£250m,2013,Bootstrapped,Salesforce,none,[],True,20
Keystone Academy Ltd,keystone-academy.example,Education,11-50,UK,Leeds,£1m-£10m,2010,Seed,Spreadsheet,none,[],False,0
Upland Finance GmbH,upland-finance.example,Financial services,1-10,DE,Munich,under £1m,2008,Seed,Pipedrive,none,[],False,0
Thornbury Data Inc,thornbury-data.example,Software,11-50,US,Chicago,£1m-£10m,2008,Series A,No CRM,under £5k,"[""Meta Ads""]",True,1
Emberly Industries SAS,emberlyindu-group.example,Manufacturing,1-10,FR,Lyon,under £1m,2018,Seed,Spreadsheet,under £5k,"[""Google Ads""]",False,0
Dovecote Care GmbH,dovecote-care.example,Healthcare,11-50,DE,Hamburg,£1m-£10m,2001,Bootstrapped,Spreadsheet,£5k-£25k,"[""Google Ads"", ""Meta Ads""]",True,2
Nimbus Systems Ltd,nimbussyst-group.example,Software,51-200,UK,Edinburgh,£10m-£50m,2022,Series A,Salesforce,under £5k,"[""Microsoft Ads""]",True,6
Orchard Retail BV,orchardreta-group.example,Retail,51-200,NL,Utrecht,£10m-£50m,2023,Bootstrapped,HubSpot,£25k-£100k,"[""Google Ads"", ""Meta Ads"", ""TikTok Ads""]",False,0
Brightwater Outfitters GmbH,brightwater-outfitters.example,Retail,51-200,DE,Hamburg,£10m-£50m,2000,Bootstrapped,Salesforce,£5k-£25k,"[""LinkedIn Ads"", ""Meta Ads""]",False,0
Nimbus Industries SAS,nimbus-industries.example,Manufacturing,11-50,FR,Toulouse,£1m-£10m,2014,Bootstrapped,HubSpot,none,[],False,0
Oakridge Medical SAS,oakridgemedi-group.example,Healthcare,11-50,FR,Paris,£1m-£10m,2022,Seed,Spreadsheet,under £5k,"[""Meta Ads""]",False,0
Lindenwood Retail Inc,lindenwoodreta-group.example,Retail,1-10,US,Seattle,under £1m,2008,Bootstrapped,Pipedrive,under £5k,"[""LinkedIn Ads""]",False,0
Redwood Training Ltd,redwood-training.example,Education,1-10,UK,Edinburgh,under £1m,2007,Bootstrapped,Spreadsheet,under £5k,"[""Google Ads""]",False,0
Clearwater Accountants Inc,clearwater-accountants.example,Professional services,1-10,US,San Francisco,under £1m,1997,Bootstrapped,Pipedrive,under £5k,"[""Google Ads""]",True,1
Evergreen Finance Inc,evergreen-finance.example,Financial services,51-200,US,Chicago,£50m-£250m,2010,Series B,HubSpot,under £5k,"[""Meta Ads""]",True,12
Quartz Insurance Inc,quartz-insurance.example,Financial services,1-10,US,Chicago,under £1m,2021,Seed,Pipedrive,none,[],False,0
Glenmoor Recruitment Ltd,glenmoor-recruitment.example,Professional services,51-200,UK,Leeds,£10m-£50m,2012,Series A,Spreadsheet,£5k-£25k,"[""LinkedIn Ads"", ""Meta Ads""]",True,10
Umber Fabrication Inc,umber-fabrication.example,Manufacturing,1-10,US,San Francisco,under £1m,2021,Bootstrapped,HubSpot,none,[],False,0
Greystone Associates Inc,greystoneasso-group.example,Professional services,51-200,US,Seattle,£10m-£50m,2013,Series B,Spreadsheet,£5k-£25k,"[""LinkedIn Ads"", ""Microsoft Ads""]",True,11
Stonebridge Medical Ltd,stonebridge-medical.example,Healthcare,201-1000,UK,Leeds,£50m-£250m,2013,Series A,Pipedrive,£25k-£100k,"[""Meta Ads"", ""Microsoft Ads"", ""TikTok Ads""]",True,24
Pebble Dental Inc,pebble-dental.example,Healthcare,201-1000,US,Seattle,£50m-£250m,2017,Series C+,HubSpot,none,[],False,0
Aurora Academy Inc,aurora-academy.example,Education,1000+,US,Austin,£250m+,1965,Private equity,HubSpot,£25k-£100k,"[""Google Ads"", ""LinkedIn Ads"", ""TikTok Ads""]",True,75
Quartz Accountants Ltd,quartz-accountants.example,Professional services,51-200,UK,Leeds,£10m-£50m,2005,Bootstrapped,HubSpot,£25k-£100k,"[""Google Ads"", ""LinkedIn Ads"", ""TikTok Ads""]",True,9
Clearwater Engineering GmbH,clearwater-engineering.example,Manufacturing,51-200,DE,Berlin,£10m-£50m,2005,Bootstrapped,Spreadsheet,£5k-£25k,"[""Google Ads"", ""Microsoft Ads""]",False,0
Redwood Education BV,redwood-education.example,Education,51-200,NL,Rotterdam,£10m-£50m,2005,Series B,HubSpot,£5k-£25k,"[""LinkedIn Ads"", ""TikTok Ads""]",True,12
Pebble Tutors SAS,pebble-tutors.example,Education,11-50,FR,Paris,£1m-£10m,2005,Series A,Spreadsheet,£25k-£100k,"[""Google Ads"", ""LinkedIn Ads"", ""Meta Ads""]",True,3
Rosewood Logistics BV,rosewood-logistics.example,Logistics,201-1000,NL,Amsterdam,£50m-£250m,1981,Bootstrapped,Pipedrive,£5k-£25k,"[""Google Ads"", ""Meta Ads""]",False,0
Vantage Manufacturing Inc,vantage-manufacturing.example,Manufacturing,1-10,US,Seattle,under £1m,2000,Seed,Pipedrive,under £5k,"[""Microsoft Ads""]",False,0
Nettlefield Dental SAS,nettlefield-dental.example,Healthcare,1-10,FR,Paris,under £1m,2002,Bootstrapped,Salesforce,none,[],False,0
Norfolk Digital GmbH,norfolk-digital.example,Software,11-50,DE,Frankfurt,£1m-£10m,2018,Series A,Pipedrive,£25k-£100k,"[""Google Ads"", ""LinkedIn Ads"", ""Meta Ads""]",False,0
Elmstead Shipping Ltd,elmsteadship-group.example,Logistics,1000+,UK,Birmingham,£50m-£250m,1990,Series C+,No CRM,£5k-£25k,"[""Meta Ads"", ""Microsoft Ads""]",False,0
Northwind Stores BV,northwind-stores.example,Retail,11-50,NL,Utrecht,£1m-£10m,2010,Seed,Spreadsheet,under £5k,"[""Google Ads""]",False,0
Ashford Consulting Inc,ashfordcons-group.example,Professional services,1-10,US,Chicago,under £1m,2014,Seed,Spreadsheet,£5k-£25k,"[""LinkedIn Ads"", ""Microsoft Ads""]",False,0
Upland Lending SAS,upland-lending.example,Financial services,51-200,FR,Lille,£10m-£50m,2015,Series C+,HubSpot,£5k-£25k,"[""Google Ads"", ""TikTok Ads""]",False,0
Driftwood Insurance SAS,driftwoodinsu-group.example,Financial services,51-200,FR,Toulouse,£50m-£250m,2003,Series A,Salesforce,£5k-£25k,"[""Google Ads"", ""Meta Ads""]",False,0
Driftwood Dental SAS,driftwood-dental.example,Healthcare,11-50,FR,Lille,£1m-£10m,2018,Seed,Spreadsheet,none,[],False,0
Kestrel Partners Inc,kestrel-partners.example,Financial services,11-50,US,Boston,£1m-£10m,2011,Bootstrapped,No CRM,under £5k,"[""Microsoft Ads""]",True,7
Zephyr Pharma Inc,zephyr-pharma.example,Healthcare,1-10,US,Chicago,under £1m,2001,Seed,HubSpot,under £5k,"[""Meta Ads""]",False,0
Nettlefield Systems Ltd,nettlefield-systems.example,Software,201-1000,UK,Bristol,£50m-£250m,1966,Series C+,Salesforce,£25k-£100k,"[""Google Ads"", ""Meta Ads"", ""Microsoft Ads""]",True,23
Orchard Pharma SAS,orchard-pharma.example,Healthcare,51-200,FR,Paris,£1m-£10m,2001,Series A,Salesforce,£25k-£100k,"[""Google Ads"", ""LinkedIn Ads"", ""Microsoft Ads""]",True,6
Meridian Industries Ltd,meridian-industries.example,Manufacturing,11-50,UK,Leeds,£1m-£10m,1997,Series A,Pipedrive,none,[],False,0
Oldfield Legal BV,oldfield-legal.example,Professional services,201-1000,NL,Amsterdam,£50m-£250m,2022,Private equity,HubSpot,£25k-£100k,"[""LinkedIn Ads"", ""Meta Ads"", ""Microsoft Ads""]",False,0
Yarrow Goods Ltd,yarrow-goods.example,Retail,201-1000,UK,London,£50m-£250m,1994,Series C+,Pipedrive,£5k-£25k,"[""LinkedIn Ads"", ""Microsoft Ads""]",True,12
Cobalt Accountants SAS,cobalt-accountants.example,Professional services,1000+,FR,Lille,£250m+,1973,Private equity,Salesforce,£100k+,"[""Google Ads"", ""LinkedIn Ads"", ""Meta Ads"", ""Microsoft Ads""]",True,51
Nettlefield Insurance SAS,nettlefield-insurance.example,Financial services,51-200,FR,Lyon,£10m-£50m,2019,Series B,HubSpot,£5k-£25k,"[""Google Ads"", ""LinkedIn Ads""]",True,9
Quartz Consulting Ltd,quartz-consulting.example,Professional services,51-200,UK,Leeds,£10m-£50m,2022,Private equity,Salesforce,£5k-£25k,"[""Meta Ads"", ""TikTok Ads""]",False,0
Pebble Freight Inc,pebble-freight.example,Logistics,11-50,US,San Francisco,£1m-£10m,1997,Bootstrapped,HubSpot,£25k-£100k,"[""Google Ads"", ""Meta Ads"", ""TikTok Ads""]",True,6
Thornbury Trading Inc,thornburytrad-group.example,Retail,11-50,US,New York,£1m-£10m,2020,Bootstrapped,Salesforce,none,[],True,2
Foxglove Health Ltd,foxgloveheal-group.example,Healthcare,201-1000,UK,Bristol,£50m-£250m,2003,Private equity,Salesforce,£5k-£25k,"[""Google Ads"", ""Meta Ads""]",True,25
Juniper Medical Ltd,juniper-medical.example,Healthcare,11-50,UK,Birmingham,under £1m,2009,Bootstrapped,No CRM,under £5k,"[""Google Ads""]",True,6
Highgate Components Ltd,highgate-components.example,Manufacturing,51-200,UK,London,£10m-£50m,2006,Series B,HubSpot,£5k-£25k,"[""Google Ads"", ""Meta Ads""]",True,12
Larkspur Consulting BV,larkspurcons-group.example,Professional services,1-10,NL,Amsterdam,under £1m,1996,Seed,Pipedrive,under £5k,"[""Google Ads""]",False,0
Juniper Care Ltd,junipercare-group.example,Healthcare,11-50,UK,Bristol,£1m-£10m,2023,Bootstrapped,No CRM,under £5k,"[""Microsoft Ads""]",False,0
Elmstead Care GmbH,elmstead-care.example,Healthcare,51-200,DE,Berlin,£10m-£50m,2017,Series A,Pipedrive,£5k-£25k,"[""LinkedIn Ads"", ""Microsoft Ads""]",False,0
Heron Trading Ltd,heron-trading.example,Retail,201-1000,UK,Edinburgh,£50m-£250m,2021,Private equity,Spreadsheet,£100k+,"[""Google Ads"", ""LinkedIn Ads"", ""Meta Ads"", ""Microsoft Ads""]",False,0
Falcon Haulage Ltd,falcon-haulage.example,Logistics,201-1000,UK,Birmingham,£50m-£250m,2022,Series B,Salesforce,£100k+,"[""Google Ads"", ""LinkedIn Ads"", ""Meta Ads"", ""Microsoft Ads""]",False,0
Evergreen Components BV,evergreen-components.example,Manufacturing,1-10,NL,Rotterdam,£1m-£10m,1996,Seed,No CRM,£5k-£25k,"[""Meta Ads"", ""Microsoft Ads""]",True,1
Foxglove Clinics GmbH,foxgloveclin-group.example,Healthcare,11-50,DE,Berlin,£1m-£10m,2012,Seed,Spreadsheet,£5k-£25k,"[""Meta Ads"", ""TikTok Ads""]",True,5
Jasper Fabrication Ltd,jasper-fabrication.example,Manufacturing,51-200,UK,Leeds,£10m-£50m,2024,Series B,HubSpot,under £5k,"[""Google Ads""]",False,0
Willow Academy Ltd,willowacad-group.example,Education,11-50,UK,Edinburgh,under £1m,2024,Seed,HubSpot,none,[],False,0
Foxglove Goods SAS,foxglove-goods.example,Retail,201-1000,FR,Lille,£50m-£250m,1986,Series A,Salesforce,£100k+,"[""Google Ads"", ""LinkedIn Ads"", ""Meta Ads"", ""TikTok Ads""]",True,24
Norfolk Care Ltd,norfolk-care.example,Healthcare,1000+,UK,London,£250m+,1973,Public,HubSpot,£5k-£25k,"[""Microsoft Ads"", ""TikTok Ads""]",False,0
Keystone Works Inc,keystone-works.example,Manufacturing,1-10,US,Boston,under £1m,2014,Bootstrapped,Salesforce,under £5k,"[""TikTok Ads""]",False,0
Pinecrest Data Ltd,pinecrest-data.example,Software,11-50,UK,Edinburgh,£1m-£10m,1998,Bootstrapped,No CRM,none,[],True,5
Hawthorn Transport SAS,hawthorn-transport.example,Logistics,11-50,FR,Paris,£1m-£10m,2018,Bootstrapped,Pipedrive,none,[],True,3
Umber Clinics Ltd,umber-clinics.example,Healthcare,201-1000,UK,Leeds,£50m-£250m,2015,Series B,Salesforce,£5k-£25k,"[""Google Ads"", ""Microsoft Ads""]",True,14
Zephyr Labs Ltd,zephyr-labs.example,Software,51-200,UK,London,£10m-£50m,2003,Series B,HubSpot,under £5k,"[""Google Ads""]",False,0
Emberly Data Inc,emberly-data.example,Software,51-200,US,Austin,£10m-£50m,2011,Series A,Salesforce,£5k-£25k,"[""Google Ads"", ""LinkedIn Ads""]",True,12
Oakridge Care Ltd,oakridge-care.example,Healthcare,1-10,UK,Leeds,under £1m,2012,Bootstrapped,HubSpot,under £5k,"[""Google Ads""]",False,0
Pebble Lending Ltd,pebble-lending.example,Financial services,51-200,UK,Bristol,£10m-£50m,2016,Bootstrapped,HubSpot,£25k-£100k,"[""Google Ads"", ""LinkedIn Ads"", ""Meta Ads""]",True,11
Pebble Engineering Ltd,pebble-engineering.example,Manufacturing,11-50,UK,Birmingham,£1m-£10m,2002,Seed,HubSpot,£5k-£25k,"[""Meta Ads"", ""Microsoft Ads""]",False,0
Kestrel Works Ltd,kestrel-works.example,Manufacturing,1-10,UK,Edinburgh,under £1m,2004,Bootstrapped,Spreadsheet,none,[],False,0
Kingsway College Inc,kingsway-college.example,Education,1-10,US,Seattle,under £1m,2019,Bootstrapped,Spreadsheet,none,[],False,0
Highgate Software Ltd,highgate-software.example,Software,1-10,UK,London,£1m-£10m,2016,Bootstrapped,HubSpot,under £5k,"[""Google Ads""]",False,0
Cedar Software SAS,cedar-software.example,Software,201-1000,FR,Toulouse,£250m+,1976,Series C+,Salesforce,£5k-£25k,"[""Meta Ads"", ""TikTok Ads""]",True,20
Marigold Shipping Ltd,marigold-shipping.example,Logistics,201-1000,UK,Birmingham,£50m-£250m,2022,Private equity,HubSpot,£5k-£25k,"[""Google Ads"", ""Meta Ads""]",False,0
Kestrel Clinics Inc,kestrel-clinics.example,Healthcare,1-10,US,Chicago,under £1m,2017,Bootstrapped,Spreadsheet,£5k-£25k,"[""Google Ads"", ""Meta Ads""]",False,0
Quayside Digital Inc,quaysidedigi-group.example,Software,1-10,US,Boston,under £1m,2012,Bootstrapped,HubSpot,under £5k,"[""Microsoft Ads""]",False,0
Kestrel Consulting BV,kestrel-consulting.example,Professional services,51-200,NL,Eindhoven,£10m-£50m,2001,Series B,HubSpot,£5k-£25k,"[""LinkedIn Ads"", ""Meta Ads""]",False,0
Kelvin Recruitment SAS,kelvin-recruitment.example,Professional services,51-200,FR,Paris,£10m-£50m,1998,Seed,Salesforce,£5k-£25k,"[""Google Ads"", ""Meta Ads""]",False,0
Kelvin Medical SAS,kelvin-medical.example,Healthcare,51-200,FR,Toulouse,£10m-£50m,2010,Series B,Salesforce,under £5k,"[""Meta Ads""]",True,11
Ironbridge Medical Ltd,ironbridge-medical.example,Healthcare,1000+,UK,Edinburgh,£250m+,1983,Series C+,Salesforce,£5k-£25k,"[""Google Ads"", ""TikTok Ads""]",True,68
Norfolk Partners Ltd,norfolk-partners.example,Financial services,1-10,UK,Manchester,under £1m,2023,Seed,HubSpot,none,[],True,3
Dunmore Recruitment Ltd,dunmore-recruitment.example,Professional services,201-1000,UK,Leeds,£50m-£250m,1997,Series C+,Salesforce,£25k-£100k,"[""Google Ads"", ""LinkedIn Ads"", ""Microsoft Ads""]",True,26
Westbrook Labs BV,westbrook-labs.example,Software,11-50,NL,Eindhoven,£1m-£10m,1996,Bootstrapped,Spreadsheet,£25k-£100k,"[""Google Ads"", ""LinkedIn Ads"", ""Meta Ads""]",False,0
Aurora Trading Ltd,auroratrad-group.example,Retail,51-200,UK,Edinburgh,£10m-£50m,2024,Seed,HubSpot,£5k-£25k,"[""Google Ads"", ""Meta Ads""]",True,8
Kingsway Freight Ltd,kingswayfrei-group.example,Logistics,11-50,UK,Manchester,£1m-£10m,2009,Series A,HubSpot,under £5k,"[""LinkedIn Ads""]",True,3
Ironbridge Industries BV,ironbridge-industries.example,Manufacturing,11-50,NL,Amsterdam,£1m-£10m,2023,Series A,Spreadsheet,£5k-£25k,"[""Google Ads"", ""TikTok Ads""]",False,0
Lindenwood Couriers Ltd,lindenwoodcour-group.example,Logistics,1-10,UK,London,under £1m,2008,Bootstrapped,Spreadsheet,£5k-£25k,"[""Google Ads"", ""LinkedIn Ads""]",False,0
Vantage Education SAS,vantage-education.example,Education,51-200,FR,Paris,£10m-£50m,2014,Bootstrapped,Spreadsheet,£5k-£25k,"[""Google Ads"", ""LinkedIn Ads""]",False,0
Oldfield Partners SAS,oldfieldpart-group.example,Financial services,11-50,FR,Lille,£1m-£10m,2009,Series A,HubSpot,under £5k,"[""Meta Ads""]",False,0
Kelvin Software Ltd,kelvin-software.example,Software,201-1000,UK,Bristol,£50m-£250m,1994,Private equity,No CRM,£25k-£100k,"[""Google Ads"", ""Meta Ads"", ""Microsoft Ads""]",True,13
Tamarind College Inc,tamarind-college.example,Education,1-10,US,Austin,under £1m,2010,Seed,Spreadsheet,£5k-£25k,"[""Google Ads"", ""LinkedIn Ads""]",True,4
Bramble Shipping BV,bramble-shipping.example,Logistics,201-1000,NL,Eindhoven,£50m-£250m,2021,Series C+,Salesforce,£100k+,"[""Google Ads"", ""LinkedIn Ads"", ""Meta Ads"", ""TikTok Ads""]",False,0
Silverline Recruitment BV,silverline-recruitment.example,Professional services,1000+,NL,Amsterdam,£250m+,1983,Series C+,Salesforce,£25k-£100k,"[""Google Ads"", ""Meta Ads"", ""TikTok Ads""]",False,0
Silverline Legal GmbH,silverline-legal.example,Professional services,1000+,DE,Berlin,£250m+,2005,Public,HubSpot,£5k-£25k,"[""LinkedIn Ads"", ""Meta Ads""]",True,63
Highgate Education Inc,highgateeduc-group.example,Education,1-10,US,Boston,under £1m,2012,Seed,Pipedrive,under £5k,"[""LinkedIn Ads""]",True,1
Beacon Pharma GmbH,beacon-pharma.example,Healthcare,11-50,DE,Berlin,£1m-£10m,2001,Seed,Pipedrive,£5k-£25k,"[""Google Ads"", ""Meta Ads""]",False,0
Pebble Market Inc,pebble-market.example,Retail,11-50,US,New York,£1m-£10m,1998,Bootstrapped,HubSpot,£5k-£25k,"[""LinkedIn Ads"", ""Meta Ads""]",False,0
Ironbridge Digital Ltd,ironbridge-digital.example,Software,51-200,UK,Bristol,£10m-£50m,2016,Series A,HubSpot,none,[],True,11
Pinecrest Training Ltd,pinecrest-training.example,Education,201-1000,UK,Leeds,£250m+,1996,Series C+,HubSpot,£25k-£100k,"[""Meta Ads"", ""Microsoft Ads"", ""TikTok Ads""]",True,27
Valley Goods Inc,valley-goods.example,Retail,51-200,US,Seattle,£10m-£50m,2010,Series A,Salesforce,under £5k,"[""Meta Ads""]",True,9
Dovecote Retail Ltd,dovecote-retail.example,Retail,1-10,UK,Manchester,under £1m,2001,Seed,Spreadsheet,under £5k,"[""Google Ads""]",False,0
Lantern Freight BV,lantern-freight.example,Logistics,11-50,NL,Amsterdam,£1m-£10m,2011,Bootstrapped,Salesforce,none,[],False,0
Norfolk Transport Ltd,norfolktran-group.example,Logistics,11-50,UK,Manchester,£1m-£10m,2011,Seed,HubSpot,under £5k,"[""Microsoft Ads""]",False,0
Aurora Haulage SAS,aurora-haulage.example,Logistics,51-200,FR,Lyon,£10m-£50m,2009,Series A,Pipedrive,£5k-£25k,"[""Google Ads"", ""Meta Ads""]",False,0
Norfolk Advisory Inc,norfolk-advisory.example,Professional services,11-50,US,San Francisco,£1m-£10m,2005,Series A,Salesforce,none,[],False,0
Harbour Learning Ltd,harbourlear-group.example,Education,201-1000,UK,Bristol,£50m-£250m,1975,Series C+,HubSpot,none,[],True,21
Ivywood Pharma SAS,ivywood-pharma.example,Healthcare,1000+,FR,Toulouse,£250m+,1988,Bootstrapped,Salesforce,£100k+,"[""Google Ads"", ""LinkedIn Ads"", ""Meta Ads"", ""Microsoft Ads""]",True,74
Larkspur Learning SAS,larkspur-learning.example,Education,201-1000,FR,Lille,£50m-£250m,1984,Series C+,Salesforce,£5k-£25k,"[""Google Ads"", ""LinkedIn Ads""]",True,23
Emberly Legal BV,emberlylega-group.example,Professional services,51-200,NL,Rotterdam,£10m-£50m,2017,Series B,HubSpot,£25k-£100k,"[""Google Ads"", ""LinkedIn Ads"", ""Meta Ads""]",False,0
Glenmoor Lending Ltd,glenmoor-lending.example,Financial services,11-50,UK,London,£1m-£10m,2015,Bootstrapped,Spreadsheet,£5k-£25k,"[""Google Ads"", ""LinkedIn Ads""]",False,0
Emberly Components Ltd,emberly-components.example,Manufacturing,51-200,UK,Manchester,£10m-£50m,1996,Bootstrapped,Spreadsheet,£25k-£100k,"[""Google Ads"", ""LinkedIn Ads"", ""Meta Ads""]",True,8
Stonebridge Systems SAS,stonebridge-systems.example,Software,1-10,FR,Lille,under £1m,2012,Bootstrapped,Spreadsheet,under £5k,"[""Microsoft Ads""]",False,0
Keystone Digital Inc,keystonedigi-group.example,Software,201-1000,US,New York,£50m-£250m,1975,Series B,Salesforce,£100k+,"[""Google Ads"", ""LinkedIn Ads"", ""Meta Ads"", ""Microsoft Ads""]",False,0
Aurora Retail BV,aurora-retail.example,Retail,11-50,NL,Eindhoven,£1m-£10m,2014,Seed,No CRM,£5k-£25k,"[""Google Ads"", ""Microsoft Ads""]",True,6
Redwood Clinics Inc,redwood-clinics.example,Healthcare,11-50,US,Chicago,£1m-£10m,1998,Bootstrapped,HubSpot,£5k-£25k,"[""Meta Ads"", ""Microsoft Ads""]",False,0
Pennine Legal Inc,penninelega-group.example,Professional services,51-200,US,Chicago,£10m-£50m,2019,Series A,Spreadsheet,£25k-£100k,"[""Meta Ads"", ""Microsoft Ads"", ""TikTok Ads""]",False,0
Stonebridge Associates GmbH,stonebridgeasso-group.example,Professional services,1-10,DE,Frankfurt,under £1m,2001,Bootstrapped,HubSpot,under £5k,"[""LinkedIn Ads""]",False,0
Northwind Academy GmbH,northwindacad-group.example,Education,51-200,DE,Frankfurt,£10m-£50m,2019,Series B,Pipedrive,£5k-£25k,"[""Google Ads"", ""Meta Ads""]",False,0
Cedar Trading Ltd,cedar-trading.example,Retail,1-10,UK,Manchester,under £1m,2002,Bootstrapped,HubSpot,none,[],False,0
Foxglove Logistics Ltd,foxglovelogi-group.example,Logistics,11-50,UK,Leeds,£1m-£10m,2020,Bootstrapped,HubSpot,none,[],False,0
Fernhill Training Inc,fernhill-training.example,Education,201-1000,US,New York,£50m-£250m,1995,Private equity,Salesforce,£25k-£100k,"[""Google Ads"", ""LinkedIn Ads"", ""Meta Ads""]",False,0
Quartz Cloud Inc,quartz-cloud.example,Software,1-10,US,Austin,under £1m,2018,Seed,Pipedrive,none,[],True,1
Granite Labs SAS,granitelabs-group.example,Software,1-10,FR,Lille,£1m-£10m,1995,Seed,HubSpot,£5k-£25k,"[""Google Ads"", ""Meta Ads""]",False,0
Hawthorn Shipping SAS,hawthornship-group.example,Logistics,11-50,FR,Toulouse,£1m-£10m,2005,Bootstrapped,No CRM,under £5k,"[""LinkedIn Ads""]",False,0
Ivywood Health Inc,ivywood-health.example,Healthcare,51-200,US,New York,£10m-£50m,2011,Series C+,Salesforce,none,[],True,8
Pennine Lending SAS,pennine-lending.example,Financial services,201-1000,FR,Lille,£50m-£250m,2009,Series B,Salesforce,£25k-£100k,"[""Google Ads"", ""LinkedIn Ads"", ""Meta Ads""]",True,28
Yarrow Tutors Ltd,yarrow-tutors.example,Education,1-10,UK,Edinburgh,under £1m,2016,Bootstrapped,Spreadsheet,none,[],False,0
Oakridge Wealth Inc,oakridgeweal-group.example,Financial services,201-1000,US,New York,£50m-£250m,1980,Public,HubSpot,£25k-£100k,"[""Google Ads"", ""Microsoft Ads"", ""TikTok Ads""]",True,20
Ashford Health Inc,ashford-health.example,Healthcare,1-10,US,New York,under £1m,2013,Bootstrapped,Spreadsheet,none,[],False,0
Quartz Digital Inc,quartz-digital.example,Software,201-1000,US,Seattle,£50m-£250m,2020,Public,Salesforce,£25k-£100k,"[""Google Ads"", ""LinkedIn Ads"", ""Meta Ads""]",True,20
Dovecote Wealth Ltd,dovecote-wealth.example,Financial services,1-10,UK,Manchester,under £1m,2002,Seed,Pipedrive,under £5k,"[""Google Ads""]",True,1
Highgate Stores Inc,highgate-stores.example,Retail,11-50,US,Chicago,£1m-£10m,2015,Seed,HubSpot,none,[],False,0
Willow Consulting Ltd,willowcons-group.example,Professional services,1-10,UK,Bristol,under £1m,2010,Bootstrapped,HubSpot,under £5k,"[""Meta Ads""]",False,0
Kestrel Engineering Inc,kestrelengi-group.example,Manufacturing,1000+,US,Boston,£250m+,2001,Private equity,Salesforce,£5k-£25k,"[""Google Ads"", ""TikTok Ads""]",True,67
Lindenwood Market GmbH,lindenwood-market.example,Retail,1-10,DE,Munich,under £1m,2007,Bootstrapped,No CRM,under £5k,"[""Meta Ads""]",True,3
Keystone Pharma Inc,keystone-pharma.example,Healthcare,51-200,US,Chicago,£10m-£50m,2023,Series A,HubSpot,£25k-£100k,"[""Google Ads"", ""Meta Ads"", ""Microsoft Ads""]",False,0
Pennine Transport Inc,penninetran-group.example,Logistics,11-50,US,Chicago,£1m-£10m,2024,Seed,HubSpot,under £5k,"[""Google Ads""]",False,0
Rosewood Advisory SAS,rosewoodadvi-group.example,Professional services,51-200,FR,Lyon,£10m-£50m,1995,Bootstrapped,HubSpot,under £5k,"[""LinkedIn Ads""]",False,0
Kelvin Advisory SAS,kelvin-advisory.example,Professional services,201-1000,FR,Toulouse,£50m-£250m,2023,Bootstrapped,Salesforce,£100k+,"[""Google Ads"", ""LinkedIn Ads"", ""Meta Ads"", ""Microsoft Ads""]",True,28
Northwind Systems Ltd,northwindsyst-group.example,Software,51-200,UK,London,£10m-£50m,1995,Series A,HubSpot,none,[],True,15
Quartz Tutors BV,quartz-tutors.example,Education,1-10,NL,Rotterdam,£1m-£10m,2018,Seed,HubSpot,none,[],False,0
Bramble Dental Inc,brambledent-group.example,Healthcare,11-50,US,Seattle,£1m-£10m,2009,Seed,Salesforce,£5k-£25k,"[""Meta Ads"", ""Microsoft Ads""]",True,4
Quayside Advisory Inc,quaysideadvi-group.example,Professional services,1000+,US,New York,£250m+,2010,Public,Salesforce,£5k-£25k,"[""LinkedIn Ads"", ""Meta Ads""]",False,0
Dunmore Accountants Ltd,dunmore-accountants.example,Professional services,1-10,UK,Birmingham,under £1m,2004,Seed,Spreadsheet,£5k-£25k,"[""Google Ads"", ""Microsoft Ads""]",False,0
Greystone Systems Inc,greystonesyst-group.example,Software,11-50,US,San Francisco,£1m-£10m,2008,Bootstrapped,HubSpot,£25k-£100k,"[""Google Ads"", ""LinkedIn Ads"", ""Microsoft Ads""]",False,0
Ivywood Clinics Inc,ivywoodclin-group.example,Healthcare,11-50,US,Boston,£1m-£10m,2012,Series B,Pipedrive,£5k-£25k,"[""Google Ads"", ""LinkedIn Ads""]",False,0
Kestrel Health Ltd,kestrel-health.example,Healthcare,1-10,UK,Edinburgh,under £1m,2012,Bootstrapped,Pipedrive,none,[],False,0
Ivywood Outfitters Ltd,ivywoodoutf-group.example,Retail,1-10,UK,Birmingham,under £1m,2011,Seed,Pipedrive,none,[],False,0
Foxglove Partners GmbH,foxglove-partners.example,Financial services,1-10,DE,Hamburg,under £1m,2011,Seed,HubSpot,none,[],False,0
Oldfield Learning GmbH,oldfieldlear-group.example,Education,1-10,DE,Hamburg,under £1m,2001,Bootstrapped,No CRM,under £5k,"[""Microsoft Ads""]",False,0
Alder Components BV,alder-components.example,Manufacturing,201-1000,NL,Utrecht,£10m-£50m,1977,Bootstrapped,HubSpot,£25k-£100k,"[""Google Ads"", ""LinkedIn Ads"", ""Meta Ads""]",True,12
Quayside Dental GmbH,quaysidedent-group.example,Healthcare,11-50,DE,Frankfurt,£10m-£50m,2005,Bootstrapped,Salesforce,£25k-£100k,"[""Google Ads"", ""LinkedIn Ads"", ""Meta Ads""]",False,0
Larkspur Recruitment SAS,larkspur-recruitment.example,Professional services,1-10,FR,Lyon,under £1m,2022,Bootstrapped,Salesforce,under £5k,"[""Google Ads""]",False,0
Nimbus Capital SAS,nimbus-capital.example,Financial services,1-10,FR,Lille,under £1m,2020,Seed,HubSpot,£5k-£25k,"[""Google Ads"", ""TikTok Ads""]",False,0
Meridian Associates BV,meridian-associates.example,Professional services,11-50,NL,Rotterdam,£1m-£10m,2015,Bootstrapped,Spreadsheet,none,[],False,0
Beacon Fabrication GmbH,beaconfabr-group.example,Manufacturing,201-1000,DE,Berlin,£50m-£250m,2021,Bootstrapped,Salesforce,£5k-£25k,"[""Google Ads"", ""TikTok Ads""]",True,24
Bramble Transport Inc,brambletran-group.example,Logistics,201-1000,US,New York,£50m-£250m,1965,Series B,HubSpot,£25k-£100k,"[""Google Ads"", ""LinkedIn Ads"", ""Meta Ads""]",True,29
Rosewood Works SAS,rosewood-works.example,Manufacturing,1-10,FR,Lille,under £1m,2024,Seed,HubSpot,none,[],False,0
Yarrow Capital Ltd,yarrow-capital.example,Financial services,11-50,UK,Manchester,£1m-£10m,2013,Series A,No CRM,under £5k,"[""Meta Ads""]",True,4
Zephyr Capital SAS,zephyr-capital.example,Financial services,11-50,FR,Paris,£1m-£10m,2006,Bootstrapped,HubSpot,under £5k,"[""Meta Ads""]",False,0
Kingsway Dental SAS,kingswaydent-group.example,Healthcare,1000+,FR,Lyon,£250m+,1970,Private equity,Salesforce,£25k-£100k,"[""Google Ads"", ""Meta Ads"", ""Microsoft Ads""]",True,60
Pebble Health BV,pebble-health.example,Healthcare,51-200,NL,Eindhoven,£10m-£50m,2018,Series B,HubSpot,£5k-£25k,"[""Google Ads"", ""Meta Ads""]",False,0
Alder Labs Ltd,alder-labs.example,Software,11-50,UK,Leeds,£1m-£10m,1995,Bootstrapped,Salesforce,under £5k,"[""TikTok Ads""]",False,0
Brightwater Market Inc,brightwater-market.example,Retail,11-50,US,San Francisco,£1m-£10m,2011,Seed,No CRM,under £5k,"[""Meta Ads""]",True,3
Hawthorn Logistics GmbH,hawthorn-logistics.example,Logistics,1-10,DE,Berlin,under £1m,2023,Seed,No CRM,none,[],False,0
Oldfield Insurance BV,oldfield-insurance.example,Financial services,51-200,NL,Utrecht,£10m-£50m,1998,Series B,Salesforce,£5k-£25k,"[""Google Ads"", ""LinkedIn Ads""]",False,0
Bramble Recruitment SAS,bramblerecr-group.example,Professional services,201-1000,FR,Toulouse,£50m-£250m,2012,Series A,HubSpot,none,[],True,18
Pinecrest Industries Ltd,pinecrestindu-group.example,Manufacturing,1-10,UK,London,under £1m,2022,Bootstrapped,HubSpot,under £5k,"[""LinkedIn Ads""]",False,0
Upland Couriers BV,upland-couriers.example,Logistics,51-200,NL,Rotterdam,£10m-£50m,2006,Series A,HubSpot,£25k-£100k,"[""LinkedIn Ads"", ""Meta Ads"", ""Microsoft Ads""]",False,0
Dovecote Components Inc,dovecote-components.example,Manufacturing,1-10,US,New York,under £1m,2015,Seed,Spreadsheet,under £5k,"[""Google Ads""]",False,0
Yarrow Legal Inc,yarrow-legal.example,Professional services,1-10,US,Chicago,under £1m,2005,Seed,HubSpot,£5k-£25k,"[""Google Ads"", ""Microsoft Ads""]",False,0
Bramble Digital Inc,brambledigi-group.example,Software,201-1000,US,Seattle,£50m-£250m,1975,Series C+,Salesforce,£25k-£100k,"[""Google Ads"", ""Meta Ads"", ""Microsoft Ads""]",True,16
Cedar Education GmbH,cedareduc-group.example,Education,11-50,DE,Frankfurt,£1m-£10m,2003,Bootstrapped,HubSpot,under £5k,"[""Google Ads""]",True,7
Highgate Market GmbH,highgate-market.example,Retail,1-10,DE,Munich,under £1m,2023,Seed,Spreadsheet,under £5k,"[""LinkedIn Ads""]",True,1
Zephyr Medical GmbH,zephyr-medical.example,Healthcare,201-1000,DE,Munich,£50m-£250m,1974,Series B,Salesforce,£25k-£100k,"[""Google Ads"", ""LinkedIn Ads"", ""Meta Ads""]",False,0
Stonebridge Tutors SAS,stonebridge-tutors.example,Education,11-50,FR,Toulouse,£1m-£10m,2021,Bootstrapped,HubSpot,£5k-£25k,"[""Google Ads"", ""LinkedIn Ads""]",True,4
Redwood Logistics Ltd,redwood-logistics.example,Logistics,51-200,UK,Bristol,£50m-£250m,2008,Series A,Pipedrive,£25k-£100k,"[""Google Ads"", ""Meta Ads"", ""TikTok Ads""]",True,5
Aurora Training BV,aurora-training.example,Education,201-1000,NL,Utrecht,£50m-£250m,2015,Public,Spreadsheet,£25k-£100k,"[""LinkedIn Ads"", ""Meta Ads"", ""Microsoft Ads""]",False,0
Westbrook Health Inc,westbrook-health.example,Healthcare,201-1000,US,Boston,£50m-£250m,1996,Series B,Salesforce,£5k-£25k,"[""LinkedIn Ads"", ""Microsoft Ads""]",False,0
Bluebell Goods Inc,bluebell-goods.example,Retail,1-10,US,Boston,under £1m,2019,Bootstrapped,Pipedrive,under £5k,"[""Meta Ads""]",False,0
Silverline Works Ltd,silverline-works.example,Manufacturing,201-1000,UK,Manchester,£50m-£250m,1966,Private equity,HubSpot,£5k-£25k,"[""Google Ads"", ""Microsoft Ads""]",True,22
Dovecote Insurance Ltd,dovecoteinsu-group.example,Financial services,11-50,UK,Bristol,£1m-£10m,2016,Series A,Spreadsheet,£5k-£25k,"[""Google Ads"", ""Microsoft Ads""]",True,4
Tamarind Haulage Ltd,tamarindhaul-group.example,Logistics,201-1000,UK,Manchester,£50m-£250m,2005,Series C+,Salesforce,under £5k,"[""Microsoft Ads""]",True,19
Upland Components SAS,upland-components.example,Manufacturing,11-50,FR,Paris,£10m-£50m,2015,Bootstrapped,HubSpot,none,[],False,0
Kingsway Lending GmbH,kingsway-lending.example,Financial services,201-1000,DE,Hamburg,£50m-£250m,2014,Series C+,HubSpot,£100k+,"[""Google Ads"", ""LinkedIn Ads"", ""Meta Ads"", ""Microsoft Ads""]",True,11
Lindenwood College GmbH,lindenwood-college.example,Education,11-50,DE,Munich,£1m-£10m,2001,Bootstrapped,Spreadsheet,under £5k,"[""Google Ads""]",False,0
Fernhill Manufacturing Inc,fernhill-manufacturing.example,Manufacturing,1-10,US,Boston,under £1m,2013,Bootstrapped,Salesforce,under £5k,"[""Meta Ads""]",True,1
Foxglove Trading SAS,foxglove-trading.example,Retail,1-10,FR,Paris,under £1m,2007,Series A,Salesforce,under £5k,"[""Google Ads""]",False,0
Bramble Finance Ltd,bramble-finance.example,Financial services,1-10,UK,Birmingham,under £1m,2020,Bootstrapped,Salesforce,under £5k,"[""TikTok Ads""]",True,1
Valley Digital Inc,valley-digital.example,Software,201-1000,US,San Francisco,£50m-£250m,1989,Series C+,Salesforce,£25k-£100k,"[""Google Ads"", ""LinkedIn Ads"", ""Meta Ads""]",True,24
Ivywood Manufacturing Inc,ivywood-manufacturing.example,Manufacturing,201-1000,US,Austin,£50m-£250m,1968,Series A,Salesforce,£25k-£100k,"[""Google Ads"", ""LinkedIn Ads"", ""Microsoft Ads""]",True,23
Ashford Logistics GmbH,ashford-logistics.example,Logistics,1-10,DE,Frankfurt,under £1m,2013,Bootstrapped,Pipedrive,under £5k,"[""Google Ads""]",False,0
Westbrook Accountants Inc,westbrook-accountants.example,Professional services,11-50,US,New York,£1m-£10m,2001,Bootstrapped,HubSpot,£5k-£25k,"[""Google Ads"", ""Meta Ads""]",True,1
Ashford Software BV,ashford-software.example,Software,51-200,NL,Rotterdam,£10m-£50m,1996,Series B,Pipedrive,under £5k,"[""Microsoft Ads""]",False,0
Cedar Partners BV,cedar-partners.example,Financial services,1000+,NL,Amsterdam,£250m+,2021,Public,Pipedrive,£100k+,"[""Google Ads"", ""LinkedIn Ads"", ""Meta Ads"", ""TikTok Ads""]",True,60
Elmstead Trading GmbH,elmstead-trading.example,Retail,51-200,DE,Hamburg,£10m-£50m,2004,Bootstrapped,HubSpot,£5k-£25k,"[""Google Ads"", ""LinkedIn Ads""]",False,0
Heron Health Ltd,heron-health.example,Healthcare,51-200,UK,Edinburgh,£10m-£50m,2024,Series A,HubSpot,£25k-£100k,"[""Google Ads"", ""Meta Ads"", ""Microsoft Ads""]",False,0
Umber Cloud Ltd,umber-cloud.example,Software,51-200,UK,Birmingham,£10m-£50m,2009,Series B,HubSpot,none,[],True,7
Saltmarsh Haulage BV,saltmarsh-haulage.example,Logistics,11-50,NL,Rotterdam,£1m-£10m,1999,Seed,Pipedrive,£5k-£25k,"[""Google Ads"", ""Meta Ads""]",False,0
Tamarind Digital Inc,tamarinddigi-group.example,Software,1-10,US,Boston,under £1m,2009,Seed,HubSpot,£5k-£25k,"[""Microsoft Ads"", ""TikTok Ads""]",False,0
Pinecrest Haulage Inc,pinecresthaul-group.example,Logistics,11-50,US,Seattle,under £1m,2024,Bootstrapped,Pipedrive,under £5k,"[""TikTok Ads""]",False,0
Pinecrest Outfitters Inc,pinecrestoutf-group.example,Retail,1000+,US,Austin,£250m+,1990,Public,Salesforce,none,[],False,0
Upland Health Ltd,upland-health.example,Healthcare,11-50,UK,Edinburgh,under £1m,2020,Bootstrapped,HubSpot,£5k-£25k,"[""LinkedIn Ads"", ""Microsoft Ads""]",True,3
Orchard Trading Inc,orchardtrad-group.example,Retail,1-10,US,New York,under £1m,2009,Seed,Spreadsheet,none,[],False,0
Tidewater Market BV,tidewater-market.example,Retail,1-10,NL,Eindhoven,under £1m,1999,Bootstrapped,Spreadsheet,none,[],False,0
Willow Recruitment Inc,willow-recruitment.example,Professional services,51-200,US,Chicago,£1m-£10m,1995,Bootstrapped,HubSpot,£5k-£25k,"[""Google Ads"", ""Meta Ads""]",False,0
Pinecrest Partners SAS,pinecrest-partners.example,Financial services,11-50,FR,Lille,£1m-£10m,2014,Seed,No CRM,£25k-£100k,"[""Google Ads"", ""Meta Ads"", ""Microsoft Ads""]",False,0
Bluebell Pharma Ltd,bluebell-pharma.example,Healthcare,51-200,UK,Manchester,£1m-£10m,2018,Series B,Pipedrive,none,[],False,0
Dovecote Learning Ltd,dovecotelear-group.example,Education,11-50,UK,Bristol,£1m-£10m,2014,Bootstrapped,Pipedrive,£5k-£25k,"[""Google Ads"", ""Microsoft Ads""]",False,0
Elmstead Engineering Ltd,elmstead-engineering.example,Manufacturing,201-1000,UK,Edinburgh,£50m-£250m,2004,Series B,Pipedrive,£100k+,"[""Google Ads"", ""Meta Ads"", ""Microsoft Ads"", ""TikTok Ads""]",False,0
Granite Capital Ltd,granitecapi-group.example,Financial services,1-10,UK,Edinburgh,under £1m,1999,Bootstrapped,HubSpot,£5k-£25k,"[""Google Ads"", ""Meta Ads""]",False,0
Yarrow Education Inc,yarrow-education.example,Education,11-50,US,New York,£1m-£10m,2009,Series A,No CRM,under £5k,"[""Google Ads""]",False,0
Oldfield Medical BV,oldfield-medical.example,Healthcare,1000+,NL,Rotterdam,£250m+,1973,Public,Salesforce,£5k-£25k,"[""Meta Ads"", ""Microsoft Ads""]",True,69
Nettlefield Fabrication Ltd,nettlefield-fabrication.example,Manufacturing,1-10,UK,Bristol,under £1m,2013,Seed,HubSpot,under £5k,"[""TikTok Ads""]",True,1
Stonebridge Shipping SAS,stonebridge-shipping.example,Logistics,11-50,FR,Lille,£1m-£10m,2010,Bootstrapped,Pipedrive,none,[],False,0
Nimbus Clinics Inc,nimbusclin-group.example,Healthcare,201-1000,US,New York,£50m-£250m,1988,Bootstrapped,HubSpot,£5k-£25k,"[""Meta Ads"", ""TikTok Ads""]",True,17
Vantage Lending SAS,vantage-lending.example,Financial services,1-10,FR,Paris,under £1m,2009,Seed,HubSpot,under £5k,"[""Google Ads""]",False,0
Saltmarsh Clinics Inc,saltmarsh-clinics.example,Healthcare,11-50,US,New York,£1m-£10m,2019,Bootstrapped,Spreadsheet,£5k-£25k,"[""Google Ads"", ""TikTok Ads""]",True,6
Ivywood Works Ltd,ivywood-works.example,Manufacturing,11-50,UK,Bristol,£1m-£10m,2023,Series A,No CRM,£25k-£100k,"[""Google Ads"", ""Meta Ads"", ""TikTok Ads""]",True,2
Riverside Care Ltd,riverside-care.example,Healthcare,1-10,UK,Leeds,under £1m,2011,Seed,Spreadsheet,none,[],False,0
Vantage Accountants SAS,vantageacco-group.example,Professional services,51-200,FR,Lyon,£10m-£50m,2023,Seed,Salesforce,£5k-£25k,"[""Google Ads"", ""Microsoft Ads""]",True,10
Greystone Goods SAS,greystonegood-group.example,Retail,201-1000,FR,Toulouse,£50m-£250m,1998,Public,Salesforce,£100k+,"[""Google Ads"", ""LinkedIn Ads"", ""Meta Ads"", ""Microsoft Ads""]",True,19
Brightwater Consulting BV,brightwater-consulting.example,Professional services,51-200,NL,Rotterdam,£50m-£250m,1997,Series B,Salesforce,£5k-£25k,"[""LinkedIn Ads"", ""Meta Ads""]",False,0
Zephyr Insurance GmbH,zephyrinsu-group.example,Financial services,11-50,DE,Hamburg,£1m-£10m,2000,Series A,Spreadsheet,under £5k,"[""Google Ads""]",True,4
Pebble Logistics GmbH,pebble-logistics.example,Logistics,51-200,DE,Berlin,£10m-£50m,2021,Series A,No CRM,£5k-£25k,"[""Google Ads"", ""Meta Ads""]",False,0
Heron Recruitment SAS,heron-recruitment.example,Professional services,1-10,FR,Lille,under £1m,2008,Bootstrapped,Salesforce,none,[],True,2
Northwind Works Ltd,northwind-works.example,Manufacturing,11-50,UK,Leeds,£1m-£10m,2018,Seed,Salesforce,£5k-£25k,"[""Google Ads"", ""Microsoft Ads""]",False,0
Evergreen Haulage BV,evergreenhaul-group.example,Logistics,201-1000,NL,Utrecht,£50m-£250m,1972,Series C+,Salesforce,£25k-£100k,"[""Google Ads"", ""LinkedIn Ads"", ""Meta Ads""]",False,0
Beacon Lending Ltd,beacon-lending.example,Financial services,51-200,UK,Bristol,£10m-£50m,1997,Series B,HubSpot,£5k-£25k,"[""Meta Ads"", ""Microsoft Ads""]",False,0
Kestrel Stores Ltd,kestrel-stores.example,Retail,51-200,UK,Leeds,£10m-£50m,2006,Series A,Pipedrive,£5k-£25k,"[""Google Ads"", ""Microsoft Ads""]",False,0
Kingsway Stores Inc,kingswaystor-group.example,Retail,1000+,US,Austin,£250m+,1996,Series C+,Salesforce,under £5k,"[""LinkedIn Ads""]",False,0
Nettlefield Advisory Ltd,nettlefield-advisory.example,Professional services,1-10,UK,Birmingham,under £1m,2012,Bootstrapped,Spreadsheet,under £5k,"[""Google Ads""]",False,0
Saltmarsh Dental Inc,saltmarsh-dental.example,Healthcare,201-1000,US,Seattle,£250m+,2003,Private equity,Spreadsheet,£25k-£100k,"[""Google Ads"", ""LinkedIn Ads"", ""Meta Ads""]",False,0
Nimbus Data SAS,nimbus-data.example,Software,51-200,FR,Lyon,£10m-£50m,1998,Series A,No CRM,under £5k,"[""TikTok Ads""]",False,0
Alder Logistics SAS,alder-logistics.example,Logistics,51-200,FR,Paris,£10m-£50m,1995,Series A,Salesforce,under £5k,"[""Microsoft Ads""]",False,0
Glenmoor Stores Ltd,glenmoor-stores.example,Retail,1-10,UK,Edinburgh,under £1m,2003,Bootstrapped,Pipedrive,none,[],False,0
Pinecrest Stores SAS,pinecreststor-group.example,Retail,1-10,FR,Paris,under £1m,2020,Bootstrapped,HubSpot,under £5k,"[""Google Ads""]",False,0
Heron Academy Ltd,heron-academy.example,Education,11-50,UK,Birmingham,£10m-£50m,2018,Bootstrapped,Spreadsheet,none,[],False,0
Pebble Accountants Ltd,pebble-accountants.example,Professional services,11-50,UK,Bristol,£1m-£10m,1995,Seed,Salesforce,£5k-£25k,"[""LinkedIn Ads"", ""TikTok Ads""]",False,0
Zephyr Recruitment Inc,zephyr-recruitment.example,Professional services,11-50,US,Boston,£1m-£10m,2002,Series B,No CRM,under £5k,"[""Microsoft Ads""]",True,2
Thornbury Tutors BV,thornburytuto-group.example,Education,51-200,NL,Utrecht,£10m-£50m,2016,Series A,HubSpot,£5k-£25k,"[""LinkedIn Ads"", ""Meta Ads""]",True,10
Ironbridge Software Ltd,ironbridge-software.example,Software,1-10,UK,Birmingham,under £1m,2010,Bootstrapped,Salesforce,£5k-£25k,"[""Google Ads"", ""LinkedIn Ads""]",False,0
Marigold Pharma Inc,marigold-pharma.example,Healthcare,11-50,US,Seattle,£1m-£10m,2018,Seed,HubSpot,£25k-£100k,"[""Google Ads"", ""Meta Ads"", ""Microsoft Ads""]",False,0
Bluebell Consulting BV,bluebell-consulting.example,Professional services,201-1000,NL,Eindhoven,£50m-£250m,1993,Private equity,Spreadsheet,£25k-£100k,"[""Google Ads"", ""Meta Ads"", ""Microsoft Ads""]",True,14
Marigold Outfitters BV,marigold-outfitters.example,Retail,201-1000,NL,Rotterdam,£50m-£250m,1992,Bootstrapped,Salesforce,£5k-£25k,"[""LinkedIn Ads"", ""TikTok Ads""]",False,0
Orchard Shipping Ltd,orchard-shipping.example,Logistics,1-10,UK,Edinburgh,under £1m,2016,Seed,HubSpot,none,[],False,0
Lantern Training Inc,lantern-training.example,Education,201-1000,US,San Francisco,£50m-£250m,1968,Series A,Pipedrive,£25k-£100k,"[""Google Ads"", ""Meta Ads"", ""TikTok Ads""]",False,0
Zephyr Training Inc,zephyr-training.example,Education,1-10,US,San Francisco,under £1m,2007,Series A,Spreadsheet,under £5k,"[""Google Ads""]",True,1
Falcon Industries Ltd,falconindu-group.example,Manufacturing,1-10,UK,Edinburgh,under £1m,1998,Bootstrapped,HubSpot,£25k-£100k,"[""Meta Ads"", ""Microsoft Ads"", ""TikTok Ads""]",False,0
Kelvin Industries GmbH,kelvin-industries.example,Manufacturing,1-10,DE,Hamburg,under £1m,2008,Seed,HubSpot,none,[],False,0
Bramble Medical Ltd,bramble-medical.example,Healthcare,201-1000,UK,Edinburgh,£50m-£250m,2017,Series B,Salesforce,£25k-£100k,"[""Meta Ads"", ""Microsoft Ads"", ""TikTok Ads""]",True,21
Beacon Outfitters Ltd,beaconoutf-group.example,Retail,201-1000,UK,London,£250m+,1967,Series B,Spreadsheet,£100k+,"[""Google Ads"", ""LinkedIn Ads"", ""Meta Ads"", ""Microsoft Ads""]",True,21
Foxglove Market GmbH,foxglovemark-group.example,Retail,51-200,DE,Berlin,£10m-£50m,1998,Series B,Salesforce,£25k-£100k,"[""Google Ads"", ""LinkedIn Ads"", ""Meta Ads""]",True,9
Beacon Health Inc,beacon-health.example,Healthcare,11-50,US,Austin,£1m-£10m,2024,Bootstrapped,HubSpot,none,[],True,2
Saltmarsh Manufacturing Ltd,saltmarshmanu-group.example,Manufacturing,201-1000,UK,Edinburgh,£50m-£250m,1997,Series C+,Salesforce,none,[],False,0
Rosewood Outfitters Ltd,rosewood-outfitters.example,Retail,51-200,UK,Manchester,£10m-£50m,2006,Series B,Salesforce,£5k-£25k,"[""Meta Ads"", ""TikTok Ads""]",True,14
Falcon Market Inc,falcon-market.example,Retail,1000+,US,Boston,£250m+,1982,Public,Salesforce,£25k-£100k,"[""Google Ads"", ""LinkedIn Ads"", ""Meta Ads""]",False,0
Thornbury Partners GmbH,thornbury-partners.example,Financial services,51-200,DE,Hamburg,£10m-£50m,2018,Series B,HubSpot,under £5k,"[""Microsoft Ads""]",False,0
Greystone Insurance Ltd,greystone-insurance.example,Financial services,11-50,UK,Leeds,£1m-£10m,2009,Series A,HubSpot,under £5k,"[""Google Ads""]",True,4
Hawthorn Fabrication Ltd,hawthorn-fabrication.example,Manufacturing,1000+,UK,Bristol,£250m+,2010,Public,Salesforce,£5k-£25k,"[""Google Ads"", ""Meta Ads""]",True,71
Granite Accountants Ltd,graniteacco-group.example,Professional services,1-10,UK,Edinburgh,under £1m,2023,Bootstrapped,HubSpot,none,[],False,0
Harbour Components Ltd,harbourcomp-group.example,Manufacturing,201-1000,UK,Manchester,£50m-£250m,1981,Series C+,Salesforce,£25k-£100k,"[""Google Ads"", ""LinkedIn Ads"", ""Meta Ads""]",False,0
Meridian Partners Inc,meridian-partners.example,Financial services,201-1000,US,Chicago,£50m-£250m,1982,Bootstrapped,Salesforce,£5k-£25k,"[""LinkedIn Ads"", ""Meta Ads""]",False,0
Thornbury Outfitters Inc,thornburyoutf-group.example,Retail,201-1000,US,Austin,£50m-£250m,2011,Series B,Salesforce,£5k-£25k,"[""Google Ads"", ""Meta Ads""]",False,0
Quartz Labs GmbH,quartz-labs.example,Software,1-10,DE,Hamburg,under £1m,1995,Bootstrapped,No CRM,under £5k,"[""TikTok Ads""]",False,0
Harbour Market Ltd,harbour-market.example,Retail,11-50,UK,Edinburgh,£1m-£10m,2003,Bootstrapped,Pipedrive,under £5k,"[""Meta Ads""]",False,0
Granite Wealth Inc,graniteweal-group.example,Financial services,201-1000,US,San Francisco,£250m+,2017,Bootstrapped,HubSpot,£5k-£25k,"[""Google Ads"", ""TikTok Ads""]",True,22
Westbrook Stores GmbH,westbrook-stores.example,Retail,201-1000,DE,Berlin,£10m-£50m,2005,Series C+,Salesforce,£5k-£25k,"[""LinkedIn Ads"", ""Microsoft Ads""]",False,0
Cedar Works Inc,cedar-works.example,Manufacturing,1000+,US,San Francisco,£250m+,2005,Public,Salesforce,£25k-£100k,"[""Google Ads"", ""Meta Ads"", ""Microsoft Ads""]",True,61
Orchard Education BV,orchard-education.example,Education,201-1000,NL,Rotterdam,£50m-£250m,1981,Series B,Salesforce,£5k-£25k,"[""Google Ads"", ""LinkedIn Ads""]",True,23
Ashford Accountants BV,ashford-accountants.example,Professional services,11-50,NL,Amsterdam,under £1m,2019,Bootstrapped,HubSpot,£25k-£100k,"[""Google Ads"", ""LinkedIn Ads"", ""Meta Ads""]",True,4
Tamarind Academy Inc,tamarind-academy.example,Education,51-200,US,Chicago,£10m-£50m,2012,Series B,No CRM,£5k-£25k,"[""Google Ads"", ""Microsoft Ads""]",False,0
Cobalt College Inc,cobaltcoll-group.example,Education,11-50,US,Seattle,£1m-£10m,2005,Seed,No CRM,under £5k,"[""Meta Ads""]",True,6
Meridian Transport Ltd,meridian-transport.example,Logistics,1-10,UK,Manchester,under £1m,2006,Seed,Spreadsheet,none,[],False,0
Bluebell Insurance Ltd,bluebellinsu-group.example,Financial services,1-10,UK,London,under £1m,2024,Seed,Spreadsheet,under £5k,"[""Meta Ads""]",False,0
Lantern Education Ltd,lantern-education.example,Education,11-50,UK,Bristol,£1m-£10m,2017,Series A,Spreadsheet,none,[],False,0
Pebble Components Inc,pebble-components.example,Manufacturing,51-200,US,San Francisco,£10m-£50m,1998,Bootstrapped,HubSpot,£5k-£25k,"[""Meta Ads"", ""Microsoft Ads""]",False,0
Northwind Dental Inc,northwinddent-group.example,Healthcare,201-1000,US,Chicago,£50m-£250m,2013,Series C+,Salesforce,£25k-£100k,"[""Google Ads"", ""LinkedIn Ads"", ""Meta Ads""]",True,19
Meridian Shipping BV,meridian-shipping.example,Logistics,201-1000,NL,Utrecht,£50m-£250m,1965,Series C+,Salesforce,£5k-£25k,"[""Meta Ads"", ""TikTok Ads""]",False,0
Valley Tutors GmbH,valley-tutors.example,Education,11-50,DE,Hamburg,£1m-£10m,2004,Bootstrapped,Pipedrive,under £5k,"[""TikTok Ads""]",False,0
Redwood Pharma Ltd,redwood-pharma.example,Healthcare,51-200,UK,Manchester,£10m-£50m,2018,Private equity,HubSpot,£25k-£100k,"[""Google Ads"", ""LinkedIn Ads"", ""Meta Ads""]",True,13
Pennine Pharma Ltd,pennine-pharma.example,Healthcare,1-10,UK,Bristol,under £1m,2019,Bootstrapped,Pipedrive,under £5k,"[""Google Ads""]",False,0
Greystone Care BV,greystone-care.example,Healthcare,1000+,NL,Rotterdam,£250m+,1975,Private equity,Salesforce,£100k+,"[""Google Ads"", ""LinkedIn Ads"", ""Meta Ads"", ""Microsoft Ads""]",True,66
Quayside Data GmbH,quaysidedata-group.example,Software,1-10,DE,Berlin,under £1m,1995,Bootstrapped,HubSpot,none,[],False,0
Kelvin Capital SAS,kelvin-capital.example,Financial services,1-10,FR,Paris,under £1m,2010,Seed,No CRM,none,[],True,2
Tidewater Legal BV,tidewater-legal.example,Professional services,1-10,NL,Amsterdam,under £1m,2003,Seed,HubSpot,under £5k,"[""LinkedIn Ads""]",True,1
Inkwell Engineering Inc,inkwellengi-group.example,Manufacturing,11-50,US,New York,£1m-£10m,2014,Series B,No CRM,£5k-£25k,"[""LinkedIn Ads"", ""Meta Ads""]",False,0
Westbrook College Inc,westbrookcoll-group.example,Education,11-50,US,Boston,under £1m,2008,Seed,Spreadsheet,£5k-£25k,"[""Google Ads"", ""Meta Ads""]",False,0
Cobalt Wealth GmbH,cobalt-wealth.example,Financial services,11-50,DE,Hamburg,£1m-£10m,2006,Seed,HubSpot,none,[],False,0
Silverline Freight SAS,silverline-freight.example,Logistics,1-10,FR,Lyon,under £1m,2019,Seed,HubSpot,under £5k,"[""Microsoft Ads""]",False,0
Marigold Legal Ltd,marigold-legal.example,Professional services,11-50,UK,Edinburgh,£1m-£10m,2001,Series A,HubSpot,under £5k,"[""Meta Ads""]",True,2
Highgate Capital Ltd,highgate-capital.example,Financial services,1-10,UK,Edinburgh,under £1m,2023,Seed,Pipedrive,under £5k,"[""Meta Ads""]",False,0
Lindenwood Logistics Ltd,lindenwood-logistics.example,Logistics,1-10,UK,Leeds,under £1m,2004,Bootstrapped,HubSpot,none,[],False,0
Kelvin College Ltd,kelvin-college.example,Education,1-10,UK,Edinburgh,£1m-£10m,2002,Series A,Spreadsheet,under £5k,"[""Meta Ads""]",True,5
Meridian Wealth GmbH,meridian-wealth.example,Financial services,1-10,DE,Munich,under £1m,2013,Bootstrapped,Spreadsheet,under £5k,"[""Meta Ads""]",False,0
Kelvin Stores Inc,kelvinstor-group.example,Retail,1-10,US,Boston,under £1m,2003,Bootstrapped,Spreadsheet,under £5k,"[""Google Ads""]",False,0
Upland Freight SAS,uplandfrei-group.example,Logistics,1-10,FR,Paris,under £1m,2022,Seed,HubSpot,none,[],False,0
Upland Pharma GmbH,uplandphar-group.example,Healthcare,1-10,DE,Munich,under £1m,1997,Seed,Spreadsheet,under £5k,"[""Meta Ads""]",True,1
Elmstead Digital Ltd,elmstead-digital.example,Software,1000+,UK,Birmingham,£250m+,2001,Bootstrapped,Salesforce,£5k-£25k,"[""Google Ads"", ""Microsoft Ads""]",False,0
Orchard Works Ltd,orchard-works.example,Manufacturing,201-1000,UK,Edinburgh,£50m-£250m,1986,Series C+,Salesforce,£25k-£100k,"[""LinkedIn Ads"", ""Meta Ads"", ""TikTok Ads""]",False,0
Ironbridge Recruitment Inc,ironbridgerecr-group.example,Professional services,1-10,US,Chicago,under £1m,2015,Bootstrapped,Spreadsheet,£5k-£25k,"[""Google Ads"", ""Meta Ads""]",False,0
Silverline Engineering Ltd,silverline-engineering.example,Manufacturing,201-1000,UK,London,£50m-£250m,1975,Private equity,Salesforce,none,[],True,21
Riverside Software Inc,riverside-software.example,Software,1-10,US,Seattle,under £1m,2014,Bootstrapped,HubSpot,under £5k,"[""Meta Ads""]",False,0
Pebble Stores Inc,pebble-stores.example,Retail,11-50,US,Boston,under £1m,2000,Bootstrapped,HubSpot,under £5k,"[""LinkedIn Ads""]",True,3
Oakridge Goods Inc,oakridgegood-group.example,Retail,11-50,US,New York,£1m-£10m,2001,Bootstrapped,Spreadsheet,under £5k,"[""Meta Ads""]",True,2
Quartz Manufacturing BV,quartzmanu-group.example,Manufacturing,51-200,NL,Amsterdam,£10m-£50m,2018,Bootstrapped,Pipedrive,£5k-£25k,"[""LinkedIn Ads"", ""Microsoft Ads""]",False,0
Hawthorn Medical Inc,hawthorn-medical.example,Healthcare,51-200,US,San Francisco,£10m-£50m,2017,Series B,HubSpot,under £5k,"[""Google Ads""]",True,8
Granite Partners SAS,granitepart-group.example,Financial services,51-200,FR,Paris,£10m-£50m,2015,Bootstrapped,Spreadsheet,under £5k,"[""LinkedIn Ads""]",True,9
Tidewater Learning GmbH,tidewater-learning.example,Education,1000+,DE,Munich,£250m+,1972,Public,Salesforce,£25k-£100k,"[""Google Ads"", ""LinkedIn Ads"", ""Meta Ads""]",True,60
Saltmarsh Legal GmbH,saltmarsh-legal.example,Professional services,11-50,DE,Hamburg,£1m-£10m,2021,Series A,Pipedrive,under £5k,"[""TikTok Ads""]",False,0
Heron Clinics Inc,heronclin-group.example,Healthcare,1-10,US,New York,under £1m,2013,Bootstrapped,HubSpot,none,[],False,0
Riverside Health Inc,riversideheal-group.example,Healthcare,1-10,US,Chicago,under £1m,2020,Bootstrapped,No CRM,none,[],False,0
Brightwater Medical Inc,brightwater-medical.example,Healthcare,201-1000,US,New York,£50m-£250m,1994,Series C+,Salesforce,£25k-£100k,"[""Google Ads"", ""LinkedIn Ads"", ""Microsoft Ads""]",True,21
Saltmarsh Digital SAS,saltmarsh-digital.example,Software,11-50,FR,Lille,£1m-£10m,2021,Series A,HubSpot,under £5k,"[""Google Ads""]",True,3
Alder Advisory SAS,alder-advisory.example,Professional services,201-1000,FR,Paris,£250m+,2007,Bootstrapped,Salesforce,£25k-£100k,"[""Google Ads"", ""Microsoft Ads"", ""TikTok Ads""]",True,11
Ivywood Cloud Ltd,ivywoodclou-group.example,Software,11-50,UK,Manchester,£1m-£10m,1996,Seed,Salesforce,none,[],False,0
Ironbridge Freight Inc,ironbridge-freight.example,Logistics,201-1000,US,Chicago,£50m-£250m,1983,Bootstrapped,Salesforce,£5k-£25k,"[""Meta Ads"", ""Microsoft Ads""]",True,23
Dunmore Shipping Inc,dunmore-shipping.example,Logistics,51-200,US,San Francisco,£10m-£50m,2011,Bootstrapped,HubSpot,£25k-£100k,"[""Google Ads"", ""Meta Ads"", ""Microsoft Ads""]",True,12
Upland Software Inc,uplandsoft-group.example,Software,11-50,US,Austin,£1m-£10m,2013,Series A,Salesforce,£5k-£25k,"[""Google Ads"", ""LinkedIn Ads""]",False,0
Orchard Advisory SAS,orchard-advisory.example,Professional services,11-50,FR,Lyon,£1m-£10m,2024,Seed,Spreadsheet,£5k-£25k,"[""Google Ads"", ""Meta Ads""]",True,5
Falcon Digital SAS,falcon-digital.example,Software,201-1000,FR,Toulouse,£50m-£250m,1993,Bootstrapped,HubSpot,£100k+,"[""Google Ads"", ""Meta Ads"", ""Microsoft Ads"", ""TikTok Ads""]",True,23
Evergreen College SAS,evergreen-college.example,Education,11-50,FR,Lyon,under £1m,2023,Series A,HubSpot,under £5k,"[""LinkedIn Ads""]",False,0
Larkspur Shipping Inc,larkspur-shipping.example,Logistics,201-1000,US,San Francisco,£50m-£250m,1969,Series C+,Salesforce,under £5k,"[""Meta Ads""]",True,23
Moorland Manufacturing GmbH,moorland-manufacturing.example,Manufacturing,51-200,DE,Frankfurt,£10m-£50m,2012,Series A,HubSpot,£25k-£100k,"[""Google Ads"", ""LinkedIn Ads"", ""Meta Ads""]",False,0
Redwood College Ltd,redwoodcoll-group.example,Education,11-50,UK,London,£1m-£10m,2019,Seed,Pipedrive,none,[],False,0
Jasper Accountants GmbH,jasperacco-group.example,Professional services,1-10,DE,Munich,under £1m,2021,Seed,No CRM,none,[],True,2
Bluebell Associates BV,bluebellasso-group.example,Professional services,11-50,NL,Amsterdam,£1m-£10m,2005,Seed,HubSpot,£25k-£100k,"[""Google Ads"", ""LinkedIn Ads"", ""Meta Ads""]",False,0
Ironbridge Manufacturing Ltd,ironbridgemanu-group.example,Manufacturing,51-200,UK,Edinburgh,£10m-£50m,1998,Series A,HubSpot,£5k-£25k,"[""Google Ads"", ""Meta Ads""]",True,14
Lantern Insurance Ltd,lantern-insurance.example,Financial services,1000+,UK,Leeds,£250m+,2023,Series C+,Salesforce,£25k-£100k,"[""Google Ads"", ""Meta Ads"", ""Microsoft Ads""]",True,48
Vantage Cloud Ltd,vantage-cloud.example,Software,11-50,UK,Leeds,£1m-£10m,2003,Series A,No CRM,under £5k,"[""Google Ads""]",True,4
Zephyr Consulting SAS,zephyr-consulting.example,Professional services,1-10,FR,Toulouse,under £1m,2012,Bootstrapped,Spreadsheet,£5k-£25k,"[""Google Ads"", ""Meta Ads""]",False,0
Emberly Freight SAS,emberly-freight.example,Logistics,1-10,FR,Paris,under £1m,2006,Bootstrapped,No CRM,£25k-£100k,"[""Google Ads"", ""LinkedIn Ads"", ""Meta Ads""]",False,0
Dovecote Logistics Ltd,dovecotelogi-group.example,Logistics,201-1000,UK,Manchester,£250m+,1997,Series B,Salesforce,£25k-£100k,"[""LinkedIn Ads"", ""Meta Ads"", ""Microsoft Ads""]",True,20
Bluebell Software GmbH,bluebell-software.example,Software,11-50,DE,Munich,£10m-£50m,1995,Bootstrapped,Spreadsheet,£5k-£25k,"[""Meta Ads"", ""Microsoft Ads""]",False,0
Highgate Training Ltd,highgate-training.example,Education,201-1000,UK,London,£50m-£250m,1987,Private equity,Salesforce,£5k-£25k,"[""Google Ads"", ""Meta Ads""]",False,0
Thornbury Legal Inc,thornbury-legal.example,Professional services,51-200,US,San Francisco,£10m-£50m,1995,Bootstrapped,No CRM,none,[],True,8
Juniper Software Ltd,juniper-software.example,Software,201-1000,UK,Manchester,£50m-£250m,2002,Bootstrapped,HubSpot,£100k+,"[""Google Ads"", ""LinkedIn Ads"", ""Meta Ads"", ""Microsoft Ads""]",False,0
Fernhill Recruitment Ltd,fernhill-recruitment.example,Professional services,11-50,UK,Edinburgh,£1m-£10m,2003,Series B,HubSpot,£25k-£100k,"[""LinkedIn Ads"", ""Microsoft Ads"", ""TikTok Ads""]",False,0
Quayside Lending Ltd,quayside-lending.example,Financial services,1-10,UK,Manchester,under £1m,1995,Seed,Spreadsheet,under £5k,"[""Microsoft Ads""]",False,0
Bluebell Health Inc,bluebell-health.example,Healthcare,1-10,US,Seattle,under £1m,1999,Seed,HubSpot,£5k-£25k,"[""Google Ads"", ""LinkedIn Ads""]",False,0
Glenmoor Trading Ltd,glenmoortrad-group.example,Retail,1000+,UK,Edinburgh,£250m+,1970,Private equity,Salesforce,£5k-£25k,"[""Google Ads"", ""LinkedIn Ads""]",True,47
Moorland Medical Ltd,moorland-medical.example,Healthcare,1-10,UK,Edinburgh,under £1m,1997,Series A,Spreadsheet,under £5k,"[""LinkedIn Ads""]",False,0
Hawthorn Care Ltd,hawthorn-care.example,Healthcare,51-200,UK,Leeds,£10m-£50m,2005,Series A,Spreadsheet,£5k-£25k,"[""Google Ads"", ""Microsoft Ads""]",True,13
Keystone Education Ltd,keystoneeduc-group.example,Education,201-1000,UK,Birmingham,£50m-£250m,1985,Series B,Pipedrive,£5k-£25k,"[""LinkedIn Ads"", ""Microsoft Ads""]",True,11
Upland Shipping Inc,upland-shipping.example,Logistics,51-200,US,Chicago,£50m-£250m,2024,Bootstrapped,Salesforce,none,[],False,0
Moorland Components Ltd,moorlandcomp-group.example,Manufacturing,51-200,UK,London,£10m-£50m,2000,Series B,HubSpot,£25k-£100k,"[""Google Ads"", ""LinkedIn Ads"", ""Meta Ads""]",True,5
Nimbus Legal SAS,nimbus-legal.example,Professional services,201-1000,FR,Lyon,£50m-£250m,2023,Series B,HubSpot,£5k-£25k,"[""Meta Ads"", ""Microsoft Ads""]",True,15
Norfolk Haulage Inc,norfolk-haulage.example,Logistics,51-200,US,Boston,£10m-£50m,2016,Series A,Pipedrive,£25k-£100k,"[""Google Ads"", ""Microsoft Ads"", ""TikTok Ads""]",False,0
Driftwood Learning SAS,driftwood-learning.example,Education,201-1000,FR,Lille,£50m-£250m,1966,Series C+,Spreadsheet,£25k-£100k,"[""Google Ads"", ""LinkedIn Ads"", ""Meta Ads""]",False,0
Aurora Pharma Ltd,aurora-pharma.example,Healthcare,1-10,UK,Birmingham,under £1m,1995,Seed,HubSpot,under £5k,"[""Google Ads""]",True,3
Oakridge Associates SAS,oakridge-associates.example,Professional services,11-50,FR,Lyon,£1m-£10m,2017,Seed,HubSpot,under £5k,"[""Microsoft Ads""]",True,5
Zephyr Outfitters Inc,zephyr-outfitters.example,Retail,1-10,US,San Francisco,under £1m,2021,Bootstrapped,Spreadsheet,under £5k,"[""Microsoft Ads""]",False,0
Moorland Accountants Ltd,moorlandacco-group.example,Professional services,1-10,UK,Edinburgh,under £1m,2023,Bootstrapped,Spreadsheet,none,[],False,0
Moorland Freight Ltd,moorland-freight.example,Logistics,201-1000,UK,Edinburgh,£50m-£250m,1978,Bootstrapped,Spreadsheet,£25k-£100k,"[""LinkedIn Ads"", ""Meta Ads"", ""TikTok Ads""]",False,0
Bramble Data BV,brambledata-group.example,Software,11-50,NL,Utrecht,£1m-£10m,1995,Seed,HubSpot,under £5k,"[""Meta Ads""]",False,0
Lantern Manufacturing Inc,lantern-manufacturing.example,Manufacturing,51-200,US,San Francisco,£50m-£250m,2011,Series B,HubSpot,£100k+,"[""Google Ads"", ""LinkedIn Ads"", ""Meta Ads"", ""TikTok Ads""]",False,0
Heron Transport Inc,heron-transport.example,Logistics,1-10,US,Chicago,under £1m,2006,Bootstrapped,Spreadsheet,under £5k,"[""Meta Ads""]",False,0
Westbrook Shipping Ltd,westbrook-shipping.example,Logistics,11-50,UK,Birmingham,£1m-£10m,2024,Series B,Pipedrive,none,[],False,0
Kestrel Fabrication Ltd,kestrel-fabrication.example,Manufacturing,1000+,UK,Leeds,£250m+,1977,Private equity,Salesforce,£25k-£100k,"[""LinkedIn Ads"", ""Meta Ads"", ""Microsoft Ads""]",True,74
Ashford Capital Ltd,ashford-capital.example,Financial services,1000+,UK,Birmingham,£250m+,2016,Public,Salesforce,£25k-£100k,"[""Google Ads"", ""LinkedIn Ads"", ""Microsoft Ads""]",True,62
Greystone Works Ltd,greystone-works.example,Manufacturing,11-50,UK,Leeds,£10m-£50m,1999,Bootstrapped,Salesforce,under £5k,"[""Google Ads""]",False,0
Tamarind Advisory SAS,tamarind-advisory.example,Professional services,51-200,FR,Lille,£10m-£50m,2004,Series A,No CRM,£5k-£25k,"[""Google Ads"", ""Microsoft Ads""]",False,0
Saltmarsh Finance Ltd,saltmarshfina-group.example,Financial services,201-1000,UK,Manchester,£50m-£250m,2000,Series B,Salesforce,£25k-£100k,"[""Google Ads"", ""LinkedIn Ads"", ""Meta Ads""]",False,0
Nettlefield Clinics SAS,nettlefield-clinics.example,Healthcare,201-1000,FR,Lyon,£50m-£250m,2006,Series B,Salesforce,£100k+,"[""Google Ads"", ""LinkedIn Ads"", ""Meta Ads"", ""Microsoft Ads""]",False,0
Riverside Freight Ltd,riverside-freight.example,Logistics,1-10,UK,Bristol,under £1m,2018,Seed,HubSpot,none,[],False,0
Norfolk Systems SAS,norfolksyst-group.example,Software,201-1000,FR,Toulouse,£50m-£250m,2006,Series B,HubSpot,£100k+,"[""Google Ads"", ""LinkedIn Ads"", ""Meta Ads"", ""Microsoft Ads""]",True,24
Dovecote Shipping Ltd,dovecote-shipping.example,Logistics,51-200,UK,Manchester,£10m-£50m,2010,Seed,HubSpot,£5k-£25k,"[""LinkedIn Ads"", ""TikTok Ads""]",True,8
Pinecrest Cloud Inc,pinecrest-cloud.example,Software,11-50,US,Seattle,£1m-£10m,2018,Bootstrapped,No CRM,under £5k,"[""Meta Ads""]",False,0
Foxglove Pharma BV,foxglove-pharma.example,Healthcare,1-10,NL,Amsterdam,under £1m,2011,Seed,Spreadsheet,under £5k,"[""Google Ads""]",False,0
Marigold Haulage Ltd,marigold-haulage.example,Logistics,1000+,UK,Leeds,£250m+,2014,Public,Salesforce,£100k+,"[""Google Ads"", ""LinkedIn Ads"", ""Meta Ads"", ""TikTok Ads""]",True,60
Driftwood Medical Inc,driftwoodmedi-group.example,Healthcare,51-200,US,New York,£50m-£250m,2023,Series A,Salesforce,£25k-£100k,"[""LinkedIn Ads"", ""Meta Ads"", ""Microsoft Ads""]",True,4
Evergreen Wealth Inc,evergreen-wealth.example,Financial services,51-200,US,New York,£10m-£50m,2013,Bootstrapped,HubSpot,£5k-£25k,"[""Google Ads"", ""LinkedIn Ads""]",False,0
Cobalt Education Ltd,cobalt-education.example,Education,11-50,UK,Bristol,£1m-£10m,2000,Bootstrapped,Spreadsheet,£25k-£100k,"[""Google Ads"", ""Meta Ads"", ""TikTok Ads""]",False,0
Elmstead Software Inc,elmstead-software.example,Software,1-10,US,Austin,under £1m,2019,Bootstrapped,Spreadsheet,under £5k,"[""Google Ads""]",False,0
Quartz Trading Ltd,quartz-trading.example,Retail,1-10,UK,Edinburgh,under £1m,2018,Seed,Pipedrive,under £5k,"[""Google Ads""]",True,4
Quartz Finance BV,quartzfina-group.example,Financial services,1-10,NL,Eindhoven,£1m-£10m,2017,Bootstrapped,Pipedrive,none,[],False,0
Glenmoor Transport Ltd,glenmoor-transport.example,Logistics,1-10,UK,Edinburgh,under £1m,2003,Bootstrapped,No CRM,none,[],True,1
Rosewood Industries Ltd,rosewood-industries.example,Manufacturing,1-10,UK,Leeds,under £1m,2016,Bootstrapped,Pipedrive,under £5k,"[""Meta Ads""]",False,0
Juniper Market Ltd,junipermark-group.example,Retail,11-50,UK,Birmingham,£1m-£10m,2018,Series A,Pipedrive,£5k-£25k,"[""Google Ads"", ""LinkedIn Ads""]",False,0
Ashford Transport Inc,ashford-transport.example,Logistics,1000+,US,Chicago,£250m+,2009,Private equity,Salesforce,£100k+,"[""Google Ads"", ""Meta Ads"", ""Microsoft Ads"", ""TikTok Ads""]",True,67
Dunmore Industries BV,dunmore-industries.example,Manufacturing,11-50,NL,Utrecht,£1m-£10m,2007,Seed,No CRM,under £5k,"[""Meta Ads""]",False,0
Dovecote Manufacturing GmbH,dovecotemanu-group.example,Manufacturing,11-50,DE,Munich,£1m-£10m,2012,Series A,HubSpot,under £5k,"[""Microsoft Ads""]",False,0
Nimbus Fabrication Ltd,nimbus-fabrication.example,Manufacturing,1-10,UK,Edinburgh,under £1m,2010,Bootstrapped,Pipedrive,under £5k,"[""Google Ads""]",False,0
Stonebridge Advisory BV,stonebridge-advisory.example,Professional services,1000+,NL,Utrecht,£250m+,2000,Private equity,Salesforce,£100k+,"[""Google Ads"", ""LinkedIn Ads"", ""Meta Ads"", ""Microsoft Ads""]",True,56
Pinecrest Systems GmbH,pinecrest-systems.example,Software,51-200,DE,Berlin,£10m-£50m,2010,Bootstrapped,Pipedrive,£5k-£25k,"[""Google Ads"", ""Meta Ads""]",False,0
Aurora Stores Inc,aurora-stores.example,Retail,201-1000,US,New York,£50m-£250m,2016,Public,Pipedrive,£25k-£100k,"[""Google Ads"", ""Meta Ads"", ""Microsoft Ads""]",False,0
Oldfield Advisory Inc,oldfieldadvi-group.example,Professional services,201-1000,US,San Francisco,£50m-£250m,2018,Series B,Pipedrive,£5k-£25k,"[""Google Ads"", ""Microsoft Ads""]",True,19
Thornbury Capital SAS,thornburycapi-group.example,Financial services,1000+,FR,Lille,£250m+,2004,Public,Salesforce,£25k-£100k,"[""LinkedIn Ads"", ""Meta Ads"", ""Microsoft Ads""]",True,59
Larkspur Systems Inc,larkspur-systems.example,Software,11-50,US,Austin,£1m-£10m,2019,Bootstrapped,Pipedrive,£5k-£25k,"[""Meta Ads"", ""Microsoft Ads""]",True,5
Larkspur Components GmbH,larkspur-components.example,Manufacturing,1-10,DE,Munich,under £1m,2017,Bootstrapped,Spreadsheet,under £5k,"[""LinkedIn Ads""]",False,0
Bramble Logistics Inc,bramble-logistics.example,Logistics,201-1000,US,Austin,£50m-£250m,1973,Bootstrapped,Spreadsheet,£25k-£100k,"[""Google Ads"", ""Meta Ads"", ""Microsoft Ads""]",True,19
Jasper Capital Inc,jasper-capital.example,Financial services,1-10,US,Chicago,under £1m,2012,Seed,Spreadsheet,under £5k,"[""Google Ads""]",False,0
Silverline Industries Inc,silverline-industries.example,Manufacturing,11-50,US,Seattle,£1m-£10m,2005,Bootstrapped,Salesforce,under £5k,"[""Meta Ads""]",False,0
Marigold Stores GmbH,marigold-stores.example,Retail,11-50,DE,Hamburg,£1m-£10m,2013,Bootstrapped,HubSpot,under £5k,"[""Google Ads""]",False,0
Rosewood Learning BV,rosewood-learning.example,Education,1-10,NL,Eindhoven,under £1m,2002,Series A,Spreadsheet,none,[],False,0
Nettlefield Labs BV,nettlefield-labs.example,Software,51-200,NL,Rotterdam,£10m-£50m,2009,Series C+,HubSpot,under £5k,"[""Meta Ads""]",True,16
Meridian Recruitment GmbH,meridian-recruitment.example,Professional services,11-50,DE,Berlin,£1m-£10m,2012,Bootstrapped,HubSpot,under £5k,"[""TikTok Ads""]",True,3
Hawthorn Industries Inc,hawthorn-industries.example,Manufacturing,1-10,US,Austin,under £1m,2007,Bootstrapped,No CRM,none,[],True,2
Moorland Wealth Ltd,moorlandweal-group.example,Financial services,1-10,UK,Birmingham,£1m-£10m,2015,Bootstrapped,Spreadsheet,under £5k,"[""Meta Ads""]",False,0
Tidewater Medical Ltd,tidewatermedi-group.example,Healthcare,1-10,UK,Bristol,under £1m,2009,Bootstrapped,Spreadsheet,none,[],False,0
Dovecote Stores BV,dovecote-stores.example,Retail,1-10,NL,Amsterdam,under £1m,2015,Bootstrapped,Pipedrive,under £5k,"[""Meta Ads""]",False,0
Nimbus Outfitters Inc,nimbus-outfitters.example,Retail,11-50,US,Chicago,under £1m,1999,Seed,HubSpot,£25k-£100k,"[""LinkedIn Ads"", ""Meta Ads"", ""Microsoft Ads""]",False,0
Dunmore Couriers BV,dunmore-couriers.example,Logistics,11-50,NL,Amsterdam,£1m-£10m,2006,Seed,HubSpot,£25k-£100k,"[""Google Ads"", ""LinkedIn Ads"", ""Microsoft Ads""]",False,0
Emberly Medical Inc,emberly-medical.example,Healthcare,51-200,US,Boston,£10m-£50m,2006,Bootstrapped,Salesforce,none,[],True,15
Larkspur Wealth Inc,larkspurweal-group.example,Financial services,51-200,US,San Francisco,£10m-£50m,2015,Series C+,Spreadsheet,£25k-£100k,"[""Google Ads"", ""LinkedIn Ads"", ""Meta Ads""]",False,0
Pebble Data Inc,pebble-data.example,Software,51-200,US,Austin,£10m-£50m,2002,Private equity,Pipedrive,under £5k,"[""Meta Ads""]",False,0
Meridian Systems BV,meridian-systems.example,Software,11-50,NL,Amsterdam,£1m-£10m,2013,Series A,HubSpot,none,[],False,0
Nettlefield Works SAS,nettlefieldwork-group.example,Manufacturing,51-200,FR,Lille,£10m-£50m,1998,Bootstrapped,Salesforce,£5k-£25k,"[""LinkedIn Ads"", ""Microsoft Ads""]",False,0
Westbrook Cloud GmbH,westbrook-cloud.example,Software,51-200,DE,Hamburg,£10m-£50m,2024,Series B,No CRM,£25k-£100k,"[""LinkedIn Ads"", ""Meta Ads"", ""Microsoft Ads""]",False,0
Bluebell Academy SAS,bluebell-academy.example,Education,1000+,FR,Paris,£250m+,1969,Series C+,Salesforce,£25k-£100k,"[""Google Ads"", ""Meta Ads"", ""Microsoft Ads""]",True,74
Bramble Partners Inc,bramble-partners.example,Financial services,11-50,US,Seattle,£1m-£10m,2001,Seed,Pipedrive,none,[],True,4
Vantage Market SAS,vantagemark-group.example,Retail,1-10,FR,Toulouse,£1m-£10m,2018,Seed,Spreadsheet,under £5k,"[""Microsoft Ads""]",False,0
Emberly Shipping Ltd,emberlyship-group.example,Logistics,1-10,UK,Edinburgh,under £1m,2009,Bootstrapped,Spreadsheet,under £5k,"[""Google Ads""]",False,0
Highgate Care Inc,highgatecare-group.example,Healthcare,11-50,US,New York,£1m-£10m,2015,Series A,Spreadsheet,under £5k,"[""Google Ads""]",True,3
Granite Consulting Inc,granite-consulting.example,Professional services,11-50,US,Boston,£1m-£10m,2023,Bootstrapped,Pipedrive,£25k-£100k,"[""Google Ads"", ""LinkedIn Ads"", ""Meta Ads""]",True,8
Cedar Data Ltd,cedar-data.example,Software,1-10,UK,London,£1m-£10m,2021,Bootstrapped,Spreadsheet,under £5k,"[""Meta Ads""]",False,0
Redwood Systems Ltd,redwoodsyst-group.example,Software,1-10,UK,Manchester,under £1m,1998,Bootstrapped,HubSpot,under £5k,"[""LinkedIn Ads""]",False,0
Riverside Insurance SAS,riverside-insurance.example,Financial services,1-10,FR,Lyon,under £1m,2019,Bootstrapped,HubSpot,£25k-£100k,"[""LinkedIn Ads"", ""Meta Ads"", ""Microsoft Ads""]",False,0
Meridian Engineering SAS,meridian-engineering.example,Manufacturing,11-50,FR,Paris,£1m-£10m,2016,Bootstrapped,Salesforce,none,[],True,3
Zephyr Software Inc,zephyrsoft-group.example,Software,1000+,US,Austin,£250m+,2008,Bootstrapped,Spreadsheet,£25k-£100k,"[""Google Ads"", ""LinkedIn Ads"", ""Meta Ads""]",True,68
Pebble Cloud GmbH,pebble-cloud.example,Software,11-50,DE,Berlin,£1m-£10m,2014,Bootstrapped,Spreadsheet,£5k-£25k,"[""LinkedIn Ads"", ""Meta Ads""]",True,1
Greystone Manufacturing Ltd,greystonemanu-group.example,Manufacturing,11-50,UK,London,under £1m,2021,Seed,Salesforce,£5k-£25k,"[""LinkedIn Ads"", ""Meta Ads""]",True,3
Alder Legal BV,alder-legal.example,Professional services,51-200,NL,Amsterdam,£10m-£50m,2022,Bootstrapped,Salesforce,under £5k,"[""Google Ads""]",False,0
Redwood Recruitment GmbH,redwood-recruitment.example,Professional services,11-50,DE,Munich,£1m-£10m,2009,Series A,Spreadsheet,£5k-£25k,"[""Google Ads"", ""Meta Ads""]",False,0
Kingsway Retail GmbH,kingswayreta-group.example,Retail,11-50,DE,Hamburg,£1m-£10m,2011,Seed,HubSpot,none,[],True,4
Umber Goods SAS,umbergood-group.example,Retail,1000+,FR,Paris,£250m+,2024,Private equity,HubSpot,£100k+,"[""Google Ads"", ""LinkedIn Ads"", ""Meta Ads"", ""Microsoft Ads""]",True,63
Ashford Lending SAS,ashford-lending.example,Financial services,51-200,FR,Lille,£50m-£250m,2022,Series B,HubSpot,£5k-£25k,"[""Google Ads"", ""Microsoft Ads""]",False,0
Cedar Capital BV,cedar-capital.example,Financial services,11-50,NL,Rotterdam,£1m-£10m,1998,Series A,HubSpot,under £5k,"[""Google Ads""]",True,2
Ashford Training BV,ashford-training.example,Education,51-200,NL,Amsterdam,£1m-£10m,1997,Seed,Spreadsheet,£25k-£100k,"[""Google Ads"", ""LinkedIn Ads"", ""Meta Ads""]",True,6
Clearwater Logistics Inc,clearwater-logistics.example,Logistics,51-200,US,Boston,£10m-£50m,2005,Series B,Salesforce,under £5k,"[""TikTok Ads""]",False,0
Tamarind Trading SAS,tamarind-trading.example,Retail,11-50,FR,Toulouse,£1m-£10m,2005,Bootstrapped,Salesforce,under £5k,"[""LinkedIn Ads""]",False,0
Nettlefield Outfitters Inc,nettlefieldoutf-group.example,Retail,51-200,US,Boston,£10m-£50m,2023,Bootstrapped,HubSpot,£25k-£100k,"[""Google Ads"", ""LinkedIn Ads"", ""Meta Ads""]",False,0
Cobalt Academy Ltd,cobaltacad-group.example,Education,11-50,UK,Edinburgh,£1m-£10m,2023,Series A,Spreadsheet,under £5k,"[""Microsoft Ads""]",False,0
Clearwater Lending Ltd,clearwater-lending.example,Financial services,11-50,UK,Birmingham,£1m-£10m,2004,Series A,No CRM,none,[],False,0
Harbour Accountants Ltd,harbour-accountants.example,Professional services,1-10,UK,Edinburgh,under £1m,1998,Seed,No CRM,none,[],False,0
Harbour Recruitment Ltd,harbourrecr-group.example,Professional services,51-200,UK,Manchester,£10m-£50m,1995,Bootstrapped,Salesforce,under £5k,"[""LinkedIn Ads""]",True,8
Ashford Education Ltd,ashford-education.example,Education,1-10,UK,London,under £1m,2006,Bootstrapped,HubSpot,under £5k,"[""Meta Ads""]",False,0
Keystone Finance Ltd,keystone-finance.example,Financial services,11-50,UK,Bristol,£1m-£10m,2019,Seed,HubSpot,none,[],False,0
Ashford Fabrication Ltd,ashfordfabr-group.example,Manufacturing,11-50,UK,Manchester,under £1m,2012,Bootstrapped,HubSpot,£5k-£25k,"[""LinkedIn Ads"", ""Meta Ads""]",True,7
Inkwell Recruitment Ltd,inkwellrecr-group.example,Professional services,51-200,UK,Birmingham,£10m-£50m,1995,Bootstrapped,Spreadsheet,£25k-£100k,"[""Google Ads"", ""LinkedIn Ads"", ""Meta Ads""]",True,11
Falcon Wealth Inc,falcon-wealth.example,Financial services,1-10,US,Seattle,under £1m,2015,Bootstrapped,No CRM,none,[],False,0
Lantern Health Ltd,lantern-health.example,Healthcare,51-200,UK,London,£10m-£50m,1998,Series B,Salesforce,none,[],False,0
Pebble Fabrication SAS,pebble-fabrication.example,Manufacturing,51-200,FR,Lille,£10m-£50m,2022,Series A,Salesforce,under £5k,"[""Meta Ads""]",True,7
Westbrook Advisory GmbH,westbrook-advisory.example,Professional services,1-10,DE,Frankfurt,under £1m,1999,Bootstrapped,No CRM,under £5k,"[""TikTok Ads""]",False,0
Dovecote Engineering Ltd,dovecote-engineering.example,Manufacturing,11-50,UK,Edinburgh,£1m-£10m,2022,Bootstrapped,Pipedrive,none,[],False,0
Tidewater Shipping Inc,tidewater-shipping.example,Logistics,11-50,US,Seattle,£1m-£10m,1998,Series A,HubSpot,under £5k,"[""LinkedIn Ads""]",False,0
Northwind Haulage Inc,northwind-haulage.example,Logistics,11-50,US,New York,£1m-£10m,2014,Bootstrapped,Spreadsheet,none,[],False,0
Evergreen Logistics Ltd,evergreen-logistics.example,Logistics,201-1000,UK,Birmingham,£250m+,2011,Series C+,No CRM,£5k-£25k,"[""Google Ads"", ""Microsoft Ads""]",False,0
Inkwell Partners Ltd,inkwell-partners.example,Financial services,201-1000,UK,Manchester,£50m-£250m,1975,Series B,Salesforce,£25k-£100k,"[""Google Ads"", ""LinkedIn Ads"", ""Meta Ads""]",False,0
Oakridge Dental Inc,oakridgedent-group.example,Healthcare,11-50,US,Chicago,£10m-£50m,2008,Bootstrapped,HubSpot,none,[],True,4
Willow Couriers BV,willowcour-group.example,Logistics,1-10,NL,Eindhoven,£1m-£10m,2019,Bootstrapped,Salesforce,none,[],False,0
Kestrel Advisory Ltd,kestrel-advisory.example,Professional services,11-50,UK,Birmingham,£1m-£10m,2021,Series A,HubSpot,£25k-£100k,"[""Google Ads"", ""LinkedIn Ads"", ""Meta Ads""]",True,1
Kingsway Couriers GmbH,kingsway-couriers.example,Logistics,201-1000,DE,Frankfurt,£10m-£50m,2012,Bootstrapped,Salesforce,£5k-£25k,"[""Google Ads"", ""LinkedIn Ads""]",True,18
Northwind Medical Inc,northwind-medical.example,Healthcare,201-1000,US,Boston,£50m-£250m,1999,Bootstrapped,Salesforce,£100k+,"[""LinkedIn Ads"", ""Meta Ads"", ""Microsoft Ads"", ""TikTok Ads""]",False,0
Marigold Lending GmbH,marigold-lending.example,Financial services,51-200,DE,Munich,£50m-£250m,2009,Series A,HubSpot,under £5k,"[""LinkedIn Ads""]",False,0
Nimbus Academy SAS,nimbus-academy.example,Education,1-10,FR,Lille,under £1m,2015,Bootstrapped,Pipedrive,£5k-£25k,"[""LinkedIn Ads"", ""Microsoft Ads""]",True,3
Stonebridge Learning Inc,stonebridge-learning.example,Education,1-10,US,New York,under £1m,2009,Bootstrapped,No CRM,under £5k,"[""Microsoft Ads""]",False,0
Ivywood Care Ltd,ivywoodcare-group.example,Healthcare,51-200,UK,London,£10m-£50m,1998,Series B,Pipedrive,£5k-£25k,"[""Google Ads"", ""LinkedIn Ads""]",False,0
Emberly Education SAS,emberly-education.example,Education,1-10,FR,Toulouse,under £1m,2013,Seed,Spreadsheet,none,[],True,2
Thornbury Works GmbH,thornbury-works.example,Manufacturing,11-50,DE,Berlin,£1m-£10m,2018,Series A,HubSpot,none,[],False,0
Brightwater Accountants Inc,brightwater-accountants.example,Professional services,51-200,US,Seattle,£50m-£250m,2023,Series B,HubSpot,£5k-£25k,"[""LinkedIn Ads"", ""Microsoft Ads""]",True,8
Harbour Systems Ltd,harboursyst-group.example,Software,201-1000,UK,Leeds,£50m-£250m,2007,Bootstrapped,Pipedrive,£25k-£100k,"[""Google Ads"", ""LinkedIn Ads"", ""Microsoft Ads""]",True,28
Vantage Works Inc,vantage-works.example,Manufacturing,51-200,US,Seattle,£10m-£50m,1999,Series A,HubSpot,£5k-£25k,"[""Google Ads"", ""Microsoft Ads""]",True,9
Fernhill Capital Inc,fernhill-capital.example,Financial services,1000+,US,San Francisco,£250m+,1970,Private equity,Salesforce,£25k-£100k,"[""Google Ads"", ""Meta Ads"", ""Microsoft Ads""]",True,57
Norfolk Dental Ltd,norfolkdent-group.example,Healthcare,1-10,UK,Edinburgh,under £1m,2003,Seed,Spreadsheet,under £5k,"[""Google Ads""]",False,0
Kingsway Care SAS,kingsway-care.example,Healthcare,11-50,FR,Lyon,£1m-£10m,2007,Series A,HubSpot,under £5k,"[""Meta Ads""]",True,5
Pinecrest Goods SAS,pinecrestgood-group.example,Retail,11-50,FR,Lyon,£1m-£10m,2001,Bootstrapped,Pipedrive,none,[],True,3
Ivywood Labs GmbH,ivywood-labs.example,Software,1-10,DE,Hamburg,under £1m,2020,Bootstrapped,Spreadsheet,£5k-£25k,"[""LinkedIn Ads"", ""Microsoft Ads""]",True,1
Inkwell Capital Inc,inkwellcapi-group.example,Financial services,1000+,US,San Francisco,£250m+,2012,Bootstrapped,Salesforce,£25k-£100k,"[""Google Ads"", ""Meta Ads"", ""Microsoft Ads""]",False,0
Keystone Medical Ltd,keystone-medical.example,Healthcare,11-50,UK,London,£1m-£10m,2024,Seed,HubSpot,none,[],False,0
Ashford Clinics Ltd,ashford-clinics.example,Healthcare,51-200,UK,Leeds,£10m-£50m,2011,Series B,Pipedrive,none,[],False,0
Pinecrest Digital GmbH,pinecrest-digital.example,Software,1-10,DE,Munich,under £1m,2022,Seed,Spreadsheet,under £5k,"[""Microsoft Ads""]",False,0
Stonebridge Stores Ltd,stonebridgestor-group.example,Retail,11-50,UK,Manchester,£1m-£10m,1999,Bootstrapped,Spreadsheet,under £5k,"[""TikTok Ads""]",False,0
Brightwater Recruitment Inc,brightwater-recruitment.example,Professional services,1-10,US,Boston,under £1m,1999,Bootstrapped,No CRM,none,[],False,0
Meridian Retail SAS,meridian-retail.example,Retail,1-10,FR,Lyon,under £1m,2010,Bootstrapped,Spreadsheet,under £5k,"[""Meta Ads""]",False,0
Norfolk Couriers GmbH,norfolkcour-group.example,Logistics,51-200,DE,Munich,£10m-£50m,2024,Series A,Salesforce,under £5k,"[""Google Ads""]",True,11
Bramble Goods Ltd,bramble-goods.example,Retail,201-1000,UK,Edinburgh,£50m-£250m,1996,Private equity,Salesforce,£100k+,"[""Google Ads"", ""Meta Ads"", ""Microsoft Ads"", ""TikTok Ads""]",True,21
Tidewater Works SAS,tidewaterwork-group.example,Manufacturing,1000+,FR,Toulouse,£250m+,1981,Series C+,Salesforce,£100k+,"[""Google Ads"", ""LinkedIn Ads"", ""Meta Ads"", ""TikTok Ads""]",True,64
Jasper Industries Inc,jasper-industries.example,Manufacturing,1-10,US,Austin,under £1m,2009,Bootstrapped,Spreadsheet,under £5k,"[""Meta Ads""]",False,0
Foxglove Consulting GmbH,foxglove-consulting.example,Professional services,51-200,DE,Berlin,£10m-£50m,2023,Series A,HubSpot,£5k-£25k,"[""Google Ads"", ""LinkedIn Ads""]",True,7
Emberly Lending BV,emberlylend-group.example,Financial services,201-1000,NL,Amsterdam,£50m-£250m,2021,Series B,HubSpot,£25k-£100k,"[""Google Ads"", ""Meta Ads"", ""Microsoft Ads""]",True,24
Stonebridge Couriers Inc,stonebridgecour-group.example,Logistics,11-50,US,San Francisco,£1m-£10m,2012,Series B,No CRM,under £5k,"[""Google Ads""]",False,0
Norfolk Clinics Ltd,norfolkclin-group.example,Healthcare,201-1000,UK,Leeds,£50m-£250m,1977,Private equity,Salesforce,£5k-£25k,"[""Google Ads"", ""LinkedIn Ads""]",False,0
Stonebridge Dental Ltd,stonebridgedent-group.example,Healthcare,1000+,UK,London,£250m+,1971,Bootstrapped,Salesforce,£100k+,"[""Google Ads"", ""LinkedIn Ads"", ""Meta Ads"", ""Microsoft Ads""]",False,0
Kelvin Health Ltd,kelvin-health.example,Healthcare,201-1000,UK,Edinburgh,£250m+,1968,Series C+,Salesforce,£100k+,"[""Google Ads"", ""LinkedIn Ads"", ""Meta Ads"", ""TikTok Ads""]",False,0
Greystone Trading Inc,greystonetrad-group.example,Retail,11-50,US,Chicago,£1m-£10m,2016,Seed,HubSpot,under £5k,"[""Google Ads""]",False,0
Lantern Medical Ltd,lantern-medical.example,Healthcare,1000+,UK,London,£50m-£250m,2024,Public,Salesforce,£25k-£100k,"[""Google Ads"", ""Meta Ads"", ""TikTok Ads""]",True,50
Oakridge Market GmbH,oakridge-market.example,Retail,11-50,DE,Hamburg,£1m-£10m,2001,Seed,HubSpot,under £5k,"[""Google Ads""]",False,0
Ivywood Goods BV,ivywood-goods.example,Retail,51-200,NL,Eindhoven,£10m-£50m,2011,Seed,Salesforce,£5k-£25k,"[""Google Ads"", ""Microsoft Ads""]",False,0
Pennine Components Ltd,pennine-components.example,Manufacturing,51-200,UK,Birmingham,£10m-£50m,2008,Bootstrapped,Spreadsheet,under £5k,"[""LinkedIn Ads""]",False,0
Elmstead Medical Inc,elmstead-medical.example,Healthcare,11-50,US,San Francisco,£10m-£50m,1998,Bootstrapped,Salesforce,£25k-£100k,"[""Google Ads"", ""LinkedIn Ads"", ""Microsoft Ads""]",True,5
Juniper Capital Ltd,junipercapi-group.example,Financial services,11-50,UK,Bristol,£1m-£10m,2018,Bootstrapped,Pipedrive,under £5k,"[""LinkedIn Ads""]",False,0
Driftwood Market Inc,driftwoodmark-group.example,Retail,51-200,US,Boston,£50m-£250m,2024,Series A,Pipedrive,£5k-£25k,"[""Meta Ads"", ""Microsoft Ads""]",False,0
Marigold Consulting SAS,marigold-consulting.example,Professional services,201-1000,FR,Lille,£50m-£250m,1987,Bootstrapped,Salesforce,£100k+,"[""Google Ads"", ""LinkedIn Ads"", ""Meta Ads"", ""TikTok Ads""]",True,21
Granite Associates GmbH,granite-associates.example,Professional services,201-1000,DE,Berlin,£50m-£250m,1979,Series C+,Salesforce,under £5k,"[""LinkedIn Ads""]",True,20
Silverline Software Ltd,silverlinesoft-group.example,Software,1-10,UK,Bristol,under £1m,1996,Bootstrapped,No CRM,£5k-£25k,"[""LinkedIn Ads"", ""TikTok Ads""]",False,0
Riverside Advisory GmbH,riversideadvi-group.example,Professional services,11-50,DE,Munich,under £1m,1995,Series A,No CRM,under £5k,"[""LinkedIn Ads""]",False,0
Redwood Outfitters Ltd,redwood-outfitters.example,Retail,51-200,UK,Manchester,£10m-£50m,2006,Series A,Spreadsheet,£5k-£25k,"[""Google Ads"", ""LinkedIn Ads""]",True,8
Driftwood Digital Ltd,driftwood-digital.example,Software,201-1000,UK,Birmingham,£50m-£250m,2016,Series C+,HubSpot,under £5k,"[""Meta Ads""]",True,18
Greystone Training BV,greystone-training.example,Education,201-1000,NL,Eindhoven,£50m-£250m,1999,Bootstrapped,Salesforce,£5k-£25k,"[""Google Ads"", ""Meta Ads""]",True,11
Glenmoor Education Ltd,glenmoor-education.example,Education,1000+,UK,Edinburgh,£250m+,1999,Public,Salesforce,£25k-£100k,"[""Google Ads"", ""Meta Ads"", ""Microsoft Ads""]",True,67
Clearwater Clinics BV,clearwater-clinics.example,Healthcare,11-50,NL,Utrecht,£1m-£10m,2021,Series A,HubSpot,under £5k,"[""Google Ads""]",True,3
Quayside Fabrication Ltd,quayside-fabrication.example,Manufacturing,11-50,UK,Birmingham,£1m-£10m,2011,Bootstrapped,HubSpot,under £5k,"[""Microsoft Ads""]",False,0
Nimbus Labs Inc,nimbuslabs-group.example,Software,11-50,US,Seattle,£1m-£10m,2013,Bootstrapped,HubSpot,£5k-£25k,"[""LinkedIn Ads"", ""TikTok Ads""]",True,4
Heron Data Inc,herondata-group.example,Software,51-200,US,San Francisco,£10m-£50m,2006,Seed,Spreadsheet,none,[],False,0
Hawthorn Consulting GmbH,hawthorncons-group.example,Professional services,1000+,DE,Frankfurt,£250m+,1986,Private equity,Salesforce,£5k-£25k,"[""Google Ads"", ""Meta Ads""]",False,0
Dovecote Associates SAS,dovecoteasso-group.example,Professional services,201-1000,FR,Lille,£250m+,1969,Series C+,Pipedrive,none,[],True,19
Lindenwood Medical Ltd,lindenwood-medical.example,Healthcare,11-50,UK,Manchester,£1m-£10m,1999,Seed,HubSpot,none,[],False,0
Cobalt Haulage GmbH,cobalt-haulage.example,Logistics,201-1000,DE,Munich,£50m-£250m,1995,Bootstrapped,Spreadsheet,£100k+,"[""Google Ads"", ""Meta Ads"", ""Microsoft Ads"", ""TikTok Ads""]",True,18
Oakridge Components Ltd,oakridgecomp-group.example,Manufacturing,11-50,UK,Bristol,£1m-£10m,2024,Bootstrapped,HubSpot,under £5k,"[""Meta Ads""]",False,0
Kelvin Care SAS,kelvin-care.example,Healthcare,201-1000,FR,Lyon,£50m-£250m,1974,Series C+,Salesforce,£5k-£25k,"[""Google Ads"", ""Meta Ads""]",False,0
Fernhill Consulting Ltd,fernhill-consulting.example,Professional services,11-50,UK,Leeds,£1m-£10m,1998,Bootstrapped,Pipedrive,under £5k,"[""Microsoft Ads""]",False,0
Keystone Care GmbH,keystone-care.example,Healthcare,51-200,DE,Munich,£10m-£50m,2012,Series A,HubSpot,£5k-£25k,"[""Google Ads"", ""Meta Ads""]",False,0
Vantage Couriers Ltd,vantagecour-group.example,Logistics,11-50,UK,Birmingham,£10m-£50m,2002,Bootstrapped,Spreadsheet,under £5k,"[""Microsoft Ads""]",False,0
Cedar Wealth Ltd,cedar-wealth.example,Financial services,51-200,UK,London,£10m-£50m,2021,Bootstrapped,Salesforce,£5k-£25k,"[""Google Ads"", ""LinkedIn Ads""]",False,0
Beacon Education BV,beacon-education.example,Education,1-10,NL,Rotterdam,under £1m,2007,Seed,HubSpot,under £5k,"[""LinkedIn Ads""]",False,0
Bluebell Outfitters SAS,bluebelloutf-group.example,Retail,11-50,FR,Lyon,£1m-£10m,2014,Series A,HubSpot,none,[],False,0
Ironbridge Consulting Inc,ironbridge-consulting.example,Professional services,11-50,US,Chicago,£1m-£10m,1998,Bootstrapped,Spreadsheet,£5k-£25k,"[""LinkedIn Ads"", ""TikTok Ads""]",False,0
Beacon Dental SAS,beacon-dental.example,Healthcare,51-200,FR,Lille,£10m-£50m,2022,Bootstrapped,Salesforce,none,[],False,0
Pinecrest College Ltd,pinecrest-college.example,Education,201-1000,UK,Leeds,£250m+,2018,Series C+,Pipedrive,£5k-£25k,"[""Google Ads"", ""Microsoft Ads""]",True,18
Kestrel Transport BV,kestrel-transport.example,Logistics,51-200,NL,Utrecht,£10m-£50m,2000,Bootstrapped,Pipedrive,£5k-£25k,"[""LinkedIn Ads"", ""Meta Ads""]",False,0
Greystone Academy Ltd,greystone-academy.example,Education,201-1000,UK,Bristol,£50m-£250m,1981,Public,Salesforce,£5k-£25k,"[""Meta Ads"", ""Microsoft Ads""]",False,0
Umber Software BV,umbersoft-group.example,Software,11-50,NL,Amsterdam,£1m-£10m,2004,Series A,Salesforce,none,[],False,0
Rosewood Manufacturing Inc,rosewood-manufacturing.example,Manufacturing,1-10,US,Seattle,under £1m,2012,Bootstrapped,HubSpot,under £5k,"[""Meta Ads""]",True,2
Elmstead Clinics SAS,elmstead-clinics.example,Healthcare,1-10,FR,Toulouse,under £1m,2012,Seed,No CRM,none,[],False,0
Moorland Fabrication Inc,moorlandfabr-group.example,Manufacturing,1-10,US,Boston,under £1m,2011,Seed,No CRM,none,[],True,1
Quayside Industries GmbH,quayside-industries.example,Manufacturing,11-50,DE,Munich,£1m-£10m,2010,Series A,No CRM,£5k-£25k,"[""Google Ads"", ""LinkedIn Ads""]",True,6
Alder Education SAS,alder-education.example,Education,201-1000,FR,Lyon,£50m-£250m,1992,Bootstrapped,Salesforce,£25k-£100k,"[""Google Ads"", ""Meta Ads"", ""TikTok Ads""]",True,26
Larkspur College GmbH,larkspur-college.example,Education,11-50,DE,Frankfurt,£1m-£10m,2017,Bootstrapped,Pipedrive,under £5k,"[""Google Ads""]",True,4
Foxglove Software Inc,foxglovesoft-group.example,Software,201-1000,US,Austin,£50m-£250m,1993,Series C+,Spreadsheet,£25k-£100k,"[""Google Ads"", ""Microsoft Ads"", ""TikTok Ads""]",True,21
Redwood Haulage BV,redwoodhaul-group.example,Logistics,1-10,NL,Utrecht,under £1m,2016,Seed,No CRM,none,[],False,0
Greystone Medical Ltd,greystone-medical.example,Healthcare,51-200,UK,London,£10m-£50m,2018,Bootstrapped,HubSpot,£5k-£25k,"[""Google Ads"", ""Meta Ads""]",False,0
Granite Health Ltd,granite-health.example,Healthcare,201-1000,UK,Edinburgh,£50m-£250m,2020,Series B,Salesforce,£100k+,"[""Google Ads"", ""LinkedIn Ads"", ""Meta Ads"", ""Microsoft Ads""]",False,0
Elmstead Tutors Ltd,elmstead-tutors.example,Education,51-200,UK,London,£10m-£50m,2016,Bootstrapped,HubSpot,under £5k,"[""Microsoft Ads""]",False,0
Zephyr Goods Inc,zephyr-goods.example,Retail,11-50,US,Chicago,£10m-£50m,2011,Bootstrapped,No CRM,under £5k,"[""Microsoft Ads""]",False,0
Inkwell Digital BV,inkwelldigi-group.example,Software,1-10,NL,Utrecht,under £1m,2011,Series A,Spreadsheet,£5k-£25k,"[""LinkedIn Ads"", ""Meta Ads""]",False,0
Quartz Academy Ltd,quartzacad-group.example,Education,201-1000,UK,Manchester,£10m-£50m,1993,Series B,Salesforce,£5k-£25k,"[""LinkedIn Ads"", ""Meta Ads""]",False,0
Upland Capital Inc,upland-capital.example,Financial services,201-1000,US,Austin,£50m-£250m,1999,Series C+,Salesforce,£5k-£25k,"[""LinkedIn Ads"", ""Meta Ads""]",True,26
Westbrook Learning Inc,westbrooklear-group.example,Education,201-1000,US,Boston,£50m-£250m,2012,Private equity,Salesforce,£25k-£100k,"[""Google Ads"", ""Meta Ads"", ""TikTok Ads""]",False,0
Bramble Associates Ltd,bramble-associates.example,Professional services,11-50,UK,Leeds,£1m-£10m,2024,Seed,No CRM,£5k-£25k,"[""Google Ads"", ""Meta Ads""]",True,5
Cedar Advisory BV,cedar-advisory.example,Professional services,1000+,NL,Eindhoven,£250m+,1989,Series C+,Salesforce,£25k-£100k,"[""Google Ads"", ""Meta Ads"", ""Microsoft Ads""]",True,52
Dovecote Medical GmbH,dovecotemedi-group.example,Healthcare,201-1000,DE,Frankfurt,£10m-£50m,2007,Series B,HubSpot,£5k-£25k,"[""Meta Ads"", ""Microsoft Ads""]",True,20
Evergreen Manufacturing Ltd,evergreen-manufacturing.example,Manufacturing,51-200,UK,Bristol,£10m-£50m,2007,Bootstrapped,Salesforce,£25k-£100k,"[""Google Ads"", ""LinkedIn Ads"", ""Microsoft Ads""]",True,10
Elmstead Couriers BV,elmstead-couriers.example,Logistics,1000+,NL,Utrecht,£250m+,1966,Public,Salesforce,£5k-£25k,"[""Meta Ads"", ""Microsoft Ads""]",True,64
Orchard Components Ltd,orchard-components.example,Manufacturing,1-10,UK,London,under £1m,2021,Series A,Spreadsheet,under £5k,"[""Meta Ads""]",False,0
Brightwater Advisory Ltd,brightwater-advisory.example,Professional services,11-50,UK,Leeds,£1m-£10m,2008,Bootstrapped,Pipedrive,under £5k,"[""Google Ads""]",False,0
Stonebridge Labs SAS,stonebridge-labs.example,Software,201-1000,FR,Toulouse,£50m-£250m,1974,Series C+,Salesforce,£5k-£25k,"[""Meta Ads"", ""Microsoft Ads""]",True,26
Moorland Software GmbH,moorlandsoft-group.example,Software,201-1000,DE,Munich,£50m-£250m,2018,Bootstrapped,HubSpot,£25k-£100k,"[""Google Ads"", ""LinkedIn Ads"", ""Meta Ads""]",False,0
Kingsway Medical Ltd,kingsway-medical.example,Healthcare,201-1000,UK,Bristol,£50m-£250m,1973,Series C+,Salesforce,£5k-£25k,"[""Google Ads"", ""Meta Ads""]",True,18
Clearwater Industries Inc,clearwaterindu-group.example,Manufacturing,1-10,US,Boston,under £1m,1998,Seed,HubSpot,none,[],False,0
Inkwell Care Ltd,inkwell-care.example,Healthcare,11-50,UK,Edinburgh,£1m-£10m,2007,Seed,HubSpot,under £5k,"[""Google Ads""]",False,0
Quartz Stores Inc,quartzstor-group.example,Retail,51-200,US,Austin,£50m-£250m,2012,Bootstrapped,Salesforce,none,[],False,0
Pebble Finance SAS,pebble-finance.example,Financial services,1-10,FR,Toulouse,under £1m,2024,Bootstrapped,Pipedrive,none,[],True,2
Pebble Clinics BV,pebble-clinics.example,Healthcare,201-1000,NL,Eindhoven,£50m-£250m,2002,Private equity,Salesforce,£100k+,"[""Google Ads"", ""LinkedIn Ads"", ""Meta Ads"", ""Microsoft Ads""]",False,0
Greystone Couriers BV,greystone-couriers.example,Logistics,51-200,NL,Utrecht,£10m-£50m,2002,Series B,Pipedrive,none,[],False,0
Lindenwood Insurance Ltd,lindenwood-insurance.example,Financial services,1-10,UK,Leeds,under £1m,2024,Bootstrapped,HubSpot,under £5k,"[""Google Ads""]",False,0
Dunmore Legal BV,dunmore-legal.example,Professional services,1000+,NL,Amsterdam,£250m+,1979,Bootstrapped,Salesforce,£100k+,"[""Google Ads"", ""LinkedIn Ads"", ""Meta Ads"", ""Microsoft Ads""]",False,0
Glenmoor Tutors Inc,glenmoor-tutors.example,Education,51-200,US,Seattle,£10m-£50m,2006,Bootstrapped,Salesforce,£25k-£100k,"[""LinkedIn Ads"", ""Meta Ads"", ""Microsoft Ads""]",True,8
Inkwell Clinics Inc,inkwell-clinics.example,Healthcare,11-50,US,Chicago,£1m-£10m,1996,Bootstrapped,HubSpot,£5k-£25k,"[""LinkedIn Ads"", ""Microsoft Ads""]",False,0
Dunmore Retail SAS,dunmorereta-group.example,Retail,1-10,FR,Toulouse,under £1m,1998,Seed,Pipedrive,under £5k,"[""Meta Ads""]",False,0
Alder Systems Inc,alder-systems.example,Software,11-50,US,Seattle,under £1m,2007,Bootstrapped,HubSpot,£5k-£25k,"[""Google Ads"", ""Meta Ads""]",True,4
Tidewater Digital Ltd,tidewater-digital.example,Software,51-200,UK,Manchester,£10m-£50m,2021,Bootstrapped,HubSpot,£5k-£25k,"[""Google Ads"", ""Meta Ads""]",False,0
Oldfield Retail Ltd,oldfieldreta-group.example,Retail,11-50,UK,Birmingham,£1m-£10m,2005,Series A,No CRM,£25k-£100k,"[""Google Ads"", ""Meta Ads"", ""Microsoft Ads""]",False,0
Lindenwood Capital Ltd,lindenwoodcapi-group.example,Financial services,201-1000,UK,Edinburgh,£50m-£250m,1971,Bootstrapped,Salesforce,£5k-£25k,"[""Google Ads"", ""LinkedIn Ads""]",False,0
Pebble Capital BV,pebble-capital.example,Financial services,51-200,NL,Amsterdam,£10m-£50m,2006,Bootstrapped,Salesforce,£5k-£25k,"[""Google Ads"", ""LinkedIn Ads""]",False,0
Pennine Shipping Inc,pennine-shipping.example,Logistics,11-50,US,San Francisco,£1m-£10m,2008,Bootstrapped,Spreadsheet,under £5k,"[""Meta Ads""]",False,0
Redwood Labs Inc,redwood-labs.example,Software,51-200,US,Chicago,£10m-£50m,1998,Series A,HubSpot,£25k-£100k,"[""Google Ads"", ""Meta Ads"", ""Microsoft Ads""]",True,11
Evergreen Stores SAS,evergreen-stores.example,Retail,51-200,FR,Toulouse,£50m-£250m,1999,Series B,Pipedrive,£100k+,"[""Google Ads"", ""Meta Ads"", ""Microsoft Ads"", ""TikTok Ads""]",False,0
Quartz Wealth SAS,quartz-wealth.example,Financial services,201-1000,FR,Lille,£50m-£250m,2006,Series C+,Pipedrive,£25k-£100k,"[""Google Ads"", ""LinkedIn Ads"", ""Meta Ads""]",True,15
Jasper Labs Inc,jasper-labs.example,Software,11-50,US,New York,£1m-£10m,2019,Seed,Spreadsheet,none,[],False,0
Cedar Pharma BV,cedar-pharma.example,Healthcare,51-200,NL,Utrecht,£10m-£50m,2019,Series B,Salesforce,£25k-£100k,"[""Google Ads"", ""LinkedIn Ads"", ""Microsoft Ads""]",True,5
Lantern Engineering GmbH,lantern-engineering.example,Manufacturing,1-10,DE,Frankfurt,under £1m,1996,Seed,Spreadsheet,under £5k,"[""Meta Ads""]",True,1
Bramble Lending GmbH,bramble-lending.example,Financial services,1-10,DE,Munich,under £1m,2011,Bootstrapped,HubSpot,£5k-£25k,"[""LinkedIn Ads"", ""Meta Ads""]",False,0
Saltmarsh Consulting BV,saltmarshcons-group.example,Professional services,1-10,NL,Amsterdam,£1m-£10m,2016,Bootstrapped,Pipedrive,£5k-£25k,"[""Google Ads"", ""Meta Ads""]",False,0
Dunmore Digital Inc,dunmore-digital.example,Software,1000+,US,Seattle,£250m+,1970,Series B,Salesforce,£25k-£100k,"[""Google Ads"", ""LinkedIn Ads"", ""Meta Ads""]",True,76
Quayside Academy Inc,quayside-academy.example,Education,51-200,US,Boston,£10m-£50m,2008,Series B,No CRM,£25k-£100k,"[""Google Ads"", ""Meta Ads"", ""Microsoft Ads""]",True,7
Emberly Health SAS,emberlyheal-group.example,Healthcare,11-50,FR,Paris,£1m-£10m,2015,Bootstrapped,HubSpot,£25k-£100k,"[""Google Ads"", ""Meta Ads"", ""TikTok Ads""]",True,7
Stonebridge Partners Ltd,stonebridge-partners.example,Financial services,51-200,UK,Edinburgh,£10m-£50m,2009,Private equity,Spreadsheet,£25k-£100k,"[""LinkedIn Ads"", ""Meta Ads"", ""TikTok Ads""]",False,0
Alder Works GmbH,alder-works.example,Manufacturing,1-10,DE,Frankfurt,under £1m,2001,Bootstrapped,Spreadsheet,under £5k,"[""Google Ads""]",False,0
Elmstead Education GmbH,elmstead-education.example,Education,1-10,DE,Munich,under £1m,1998,Seed,HubSpot,none,[],False,0
Dunmore Market SAS,dunmore-market.example,Retail,11-50,FR,Paris,£1m-£10m,2017,Series A,HubSpot,under £5k,"[""Microsoft Ads""]",True,6
Yarrow Medical GmbH,yarrowmedi-group.example,Healthcare,11-50,DE,Berlin,£1m-£10m,2017,Series A,HubSpot,under £5k,"[""LinkedIn Ads""]",True,8
Oldfield Tutors Inc,oldfield-tutors.example,Education,1-10,US,Boston,under £1m,2015,Bootstrapped,No CRM,£25k-£100k,"[""Google Ads"", ""LinkedIn Ads"", ""Meta Ads""]",False,0
Ashford Academy SAS,ashford-academy.example,Education,11-50,FR,Lyon,£1m-£10m,2019,Bootstrapped,No CRM,under £5k,"[""TikTok Ads""]",True,2
Zephyr Dental SAS,zephyr-dental.example,Healthcare,1000+,FR,Paris,£250m+,2006,Private equity,Salesforce,£25k-£100k,"[""Google Ads"", ""Meta Ads"", ""Microsoft Ads""]",False,0
Fernhill Labs SAS,fernhill-labs.example,Software,201-1000,FR,Lyon,£50m-£250m,1994,Series C+,Salesforce,£100k+,"[""Google Ads"", ""LinkedIn Ads"", ""Meta Ads"", ""Microsoft Ads""]",False,0
Driftwood Components GmbH,driftwood-components.example,Manufacturing,1-10,DE,Munich,under £1m,2016,Seed,Spreadsheet,under £5k,"[""LinkedIn Ads""]",False,0
Kelvin Goods GmbH,kelvin-goods.example,Retail,11-50,DE,Berlin,£1m-£10m,1998,Seed,No CRM,under £5k,"[""Google Ads""]",False,0
Juniper Cloud SAS,juniper-cloud.example,Software,1000+,FR,Lyon,£250m+,1979,Series C+,HubSpot,£25k-£100k,"[""Google Ads"", ""Meta Ads"", ""TikTok Ads""]",True,77
Brightwater Insurance Ltd,brightwater-insurance.example,Financial services,11-50,UK,Birmingham,£1m-£10m,2020,Bootstrapped,No CRM,£5k-£25k,"[""Google Ads"", ""Microsoft Ads""]",False,0
Aurora Data Ltd,aurora-data.example,Software,201-1000,UK,Manchester,£50m-£250m,2011,Series A,Salesforce,under £5k,"[""LinkedIn Ads""]",False,0
Umber Education BV,umbereduc-group.example,Education,201-1000,NL,Utrecht,£50m-£250m,1998,Bootstrapped,Spreadsheet,£25k-£100k,"[""Google Ads"", ""LinkedIn Ads"", ""Microsoft Ads""]",True,13
Northwind Consulting Ltd,northwind-consulting.example,Professional services,11-50,UK,Edinburgh,£1m-£10m,2008,Bootstrapped,HubSpot,£5k-£25k,"[""Google Ads"", ""Meta Ads""]",True,8
Valley Shipping Ltd,valley-shipping.example,Logistics,51-200,UK,Bristol,£50m-£250m,2004,Series A,HubSpot,£5k-£25k,"[""Google Ads"", ""Meta Ads""]",True,13
Norfolk Accountants BV,norfolk-accountants.example,Professional services,1000+,NL,Rotterdam,£250m+,2016,Series C+,Salesforce,£25k-£100k,"[""Google Ads"", ""LinkedIn Ads"", ""Meta Ads""]",True,67
Lindenwood Learning Ltd,lindenwood-learning.example,Education,1000+,UK,Bristol,£250m+,1998,Series C+,Salesforce,£25k-£100k,"[""Google Ads"", ""LinkedIn Ads"", ""Meta Ads""]",True,81
Zephyr Care Inc,zephyr-care.example,Healthcare,201-1000,US,Chicago,£50m-£250m,2020,Series C+,HubSpot,none,[],True,14
Pinecrest Logistics SAS,pinecrest-logistics.example,Logistics,1-10,FR,Paris,under £1m,2019,Bootstrapped,Spreadsheet,under £5k,"[""Microsoft Ads""]",False,0
Tamarind Tutors Inc,tamarind-tutors.example,Education,11-50,US,Austin,£1m-£10m,2024,Seed,Salesforce,£5k-£25k,"[""Google Ads"", ""Meta Ads""]",False,0
Highgate Advisory BV,highgateadvi-group.example,Professional services,11-50,NL,Rotterdam,£1m-£10m,2002,Bootstrapped,No CRM,under £5k,"[""LinkedIn Ads""]",True,6
Ironbridge Transport Ltd,ironbridgetran-group.example,Logistics,1-10,UK,Bristol,under £1m,2005,Bootstrapped,HubSpot,under £5k,"[""TikTok Ads""]",False,0
Kingsway Market Ltd,kingsway-market.example,Retail,51-200,UK,Birmingham,£10m-£50m,1996,Series A,HubSpot,£5k-£25k,"[""Meta Ads"", ""TikTok Ads""]",False,0
Pennine Finance Ltd,penninefina-group.example,Financial services,11-50,UK,Leeds,£1m-£10m,2008,Seed,Spreadsheet,£5k-£25k,"[""Google Ads"", ""LinkedIn Ads""]",False,0
Redwood Dental Inc,redwood-dental.example,Healthcare,201-1000,US,Seattle,£50m-£250m,1975,Bootstrapped,Salesforce,£25k-£100k,"[""Google Ads"", ""Meta Ads"", ""Microsoft Ads""]",True,17
Redwood Retail Ltd,redwood-retail.example,Retail,11-50,UK,Leeds,£1m-£10m,2013,Seed,No CRM,£5k-£25k,"[""Meta Ads"", ""Microsoft Ads""]",False,0
Beacon Accountants SAS,beacon-accountants.example,Professional services,11-50,FR,Paris,£1m-£10m,1995,Series A,Spreadsheet,£5k-£25k,"[""Meta Ads"", ""Microsoft Ads""]",False,0
Elmstead Advisory SAS,elmsteadadvi-group.example,Professional services,11-50,FR,Lille,£1m-£10m,2011,Bootstrapped,Spreadsheet,none,[],False,0
Foxglove Tutors BV,foxglove-tutors.example,Education,11-50,NL,Rotterdam,£1m-£10m,1997,Series A,Spreadsheet,under £5k,"[""LinkedIn Ads""]",True,5
Beacon Digital Ltd,beacon-digital.example,Software,11-50,UK,Bristol,£1m-£10m,2017,Series A,Pipedrive,£5k-£25k,"[""Google Ads"", ""Meta Ads""]",False,0
Hawthorn Stores BV,hawthorn-stores.example,Retail,1-10,NL,Utrecht,under £1m,2008,Bootstrapped,HubSpot,under £5k,"[""TikTok Ads""]",False,0
Umber Freight Inc,umber-freight.example,Logistics,1-10,US,Chicago,under £1m,1995,Seed,Pipedrive,under £5k,"[""LinkedIn Ads""]",True,3
Driftwood Pharma Inc,driftwood-pharma.example,Healthcare,11-50,US,Chicago,£1m-£10m,2005,Bootstrapped,Pipedrive,£5k-£25k,"[""Google Ads"", ""Microsoft Ads""]",False,0
Jasper College SAS,jaspercoll-group.example,Education,201-1000,FR,Paris,£50m-£250m,1980,Bootstrapped,Salesforce,£100k+,"[""Google Ads"", ""LinkedIn Ads"", ""Meta Ads"", ""TikTok Ads""]",True,20
Oldfield Goods GmbH,oldfield-goods.example,Retail,51-200,DE,Frankfurt,£10m-£50m,2022,Series B,Salesforce,£25k-£100k,"[""Google Ads"", ""Meta Ads"", ""Microsoft Ads""]",False,0
Lindenwood Digital Inc,lindenwood-digital.example,Software,201-1000,US,Boston,£50m-£250m,2023,Bootstrapped,Spreadsheet,£25k-£100k,"[""Google Ads"", ""Meta Ads"", ""TikTok Ads""]",True,28
Highgate Dental Inc,highgate-dental.example,Healthcare,1-10,US,Seattle,under £1m,2010,Bootstrapped,Pipedrive,£25k-£100k,"[""Google Ads"", ""Meta Ads"", ""Microsoft Ads""]",False,0
Thornbury Training GmbH,thornbury-training.example,Education,11-50,DE,Hamburg,£1m-£10m,2001,Bootstrapped,No CRM,£5k-£25k,"[""Google Ads"", ""Meta Ads""]",False,0
Quartz Systems BV,quartz-systems.example,Software,201-1000,NL,Eindhoven,£50m-£250m,2014,Bootstrapped,Salesforce,£5k-£25k,"[""Google Ads"", ""Meta Ads""]",True,23
Marigold Systems Inc,marigold-systems.example,Software,1-10,US,San Francisco,under £1m,2007,Seed,HubSpot,none,[],False,0
Falcon Advisory Ltd,falcon-advisory.example,Professional services,1-10,UK,London,under £1m,2006,Bootstrapped,HubSpot,none,[],False,0
Highgate Transport Ltd,highgate-transport.example,Logistics,201-1000,UK,Bristol,£50m-£250m,1990,Bootstrapped,Salesforce,£5k-£25k,"[""Google Ads"", ""Meta Ads""]",True,24
Orchard Finance Ltd,orchard-finance.example,Financial services,51-200,UK,Bristol,£10m-£50m,2020,Series A,Salesforce,£5k-£25k,"[""Google Ads"", ""LinkedIn Ads""]",True,10
Harbour Software SAS,harbour-software.example,Software,1-10,FR,Lyon,£1m-£10m,2001,Seed,Spreadsheet,£25k-£100k,"[""Google Ads"", ""Meta Ads"", ""Microsoft Ads""]",False,0
Silverline Stores Ltd,silverlinestor-group.example,Retail,11-50,UK,Bristol,£1m-£10m,2021,Bootstrapped,HubSpot,under £5k,"[""Google Ads""]",True,4
Greystone Pharma Inc,greystone-pharma.example,Healthcare,11-50,US,Chicago,£1m-£10m,2021,Series A,Salesforce,under £5k,"[""Microsoft Ads""]",True,5
Brightwater Learning SAS,brightwaterlear-group.example,Education,201-1000,FR,Toulouse,£50m-£250m,2004,Series B,Salesforce,£5k-£25k,"[""LinkedIn Ads"", ""Meta Ads""]",True,16
Kestrel Goods GmbH,kestrel-goods.example,Retail,51-200,DE,Frankfurt,£10m-£50m,2010,Series A,Salesforce,£100k+,"[""Google Ads"", ""LinkedIn Ads"", ""Meta Ads"", ""Microsoft Ads""]",True,6
Riverside Components Inc,riversidecomp-group.example,Manufacturing,11-50,US,Boston,£1m-£10m,2001,Bootstrapped,Spreadsheet,under £5k,"[""Microsoft Ads""]",False,0
Nimbus Finance Ltd,nimbus-finance.example,Financial services,51-200,UK,Edinburgh,£10m-£50m,2017,Bootstrapped,Pipedrive,£25k-£100k,"[""Google Ads"", ""LinkedIn Ads"", ""TikTok Ads""]",True,7
Beacon Transport GmbH,beacon-transport.example,Logistics,1-10,DE,Munich,under £1m,2015,Seed,HubSpot,under £5k,"[""Google Ads""]",False,0
Cobalt Engineering Inc,cobalt-engineering.example,Manufacturing,11-50,US,San Francisco,£1m-£10m,2012,Series B,HubSpot,£5k-£25k,"[""Google Ads"", ""LinkedIn Ads""]",True,4
Northwind Pharma Inc,northwind-pharma.example,Healthcare,1-10,US,Seattle,under £1m,2013,Bootstrapped,No CRM,none,[],False,0
Rosewood Capital Ltd,rosewoodcapi-group.example,Financial services,51-200,UK,Leeds,£10m-£50m,2006,Series B,Salesforce,£5k-£25k,"[""Google Ads"", ""LinkedIn Ads""]",True,7
Silverline Goods Ltd,silverline-goods.example,Retail,11-50,UK,London,£1m-£10m,2017,Series B,HubSpot,£25k-£100k,"[""Google Ads"", ""Meta Ads"", ""Microsoft Ads""]",False,0
Kestrel Retail Ltd,kestrelreta-group.example,Retail,11-50,UK,Bristol,£1m-£10m,2019,Bootstrapped,HubSpot,none,[],True,6
Tamarind Wealth Ltd,tamarind-wealth.example,Financial services,1-10,UK,Leeds,under £1m,2010,Bootstrapped,HubSpot,under £5k,"[""Google Ads""]",False,0
Umber Legal Ltd,umberlega-group.example,Professional services,1-10,UK,Birmingham,under £1m,2017,Bootstrapped,Spreadsheet,under £5k,"[""LinkedIn Ads""]",False,0
Juniper Finance Inc,juniper-finance.example,Financial services,1-10,US,Boston,under £1m,2024,Seed,Spreadsheet,none,[],False,0
Granite Outfitters Inc,granite-outfitters.example,Retail,1000+,US,New York,£250m+,1999,Public,Salesforce,£100k+,"[""Google Ads"", ""Meta Ads"", ""Microsoft Ads"", ""TikTok Ads""]",True,67
Cedar Consulting Inc,cedarcons-group.example,Professional services,11-50,US,Seattle,£1m-£10m,2021,Bootstrapped,Pipedrive,under £5k,"[""Google Ads""]",True,1
Thornbury Freight Inc,thornburyfrei-group.example,Logistics,51-200,US,New York,£10m-£50m,2009,Series A,No CRM,£5k-£25k,"[""LinkedIn Ads"", ""TikTok Ads""]",True,6
Moorland Cloud Ltd,moorland-cloud.example,Software,1000+,UK,Bristol,£250m+,2011,Series C+,Salesforce,£25k-£100k,"[""LinkedIn Ads"", ""Meta Ads"", ""Microsoft Ads""]",False,0
Driftwood Retail Ltd,driftwood-retail.example,Retail,201-1000,UK,Birmingham,£50m-£250m,1996,Series B,Salesforce,none,[],False,0
Ashford Recruitment Inc,ashford-recruitment.example,Professional services,201-1000,US,Austin,£50m-£250m,1981,Bootstrapped,Salesforce,under £5k,"[""Microsoft Ads""]",True,25
Norfolk Goods Ltd,norfolk-goods.example,Retail,1000+,UK,Bristol,£250m+,1981,Private equity,Salesforce,£25k-£100k,"[""Google Ads"", ""LinkedIn Ads"", ""Meta Ads""]",True,61
Willow Transport SAS,willow-transport.example,Logistics,51-200,FR,Paris,£10m-£50m,2008,Series B,HubSpot,£25k-£100k,"[""LinkedIn Ads"", ""Meta Ads"", ""Microsoft Ads""]",False,0
Silverline Care SAS,silverlinecare-group.example,Healthcare,201-1000,FR,Paris,£50m-£250m,2024,Series B,Salesforce,under £5k,"[""Google Ads""]",False,0
Pinecrest Clinics Ltd,pinecrest-clinics.example,Healthcare,11-50,UK,Bristol,£1m-£10m,2001,Seed,Pipedrive,£5k-£25k,"[""Google Ads"", ""Microsoft Ads""]",False,0
Harbour Tutors GmbH,harbour-tutors.example,Education,51-200,DE,Berlin,£10m-£50m,2024,Series B,Salesforce,under £5k,"[""Microsoft Ads""]",False,0
Glenmoor Cloud Inc,glenmoor-cloud.example,Software,11-50,US,Seattle,£1m-£10m,2006,Bootstrapped,No CRM,under £5k,"[""TikTok Ads""]",False,0
Lantern Transport Ltd,lantern-transport.example,Logistics,1-10,UK,Edinburgh,under £1m,2000,Bootstrapped,Spreadsheet,under £5k,"[""LinkedIn Ads""]",False,0
Cedar Insurance Inc,cedar-insurance.example,Financial services,201-1000,US,Seattle,£10m-£50m,2019,Bootstrapped,Pipedrive,under £5k,"[""Microsoft Ads""]",True,22
Dovecote Goods Ltd,dovecote-goods.example,Retail,201-1000,UK,Birmingham,£50m-£250m,1971,Series C+,Salesforce,under £5k,"[""Google Ads""]",True,32
Ivywood Associates BV,ivywood-associates.example,Professional services,1-10,NL,Rotterdam,under £1m,2024,Bootstrapped,Spreadsheet,under £5k,"[""Meta Ads""]",False,0
Yarrow Training Inc,yarrow-training.example,Education,11-50,US,Seattle,£10m-£50m,1996,Series A,No CRM,none,[],False,0
Granite Digital Ltd,granitedigi-group.example,Software,1-10,UK,Manchester,under £1m,2002,Seed,HubSpot,under £5k,"[""Meta Ads""]",False,0
Quartz Outfitters Inc,quartzoutf-group.example,Retail,11-50,US,New York,£1m-£10m,2011,Seed,Pipedrive,under £5k,"[""Google Ads""]",True,7
Umber Insurance Inc,umber-insurance.example,Financial services,51-200,US,San Francisco,£10m-£50m,2003,Bootstrapped,Salesforce,£5k-£25k,"[""Google Ads"", ""LinkedIn Ads""]",True,15
Greystone Engineering Inc,greystone-engineering.example,Manufacturing,201-1000,US,Chicago,£50m-£250m,2004,Bootstrapped,Salesforce,£25k-£100k,"[""Google Ads"", ""LinkedIn Ads"", ""Meta Ads""]",False,0
Kingsway Fabrication Ltd,kingsway-fabrication.example,Manufacturing,1-10,UK,London,under £1m,2019,Seed,Pipedrive,none,[],False,0
Pebble Wealth Ltd,pebble-wealth.example,Financial services,11-50,UK,Manchester,£1m-£10m,2000,Bootstrapped,Spreadsheet,under £5k,"[""Google Ads""]",True,4
Driftwood Haulage Inc,driftwood-haulage.example,Logistics,1000+,US,Chicago,£250m+,1979,Private equity,Salesforce,£5k-£25k,"[""Google Ads"", ""Meta Ads""]",True,56
Bluebell Stores Inc,bluebell-stores.example,Retail,1-10,US,Seattle,under £1m,2004,Bootstrapped,HubSpot,none,[],False,0
Dovecote Finance GmbH,dovecotefina-group.example,Financial services,1-10,DE,Frankfurt,under £1m,2019,Seed,HubSpot,£5k-£25k,"[""Google Ads"", ""TikTok Ads""]",False,0
Harbour Finance Ltd,harbour-finance.example,Financial services,11-50,UK,Bristol,£1m-£10m,1995,Bootstrapped,HubSpot,under £5k,"[""Google Ads""]",False,0
Driftwood Works Inc,driftwoodwork-group.example,Manufacturing,11-50,US,Seattle,£1m-£10m,2013,Bootstrapped,Spreadsheet,£25k-£100k,"[""Google Ads"", ""Meta Ads"", ""Microsoft Ads""]",False,0
Kestrel Learning GmbH,kestrel-learning.example,Education,51-200,DE,Munich,£10m-£50m,2013,Series A,Pipedrive,£25k-£100k,"[""Google Ads"", ""LinkedIn Ads"", ""Meta Ads""]",False,0
Pinecrest Advisory Inc,pinecrest-advisory.example,Professional services,11-50,US,New York,£1m-£10m,2001,Series A,No CRM,under £5k,"[""TikTok Ads""]",False,0
Foxglove Wealth Inc,foxgloveweal-group.example,Financial services,11-50,US,Chicago,under £1m,2002,Bootstrapped,Spreadsheet,under £5k,"[""Google Ads""]",False,0
Brightwater Couriers Ltd,brightwater-couriers.example,Logistics,1-10,UK,Birmingham,under £1m,2024,Seed,HubSpot,under £5k,"[""LinkedIn Ads""]",True,1
Harbour Associates SAS,harbour-associates.example,Professional services,11-50,FR,Lyon,£1m-£10m,2014,Bootstrapped,HubSpot,£25k-£100k,"[""Google Ads"", ""LinkedIn Ads"", ""Microsoft Ads""]",False,0
Oldfield Training Ltd,oldfield-training.example,Education,11-50,UK,London,£1m-£10m,2003,Seed,HubSpot,£5k-£25k,"[""Meta Ads"", ""Microsoft Ads""]",False,0
Moorland Stores GmbH,moorland-stores.example,Retail,11-50,DE,Hamburg,£10m-£50m,2014,Seed,HubSpot,£5k-£25k,"[""Google Ads"", ""Meta Ads""]",False,0
Tidewater Advisory Ltd,tidewater-advisory.example,Professional services,1-10,UK,Leeds,under £1m,2004,Bootstrapped,Pipedrive,under £5k,"[""TikTok Ads""]",True,1
Cedar Components BV,cedar-components.example,Manufacturing,51-200,NL,Rotterdam,£10m-£50m,2021,Series B,HubSpot,£5k-£25k,"[""Google Ads"", ""Meta Ads""]",True,9
Bramble Tutors BV,bramble-tutors.example,Education,1000+,NL,Rotterdam,£250m+,2005,Series C+,Salesforce,£5k-£25k,"[""Google Ads"", ""Microsoft Ads""]",True,64
Driftwood Couriers Inc,driftwoodcour-group.example,Logistics,201-1000,US,San Francisco,£50m-£250m,2020,Private equity,Salesforce,none,[],False,0
Upland Data SAS,upland-data.example,Software,201-1000,FR,Lyon,£50m-£250m,1974,Series B,Spreadsheet,£25k-£100k,"[""Google Ads"", ""LinkedIn Ads"", ""Meta Ads""]",True,21
Emberly Care BV,emberlycare-group.example,Healthcare,1-10,NL,Eindhoven,under £1m,2005,Bootstrapped,HubSpot,under £5k,"[""Meta Ads""]",True,1
Upland Dental Inc,upland-dental.example,Healthcare,201-1000,US,Austin,£50m-£250m,2021,Series C+,Salesforce,£5k-£25k,"[""LinkedIn Ads"", ""Microsoft Ads""]",False,0
Aurora Recruitment BV,aurorarecr-group.example,Professional services,11-50,NL,Utrecht,£1m-£10m,1998,Bootstrapped,HubSpot,under £5k,"[""TikTok Ads""]",True,3
Ashford Market GmbH,ashford-market.example,Retail,201-1000,DE,Berlin,£50m-£250m,1978,Series B,Salesforce,£25k-£100k,"[""LinkedIn Ads"", ""Microsoft Ads"", ""TikTok Ads""]",False,0
Falcon Capital BV,falcon-capital.example,Financial services,1-10,NL,Rotterdam,£1m-£10m,2018,Bootstrapped,Pipedrive,under £5k,"[""Microsoft Ads""]",False,0
Pebble Education Ltd,pebbleeduc-group.example,Education,201-1000,UK,London,£50m-£250m,1973,Private equity,Salesforce,£100k+,"[""Google Ads"", ""LinkedIn Ads"", ""Meta Ads"", ""Microsoft Ads""]",False,0
Northwind Tutors SAS,northwind-tutors.example,Education,201-1000,FR,Paris,£50m-£250m,1985,Series C+,Salesforce,£25k-£100k,"[""Google Ads"", ""Microsoft Ads"", ""TikTok Ads""]",True,27
Norfolk Consulting BV,norfolk-consulting.example,Professional services,51-200,NL,Eindhoven,£10m-£50m,2001,Series A,HubSpot,£5k-£25k,"[""LinkedIn Ads"", ""Microsoft Ads""]",True,5
Silverline Manufacturing Ltd,silverline-manufacturing.example,Manufacturing,11-50,UK,Manchester,£1m-£10m,2014,Seed,HubSpot,£5k-£25k,"[""Google Ads"", ""LinkedIn Ads""]",False,0
Upland Associates Ltd,upland-associates.example,Professional services,1000+,UK,Manchester,£250m+,1985,Series C+,Pipedrive,£25k-£100k,"[""Google Ads"", ""LinkedIn Ads"", ""Meta Ads""]",True,75
Jasper Engineering GmbH,jasper-engineering.example,Manufacturing,11-50,DE,Berlin,£1m-£10m,2012,Bootstrapped,HubSpot,none,[],False,0
Bramble Manufacturing Ltd,bramble-manufacturing.example,Manufacturing,1-10,UK,Manchester,under £1m,2005,Seed,Spreadsheet,under £5k,"[""Google Ads""]",False,0
Stonebridge Data Inc,stonebridge-data.example,Software,1-10,US,Austin,under £1m,1998,Series A,Spreadsheet,£5k-£25k,"[""Google Ads"", ""LinkedIn Ads""]",False,0
Clearwater Legal GmbH,clearwater-legal.example,Professional services,1-10,DE,Berlin,under £1m,2002,Bootstrapped,No CRM,none,[],False,0
Ashford Learning Ltd,ashfordlear-group.example,Education,1-10,UK,Bristol,under £1m,2018,Bootstrapped,Spreadsheet,none,[],True,3
Norfolk Logistics Ltd,norfolk-logistics.example,Logistics,1000+,UK,London,£250m+,1978,Public,Salesforce,£25k-£100k,"[""Google Ads"", ""Meta Ads"", ""Microsoft Ads""]",True,67
Greystone Health SAS,greystoneheal-group.example,Healthcare,1-10,FR,Paris,under £1m,2012,Bootstrapped,HubSpot,none,[],False,0
Bramble Systems BV,bramble-systems.example,Software,11-50,NL,Amsterdam,£1m-£10m,2016,Seed,HubSpot,under £5k,"[""Google Ads""]",False,0
Clearwater Finance SAS,clearwater-finance.example,Financial services,11-50,FR,Lille,£1m-£10m,2017,Seed,Spreadsheet,£5k-£25k,"[""Google Ads"", ""LinkedIn Ads""]",False,0
Westbrook Outfitters SAS,westbrookoutf-group.example,Retail,1-10,FR,Lyon,£1m-£10m,2011,Seed,HubSpot,under £5k,"[""Google Ads""]",False,0
Dunmore Dental Inc,dunmore-dental.example,Healthcare,51-200,US,Austin,£10m-£50m,2023,Series A,Pipedrive,£25k-£100k,"[""Google Ads"", ""Meta Ads"", ""Microsoft Ads""]",False,0
Alder Wealth Ltd,alder-wealth.example,Financial services,1-10,UK,Leeds,under £1m,2012,Seed,Pipedrive,under £5k,"[""Meta Ads""]",False,0
Riverside Cloud GmbH,riverside-cloud.example,Software,1-10,DE,Hamburg,under £1m,2015,Bootstrapped,Pipedrive,none,[],True,2
Oakridge Stores Inc,oakridge-stores.example,Retail,11-50,US,Austin,£1m-£10m,1999,Bootstrapped,Pipedrive,£25k-£100k,"[""Google Ads"", ""LinkedIn Ads"", ""Meta Ads""]",True,6
Bluebell Engineering Ltd,bluebellengi-group.example,Manufacturing,51-200,UK,London,£10m-£50m,1996,Bootstrapped,Salesforce,£100k+,"[""Google Ads"", ""LinkedIn Ads"", ""Meta Ads"", ""Microsoft Ads""]",True,11
Northwind Fabrication BV,northwind-fabrication.example,Manufacturing,51-200,NL,Amsterdam,£10m-£50m,1999,Series B,HubSpot,none,[],False,0
Jasper Lending Inc,jasper-lending.example,Financial services,51-200,US,Boston,£10m-£50m,2008,Series A,HubSpot,£5k-£25k,"[""LinkedIn Ads"", ""Meta Ads""]",False,0
Brightwater Retail Ltd,brightwaterreta-group.example,Retail,51-200,UK,Birmingham,£10m-£50m,2006,Private equity,Salesforce,£5k-£25k,"[""Google Ads"", ""LinkedIn Ads""]",False,0
Falcon Retail Ltd,falcon-retail.example,Retail,11-50,UK,Birmingham,£1m-£10m,2015,Bootstrapped,HubSpot,none,[],True,6
Bramble Wealth SAS,bramble-wealth.example,Financial services,1-10,FR,Toulouse,under £1m,2003,Bootstrapped,Pipedrive,none,[],False,0
Tidewater Associates GmbH,tidewater-associates.example,Professional services,11-50,DE,Berlin,£1m-£10m,1995,Bootstrapped,HubSpot,£5k-£25k,"[""Google Ads"", ""Meta Ads""]",False,0
Elmstead College Inc,elmstead-college.example,Education,1-10,US,Chicago,under £1m,2007,Bootstrapped,Spreadsheet,none,[],False,0
Brightwater Manufacturing Ltd,brightwater-manufacturing.example,Manufacturing,11-50,UK,Manchester,£1m-£10m,2022,Seed,Salesforce,none,[],False,0
Vantage Wealth Ltd,vantage-wealth.example,Financial services,201-1000,UK,Bristol,£50m-£250m,1987,Bootstrapped,HubSpot,£100k+,"[""Google Ads"", ""LinkedIn Ads"", ""Meta Ads"", ""Microsoft Ads""]",True,23
Fernhill Works Ltd,fernhill-works.example,Manufacturing,11-50,UK,Manchester,£1m-£10m,1999,Series A,Pipedrive,£5k-£25k,"[""LinkedIn Ads"", ""Meta Ads""]",True,3
Ironbridge Training Ltd,ironbridge-training.example,Education,201-1000,UK,Birmingham,£50m-£250m,1993,Public,HubSpot,£5k-£25k,"[""Google Ads"", ""Meta Ads""]",False,0
Ironbridge Data Ltd,ironbridge-data.example,Software,51-200,UK,Manchester,£10m-£50m,2022,Seed,Salesforce,£5k-£25k,"[""Google Ads"", ""LinkedIn Ads""]",False,0
Kestrel Finance Inc,kestrel-finance.example,Financial services,1-10,US,Chicago,under £1m,2015,Bootstrapped,HubSpot,none,[],True,1
Lantern Associates Ltd,lantern-associates.example,Professional services,1-10,UK,Bristol,under £1m,2019,Seed,Spreadsheet,none,[],True,1
Emberly Pharma Ltd,emberly-pharma.example,Healthcare,1-10,UK,Edinburgh,under £1m,2020,Bootstrapped,HubSpot,none,[],True,1
Ironbridge Finance Inc,ironbridgefina-group.example,Financial services,1-10,US,Boston,£1m-£10m,2003,Seed,No CRM,under £5k,"[""Microsoft Ads""]",True,2
Kestrel Data BV,kestreldata-group.example,Software,1-10,NL,Eindhoven,under £1m,2005,Bootstrapped,Spreadsheet,under £5k,"[""Microsoft Ads""]",True,4
Yarrow Couriers BV,yarrow-couriers.example,Logistics,11-50,NL,Rotterdam,£1m-£10m,1999,Seed,HubSpot,under £5k,"[""Microsoft Ads""]",False,0
Stonebridge Logistics Inc,stonebridge-logistics.example,Logistics,1-10,US,Boston,under £1m,2019,Bootstrapped,HubSpot,under £5k,"[""TikTok Ads""]",False,0
Juniper Stores Inc,juniper-stores.example,Retail,1-10,US,Seattle,under £1m,2019,Bootstrapped,Spreadsheet,under £5k,"[""Google Ads""]",False,0
Pennine Learning Ltd,penninelear-group.example,Education,201-1000,UK,Manchester,£50m-£250m,1967,Bootstrapped,Salesforce,£25k-£100k,"[""Google Ads"", ""LinkedIn Ads"", ""Meta Ads""]",True,19
Kingsway Labs Inc,kingsway-labs.example,Software,1-10,US,Chicago,under £1m,2012,Seed,No CRM,none,[],False,0
Glenmoor Clinics Ltd,glenmoorclin-group.example,Healthcare,201-1000,UK,Bristol,£50m-£250m,2006,Bootstrapped,Salesforce,£5k-£25k,"[""Google Ads"", ""TikTok Ads""]",True,24
Vantage Logistics Ltd,vantagelogi-group.example,Logistics,201-1000,UK,Manchester,£50m-£250m,1999,Bootstrapped,No CRM,£100k+,"[""Google Ads"", ""LinkedIn Ads"", ""Meta Ads"", ""Microsoft Ads""]",False,0
Ivywood Legal Ltd,ivywood-legal.example,Professional services,201-1000,UK,Leeds,£50m-£250m,1993,Private equity,Spreadsheet,£5k-£25k,"[""Google Ads"", ""TikTok Ads""]",False,0
Dunmore Haulage BV,dunmore-haulage.example,Logistics,51-200,NL,Amsterdam,£50m-£250m,1999,Bootstrapped,Pipedrive,£5k-£25k,"[""Google Ads"", ""Meta Ads""]",False,0
Quayside Labs Inc,quayside-labs.example,Software,51-200,US,San Francisco,£50m-£250m,2020,Series B,Salesforce,£5k-£25k,"[""LinkedIn Ads"", ""Meta Ads""]",False,0
Driftwood College Ltd,driftwood-college.example,Education,11-50,UK,Leeds,£10m-£50m,2009,Bootstrapped,HubSpot,£5k-£25k,"[""Google Ads"", ""Meta Ads""]",True,5
Norfolk Retail SAS,norfolk-retail.example,Retail,11-50,FR,Lille,under £1m,2016,Series A,HubSpot,£5k-£25k,"[""Google Ads"", ""TikTok Ads""]",False,0
Heron Finance SAS,heron-finance.example,Financial services,1-10,FR,Lille,under £1m,1999,Seed,Spreadsheet,under £5k,"[""Meta Ads""]",False,0
Brightwater Associates Ltd,brightwater-associates.example,Professional services,51-200,UK,Birmingham,£10m-£50m,2015,Bootstrapped,No CRM,£5k-£25k,"[""Google Ads"", ""Meta Ads""]",False,0
Jasper Works Ltd,jasper-works.example,Manufacturing,11-50,UK,Birmingham,£10m-£50m,2007,Series B,HubSpot,£5k-£25k,"[""Meta Ads"", ""Microsoft Ads""]",True,2
Northwind Insurance Ltd,northwind-insurance.example,Financial services,1000+,UK,Bristol,£250m+,1994,Private equity,Salesforce,£100k+,"[""Google Ads"", ""LinkedIn Ads"", ""Meta Ads"", ""Microsoft Ads""]",False,0
Pinecrest Labs Inc,pinecrest-labs.example,Software,51-200,US,New York,£10m-£50m,2000,Series B,HubSpot,£100k+,"[""Google Ads"", ""LinkedIn Ads"", ""Meta Ads"", ""Microsoft Ads""]",True,8
Umber Recruitment Inc,umber-recruitment.example,Professional services,1-10,US,New York,under £1m,2014,Seed,Spreadsheet,none,[],False,0
Nimbus Haulage Inc,nimbushaul-group.example,Logistics,11-50,US,Seattle,£1m-£10m,2009,Series A,HubSpot,under £5k,"[""Google Ads""]",False,0
Brightwater Legal Inc,brightwater-legal.example,Professional services,11-50,US,Chicago,£1m-£10m,1995,Series A,Spreadsheet,under £5k,"[""Meta Ads""]",False,0
Zephyr Couriers GmbH,zephyr-couriers.example,Logistics,1-10,DE,Hamburg,under £1m,1995,Seed,Spreadsheet,none,[],False,0
Ironbridge Lending Inc,ironbridge-lending.example,Financial services,11-50,US,Boston,£1m-£10m,2021,Bootstrapped,Salesforce,none,[],False,0
Kingsway Data Ltd,kingswaydata-group.example,Software,51-200,UK,Leeds,£10m-£50m,2023,Seed,Spreadsheet,£5k-£25k,"[""Meta Ads"", ""TikTok Ads""]",False,0
Jasper Medical Ltd,jasper-medical.example,Healthcare,1-10,UK,Bristol,under £1m,1998,Seed,Spreadsheet,none,[],False,0
Larkspur Advisory Inc,larkspur-advisory.example,Professional services,1-10,US,New York,under £1m,2002,Bootstrapped,Spreadsheet,none,[],False,0
Beacon Wealth Ltd,beacon-wealth.example,Financial services,1-10,UK,London,under £1m,2009,Seed,Pipedrive,none,[],False,0
Meridian Tutors Ltd,meridian-tutors.example,Education,201-1000,UK,Leeds,£50m-£250m,2003,Series B,Salesforce,under £5k,"[""LinkedIn Ads""]",False,0
Fernhill Stores Inc,fernhill-stores.example,Retail,51-200,US,Austin,£10m-£50m,2022,Series C+,Pipedrive,£5k-£25k,"[""Google Ads"", ""Microsoft Ads""]",True,9
Dunmore Engineering Ltd,dunmore-engineering.example,Manufacturing,51-200,UK,Bristol,£10m-£50m,1998,Bootstrapped,Pipedrive,£5k-£25k,"[""LinkedIn Ads"", ""Meta Ads""]",True,11
Inkwell College GmbH,inkwell-college.example,Education,11-50,DE,Berlin,£1m-£10m,2023,Seed,Pipedrive,under £5k,"[""Microsoft Ads""]",True,7
Cobalt Clinics Inc,cobalt-clinics.example,Healthcare,1-10,US,Austin,under £1m,1996,Seed,Pipedrive,under £5k,"[""Google Ads""]",False,0
Falcon Engineering GmbH,falcon-engineering.example,Manufacturing,1-10,DE,Berlin,under £1m,1997,Bootstrapped,HubSpot,none,[],False,0
Nettlefield Goods Inc,nettlefield-goods.example,Retail,11-50,US,New York,£1m-£10m,2021,Bootstrapped,Spreadsheet,£5k-£25k,"[""LinkedIn Ads"", ""Microsoft Ads""]",False,0
Jasper Stores Inc,jasper-stores.example,Retail,11-50,US,Seattle,£1m-£10m,2006,Bootstrapped,Salesforce,£5k-£25k,"[""LinkedIn Ads"", ""Meta Ads""]",False,0
Beacon Partners Inc,beacon-partners.example,Financial services,1000+,US,New York,£250m+,1981,Bootstrapped,Salesforce,£25k-£100k,"[""Google Ads"", ""LinkedIn Ads"", ""Meta Ads""]",True,65
Kestrel College SAS,kestrelcoll-group.example,Education,1-10,FR,Paris,under £1m,2022,Bootstrapped,Spreadsheet,none,[],False,0
Driftwood Transport SAS,driftwood-transport.example,Logistics,11-50,FR,Toulouse,£1m-£10m,2012,Series A,Pipedrive,under £5k,"[""LinkedIn Ads""]",False,0
Dovecote Couriers Ltd,dovecote-couriers.example,Logistics,11-50,UK,Birmingham,£1m-£10m,2018,Bootstrapped,Pipedrive,under £5k,"[""TikTok Ads""]",True,8
Foxglove Systems Inc,foxglove-systems.example,Software,51-200,US,Austin,£10m-£50m,2020,Series A,HubSpot,under £5k,"[""LinkedIn Ads""]",True,9
Saltmarsh Academy GmbH,saltmarsh-academy.example,Education,1-10,DE,Munich,under £1m,2018,Bootstrapped,HubSpot,under £5k,"[""Meta Ads""]",True,3
Ironbridge Tutors Inc,ironbridge-tutors.example,Education,11-50,US,Seattle,£1m-£10m,1996,Seed,Spreadsheet,none,[],False,0
Umber Systems SAS,umbersyst-group.example,Software,1-10,FR,Paris,under £1m,2014,Bootstrapped,Spreadsheet,£5k-£25k,"[""LinkedIn Ads"", ""Meta Ads""]",False,0
Saltmarsh Retail BV,saltmarsh-retail.example,Retail,1000+,NL,Eindhoven,£250m+,1968,Bootstrapped,Salesforce,£25k-£100k,"[""LinkedIn Ads"", ""Meta Ads"", ""Microsoft Ads""]",False,0
Bluebell Finance Ltd,bluebellfina-group.example,Financial services,201-1000,UK,Edinburgh,£50m-£250m,1977,Bootstrapped,HubSpot,£5k-£25k,"[""Meta Ads"", ""TikTok Ads""]",True,22
Northwind Goods Inc,northwind-goods.example,Retail,51-200,US,Chicago,£10m-£50m,2002,Series B,Spreadsheet,£5k-£25k,"[""Google Ads"", ""Meta Ads""]",True,4
Stonebridge Retail BV,stonebridgereta-group.example,Retail,11-50,NL,Rotterdam,£1m-£10m,2005,Series A,Spreadsheet,£5k-£25k,"[""Meta Ads"", ""Microsoft Ads""]",False,0
Upland Cloud Ltd,uplandclou-group.example,Software,11-50,UK,Manchester,under £1m,2021,Series A,Spreadsheet,under £5k,"[""TikTok Ads""]",False,0
Yarrow Manufacturing Ltd,yarrowmanu-group.example,Manufacturing,11-50,UK,Manchester,£1m-£10m,1997,Bootstrapped,HubSpot,none,[],False,0
Zephyr Legal Ltd,zephyr-legal.example,Professional services,201-1000,UK,London,£50m-£250m,1966,Series C+,Salesforce,none,[],True,21
Nimbus Advisory Ltd,nimbusadvi-group.example,Professional services,1-10,UK,Bristol,under £1m,2020,Seed,HubSpot,none,[],False,0
Riverside Recruitment Inc,riverside-recruitment.example,Professional services,51-200,US,New York,£10m-£50m,2021,Series A,Salesforce,under £5k,"[""Meta Ads""]",False,0
Greystone Software Ltd,greystone-software.example,Software,11-50,UK,Manchester,under £1m,2017,Seed,HubSpot,under £5k,"[""Google Ads""]",False,0
Nettlefield Finance BV,nettlefield-finance.example,Financial services,51-200,NL,Amsterdam,£10m-£50m,2021,Bootstrapped,Salesforce,£100k+,"[""Google Ads"", ""LinkedIn Ads"", ""Meta Ads"", ""Microsoft Ads""]",True,14
Upland Clinics Ltd,upland-clinics.example,Healthcare,1-10,UK,Bristol,under £1m,2000,Seed,HubSpot,under £5k,"[""Meta Ads""]",False,0
Highgate Couriers Ltd,highgate-couriers.example,Logistics,11-50,UK,Birmingham,£1m-£10m,2020,Series A,HubSpot,£25k-£100k,"[""Google Ads"", ""LinkedIn Ads"", ""Microsoft Ads""]",False,0
Willow Learning Ltd,willow-learning.example,Education,51-200,UK,Manchester,£10m-£50m,2014,Bootstrapped,Spreadsheet,£25k-£100k,"[""Google Ads"", ""LinkedIn Ads"", ""Meta Ads""]",True,13
Fernhill Care Ltd,fernhill-care.example,Healthcare,1-10,UK,Edinburgh,£1m-£10m,2022,Bootstrapped,No CRM,under £5k,"[""Microsoft Ads""]",False,0
Emberly Partners BV,emberly-partners.example,Financial services,1-10,NL,Utrecht,under £1m,2023,Bootstrapped,Spreadsheet,£5k-£25k,"[""Meta Ads"", ""Microsoft Ads""]",False,0
Tamarind Insurance Inc,tamarindinsu-group.example,Financial services,11-50,US,San Francisco,£1m-£10m,1996,Seed,HubSpot,under £5k,"[""Microsoft Ads""]",True,3
Oldfield Digital Ltd,oldfield-digital.example,Software,1-10,UK,London,under £1m,2019,Bootstrapped,No CRM,none,[],False,0
Inkwell Consulting Ltd,inkwell-consulting.example,Professional services,1-10,UK,Leeds,under £1m,2000,Seed,Spreadsheet,under £5k,"[""LinkedIn Ads""]",False,0
Clearwater Fabrication SAS,clearwaterfabr-group.example,Manufacturing,1-10,FR,Lyon,under £1m,2015,Seed,HubSpot,£5k-£25k,"[""LinkedIn Ads"", ""Meta Ads""]",False,0
Lantern Tutors BV,lanterntuto-group.example,Education,201-1000,NL,Utrecht,£50m-£250m,2020,Series C+,Salesforce,none,[],False,0
Upland Consulting Ltd,upland-consulting.example,Professional services,1-10,UK,Manchester,under £1m,2023,Bootstrapped,Pipedrive,under £5k,"[""Google Ads""]",True,3
Norfolk Engineering SAS,norfolkengi-group.example,Manufacturing,51-200,FR,Toulouse,£10m-£50m,2014,Series B,HubSpot,£100k+,"[""Google Ads"", ""LinkedIn Ads"", ""Meta Ads"", ""Microsoft Ads""]",False,0
Falcon Care BV,falconcare-group.example,Healthcare,1-10,NL,Amsterdam,under £1m,2006,Bootstrapped,Spreadsheet,none,[],True,4
Tidewater Partners SAS,tidewater-partners.example,Financial services,11-50,FR,Toulouse,£1m-£10m,2015,Series A,Spreadsheet,none,[],False,0
Lindenwood Software Ltd,lindenwood-software.example,Software,11-50,UK,Edinburgh,£1m-£10m,1998,Series A,No CRM,under £5k,"[""Microsoft Ads""]",False,0
Umber Digital SAS,umberdigi-group.example,Software,11-50,FR,Lille,under £1m,2022,Seed,Pipedrive,under £5k,"[""Meta Ads""]",False,0
Foxglove Capital BV,foxglove-capital.example,Financial services,51-200,NL,Amsterdam,£10m-£50m,1998,Series B,Spreadsheet,£25k-£100k,"[""Google Ads"", ""LinkedIn Ads"", ""Meta Ads""]",False,0
Kelvin Cloud Inc,kelvin-cloud.example,Software,1-10,US,New York,under £1m,2023,Seed,Spreadsheet,under £5k,"[""Google Ads""]",False,0
Granite Goods GmbH,granite-goods.example,Retail,201-1000,DE,Hamburg,£50m-£250m,2012,Series C+,Salesforce,£25k-£100k,"[""LinkedIn Ads"", ""Meta Ads"", ""Microsoft Ads""]",True,20
Riverside Associates Ltd,riverside-associates.example,Professional services,11-50,UK,Bristol,£1m-£10m,2009,Seed,HubSpot,£5k-£25k,"[""LinkedIn Ads"", ""Microsoft Ads""]",False,0
Tidewater Consulting GmbH,tidewater-consulting.example,Professional services,201-1000,DE,Munich,£250m+,1976,Private equity,Salesforce,£25k-£100k,"[""Google Ads"", ""LinkedIn Ads"", ""Meta Ads""]",True,14
Valley Recruitment Inc,valleyrecr-group.example,Professional services,11-50,US,Chicago,£1m-£10m,2015,Series A,Spreadsheet,under £5k,"[""Microsoft Ads""]",True,1
Highgate Goods BV,highgate-goods.example,Retail,11-50,NL,Eindhoven,£10m-£50m,2004,Series B,Spreadsheet,under £5k,"[""Meta Ads""]",True,2
Pennine Insurance GmbH,pennine-insurance.example,Financial services,1000+,DE,Munich,£250m+,2009,Public,Salesforce,£25k-£100k,"[""Google Ads"", ""Microsoft Ads"", ""TikTok Ads""]",True,83
Quartz Dental Ltd,quartzdent-group.example,Healthcare,1-10,UK,Edinburgh,under £1m,2006,Bootstrapped,Pipedrive,none,[],False,0
Jasper Software Ltd,jasper-software.example,Software,11-50,UK,Edinburgh,£1m-£10m,2018,Bootstrapped,Spreadsheet,none,[],False,0
Pebble Shipping Ltd,pebble-shipping.example,Logistics,201-1000,UK,Manchester,£50m-£250m,2015,Public,Salesforce,£100k+,"[""Google Ads"", ""LinkedIn Ads"", ""Meta Ads"", ""Microsoft Ads""]",True,17
Lantern Fabrication BV,lantern-fabrication.example,Manufacturing,51-200,NL,Rotterdam,£10m-£50m,1995,Private equity,Salesforce,under £5k,"[""Google Ads""]",True,6
Falcon Outfitters Inc,falcon-outfitters.example,Retail,1-10,US,San Francisco,under £1m,2008,Seed,No CRM,none,[],False,0
Rosewood Shipping Inc,rosewood-shipping.example,Logistics,11-50,US,San Francisco,£1m-£10m,2015,Bootstrapped,Pipedrive,under £5k,"[""Google Ads""]",False,0
Tidewater Tutors BV,tidewatertuto-group.example,Education,51-200,NL,Utrecht,£10m-£50m,2018,Series B,HubSpot,£25k-£100k,"[""Google Ads"", ""LinkedIn Ads"", ""TikTok Ads""]",False,0
Clearwater Systems Inc,clearwatersyst-group.example,Software,1-10,US,Chicago,under £1m,2013,Bootstrapped,HubSpot,£5k-£25k,"[""Google Ads"", ""LinkedIn Ads""]",True,2
Larkspur Legal Ltd,larkspur-legal.example,Professional services,1-10,UK,Edinburgh,under £1m,2019,Seed,Spreadsheet,under £5k,"[""LinkedIn Ads""]",False,0
Umber Stores Ltd,umber-stores.example,Retail,11-50,UK,Bristol,£1m-£10m,2005,Bootstrapped,HubSpot,under £5k,"[""TikTok Ads""]",False,0
Oldfield Capital GmbH,oldfieldcapi-group.example,Financial services,51-200,DE,Berlin,£10m-£50m,1995,Bootstrapped,Pipedrive,£5k-£25k,"[""Google Ads"", ""Microsoft Ads""]",False,0
Harbour Wealth GmbH,harbour-wealth.example,Financial services,11-50,DE,Berlin,£1m-£10m,1996,Series B,No CRM,£5k-£25k,"[""Google Ads"", ""LinkedIn Ads""]",False,0
Silverline Associates Inc,silverline-associates.example,Professional services,1-10,US,San Francisco,£1m-£10m,2018,Bootstrapped,HubSpot,none,[],False,0
Emberly Trading Ltd,emberly-trading.example,Retail,1000+,UK,Leeds,£250m+,1986,Public,Salesforce,£100k+,"[""Google Ads"", ""LinkedIn Ads"", ""Meta Ads"", ""TikTok Ads""]",True,81
Cobalt Retail Ltd,cobalt-retail.example,Retail,51-200,UK,Manchester,£10m-£50m,2019,Private equity,Pipedrive,under £5k,"[""Meta Ads""]",False,0
Tamarind Retail Ltd,tamarind-retail.example,Retail,1-10,UK,London,under £1m,2002,Series A,HubSpot,under £5k,"[""LinkedIn Ads""]",True,3
Orchard Insurance Inc,orchardinsu-group.example,Financial services,201-1000,US,New York,£50m-£250m,2014,Private equity,Salesforce,£5k-£25k,"[""Google Ads"", ""TikTok Ads""]",True,17
Dovecote Digital Ltd,dovecotedigi-group.example,Software,51-200,UK,London,£10m-£50m,2003,Series A,HubSpot,£25k-£100k,"[""Google Ads"", ""Meta Ads"", ""Microsoft Ads""]",True,9
Tidewater Stores Inc,tidewater-stores.example,Retail,11-50,US,Seattle,£1m-£10m,2007,Series A,HubSpot,under £5k,"[""Microsoft Ads""]",False,0
Dunmore Capital SAS,dunmore-capital.example,Financial services,1-10,FR,Lyon,under £1m,2016,Bootstrapped,No CRM,under £5k,"[""Meta Ads""]",False,0
Oakridge Recruitment BV,oakridge-recruitment.example,Professional services,1-10,NL,Amsterdam,under £1m,2015,Bootstrapped,HubSpot,under £5k,"[""LinkedIn Ads""]",False,0
Greystone Advisory Ltd,greystone-advisory.example,Professional services,1-10,UK,London,under £1m,1998,Bootstrapped,HubSpot,£25k-£100k,"[""Google Ads"", ""LinkedIn Ads"", ""Meta Ads""]",False,0
Oakridge Transport Ltd,oakridge-transport.example,Logistics,51-200,UK,Birmingham,£1m-£10m,2023,Series A,Salesforce,none,[],True,9
Ashford Components SAS,ashford-components.example,Manufacturing,201-1000,FR,Lille,£50m-£250m,1988,Series C+,Salesforce,£25k-£100k,"[""Google Ads"", ""LinkedIn Ads"", ""Meta Ads""]",False,0
Riverside Legal SAS,riverside-legal.example,Professional services,11-50,FR,Paris,£1m-£10m,2023,Bootstrapped,HubSpot,none,[],True,4
Elmstead Capital GmbH,elmstead-capital.example,Financial services,1000+,DE,Frankfurt,£250m+,1978,Series B,Salesforce,£25k-£100k,"[""Google Ads"", ""Microsoft Ads"", ""TikTok Ads""]",True,54
Kingsway Associates GmbH,kingswayasso-group.example,Professional services,1000+,DE,Berlin,£250m+,1991,Series C+,Pipedrive,£5k-£25k,"[""LinkedIn Ads"", ""Meta Ads""]",True,73
Greystone Learning Inc,greystone-learning.example,Education,51-200,US,New York,£10m-£50m,2018,Seed,Pipedrive,£5k-£25k,"[""Meta Ads"", ""Microsoft Ads""]",False,0
Dunmore Advisory Ltd,dunmore-advisory.example,Professional services,1-10,UK,London,under £1m,1995,Seed,Salesforce,under £5k,"[""Meta Ads""]",False,0
Alder Learning Ltd,alder-learning.example,Education,11-50,UK,Birmingham,£1m-£10m,2009,Bootstrapped,HubSpot,under £5k,"[""Google Ads""]",False,0
Cedar Systems Ltd,cedarsyst-group.example,Software,11-50,UK,Birmingham,£1m-£10m,2015,Bootstrapped,Pipedrive,£5k-£25k,"[""Meta Ads"", ""Microsoft Ads""]",True,5
Fernhill Transport Ltd,fernhill-transport.example,Logistics,1-10,UK,Edinburgh,under £1m,2012,Bootstrapped,Pipedrive,£25k-£100k,"[""Google Ads"", ""LinkedIn Ads"", ""Microsoft Ads""]",False,0
Marigold Medical SAS,marigold-medical.example,Healthcare,11-50,FR,Paris,£1m-£10m,2011,Seed,HubSpot,under £5k,"[""Google Ads""]",False,0
Upland College Inc,upland-college.example,Education,11-50,US,San Francisco,£1m-£10m,2020,Bootstrapped,Spreadsheet,none,[],True,6
Glenmoor Outfitters BV,glenmoor-outfitters.example,Retail,51-200,NL,Utrecht,£10m-£50m,2022,Series A,Spreadsheet,£5k-£25k,"[""LinkedIn Ads"", ""Microsoft Ads""]",False,0
Silverline Insurance Inc,silverlineinsu-group.example,Financial services,201-1000,US,New York,£50m-£250m,2017,Public,Salesforce,£100k+,"[""Google Ads"", ""LinkedIn Ads"", ""Meta Ads"", ""TikTok Ads""]",True,27
Thornbury Care SAS,thornbury-care.example,Healthcare,51-200,FR,Lyon,£10m-£50m,2004,Bootstrapped,No CRM,£5k-£25k,"[""LinkedIn Ads"", ""TikTok Ads""]",False,0
Valley Software BV,valley-software.example,Software,201-1000,NL,Rotterdam,£50m-£250m,2004,Series B,Salesforce,£100k+,"[""Google Ads"", ""LinkedIn Ads"", ""Meta Ads"", ""Microsoft Ads""]",False,0
Cobalt Cloud Ltd,cobalt-cloud.example,Software,1-10,UK,Birmingham,under £1m,2007,Seed,Pipedrive,under £5k,"[""LinkedIn Ads""]",True,1
Nettlefield Digital Ltd,nettlefield-digital.example,Software,11-50,UK,Birmingham,£10m-£50m,2018,Series A,Spreadsheet,under £5k,"[""LinkedIn Ads""]",False,0
Dovecote Labs Inc,dovecotelabs-group.example,Software,11-50,US,Seattle,£1m-£10m,2016,Bootstrapped,Spreadsheet,£25k-£100k,"[""Google Ads"", ""LinkedIn Ads"", ""Meta Ads""]",True,1
Quartz Market Inc,quartz-market.example,Retail,1-10,US,Boston,under £1m,2019,Seed,Pipedrive,none,[],True,3
Pennine Capital Inc,pennine-capital.example,Financial services,11-50,US,New York,£1m-£10m,1999,Bootstrapped,HubSpot,£5k-£25k,"[""Google Ads"", ""Meta Ads""]",True,1
Tidewater Recruitment Ltd,tidewater-recruitment.example,Professional services,11-50,UK,Edinburgh,under £1m,2010,Bootstrapped,Pipedrive,£5k-£25k,"[""LinkedIn Ads"", ""Meta Ads""]",True,3
Brightwater College Ltd,brightwater-college.example,Education,11-50,UK,Leeds,£1m-£10m,2020,Seed,HubSpot,none,[],False,0
Cobalt Insurance SAS,cobalt-insurance.example,Financial services,11-50,FR,Toulouse,£1m-£10m,2018,Bootstrapped,Salesforce,none,[],False,0
Thornbury Haulage Ltd,thornbury-haulage.example,Logistics,1-10,UK,London,under £1m,2000,Bootstrapped,Salesforce,under £5k,"[""Google Ads""]",False,0
Clearwater Market GmbH,clearwatermark-group.example,Retail,51-200,DE,Berlin,£50m-£250m,1999,Series A,Salesforce,£5k-£25k,"[""Google Ads"", ""Meta Ads""]",False,0
Juniper Works Ltd,juniper-works.example,Manufacturing,1-10,UK,Leeds,under £1m,2023,Seed,Spreadsheet,none,[],False,0
Bramble Software Inc,bramble-software.example,Software,11-50,US,San Francisco,£1m-£10m,2024,Bootstrapped,Salesforce,none,[],True,6
Yarrow Industries Inc,yarrow-industries.example,Manufacturing,201-1000,US,Boston,£10m-£50m,2000,Bootstrapped,HubSpot,£5k-£25k,"[""Google Ads"", ""Microsoft Ads""]",True,26
Bramble Fabrication GmbH,bramble-fabrication.example,Manufacturing,51-200,DE,Hamburg,£10m-£50m,2003,Bootstrapped,Pipedrive,£5k-£25k,"[""LinkedIn Ads"", ""Meta Ads""]",True,12
Willow Market Ltd,willow-market.example,Retail,51-200,UK,London,£10m-£50m,2003,Series B,HubSpot,under £5k,"[""Meta Ads""]",False,0
Dovecote Outfitters SAS,dovecote-outfitters.example,Retail,1-10,FR,Lille,under £1m,2024,Bootstrapped,Spreadsheet,under £5k,"[""Google Ads""]",False,0
Aurora Couriers Ltd,aurora-couriers.example,Logistics,1000+,UK,Leeds,£250m+,1966,Series B,Salesforce,£100k+,"[""Google Ads"", ""Meta Ads"", ""Microsoft Ads"", ""TikTok Ads""]",False,0
Meridian Fabrication Inc,meridian-fabrication.example,Manufacturing,51-200,US,New York,£10m-£50m,2004,Bootstrapped,Salesforce,none,[],True,5
Moorland Digital Ltd,moorland-digital.example,Software,11-50,UK,London,£1m-£10m,2018,Series A,HubSpot,none,[],False,0
Glenmoor Logistics Inc,glenmoor-logistics.example,Logistics,1-10,US,Chicago,under £1m,2002,Bootstrapped,Spreadsheet,£25k-£100k,"[""Google Ads"", ""Meta Ads"", ""Microsoft Ads""]",False,0
Falcon Learning BV,falcon-learning.example,Education,51-200,NL,Eindhoven,£10m-£50m,2024,Series A,HubSpot,£25k-£100k,"[""Google Ads"", ""LinkedIn Ads"", ""Meta Ads""]",True,8
Quartz Retail Ltd,quartz-retail.example,Retail,201-1000,UK,Leeds,£50m-£250m,1978,Series B,HubSpot,£5k-£25k,"[""Google Ads"", ""Microsoft Ads""]",True,19
Nimbus Wealth Ltd,nimbusweal-group.example,Financial services,1000+,UK,Birmingham,£250m+,1977,Public,Salesforce,under £5k,"[""Google Ads""]",True,58
Valley Pharma BV,valley-pharma.example,Healthcare,201-1000,NL,Eindhoven,£10m-£50m,1991,Bootstrapped,Salesforce,£25k-£100k,"[""Meta Ads"", ""Microsoft Ads"", ""TikTok Ads""]",False,0
Umber Transport Inc,umber-transport.example,Logistics,201-1000,US,San Francisco,£50m-£250m,1968,Series C+,Salesforce,none,[],True,15
Cedar Cloud Ltd,cedarclou-group.example,Software,11-50,UK,London,under £1m,2016,Bootstrapped,Pipedrive,none,[],False,0
Lindenwood Education Inc,lindenwood-education.example,Education,11-50,US,New York,£1m-£10m,2014,Bootstrapped,Salesforce,£25k-£100k,"[""Google Ads"", ""Meta Ads"", ""Microsoft Ads""]",True,4
Aurora Fabrication GmbH,aurorafabr-group.example,Manufacturing,11-50,DE,Munich,£1m-£10m,2023,Bootstrapped,Spreadsheet,under £5k,"[""Microsoft Ads""]",False,0
Elmstead Outfitters GmbH,elmstead-outfitters.example,Retail,1-10,DE,Hamburg,under £1m,2019,Bootstrapped,No CRM,none,[],False,0
Evergreen Systems Ltd,evergreen-systems.example,Software,1-10,UK,London,under £1m,2022,Bootstrapped,HubSpot,under £5k,"[""Meta Ads""]",False,0
Meridian Accountants SAS,meridian-accountants.example,Professional services,1000+,FR,Paris,£250m+,1976,Public,Salesforce,£25k-£100k,"[""Google Ads"", ""LinkedIn Ads"", ""TikTok Ads""]",True,60
Larkspur Data Inc,larkspur-data.example,Software,1-10,US,New York,£1m-£10m,2012,Seed,Spreadsheet,£5k-£25k,"[""LinkedIn Ads"", ""TikTok Ads""]",False,0
Greystone Cloud Inc,greystone-cloud.example,Software,1-10,US,Boston,under £1m,2018,Bootstrapped,HubSpot,£5k-£25k,"[""Google Ads"", ""Meta Ads""]",False,0
Northwind Associates GmbH,northwindasso-group.example,Professional services,1-10,DE,Hamburg,£1m-£10m,2002,Bootstrapped,No CRM,under £5k,"[""Meta Ads""]",True,2
Lantern Academy Inc,lantern-academy.example,Education,1-10,US,Chicago,under £1m,2018,Bootstrapped,HubSpot,under £5k,"[""Microsoft Ads""]",False,0
Glenmoor Goods Inc,glenmoor-goods.example,Retail,1-10,US,Boston,under £1m,2020,Bootstrapped,Pipedrive,under £5k,"[""TikTok Ads""]",False,0
Norfolk Finance BV,norfolkfina-group.example,Financial services,1-10,NL,Eindhoven,£1m-£10m,2014,Seed,HubSpot,under £5k,"[""Google Ads""]",True,3
Highgate Systems Inc,highgate-systems.example,Software,11-50,US,San Francisco,£1m-£10m,2005,Series B,Salesforce,under £5k,"[""Google Ads""]",True,3
Fernhill Pharma Inc,fernhillphar-group.example,Healthcare,1-10,US,Seattle,under £1m,2011,Seed,Pipedrive,£25k-£100k,"[""Google Ads"", ""LinkedIn Ads"", ""Meta Ads""]",False,0
Umber Training GmbH,umber-training.example,Education,51-200,DE,Munich,£10m-£50m,2006,Bootstrapped,Salesforce,under £5k,"[""Microsoft Ads""]",True,9
Marigold Goods GmbH,marigold-goods.example,Retail,201-1000,DE,Frankfurt,£50m-£250m,1970,Series C+,Salesforce,£25k-£100k,"[""Google Ads"", ""LinkedIn Ads"", ""Meta Ads""]",False,0
Driftwood Lending Ltd,driftwood-lending.example,Financial services,51-200,UK,Edinburgh,£10m-£50m,2023,Series B,HubSpot,£25k-£100k,"[""LinkedIn Ads"", ""Meta Ads"", ""Microsoft Ads""]",False,0
Kestrel Freight GmbH,kestrel-freight.example,Logistics,11-50,DE,Frankfurt,£1m-£10m,1996,Bootstrapped,Salesforce,none,[],True,3
Ironbridge Pharma Ltd,ironbridge-pharma.example,Healthcare,1-10,UK,Leeds,under £1m,2015,Bootstrapped,Spreadsheet,under £5k,"[""Microsoft Ads""]",False,0
Pennine Fabrication Ltd,pennine-fabrication.example,Manufacturing,11-50,UK,Leeds,£1m-£10m,2007,Bootstrapped,Spreadsheet,under £5k,"[""Meta Ads""]",False,0
Brightwater Capital BV,brightwater-capital.example,Financial services,1-10,NL,Utrecht,under £1m,2000,Seed,No CRM,under £5k,"[""TikTok Ads""]",False,0
Beacon Advisory SAS,beaconadvi-group.example,Professional services,1-10,FR,Paris,under £1m,2018,Seed,Spreadsheet,none,[],False,0
Rosewood Finance Inc,rosewood-finance.example,Financial services,1-10,US,New York,under £1m,1997,Seed,Spreadsheet,£5k-£25k,"[""Google Ads"", ""Meta Ads""]",True,6
Hawthorn Digital Ltd,hawthorn-digital.example,Software,11-50,UK,London,£1m-£10m,2006,Series B,Spreadsheet,under £5k,"[""Meta Ads""]",False,0
Foxglove Lending Ltd,foxglove-lending.example,Financial services,11-50,UK,Birmingham,£1m-£10m,2009,Seed,HubSpot,under £5k,"[""Google Ads""]",False,0
Moorland Data Ltd,moorland-data.example,Software,11-50,UK,Birmingham,£1m-£10m,2023,Series A,HubSpot,under £5k,"[""Meta Ads""]",True,4
Pennine Logistics Inc,pennine-logistics.example,Logistics,11-50,US,Seattle,£1m-£10m,2010,Bootstrapped,HubSpot,none,[],True,4
Greystone Market Ltd,greystone-market.example,Retail,1-10,UK,Manchester,under £1m,2002,Bootstrapped,Spreadsheet,£5k-£25k,"[""Meta Ads"", ""TikTok Ads""]",False,0
Nimbus Works Inc,nimbus-works.example,Manufacturing,11-50,US,Chicago,£1m-£10m,2010,Bootstrapped,Salesforce,none,[],False,0
Beacon Recruitment BV,beaconrecr-group.example,Professional services,51-200,NL,Rotterdam,£10m-£50m,2015,Seed,HubSpot,£5k-£25k,"[""Google Ads"", ""Meta Ads""]",False,0
Westbrook Logistics SAS,westbrooklogi-group.example,Logistics,1000+,FR,Lyon,£250m+,1984,Series C+,Salesforce,£5k-£25k,"[""Google Ads"", ""LinkedIn Ads""]",True,64
Inkwell Finance Inc,inkwell-finance.example,Financial services,1-10,US,New York,under £1m,2012,Bootstrapped,No CRM,under £5k,"[""Meta Ads""]",True,2
Jasper Associates BV,jasper-associates.example,Professional services,201-1000,NL,Rotterdam,£50m-£250m,2001,Series B,Salesforce,£5k-£25k,"[""Google Ads"", ""LinkedIn Ads""]",True,28
Bluebell Retail Inc,bluebellreta-group.example,Retail,11-50,US,Austin,£1m-£10m,2011,Bootstrapped,Salesforce,under £5k,"[""LinkedIn Ads""]",False,0
Northwind Manufacturing Inc,northwind-manufacturing.example,Manufacturing,11-50,US,Seattle,£1m-£10m,2018,Seed,HubSpot,£5k-£25k,"[""Meta Ads"", ""Microsoft Ads""]",False,0
Meridian Haulage SAS,meridianhaul-group.example,Logistics,51-200,FR,Lyon,£1m-£10m,2021,Seed,HubSpot,under £5k,"[""TikTok Ads""]",True,7
Jasper Goods Inc,jaspergood-group.example,Retail,1-10,US,Chicago,under £1m,2001,Seed,HubSpot,under £5k,"[""LinkedIn Ads""]",False,0
Heron Components Ltd,heron-components.example,Manufacturing,51-200,UK,Bristol,£10m-£50m,2001,Series A,Salesforce,£25k-£100k,"[""Google Ads"", ""LinkedIn Ads"", ""Microsoft Ads""]",False,0
Lantern Market Inc,lanternmark-group.example,Retail,51-200,US,San Francisco,£10m-£50m,2010,Bootstrapped,Salesforce,none,[],False,0
Kelvin Digital BV,kelvin-digital.example,Software,11-50,NL,Eindhoven,£1m-£10m,1999,Bootstrapped,Spreadsheet,under £5k,"[""Google Ads""]",False,0
Zephyr College BV,zephyrcoll-group.example,Education,201-1000,NL,Rotterdam,£50m-£250m,2013,Bootstrapped,Salesforce,£5k-£25k,"[""Google Ads"", ""Meta Ads""]",False,0
Ashford Medical Ltd,ashford-medical.example,Healthcare,11-50,UK,Edinburgh,£1m-£10m,1999,Bootstrapped,No CRM,under £5k,"[""Google Ads""]",False,0
Norfolk Software Ltd,norfolk-software.example,Software,11-50,UK,Edinburgh,£1m-£10m,2016,Bootstrapped,HubSpot,none,[],False,0
Hawthorn Partners Inc,hawthorn-partners.example,Financial services,51-200,US,Seattle,£10m-£50m,2023,Series B,HubSpot,none,[],True,8
Keystone Accountants Inc,keystone-accountants.example,Professional services,201-1000,US,San Francisco,£50m-£250m,2014,Series A,HubSpot,£5k-£25k,"[""Google Ads"", ""TikTok Ads""]",False,0
Ivywood Freight BV,ivywood-freight.example,Logistics,51-200,NL,Rotterdam,£10m-£50m,2004,Seed,Spreadsheet,£5k-£25k,"[""Meta Ads"", ""Microsoft Ads""]",False,0
Vantage Finance GmbH,vantage-finance.example,Financial services,1-10,DE,Munich,under £1m,2009,Seed,HubSpot,under £5k,"[""Microsoft Ads""]",False,0
Foxglove Couriers SAS,foxglovecour-group.example,Logistics,51-200,FR,Lille,£50m-£250m,2004,Series A,No CRM,under £5k,"[""Meta Ads""]",False,0
Hawthorn Goods GmbH,hawthorn-goods.example,Retail,11-50,DE,Frankfurt,£1m-£10m,2015,Seed,HubSpot,under £5k,"[""Meta Ads""]",True,3
Zephyr Associates Ltd,zephyr-associates.example,Professional services,51-200,UK,London,£10m-£50m,2010,Series B,Salesforce,under £5k,"[""Meta Ads""]",False,0
Yarrow Freight Inc,yarrowfrei-group.example,Logistics,11-50,US,San Francisco,£1m-£10m,2012,Series A,HubSpot,under £5k,"[""LinkedIn Ads""]",False,0
Upland Transport Inc,upland-transport.example,Logistics,51-200,US,Chicago,£1m-£10m,1998,Series A,Pipedrive,£5k-£25k,"[""Google Ads"", ""LinkedIn Ads""]",True,9
Silverline Trading Ltd,silverline-trading.example,Retail,11-50,UK,Birmingham,£1m-£10m,2002,Bootstrapped,Spreadsheet,£5k-£25k,"[""Google Ads"", ""LinkedIn Ads""]",False,0
Aurora Goods GmbH,aurora-goods.example,Retail,1-10,DE,Berlin,under £1m,2019,Seed,No CRM,under £5k,"[""Meta Ads""]",False,0
Thornbury Education SAS,thornbury-education.example,Education,51-200,FR,Toulouse,£10m-£50m,2006,Bootstrapped,Spreadsheet,under £5k,"[""LinkedIn Ads""]",True,13
Emberly Couriers Ltd,emberlycour-group.example,Logistics,1-10,UK,Leeds,under £1m,2022,Bootstrapped,Spreadsheet,£5k-£25k,"[""Google Ads"", ""Microsoft Ads""]",False,0
Greystone Capital SAS,greystone-capital.example,Financial services,11-50,FR,Lyon,£1m-£10m,2001,Seed,Pipedrive,none,[],True,2
Nettlefield Health Ltd,nettlefieldheal-group.example,Healthcare,201-1000,UK,London,£50m-£250m,1995,Series B,HubSpot,£100k+,"[""Google Ads"", ""LinkedIn Ads"", ""Meta Ads"", ""Microsoft Ads""]",True,14
Upland Haulage Ltd,uplandhaul-group.example,Logistics,1000+,UK,London,£250m+,1979,Bootstrapped,Salesforce,£100k+,"[""Google Ads"", ""LinkedIn Ads"", ""Meta Ads"", ""Microsoft Ads""]",True,73
Ashford Care SAS,ashford-care.example,Healthcare,51-200,FR,Lille,£10m-£50m,2007,Series C+,Spreadsheet,£5k-£25k,"[""Google Ads"", ""Microsoft Ads""]",True,11
Hawthorn Lending Ltd,hawthorn-lending.example,Financial services,11-50,UK,Bristol,£1m-£10m,1999,Bootstrapped,HubSpot,under £5k,"[""LinkedIn Ads""]",True,6
Oakridge Systems GmbH,oakridge-systems.example,Software,11-50,DE,Munich,£1m-£10m,2024,Seed,HubSpot,under £5k,"[""Meta Ads""]",True,4
Quayside Haulage Ltd,quaysidehaul-group.example,Logistics,51-200,UK,Edinburgh,£10m-£50m,2022,Bootstrapped,Salesforce,£5k-£25k,"[""LinkedIn Ads"", ""Meta Ads""]",True,9
Greystone Logistics Ltd,greystone-logistics.example,Logistics,51-200,UK,London,£10m-£50m,2012,Bootstrapped,Salesforce,£5k-£25k,"[""LinkedIn Ads"", ""Meta Ads""]",False,0
Glenmoor Fabrication Ltd,glenmoor-fabrication.example,Manufacturing,51-200,UK,Leeds,£10m-£50m,2010,Seed,Salesforce,£5k-£25k,"[""Meta Ads"", ""Microsoft Ads""]",True,13
Alder Haulage Ltd,alder-haulage.example,Logistics,51-200,UK,Birmingham,£10m-£50m,2003,Series A,HubSpot,£5k-£25k,"[""Meta Ads"", ""TikTok Ads""]",True,12
Dunmore Outfitters SAS,dunmore-outfitters.example,Retail,51-200,FR,Paris,£10m-£50m,2005,Bootstrapped,No CRM,£5k-£25k,"[""Google Ads"", ""LinkedIn Ads""]",False,0
Oakridge Health Inc,oakridgeheal-group.example,Healthcare,11-50,US,Boston,£1m-£10m,2011,Bootstrapped,Salesforce,£25k-£100k,"[""Google Ads"", ""LinkedIn Ads"", ""Meta Ads""]",False,0
Meridian Data Inc,meridian-data.example,Software,51-200,US,Seattle,£50m-£250m,2010,Series B,HubSpot,£25k-£100k,"[""Meta Ads"", ""Microsoft Ads"", ""TikTok Ads""]",False,0
Emberly Consulting GmbH,emberly-consulting.example,Professional services,1-10,DE,Hamburg,under £1m,2020,Seed,Pipedrive,under £5k,"[""Meta Ads""]",False,0
Dunmore Care SAS,dunmorecare-group.example,Healthcare,11-50,FR,Toulouse,£1m-£10m,2020,Bootstrapped,Salesforce,under £5k,"[""Microsoft Ads""]",False,0
Ivywood Industries BV,ivywoodindu-group.example,Manufacturing,1-10,NL,Rotterdam,under £1m,2022,Seed,No CRM,£5k-£25k,"[""LinkedIn Ads"", ""Microsoft Ads""]",False,0
Pennine Trading BV,pennine-trading.example,Retail,1-10,NL,Rotterdam,£1m-£10m,2013,Seed,Spreadsheet,under £5k,"[""Google Ads""]",False,0
Redwood Freight BV,redwood-freight.example,Logistics,201-1000,NL,Rotterdam,£50m-£250m,1994,Series C+,Spreadsheet,£5k-£25k,"[""LinkedIn Ads"", ""Microsoft Ads""]",True,12
Inkwell Goods Inc,inkwell-goods.example,Retail,1-10,US,Seattle,under £1m,2019,Seed,Pipedrive,none,[],False,0
Thornbury Engineering Ltd,thornbury-engineering.example,Manufacturing,1-10,UK,Bristol,under £1m,2015,Bootstrapped,Pipedrive,under £5k,"[""Microsoft Ads""]",False,0
Keystone Tutors Inc,keystone-tutors.example,Education,201-1000,US,Austin,£50m-£250m,1979,Bootstrapped,HubSpot,£5k-£25k,"[""LinkedIn Ads"", ""Meta Ads""]",False,0
Stonebridge Academy Ltd,stonebridge-academy.example,Education,11-50,UK,Leeds,£1m-£10m,2017,Seed,HubSpot,£5k-£25k,"[""Google Ads"", ""Meta Ads""]",False,0
Nimbus Logistics Inc,nimbus-logistics.example,Logistics,1-10,US,Boston,under £1m,1997,Bootstrapped,HubSpot,none,[],False,0
Ashford Partners GmbH,ashfordpart-group.example,Financial services,1000+,DE,Munich,£250m+,1984,Series C+,HubSpot,£25k-£100k,"[""Google Ads"", ""LinkedIn Ads"", ""Meta Ads""]",False,0
Northwind Learning Ltd,northwind-learning.example,Education,11-50,UK,Bristol,£1m-£10m,2000,Seed,HubSpot,£5k-£25k,"[""Google Ads"", ""Microsoft Ads""]",False,0
Kelvin Dental GmbH,kelvin-dental.example,Healthcare,1-10,DE,Munich,under £1m,2002,Bootstrapped,HubSpot,under £5k,"[""Google Ads""]",False,0
Willow Medical SAS,willow-medical.example,Healthcare,1-10,FR,Lyon,under £1m,2024,Seed,Spreadsheet,under £5k,"[""Google Ads""]",True,1
Orchard Goods Ltd,orchard-goods.example,Retail,11-50,UK,Manchester,£1m-£10m,2004,Seed,Spreadsheet,£5k-£25k,"[""Google Ads"", ""Microsoft Ads""]",False,0
Hawthorn Trading Ltd,hawthorn-trading.example,Retail,201-1000,UK,Bristol,£50m-£250m,2007,Bootstrapped,Salesforce,£25k-£100k,"[""LinkedIn Ads"", ""Meta Ads"", ""TikTok Ads""]",False,0
Vantage Training Inc,vantage-training.example,Education,51-200,US,Seattle,£10m-£50m,1995,Bootstrapped,Salesforce,£5k-£25k,"[""Google Ads"", ""Meta Ads""]",False,0
Moorland Goods GmbH,moorland-goods.example,Retail,1-10,DE,Munich,under £1m,2002,Bootstrapped,Spreadsheet,under £5k,"[""Google Ads""]",False,0
Highgate Legal Ltd,highgatelega-group.example,Professional services,11-50,UK,Birmingham,£1m-£10m,2010,Bootstrapped,No CRM,none,[],False,0
Willow Retail Inc,willow-retail.example,Retail,11-50,US,San Francisco,£1m-£10m,1997,Bootstrapped,HubSpot,£5k-£25k,"[""Google Ads"", ""Meta Ads""]",True,4
Fernhill Finance Ltd,fernhillfina-group.example,Financial services,11-50,UK,Leeds,£1m-£10m,2005,Bootstrapped,Spreadsheet,none,[],False,0
Saltmarsh Transport SAS,saltmarsh-transport.example,Logistics,1-10,FR,Lyon,under £1m,1999,Series A,Pipedrive,none,[],False,0
Fernhill Trading BV,fernhill-trading.example,Retail,201-1000,NL,Amsterdam,£250m+,2017,Series B,Salesforce,£5k-£25k,"[""Google Ads"", ""TikTok Ads""]",True,16
Westbrook Medical SAS,westbrook-medical.example,Healthcare,1-10,FR,Lyon,under £1m,1995,Bootstrapped,Pipedrive,none,[],False,0
Keystone Couriers Inc,keystone-couriers.example,Logistics,51-200,US,New York,£10m-£50m,2024,Series C+,HubSpot,£25k-£100k,"[""Google Ads"", ""LinkedIn Ads"", ""Meta Ads""]",True,9
Quayside Software BV,quaysidesoft-group.example,Software,1-10,NL,Amsterdam,under £1m,2022,Bootstrapped,HubSpot,none,[],False,0
Rosewood College GmbH,rosewood-college.example,Education,1-10,DE,Munich,under £1m,2004,Bootstrapped,Spreadsheet,£5k-£25k,"[""Microsoft Ads"", ""TikTok Ads""]",False,0
Oldfield Accountants Inc,oldfield-accountants.example,Professional services,1-10,US,New York,under £1m,2009,Bootstrapped,HubSpot,none,[],False,0
Fernhill Academy Inc,fernhill-academy.example,Education,1-10,US,Boston,under £1m,2024,Seed,Spreadsheet,under £5k,"[""Meta Ads""]",False,0
Upland Tutors Ltd,upland-tutors.example,Education,51-200,UK,London,£10m-£50m,2020,Bootstrapped,HubSpot,£25k-£100k,"[""Google Ads"", ""LinkedIn Ads"", ""Meta Ads""]",True,17
Northwind Trading Ltd,northwindtrad-group.example,Retail,11-50,UK,London,£1m-£10m,2019,Seed,No CRM,none,[],True,4
Umber Academy Inc,umber-academy.example,Education,201-1000,US,San Francisco,£50m-£250m,1977,Series B,Salesforce,none,[],True,15
Dunmore Software Inc,dunmoresoft-group.example,Software,51-200,US,Boston,£10m-£50m,2014,Series A,No CRM,£5k-£25k,"[""Meta Ads"", ""Microsoft Ads""]",True,12
Kelvin Works Inc,kelvinwork-group.example,Manufacturing,1-10,US,Chicago,under £1m,2018,Bootstrapped,No CRM,none,[],False,0
Riverside Academy GmbH,riverside-academy.example,Education,201-1000,DE,Frankfurt,£50m-£250m,1994,Series C+,HubSpot,none,[],False,0
Tamarind Stores BV,tamarind-stores.example,Retail,11-50,NL,Utrecht,£1m-£10m,2004,Bootstrapped,HubSpot,£5k-£25k,"[""Google Ads"", ""LinkedIn Ads""]",False,0
Heron Tutors Ltd,heron-tutors.example,Education,51-200,UK,Bristol,£50m-£250m,2015,Bootstrapped,Salesforce,£25k-£100k,"[""Google Ads"", ""LinkedIn Ads"", ""Meta Ads""]",True,6
Willow Care Ltd,willow-care.example,Healthcare,11-50,UK,Edinburgh,£1m-£10m,1996,Series A,Pipedrive,none,[],False,0
Dunmore Logistics GmbH,dunmore-logistics.example,Logistics,201-1000,DE,Berlin,£50m-£250m,2008,Series B,HubSpot,£25k-£100k,"[""Google Ads"", ""Meta Ads"", ""Microsoft Ads""]",True,29
Evergreen Advisory Ltd,evergreen-advisory.example,Professional services,1-10,UK,Leeds,under £1m,1995,Seed,Spreadsheet,under £5k,"[""Meta Ads""]",False,0
Emberly Manufacturing Ltd,emberly-manufacturing.example,Manufacturing,11-50,UK,Edinburgh,£1m-£10m,1996,Series A,No CRM,under £5k,"[""LinkedIn Ads""]",False,0
Nimbus Manufacturing GmbH,nimbus-manufacturing.example,Manufacturing,1-10,DE,Frankfurt,under £1m,2022,Bootstrapped,Pipedrive,none,[],False,0
Rosewood Lending Inc,rosewoodlend-group.example,Financial services,11-50,US,New York,£1m-£10m,2010,Bootstrapped,Spreadsheet,£5k-£25k,"[""Google Ads"", ""Meta Ads""]",False,0
Valley Systems Inc,valleysyst-group.example,Software,51-200,US,Seattle,£10m-£50m,2023,Series B,HubSpot,£5k-£25k,"[""Microsoft Ads"", ""TikTok Ads""]",True,8
Norfolk Training Ltd,norfolktrai-group.example,Education,11-50,UK,Manchester,£1m-£10m,2017,Bootstrapped,Pipedrive,£5k-£25k,"[""LinkedIn Ads"", ""Microsoft Ads""]",False,0
Westbrook Insurance BV,westbrook-insurance.example,Financial services,1-10,NL,Utrecht,under £1m,2002,Seed,HubSpot,under £5k,"[""LinkedIn Ads""]",False,0
Westbrook Systems Ltd,westbrook-systems.example,Software,11-50,UK,Birmingham,£1m-£10m,1997,Bootstrapped,HubSpot,none,[],False,0
Bluebell Training Ltd,bluebell-training.example,Education,1-10,UK,Birmingham,under £1m,2024,Bootstrapped,HubSpot,under £5k,"[""Microsoft Ads""]",True,1
Juniper Lending Ltd,juniper-lending.example,Financial services,11-50,UK,Bristol,£1m-£10m,2009,Series A,HubSpot,under £5k,"[""Meta Ads""]",False,0
Upland Trading Ltd,upland-trading.example,Retail,11-50,UK,Leeds,£1m-£10m,2017,Bootstrapped,HubSpot,£5k-£25k,"[""Google Ads"", ""TikTok Ads""]",False,0
Bramble Accountants SAS,bramble-accountants.example,Professional services,1-10,FR,Toulouse,£1m-£10m,2005,Bootstrapped,Spreadsheet,under £5k,"[""Google Ads""]",False,0
Redwood Associates SAS,redwoodasso-group.example,Professional services,201-1000,FR,Toulouse,£50m-£250m,2002,Private equity,HubSpot,£5k-£25k,"[""Google Ads"", ""Meta Ads""]",True,27
Quayside Legal Inc,quayside-legal.example,Professional services,1000+,US,Boston,£250m+,1984,Bootstrapped,HubSpot,under £5k,"[""LinkedIn Ads""]",True,59
Tamarind Fabrication Ltd,tamarind-fabrication.example,Manufacturing,201-1000,UK,Edinburgh,£50m-£250m,2011,Series B,Salesforce,under £5k,"[""Meta Ads""]",True,18
Bluebell Fabrication GmbH,bluebell-fabrication.example,Manufacturing,201-1000,DE,Hamburg,£50m-£250m,1986,Private equity,Salesforce,£5k-£25k,"[""Microsoft Ads"", ""TikTok Ads""]",True,14
Foxglove Medical BV,foxglove-medical.example,Healthcare,1-10,NL,Rotterdam,under £1m,1998,Bootstrapped,Spreadsheet,£5k-£25k,"[""Google Ads"", ""LinkedIn Ads""]",True,1
Valley Industries Inc,valley-industries.example,Manufacturing,201-1000,US,San Francisco,£10m-£50m,1966,Public,HubSpot,none,[],True,18
Yarrow Outfitters Inc,yarrowoutf-group.example,Retail,1-10,US,Seattle,under £1m,2000,Seed,No CRM,none,[],False,0
Larkspur Works BV,larkspur-works.example,Manufacturing,1000+,NL,Rotterdam,£250m+,1991,Private equity,Salesforce,£5k-£25k,"[""Google Ads"", ""TikTok Ads""]",False,0
Glenmoor Systems SAS,glenmoor-systems.example,Software,1-10,FR,Lyon,under £1m,2010,Bootstrapped,HubSpot,none,[],False,0
Fernhill College Inc,fernhill-college.example,Education,51-200,US,San Francisco,£10m-£50m,2007,Series B,HubSpot,£5k-£25k,"[""Google Ads"", ""LinkedIn Ads""]",True,10
Elmstead Industries SAS,elmstead-industries.example,Manufacturing,1000+,FR,Toulouse,£250m+,1978,Public,Salesforce,£25k-£100k,"[""Google Ads"", ""Meta Ads"", ""TikTok Ads""]",False,0
Aurora Software GmbH,aurora-software.example,Software,1-10,DE,Hamburg,under £1m,2023,Seed,No CRM,none,[],False,0
Jasper Training Ltd,jasper-training.example,Education,11-50,UK,Birmingham,£10m-£50m,1997,Bootstrapped,HubSpot,none,[],False,0
Cobalt Advisory Ltd,cobaltadvi-group.example,Professional services,51-200,UK,Birmingham,£50m-£250m,2015,Series C+,Salesforce,£5k-£25k,"[""Google Ads"", ""Meta Ads""]",False,0
Brightwater Engineering Inc,brightwaterengi-group.example,Manufacturing,11-50,US,San Francisco,under £1m,2022,Series A,HubSpot,under £5k,"[""LinkedIn Ads""]",False,0
Dunmore Cloud Inc,dunmoreclou-group.example,Software,1-10,US,New York,under £1m,2024,Bootstrapped,Pipedrive,none,[],True,2
Valley Freight Ltd,valley-freight.example,Logistics,1-10,UK,Manchester,under £1m,2017,Seed,Salesforce,under £5k,"[""Google Ads""]",False,0
Granite Finance Ltd,granite-finance.example,Financial services,11-50,UK,Bristol,£1m-£10m,2007,Seed,Salesforce,under £5k,"[""Meta Ads""]",False,0
Inkwell Wealth Ltd,inkwell-wealth.example,Financial services,201-1000,UK,Bristol,£50m-£250m,1987,Series C+,HubSpot,under £5k,"[""Meta Ads""]",False,0
Quayside Retail Ltd,quayside-retail.example,Retail,1-10,UK,Edinburgh,under £1m,2022,Bootstrapped,Pipedrive,£5k-£25k,"[""Google Ads"", ""Microsoft Ads""]",False,0
Cobalt Learning SAS,cobaltlear-group.example,Education,1-10,FR,Paris,under £1m,2018,Bootstrapped,Spreadsheet,none,[],True,3
Umber Manufacturing Ltd,umber-manufacturing.example,Manufacturing,11-50,UK,Bristol,£1m-£10m,2002,Series A,Spreadsheet,none,[],True,4
Riverside Pharma Inc,riversidephar-group.example,Healthcare,51-200,US,Seattle,£50m-£250m,2022,Bootstrapped,HubSpot,£5k-£25k,"[""Google Ads"", ""Meta Ads""]",True,6
Orchard Software SAS,orchardsoft-group.example,Software,11-50,FR,Lyon,£1m-£10m,2010,Bootstrapped,HubSpot,under £5k,"[""LinkedIn Ads""]",False,0
Ivywood Fabrication Inc,ivywoodfabr-group.example,Manufacturing,1-10,US,Austin,under £1m,1998,Seed,Pipedrive,under £5k,"[""Meta Ads""]",True,1
Rosewood Stores Inc,rosewood-stores.example,Retail,1-10,US,Chicago,under £1m,2021,Seed,No CRM,under £5k,"[""Google Ads""]",False,0
Oakridge Education Inc,oakridge-education.example,Education,1-10,US,San Francisco,under £1m,2014,Bootstrapped,Salesforce,under £5k,"[""TikTok Ads""]",False,0
Moorland Care Ltd,moorlandcare-group.example,Healthcare,1-10,UK,Manchester,under £1m,2024,Bootstrapped,HubSpot,under £5k,"[""Meta Ads""]",True,4
Dunmore Trading Ltd,dunmore-trading.example,Retail,11-50,UK,Edinburgh,£1m-£10m,2010,Series A,HubSpot,under £5k,"[""Google Ads""]",False,0
Larkspur Accountants GmbH,larkspuracco-group.example,Professional services,51-200,DE,Hamburg,£10m-£50m,2024,Bootstrapped,HubSpot,under £5k,"[""Google Ads""]",False,0
Silverline Capital GmbH,silverlinecapi-group.example,Financial services,11-50,DE,Berlin,£1m-£10m,2009,Bootstrapped,Salesforce,under £5k,"[""Google Ads""]",False,0
Ivywood Partners Ltd,ivywood-partners.example,Financial services,51-200,UK,Leeds,£10m-£50m,1996,Bootstrapped,Salesforce,under £5k,"[""Meta Ads""]",True,10
Harbour College Ltd,harbour-college.example,Education,1-10,UK,London,under £1m,2003,Bootstrapped,Salesforce,£5k-£25k,"[""Google Ads"", ""LinkedIn Ads""]",True,3
Redwood Fabrication GmbH,redwood-fabrication.example,Manufacturing,1-10,DE,Hamburg,under £1m,2004,Bootstrapped,HubSpot,none,[],False,0
Aurora Systems Inc,aurorasyst-group.example,Software,1-10,US,New York,£1m-£10m,2012,Bootstrapped,Pipedrive,under £5k,"[""LinkedIn Ads""]",False,0
Emberly Engineering GmbH,emberlyengi-group.example,Manufacturing,201-1000,DE,Berlin,£50m-£250m,1981,Series C+,No CRM,£100k+,"[""Google Ads"", ""LinkedIn Ads"", ""Meta Ads"", ""Microsoft Ads""]",True,15
Nimbus Components Inc,nimbuscomp-group.example,Manufacturing,1-10,US,Boston,under £1m,2001,Bootstrapped,HubSpot,none,[],False,0
Quartz Freight Ltd,quartz-freight.example,Logistics,1000+,UK,Edinburgh,£250m+,1980,Bootstrapped,Spreadsheet,£25k-£100k,"[""Google Ads"", ""Meta Ads"", ""TikTok Ads""]",True,65
Highgate Lending SAS,highgate-lending.example,Financial services,1-10,FR,Lille,under £1m,2023,Seed,Salesforce,under £5k,"[""Microsoft Ads""]",False,0
Stonebridge Accountants SAS,stonebridge-accountants.example,Professional services,201-1000,FR,Toulouse,£250m+,1979,Series B,Salesforce,£5k-£25k,"[""Google Ads"", ""LinkedIn Ads""]",True,19
Kelvin Legal Inc,kelvin-legal.example,Professional services,201-1000,US,Seattle,£50m-£250m,1996,Series B,HubSpot,£5k-£25k,"[""LinkedIn Ads"", ""Microsoft Ads""]",False,0
Cedar Engineering GmbH,cedar-engineering.example,Manufacturing,1000+,DE,Frankfurt,£250m+,2018,Public,HubSpot,£100k+,"[""LinkedIn Ads"", ""Meta Ads"", ""Microsoft Ads"", ""TikTok Ads""]",True,61
Redwood Finance Inc,redwoodfina-group.example,Financial services,1-10,US,Austin,under £1m,2011,Bootstrapped,No CRM,under £5k,"[""Google Ads""]",True,1
Beacon Associates Ltd,beacon-associates.example,Professional services,1-10,UK,Birmingham,£1m-£10m,2023,Seed,No CRM,under £5k,"[""Microsoft Ads""]",False,0
Willow College BV,willow-college.example,Education,11-50,NL,Utrecht,£1m-£10m,2016,Bootstrapped,Pipedrive,£25k-£100k,"[""LinkedIn Ads"", ""Meta Ads"", ""TikTok Ads""]",True,5
Falcon Components Inc,falcon-components.example,Manufacturing,11-50,US,Chicago,£1m-£10m,2001,Bootstrapped,Spreadsheet,none,[],True,5
Ashford Stores GmbH,ashford-stores.example,Retail,1-10,DE,Hamburg,under £1m,2020,Bootstrapped,Salesforce,none,[],False,0
Heron Accountants SAS,heron-accountants.example,Professional services,201-1000,FR,Paris,£50m-£250m,2001,Public,HubSpot,£100k+,"[""LinkedIn Ads"", ""Meta Ads"", ""Microsoft Ads"", ""TikTok Ads""]",False,0
Inkwell Data Inc,inkwell-data.example,Software,1000+,US,Boston,£50m-£250m,1992,Bootstrapped,Salesforce,£100k+,"[""Google Ads"", ""LinkedIn Ads"", ""Meta Ads"", ""TikTok Ads""]",True,61
Yarrow College BV,yarrow-college.example,Education,1-10,NL,Eindhoven,under £1m,2012,Bootstrapped,Spreadsheet,none,[],False,0
Keystone Data BV,keystone-data.example,Software,201-1000,NL,Amsterdam,£50m-£250m,1988,Series A,Salesforce,£25k-£100k,"[""Google Ads"", ""LinkedIn Ads"", ""Meta Ads""]",False,0
Driftwood Labs BV,driftwood-labs.example,Software,1-10,NL,Rotterdam,under £1m,2024,Seed,Pipedrive,none,[],False,0
Pebble Pharma BV,pebble-pharma.example,Healthcare,1000+,NL,Amsterdam,£250m+,1973,Bootstrapped,HubSpot,£25k-£100k,"[""Google Ads"", ""LinkedIn Ads"", ""Meta Ads""]",True,65
Elmstead Market Ltd,elmstead-market.example,Retail,11-50,UK,Leeds,£1m-£10m,2000,Series A,HubSpot,none,[],False,0
Bluebell Industries Ltd,bluebell-industries.example,Manufacturing,1000+,UK,Bristol,£250m+,1979,Series B,Salesforce,£100k+,"[""Google Ads"", ""LinkedIn Ads"", ""Meta Ads"", ""Microsoft Ads""]",True,69
Cedar Freight Ltd,cedar-freight.example,Logistics,11-50,UK,London,£1m-£10m,2015,Series A,HubSpot,under £5k,"[""LinkedIn Ads""]",False,0
Harbour Shipping SAS,harbour-shipping.example,Logistics,11-50,FR,Lille,£1m-£10m,2015,Series A,HubSpot,under £5k,"[""Google Ads""]",False,0
Kelvin Shipping GmbH,kelvin-shipping.example,Logistics,201-1000,DE,Munich,£50m-£250m,1972,Bootstrapped,Salesforce,£5k-£25k,"[""Meta Ads"", ""TikTok Ads""]",False,0
Lantern Consulting Inc,lantern-consulting.example,Professional services,1000+,US,Boston,£250m+,1974,Public,Salesforce,£25k-£100k,"[""Google Ads"", ""Meta Ads"", ""Microsoft Ads""]",True,65
Stonebridge Cloud Ltd,stonebridge-cloud.example,Software,51-200,UK,Manchester,£10m-£50m,2007,Series B,HubSpot,£5k-£25k,"[""Google Ads"", ""Microsoft Ads""]",True,17
Kelvin Insurance GmbH,kelvin-insurance.example,Financial services,51-200,DE,Berlin,£10m-£50m,2014,Bootstrapped,Salesforce,under £5k,"[""TikTok Ads""]",True,10
Nettlefield Training GmbH,nettlefieldtrai-group.example,Education,1-10,DE,Frankfurt,under £1m,2000,Seed,Pipedrive,none,[],False,0
Highgate Logistics SAS,highgatelogi-group.example,Logistics,11-50,FR,Lyon,£1m-£10m,2017,Bootstrapped,HubSpot,under £5k,"[""Microsoft Ads""]",False,0
Inkwell Labs Inc,inkwell-labs.example,Software,11-50,US,San Francisco,£10m-£50m,2004,Series A,HubSpot,none,[],False,0
Jasper Shipping Inc,jasper-shipping.example,Logistics,11-50,US,New York,under £1m,2023,Seed,Pipedrive,under £5k,"[""LinkedIn Ads""]",True,2
Silverline College Inc,silverlinecoll-group.example,Education,201-1000,US,Chicago,£50m-£250m,1988,Series B,Salesforce,£5k-£25k,"[""Google Ads"", ""Microsoft Ads""]",True,15
Marigold Wealth Ltd,marigold-wealth.example,Financial services,1-10,UK,Manchester,under £1m,2009,Seed,HubSpot,under £5k,"[""LinkedIn Ads""]",False,0
Moorland Clinics Inc,moorlandclin-group.example,Healthcare,11-50,US,San Francisco,£1m-£10m,2000,Series B,Salesforce,under £5k,"[""Google Ads""]",False,0
Tamarind Accountants Inc,tamarind-accountants.example,Professional services,201-1000,US,San Francisco,£50m-£250m,2013,Series A,Salesforce,£25k-£100k,"[""LinkedIn Ads"", ""Meta Ads"", ""Microsoft Ads""]",True,18
Falcon Academy Ltd,falcon-academy.example,Education,1-10,UK,Manchester,under £1m,2013,Seed,Salesforce,under £5k,"[""LinkedIn Ads""]",False,0
Bluebell Legal Ltd,bluebelllega-group.example,Professional services,51-200,UK,Leeds,£10m-£50m,2004,Series A,Pipedrive,under £5k,"[""LinkedIn Ads""]",False,0
Cobalt Finance BV,cobalt-finance.example,Financial services,11-50,NL,Utrecht,£1m-£10m,2011,Bootstrapped,No CRM,£5k-£25k,"[""Google Ads"", ""LinkedIn Ads""]",False,0
Westbrook Partners SAS,westbrook-partners.example,Financial services,51-200,FR,Toulouse,£10m-£50m,2021,Series B,Salesforce,£5k-£25k,"[""Google Ads"", ""Meta Ads""]",True,7
Oldfield Works Inc,oldfield-works.example,Manufacturing,11-50,US,Austin,£1m-£10m,2007,Series A,Salesforce,£5k-£25k,"[""Google Ads"", ""LinkedIn Ads""]",False,0
Ashford Shipping Inc,ashford-shipping.example,Logistics,11-50,US,Seattle,under £1m,2020,Bootstrapped,No CRM,£5k-£25k,"[""Google Ads"", ""LinkedIn Ads""]",True,5
Ivywood Transport Ltd,ivywood-transport.example,Logistics,51-200,UK,Birmingham,£10m-£50m,1998,Series B,Pipedrive,under £5k,"[""Meta Ads""]",True,10
Vantage Transport GmbH,vantage-transport.example,Logistics,1-10,DE,Munich,under £1m,2010,Bootstrapped,Pipedrive,none,[],False,0
Cobalt Health BV,cobalt-health.example,Healthcare,51-200,NL,Eindhoven,£10m-£50m,1998,Series B,Pipedrive,under £5k,"[""Microsoft Ads""]",True,7
Rosewood Medical GmbH,rosewood-medical.example,Healthcare,51-200,DE,Hamburg,£50m-£250m,2021,Series A,Pipedrive,none,[],True,10
Emberly Stores GmbH,emberlystor-group.example,Retail,1-10,DE,Munich,under £1m,2012,Bootstrapped,Pipedrive,under £5k,"[""LinkedIn Ads""]",False,0
Redwood Data Ltd,redwooddata-group.example,Software,1-10,UK,Manchester,under £1m,2017,Bootstrapped,Spreadsheet,£25k-£100k,"[""Google Ads"", ""LinkedIn Ads"", ""TikTok Ads""]",False,0
Aurora Works GmbH,aurorawork-group.example,Manufacturing,51-200,DE,Hamburg,£10m-£50m,2009,Series A,Salesforce,£100k+,"[""Google Ads"", ""LinkedIn Ads"", ""Meta Ads"", ""Microsoft Ads""]",False,0
Lantern Pharma Ltd,lanternphar-group.example,Healthcare,11-50,UK,Edinburgh,£1m-£10m,2010,Bootstrapped,No CRM,none,[],False,0
Greystone Accountants Ltd,greystone-accountants.example,Professional services,11-50,UK,Bristol,£1m-£10m,2001,Bootstrapped,Spreadsheet,£5k-£25k,"[""Meta Ads"", ""Microsoft Ads""]",True,1
Falcon Goods Ltd,falcon-goods.example,Retail,11-50,UK,London,£1m-£10m,2020,Seed,Spreadsheet,under £5k,"[""Google Ads""]",False,0
Kelvin Manufacturing SAS,kelvin-manufacturing.example,Manufacturing,201-1000,FR,Toulouse,£50m-£250m,1985,Series A,Salesforce,£25k-£100k,"[""Meta Ads"", ""Microsoft Ads"", ""TikTok Ads""]",False,0
Foxglove Care Inc,foxglovecare-group.example,Healthcare,1-10,US,New York,under £1m,2018,Bootstrapped,No CRM,none,[],True,5
Heron Wealth Inc,heron-wealth.example,Financial services,1000+,US,San Francisco,£250m+,1998,Series C+,Salesforce,£100k+,"[""Google Ads"", ""Meta Ads"", ""Microsoft Ads"", ""TikTok Ads""]",True,64
Dovecote Clinics GmbH,dovecote-clinics.example,Healthcare,11-50,DE,Hamburg,£1m-£10m,1999,Seed,Spreadsheet,under £5k,"[""LinkedIn Ads""]",True,2
Ivywood Systems Ltd,ivywood-systems.example,Software,51-200,UK,Manchester,£10m-£50m,2003,Series A,Spreadsheet,£100k+,"[""Google Ads"", ""LinkedIn Ads"", ""Meta Ads"", ""TikTok Ads""]",True,11
Yarrow Learning Inc,yarrow-learning.example,Education,1-10,US,Chicago,under £1m,2005,Bootstrapped,Salesforce,none,[],False,0
Willow Capital Inc,willow-capital.example,Financial services,51-200,US,San Francisco,£10m-£50m,2010,Bootstrapped,Salesforce,£25k-£100k,"[""Google Ads"", ""Meta Ads"", ""Microsoft Ads""]",True,6
Valley Transport Ltd,valley-transport.example,Logistics,201-1000,UK,London,£50m-£250m,2010,Bootstrapped,HubSpot,£25k-£100k,"[""Google Ads"", ""Meta Ads"", ""Microsoft Ads""]",True,28
Evergreen Education Ltd,evergreen-education.example,Education,1000+,UK,Leeds,£250m+,2008,Private equity,Salesforce,£100k+,"[""Google Ads"", ""LinkedIn Ads"", ""Meta Ads"", ""TikTok Ads""]",True,55
Evergreen Digital SAS,evergreen-digital.example,Software,1-10,FR,Paris,under £1m,2021,Bootstrapped,Spreadsheet,under £5k,"[""Microsoft Ads""]",False,0
Ironbridge Wealth Ltd,ironbridgeweal-group.example,Financial services,1-10,UK,London,under £1m,2023,Bootstrapped,Spreadsheet,£5k-£25k,"[""Google Ads"", ""Meta Ads""]",False,0
Riverside Accountants Inc,riverside-accountants.example,Professional services,201-1000,US,San Francisco,£50m-£250m,2005,Private equity,Salesforce,£25k-£100k,"[""Google Ads"", ""LinkedIn Ads"", ""Meta Ads""]",False,0
Nettlefield Data SAS,nettlefielddata-group.example,Software,1-10,FR,Toulouse,under £1m,2016,Bootstrapped,HubSpot,none,[],False,0
Redwood Digital GmbH,redwood-digital.example,Software,51-200,DE,Hamburg,£10m-£50m,2018,Series B,Salesforce,£25k-£100k,"[""Google Ads"", ""Meta Ads"", ""Microsoft Ads""]",False,0
Bramble Cloud SAS,bramble-cloud.example,Software,51-200,FR,Paris,£10m-£50m,2010,Series C+,No CRM,£25k-£100k,"[""Google Ads"", ""LinkedIn Ads"", ""TikTok Ads""]",True,12
Quayside Pharma SAS,quayside-pharma.example,Healthcare,51-200,FR,Paris,£10m-£50m,2002,Private equity,HubSpot,£5k-£25k,"[""Google Ads"", ""Microsoft Ads""]",False,0
Riverside Retail Ltd,riversidereta-group.example,Retail,1000+,UK,Birmingham,£250m+,2018,Public,Salesforce,none,[],True,66
Aurora Partners Ltd,aurorapart-group.example,Financial services,1000+,UK,Birmingham,£250m+,1991,Public,Salesforce,£100k+,"[""Google Ads"", ""LinkedIn Ads"", ""Microsoft Ads"", ""TikTok Ads""]",True,47
Larkspur Couriers Inc,larkspur-couriers.example,Logistics,1-10,US,Austin,under £1m,2003,Bootstrapped,Pipedrive,none,[],False,0
Oldfield Systems GmbH,oldfield-systems.example,Software,201-1000,DE,Munich,£50m-£250m,2006,Bootstrapped,HubSpot,under £5k,"[""Meta Ads""]",True,24
Redwood Industries Ltd,redwood-industries.example,Manufacturing,51-200,UK,London,£1m-£10m,1998,Series B,Salesforce,under £5k,"[""LinkedIn Ads""]",True,14
Juniper Fabrication Ltd,juniper-fabrication.example,Manufacturing,201-1000,UK,London,£50m-£250m,2011,Series C+,Salesforce,none,[],False,0
Alder Retail Ltd,alderreta-group.example,Retail,201-1000,UK,Bristol,£250m+,2002,Bootstrapped,Salesforce,under £5k,"[""LinkedIn Ads""]",False,0
Saltmarsh Trading GmbH,saltmarshtrad-group.example,Retail,1-10,DE,Frankfurt,under £1m,2018,Bootstrapped,No CRM,none,[],True,1
Yarrow Clinics Ltd,yarrow-clinics.example,Healthcare,1-10,UK,Birmingham,under £1m,2024,Bootstrapped,Spreadsheet,under £5k,"[""TikTok Ads""]",False,0
Rosewood Goods Ltd,rosewood-goods.example,Retail,51-200,UK,London,£10m-£50m,2017,Series A,Salesforce,£5k-£25k,"[""Google Ads"", ""Meta Ads""]",False,0
Pennine Dental Inc,penninedent-group.example,Healthcare,11-50,US,Seattle,£1m-£10m,1998,Seed,Pipedrive,£5k-£25k,"[""Google Ads"", ""LinkedIn Ads""]",True,5
Yarrow Data SAS,yarrow-data.example,Software,201-1000,FR,Lyon,£50m-£250m,1996,Series C+,No CRM,£100k+,"[""Google Ads"", ""Meta Ads"", ""Microsoft Ads"", ""TikTok Ads""]",True,24
Inkwell Academy Ltd,inkwellacad-group.example,Education,1-10,UK,London,under £1m,1996,Seed,No CRM,under £5k,"[""Google Ads""]",False,0
Orchard Health SAS,orchard-health.example,Healthcare,1-10,FR,Toulouse,under £1m,2004,Seed,HubSpot,£5k-£25k,"[""Google Ads"", ""TikTok Ads""]",False,0
Lindenwood Advisory GmbH,lindenwood-advisory.example,Professional services,201-1000,DE,Berlin,£50m-£250m,2021,Bootstrapped,Pipedrive,£5k-£25k,"[""Meta Ads"", ""Microsoft Ads""]",True,18
Tidewater Engineering SAS,tidewater-engineering.example,Manufacturing,11-50,FR,Paris,under £1m,2022,Bootstrapped,No CRM,under £5k,"[""Microsoft Ads""]",True,1
Ironbridge Couriers Inc,ironbridgecour-group.example,Logistics,51-200,US,Boston,£10m-£50m,1996,Bootstrapped,Pipedrive,under £5k,"[""Meta Ads""]",False,0
Brightwater Labs SAS,brightwaterlabs-group.example,Software,11-50,FR,Lyon,£1m-£10m,2007,Seed,HubSpot,under £5k,"[""Meta Ads""]",False,0
Clearwater Goods Inc,clearwater-goods.example,Retail,201-1000,US,New York,£50m-£250m,1997,Series B,Salesforce,£25k-£100k,"[""Google Ads"", ""LinkedIn Ads"", ""Microsoft Ads""]",False,0
Dunmore Stores Inc,dunmorestor-group.example,Retail,201-1000,US,Austin,£50m-£250m,1987,Series C+,Salesforce,£25k-£100k,"[""Google Ads"", ""LinkedIn Ads"", ""TikTok Ads""]",False,0
Umber Learning Ltd,umber-learning.example,Education,11-50,UK,Leeds,£1m-£10m,2006,Series A,Salesforce,under £5k,"[""Meta Ads""]",True,2
Willow Accountants SAS,willow-accountants.example,Professional services,201-1000,FR,Lille,£50m-£250m,1991,Series C+,Salesforce,£5k-£25k,"[""Google Ads"", ""Microsoft Ads""]",True,23
Jasper Systems BV,jasper-systems.example,Software,11-50,NL,Utrecht,£1m-£10m,2024,Bootstrapped,Spreadsheet,under £5k,"[""Meta Ads""]",False,0
Meridian Software Ltd,meridiansoft-group.example,Software,51-200,UK,Manchester,£50m-£250m,2005,Series A,Spreadsheet,£5k-£25k,"[""LinkedIn Ads"", ""Meta Ads""]",True,8
Falcon Accountants Inc,falconacco-group.example,Professional services,1-10,US,Austin,under £1m,2006,Bootstrapped,HubSpot,under £5k,"[""Meta Ads""]",False,0
Clearwater Wealth BV,clearwater-wealth.example,Financial services,51-200,NL,Amsterdam,£10m-£50m,2018,Private equity,HubSpot,£5k-£25k,"[""Google Ads"", ""Microsoft Ads""]",False,0
Kelvin Tutors BV,kelvin-tutors.example,Education,1000+,NL,Eindhoven,£250m+,1998,Series C+,Pipedrive,£5k-£25k,"[""Google Ads"", ""Meta Ads""]",False,0
Inkwell Associates Ltd,inkwell-associates.example,Professional services,1-10,UK,Leeds,under £1m,2015,Seed,HubSpot,under £5k,"[""LinkedIn Ads""]",False,0
Upland Stores Ltd,uplandstor-group.example,Retail,51-200,UK,Leeds,£10m-£50m,2010,Bootstrapped,Salesforce,£25k-£100k,"[""Google Ads"", ""LinkedIn Ads"", ""Meta Ads""]",False,0
Tidewater Logistics SAS,tidewater-logistics.example,Logistics,51-200,FR,Paris,£10m-£50m,2001,Series B,Salesforce,£5k-£25k,"[""Microsoft Ads"", ""TikTok Ads""]",False,0
Driftwood Education Inc,driftwood-education.example,Education,1-10,US,Austin,£1m-£10m,2023,Bootstrapped,HubSpot,under £5k,"[""Meta Ads""]",False,0
Vantage Learning SAS,vantage-learning.example,Education,1-10,FR,Lille,under £1m,2024,Seed,HubSpot,none,[],False,0
Redwood Wealth SAS,redwood-wealth.example,Financial services,51-200,FR,Paris,£10m-£50m,2003,Bootstrapped,HubSpot,£5k-£25k,"[""Google Ads"", ""Meta Ads""]",False,0
Quartz Care Ltd,quartzcare-group.example,Healthcare,1-10,UK,Leeds,under £1m,2003,Bootstrapped,Spreadsheet,none,[],False,0
Larkspur Stores Inc,larkspur-stores.example,Retail,11-50,US,Seattle,£1m-£10m,2019,Series A,HubSpot,none,[],False,0
Moorland Haulage BV,moorland-haulage.example,Logistics,201-1000,NL,Eindhoven,£50m-£250m,1987,Series C+,Salesforce,£5k-£25k,"[""Google Ads"", ""Meta Ads""]",True,16
Fernhill Education Inc,fernhill-education.example,Education,11-50,US,San Francisco,£1m-£10m,2023,Bootstrapped,HubSpot,£5k-£25k,"[""Google Ads"", ""Microsoft Ads""]",True,8
Zephyr Health GmbH,zephyr-health.example,Healthcare,51-200,DE,Berlin,£10m-£50m,1998,Private equity,Spreadsheet,none,[],False,0
Nimbus College Ltd,nimbuscoll-group.example,Education,51-200,UK,Edinburgh,£10m-£50m,2019,Bootstrapped,HubSpot,£5k-£25k,"[""LinkedIn Ads"", ""Meta Ads""]",True,11
Lantern Retail GmbH,lanternreta-group.example,Retail,51-200,DE,Frankfurt,£10m-£50m,2006,Series B,Spreadsheet,£5k-£25k,"[""Google Ads"", ""Meta Ads""]",True,11
Dovecote Education Inc,dovecote-education.example,Education,1-10,US,Boston,under £1m,2000,Seed,No CRM,£5k-£25k,"[""Meta Ads"", ""Microsoft Ads""]",False,0
Thornbury Insurance Inc,thornburyinsu-group.example,Financial services,1-10,US,New York,£1m-£10m,2008,Seed,Spreadsheet,under £5k,"[""Microsoft Ads""]",False,0
Umber Dental Inc,umber-dental.example,Healthcare,1-10,US,San Francisco,under £1m,2018,Bootstrapped,Salesforce,under £5k,"[""Microsoft Ads""]",False,0
Inkwell Components Ltd,inkwellcomp-group.example,Manufacturing,201-1000,UK,Bristol,£50m-£250m,1996,Series B,Salesforce,none,[],True,21
Keystone Partners Ltd,keystonepart-group.example,Financial services,51-200,UK,London,£10m-£50m,2021,Series C+,HubSpot,£5k-£25k,"[""Google Ads"", ""Meta Ads""]",False,0
Oakridge Capital Inc,oakridge-capital.example,Financial services,1000+,US,Boston,£50m-£250m,2003,Public,Salesforce,£100k+,"[""Google Ads"", ""LinkedIn Ads"", ""Meta Ads"", ""Microsoft Ads""]",True,65
Marigold Academy SAS,marigoldacad-group.example,Education,51-200,FR,Lyon,£10m-£50m,1998,Series A,HubSpot,£100k+,"[""Google Ads"", ""Meta Ads"", ""Microsoft Ads"", ""TikTok Ads""]",True,11
Falcon Health SAS,falcon-health.example,Healthcare,1-10,FR,Paris,under £1m,2012,Seed,HubSpot,£25k-£100k,"[""Google Ads"", ""LinkedIn Ads"", ""Meta Ads""]",False,0
Pebble Systems GmbH,pebble-systems.example,Software,11-50,DE,Berlin,£1m-£10m,2012,Bootstrapped,HubSpot,none,[],False,0
Harbour Manufacturing Inc,harbour-manufacturing.example,Manufacturing,1000+,US,Austin,£250m+,2023,Private equity,Salesforce,£5k-£25k,"[""Meta Ads"", ""TikTok Ads""]",True,45
Umber Partners Ltd,umber-partners.example,Financial services,51-200,UK,Bristol,£10m-£50m,2021,Series A,Salesforce,£5k-£25k,"[""Google Ads"", ""Meta Ads""]",False,0
Ivywood Consulting Ltd,ivywood-consulting.example,Professional services,11-50,UK,Birmingham,£1m-£10m,1998,Bootstrapped,HubSpot,£25k-£100k,"[""Google Ads"", ""Meta Ads"", ""Microsoft Ads""]",False,0
Willow Advisory BV,willow-advisory.example,Professional services,11-50,NL,Amsterdam,under £1m,2002,Seed,Pipedrive,none,[],False,0
Bluebell Clinics GmbH,bluebell-clinics.example,Healthcare,1000+,DE,Munich,£250m+,1985,Private equity,No CRM,£5k-£25k,"[""Google Ads"", ""Meta Ads""]",True,69
Elmstead Cloud Ltd,elmsteadclou-group.example,Software,1-10,UK,Bristol,under £1m,2017,Bootstrapped,HubSpot,under £5k,"[""Microsoft Ads""]",False,0
Tamarind Components Inc,tamarindcomp-group.example,Manufacturing,1-10,US,Boston,under £1m,2003,Bootstrapped,HubSpot,under £5k,"[""Google Ads""]",False,0
Umber Health GmbH,umber-health.example,Healthcare,1-10,DE,Frankfurt,£1m-£10m,2024,Bootstrapped,HubSpot,£5k-£25k,"[""Google Ads"", ""LinkedIn Ads""]",True,1
Evergreen Consulting Inc,evergreen-consulting.example,Professional services,201-1000,US,San Francisco,£10m-£50m,2020,Series B,Salesforce,£5k-£25k,"[""Google Ads"", ""LinkedIn Ads""]",False,0
Fernhill Goods Ltd,fernhillgood-group.example,Retail,51-200,UK,Bristol,£10m-£50m,1996,Series B,Spreadsheet,£100k+,"[""Google Ads"", ""LinkedIn Ads"", ""Meta Ads"", ""Microsoft Ads""]",False,0
Kelvin Systems BV,kelvinsyst-group.example,Software,1-10,NL,Rotterdam,under £1m,2012,Bootstrapped,HubSpot,£25k-£100k,"[""LinkedIn Ads"", ""Meta Ads"", ""Microsoft Ads""]",False,0
Highgate Industries GmbH,highgateindu-group.example,Manufacturing,1-10,DE,Hamburg,under £1m,2012,Bootstrapped,HubSpot,under £5k,"[""Google Ads""]",True,1
Glenmoor Advisory Ltd,glenmooradvi-group.example,Professional services,201-1000,UK,Manchester,£50m-£250m,2017,Series C+,HubSpot,£25k-£100k,"[""LinkedIn Ads"", ""Meta Ads"", ""Microsoft Ads""]",True,26
Pinecrest Engineering Ltd,pinecrest-engineering.example,Manufacturing,51-200,UK,Birmingham,£10m-£50m,2012,Bootstrapped,Spreadsheet,£25k-£100k,"[""Google Ads"", ""LinkedIn Ads"", ""Microsoft Ads""]",True,10
Highgate Cloud Inc,highgate-cloud.example,Software,11-50,US,Boston,£1m-£10m,2005,Bootstrapped,Salesforce,£25k-£100k,"[""LinkedIn Ads"", ""Meta Ads"", ""TikTok Ads""]",False,0
Emberly Fabrication Inc,emberlyfabr-group.example,Manufacturing,11-50,US,Austin,£1m-£10m,2009,Bootstrapped,No CRM,none,[],False,0
Upland Academy GmbH,uplandacad-group.example,Education,11-50,DE,Munich,£1m-£10m,2016,Bootstrapped,Spreadsheet,none,[],True,1
Brightwater Training Ltd,brightwatertrai-group.example,Education,1-10,UK,Manchester,under £1m,2012,Bootstrapped,Spreadsheet,none,[],False,0
Kestrel Outfitters BV,kestreloutf-group.example,Retail,1-10,NL,Eindhoven,under £1m,1995,Bootstrapped,Spreadsheet,none,[],False,0
Quayside Couriers Inc,quaysidecour-group.example,Logistics,1-10,US,Boston,under £1m,2010,Bootstrapped,No CRM,£5k-£25k,"[""Google Ads"", ""TikTok Ads""]",False,0
Zephyr Freight SAS,zephyr-freight.example,Logistics,1-10,FR,Toulouse,under £1m,2016,Bootstrapped,Pipedrive,none,[],True,3
Evergreen Lending SAS,evergreen-lending.example,Financial services,1000+,FR,Toulouse,£250m+,2000,Public,Salesforce,£5k-£25k,"[""Google Ads"", ""Meta Ads""]",True,60
Granite Insurance Ltd,granite-insurance.example,Financial services,11-50,UK,Leeds,£1m-£10m,2010,Seed,HubSpot,none,[],True,5
Nettlefield Capital SAS,nettlefield-capital.example,Financial services,201-1000,FR,Lyon,£10m-£50m,2014,Bootstrapped,Salesforce,£100k+,"[""Google Ads"", ""LinkedIn Ads"", ""Meta Ads"", ""Microsoft Ads""]",True,22
Brightwater Software Ltd,brightwatersoft-group.example,Software,1-10,UK,Manchester,under £1m,2018,Seed,Spreadsheet,none,[],False,0
Tidewater Clinics BV,tidewater-clinics.example,Healthcare,11-50,NL,Amsterdam,£1m-£10m,2008,Bootstrapped,HubSpot,£5k-£25k,"[""LinkedIn Ads"", ""Microsoft Ads""]",True,8
Kestrel Academy SAS,kestrel-academy.example,Education,1000+,FR,Lille,£250m+,1965,Bootstrapped,Salesforce,£25k-£100k,"[""Google Ads"", ""Meta Ads"", ""TikTok Ads""]",True,67
Kestrel Training Ltd,kestreltrai-group.example,Education,51-200,UK,Birmingham,£10m-£50m,1996,Seed,Salesforce,under £5k,"[""Microsoft Ads""]",False,0
Jasper Consulting Ltd,jaspercons-group.example,Professional services,1-10,UK,Edinburgh,under £1m,2021,Seed,No CRM,none,[],False,0
Bluebell Learning Ltd,bluebell-learning.example,Education,11-50,UK,Manchester,under £1m,2018,Seed,HubSpot,£25k-£100k,"[""Google Ads"", ""LinkedIn Ads"", ""Meta Ads""]",True,5
Ivywood Capital Inc,ivywoodcapi-group.example,Financial services,11-50,US,Chicago,£1m-£10m,2015,Seed,Salesforce,under £5k,"[""Google Ads""]",False,0
Yarrow Digital Ltd,yarrow-digital.example,Software,201-1000,UK,London,£10m-£50m,1987,Series A,Spreadsheet,£100k+,"[""Google Ads"", ""LinkedIn Ads"", ""Meta Ads"", ""TikTok Ads""]",False,0
Granite College GmbH,granite-college.example,Education,51-200,DE,Munich,£10m-£50m,2024,Bootstrapped,Salesforce,under £5k,"[""Google Ads""]",False,0
Cobalt Outfitters Ltd,cobaltoutf-group.example,Retail,11-50,UK,Bristol,£1m-£10m,2013,Series A,No CRM,£5k-£25k,"[""LinkedIn Ads"", ""TikTok Ads""]",False,0
Umber Couriers BV,umber-couriers.example,Logistics,201-1000,NL,Eindhoven,£50m-£250m,1965,Series B,Salesforce,£5k-£25k,"[""Google Ads"", ""Meta Ads""]",True,28
Cedar Market Ltd,cedarmark-group.example,Retail,11-50,UK,Edinburgh,£1m-£10m,2024,Bootstrapped,Spreadsheet,£5k-£25k,"[""Google Ads"", ""LinkedIn Ads""]",True,5
Granite Tutors Ltd,granite-tutors.example,Education,11-50,UK,London,£1m-£10m,2024,Seed,Pipedrive,£5k-£25k,"[""Google Ads"", ""Microsoft Ads""]",False,0
Zephyr Logistics Inc,zephyr-logistics.example,Logistics,11-50,US,New York,£1m-£10m,2023,Seed,HubSpot,none,[],True,6
Beacon Labs Ltd,beacon-labs.example,Software,51-200,UK,Birmingham,£10m-£50m,2014,Series B,HubSpot,£5k-£25k,"[""LinkedIn Ads"", ""Meta Ads""]",False,0
Meridian Consulting Inc,meridian-consulting.example,Professional services,11-50,US,New York,under £1m,1995,Seed,Spreadsheet,£25k-£100k,"[""LinkedIn Ads"", ""Meta Ads"", ""Microsoft Ads""]",False,0
Highgate Trading GmbH,highgate-trading.example,Retail,11-50,DE,Berlin,£1m-£10m,1998,Series A,HubSpot,under £5k,"[""Meta Ads""]",True,6
Jasper Trading SAS,jasper-trading.example,Retail,11-50,FR,Lille,£10m-£50m,1999,Series B,HubSpot,under £5k,"[""Meta Ads""]",True,3
Nettlefield Lending Ltd,nettlefieldlend-group.example,Financial services,201-1000,UK,Bristol,£50m-£250m,2023,Private equity,Salesforce,£5k-£25k,"[""Meta Ads"", ""Microsoft Ads""]",True,26
Dunmore Associates Inc,dunmore-associates.example,Professional services,51-200,US,Austin,£10m-£50m,2003,Bootstrapped,Salesforce,£25k-£100k,"[""Google Ads"", ""Meta Ads"", ""TikTok Ads""]",False,0
Nimbus Freight Inc,nimbusfrei-group.example,Logistics,201-1000,US,Chicago,£10m-£50m,1983,Series B,Salesforce,£100k+,"[""Google Ads"", ""LinkedIn Ads"", ""Meta Ads"", ""Microsoft Ads""]",False,0
Nimbus Recruitment Ltd,nimbus-recruitment.example,Professional services,11-50,UK,Leeds,£10m-£50m,2006,Series A,Spreadsheet,£5k-£25k,"[""Google Ads"", ""LinkedIn Ads""]",False,0
Yarrow Transport GmbH,yarrow-transport.example,Logistics,11-50,DE,Berlin,£1m-£10m,2016,Series B,HubSpot,£5k-£25k,"[""LinkedIn Ads"", ""Microsoft Ads""]",True,5
Jasper Haulage Inc,jasper-haulage.example,Logistics,11-50,US,Seattle,£10m-£50m,2005,Bootstrapped,Spreadsheet,under £5k,"[""TikTok Ads""]",False,0
Harbour Training Inc,harbour-training.example,Education,1-10,US,San Francisco,under £1m,2024,Bootstrapped,Spreadsheet,none,[],True,1
Larkspur Associates Ltd,larkspur-associates.example,Professional services,1000+,UK,London,£250m+,1973,Private equity,Salesforce,£100k+,"[""Google Ads"", ""LinkedIn Ads"", ""Meta Ads"", ""Microsoft Ads""]",True,71
Moorland Legal Inc,moorland-legal.example,Professional services,201-1000,US,Chicago,£50m-£250m,1990,Private equity,HubSpot,£25k-£100k,"[""Google Ads"", ""Microsoft Ads"", ""TikTok Ads""]",True,27
Dovecote College Ltd,dovecote-college.example,Education,11-50,UK,London,£1m-£10m,1999,Series A,No CRM,£5k-£25k,"[""Meta Ads"", ""Microsoft Ads""]",False,0
Stonebridge Freight BV,stonebridgefrei-group.example,Logistics,51-200,NL,Eindhoven,£10m-£50m,1995,Bootstrapped,HubSpot,£100k+,"[""Google Ads"", ""LinkedIn Ads"", ""Meta Ads"", ""Microsoft Ads""]",False,0
Glenmoor Dental Ltd,glenmoor-dental.example,Healthcare,1000+,UK,Manchester,£250m+,1981,Public,Salesforce,£100k+,"[""Google Ads"", ""LinkedIn Ads"", ""Meta Ads"", ""TikTok Ads""]",False,0
Dunmore Goods GmbH,dunmore-goods.example,Retail,1-10,DE,Frankfurt,under £1m,2018,Seed,No CRM,none,[],False,0
Redwood Medical Inc,redwood-medical.example,Healthcare,1-10,US,Austin,under £1m,2004,Seed,HubSpot,none,[],False,0
Bluebell Logistics SAS,bluebell-logistics.example,Logistics,51-200,FR,Toulouse,£10m-£50m,2014,Bootstrapped,HubSpot,£5k-£25k,"[""Google Ads"", ""Meta Ads""]",False,0
Glenmoor College Ltd,glenmoor-college.example,Education,1-10,UK,Manchester,under £1m,2011,Seed,HubSpot,under £5k,"[""LinkedIn Ads""]",True,3
Heron Market GmbH,heron-market.example,Retail,11-50,DE,Frankfurt,£1m-£10m,1997,Bootstrapped,No CRM,under £5k,"[""LinkedIn Ads""]",False,0
Valley Academy Ltd,valley-academy.example,Education,51-200,UK,Edinburgh,£10m-£50m,1996,Series B,HubSpot,£25k-£100k,"[""Google Ads"", ""Meta Ads"", ""Microsoft Ads""]",True,10
Lindenwood Clinics Inc,lindenwood-clinics.example,Healthcare,201-1000,US,Boston,£50m-£250m,2016,Series B,Salesforce,£25k-£100k,"[""Google Ads"", ""LinkedIn Ads"", ""Meta Ads""]",True,22
Clearwater Partners Inc,clearwater-partners.example,Financial services,11-50,US,Chicago,£1m-£10m,2001,Seed,No CRM,£25k-£100k,"[""Google Ads"", ""LinkedIn Ads"", ""Meta Ads""]",True,5
Driftwood Engineering GmbH,driftwoodengi-group.example,Manufacturing,1-10,DE,Berlin,under £1m,1999,Seed,No CRM,under £5k,"[""Meta Ads""]",True,2
Westbrook Clinics GmbH,westbrook-clinics.example,Healthcare,1-10,DE,Munich,under £1m,2024,Seed,HubSpot,under £5k,"[""Meta Ads""]",False,0
Bluebell Market GmbH,bluebellmark-group.example,Retail,51-200,DE,Frankfurt,£10m-£50m,1996,Bootstrapped,Salesforce,£100k+,"[""Google Ads"", ""LinkedIn Ads"", ""Meta Ads"", ""Microsoft Ads""]",False,0
Elmstead Lending SAS,elmstead-lending.example,Financial services,1-10,FR,Toulouse,£1m-£10m,2000,Seed,Spreadsheet,under £5k,"[""Google Ads""]",False,0
Tidewater Pharma Ltd,tidewater-pharma.example,Healthcare,51-200,UK,Bristol,£10m-£50m,2007,Series B,HubSpot,under £5k,"[""Meta Ads""]",False,0
Silverline Accountants Inc,silverline-accountants.example,Professional services,11-50,US,Seattle,£1m-£10m,2015,Seed,Pipedrive,under £5k,"[""Meta Ads""]",False,0
Silverline Fabrication Inc,silverline-fabrication.example,Manufacturing,11-50,US,San Francisco,£1m-£10m,1996,Bootstrapped,HubSpot,£25k-£100k,"[""Google Ads"", ""Meta Ads"", ""Microsoft Ads""]",True,4
Tidewater Retail Ltd,tidewater-retail.example,Retail,51-200,UK,Leeds,£10m-£50m,2001,Series B,Salesforce,none,[],False,0
Foxglove Shipping GmbH,foxgloveship-group.example,Logistics,201-1000,DE,Berlin,£50m-£250m,1996,Series A,Salesforce,£25k-£100k,"[""Google Ads"", ""Microsoft Ads"", ""TikTok Ads""]",False,0
Pennine Training BV,penninetrai-group.example,Education,1-10,NL,Rotterdam,under £1m,2001,Bootstrapped,Pipedrive,none,[],False,0
Pennine Recruitment Ltd,pennine-recruitment.example,Professional services,51-200,UK,London,£10m-£50m,2022,Series B,Salesforce,£5k-£25k,"[""Google Ads"", ""TikTok Ads""]",True,14
Clearwater Pharma Ltd,clearwater-pharma.example,Healthcare,51-200,UK,Manchester,£10m-£50m,2021,Series A,Spreadsheet,none,[],False,0
Oakridge Legal Ltd,oakridgelega-group.example,Professional services,11-50,UK,London,£1m-£10m,2012,Series B,HubSpot,none,[],False,0
Redwood Tutors SAS,redwoodtuto-group.example,Education,11-50,FR,Lille,£1m-£10m,2001,Bootstrapped,HubSpot,under £5k,"[""Google Ads""]",False,0
Hawthorn Pharma Ltd,hawthorn-pharma.example,Healthcare,1-10,UK,Bristol,£1m-£10m,2008,Seed,No CRM,none,[],False,0
Ashford College GmbH,ashford-college.example,Education,51-200,DE,Berlin,£10m-£50m,2019,Series B,Spreadsheet,under £5k,"[""Meta Ads""]",False,0
Meridian Dental GmbH,meridian-dental.example,Healthcare,51-200,DE,Munich,£50m-£250m,2021,Bootstrapped,Pipedrive,under £5k,"[""LinkedIn Ads""]",False,0
Westbrook Lending GmbH,westbrooklend-group.example,Financial services,51-200,DE,Hamburg,£10m-£50m,2004,Series B,Salesforce,under £5k,"[""Meta Ads""]",True,11
Lantern Legal Ltd,lanternlega-group.example,Professional services,1-10,UK,Edinburgh,under £1m,2024,Bootstrapped,Spreadsheet,none,[],False,0
Marigold Manufacturing Ltd,marigold-manufacturing.example,Manufacturing,51-200,UK,Edinburgh,£10m-£50m,2007,Series B,Salesforce,under £5k,"[""Meta Ads""]",True,11
Orchard Freight Ltd,orchard-freight.example,Logistics,1-10,UK,Manchester,£1m-£10m,2006,Seed,HubSpot,none,[],False,0
Meridian Manufacturing GmbH,meridian-manufacturing.example,Manufacturing,1000+,DE,Berlin,£250m+,2017,Bootstrapped,HubSpot,£25k-£100k,"[""Google Ads"", ""Microsoft Ads"", ""TikTok Ads""]",True,68
Yarrow Associates GmbH,yarrow-associates.example,Professional services,51-200,DE,Munich,£10m-£50m,2014,Series B,Salesforce,under £5k,"[""Meta Ads""]",False,0
Valley Lending Inc,valley-lending.example,Financial services,51-200,US,New York,£10m-£50m,2005,Series B,HubSpot,£5k-£25k,"[""Google Ads"", ""LinkedIn Ads""]",True,12
Rosewood Systems Inc,rosewood-systems.example,Software,11-50,US,Chicago,£10m-£50m,2020,Bootstrapped,HubSpot,none,[],False,0
Oldfield Stores Inc,oldfieldstor-group.example,Retail,201-1000,US,Boston,£50m-£250m,1981,Series C+,Salesforce,£100k+,"[""Google Ads"", ""Meta Ads"", ""Microsoft Ads"", ""TikTok Ads""]",True,13
Nimbus Stores BV,nimbusstor-group.example,Retail,11-50,NL,Eindhoven,£1m-£10m,2019,Bootstrapped,Pipedrive,under £5k,"[""LinkedIn Ads""]",False,0
Saltmarsh Advisory Inc,saltmarsh-advisory.example,Professional services,11-50,US,Seattle,£1m-£10m,2022,Bootstrapped,Pipedrive,under £5k,"[""LinkedIn Ads""]",False,0
Jasper Components Inc,jasper-components.example,Manufacturing,201-1000,US,Chicago,£50m-£250m,1988,Bootstrapped,No CRM,£25k-£100k,"[""LinkedIn Ads"", ""Meta Ads"", ""TikTok Ads""]",True,20
Oakridge Couriers SAS,oakridgecour-group.example,Logistics,51-200,FR,Paris,£10m-£50m,1996,Bootstrapped,Spreadsheet,£5k-£25k,"[""LinkedIn Ads"", ""Meta Ads""]",True,5
Willow Industries Inc,willowindu-group.example,Manufacturing,201-1000,US,Boston,£50m-£250m,1971,Series C+,Salesforce,£25k-£100k,"[""Google Ads"", ""Meta Ads"", ""Microsoft Ads""]",True,18
Stonebridge Engineering SAS,stonebridge-engineering.example,Manufacturing,51-200,FR,Lyon,£1m-£10m,2023,Series A,HubSpot,£5k-£25k,"[""Microsoft Ads"", ""TikTok Ads""]",False,0
Umber Lending Inc,umber-lending.example,Financial services,1000+,US,Seattle,£250m+,2009,Private equity,HubSpot,£25k-£100k,"[""LinkedIn Ads"", ""Meta Ads"", ""Microsoft Ads""]",True,64
Falcon College Ltd,falcon-college.example,Education,1-10,UK,Edinburgh,under £1m,2014,Series A,Spreadsheet,under £5k,"[""TikTok Ads""]",False,0
Juniper Goods Ltd,juniper-goods.example,Retail,1000+,UK,Manchester,£250m+,2013,Series C+,HubSpot,£100k+,"[""Google Ads"", ""LinkedIn Ads"", ""Meta Ads"", ""Microsoft Ads""]",True,63
Orchard Digital Inc,orchard-digital.example,Software,1000+,US,Austin,£250m+,1988,Public,Salesforce,£100k+,"[""Google Ads"", ""LinkedIn Ads"", ""Meta Ads"", ""Microsoft Ads""]",False,0
Tamarind Finance Inc,tamarind-finance.example,Financial services,201-1000,US,Boston,£50m-£250m,2003,Public,Salesforce,£5k-£25k,"[""Google Ads"", ""Microsoft Ads""]",False,0
Saltmarsh Wealth Inc,saltmarshweal-group.example,Financial services,51-200,US,Seattle,£50m-£250m,2003,Series B,Spreadsheet,£5k-£25k,"[""Google Ads"", ""Meta Ads""]",True,8
Oakridge Engineering SAS,oakridge-engineering.example,Manufacturing,201-1000,FR,Paris,£50m-£250m,1965,Private equity,Salesforce,£5k-£25k,"[""Google Ads"", ""Microsoft Ads""]",False,0
Pennine Industries BV,pennineindu-group.example,Manufacturing,1-10,NL,Amsterdam,under £1m,2020,Bootstrapped,HubSpot,under £5k,"[""TikTok Ads""]",False,0
Dunmore Pharma Ltd,dunmorephar-group.example,Healthcare,51-200,UK,Leeds,£10m-£50m,2017,Series A,HubSpot,under £5k,"[""Google Ads""]",True,11
Driftwood Shipping GmbH,driftwood-shipping.example,Logistics,51-200,DE,Hamburg,£10m-£50m,2010,Private equity,No CRM,under £5k,"[""Google Ads""]",True,7
Fernhill Insurance Ltd,fernhillinsu-group.example,Financial services,1000+,UK,Edinburgh,£250m+,2009,Series C+,Salesforce,£25k-£100k,"[""Google Ads"", ""Meta Ads"", ""Microsoft Ads""]",True,58
Pinecrest Health BV,pinecrest-health.example,Healthcare,1-10,NL,Amsterdam,under £1m,2005,Seed,Spreadsheet,under £5k,"[""Google Ads""]",False,0
Beacon Clinics Ltd,beacon-clinics.example,Healthcare,11-50,UK,Manchester,£1m-£10m,2012,Bootstrapped,Pipedrive,£5k-£25k,"[""LinkedIn Ads"", ""Meta Ads""]",True,4
Highgate Insurance Inc,highgate-insurance.example,Financial services,201-1000,US,New York,£50m-£250m,2004,Public,Salesforce,£5k-£25k,"[""Google Ads"", ""Meta Ads""]",True,25
Nimbus Couriers SAS,nimbus-couriers.example,Logistics,51-200,FR,Toulouse,£10m-£50m,2008,Series A,HubSpot,£25k-£100k,"[""Google Ads"", ""LinkedIn Ads"", ""Meta Ads""]",True,10
Westbrook Legal Ltd,westbrook-legal.example,Professional services,11-50,UK,London,£1m-£10m,2011,Series A,Salesforce,none,[],True,3
Yarrow Cloud BV,yarrow-cloud.example,Software,201-1000,NL,Eindhoven,£50m-£250m,1970,Public,Salesforce,£25k-£100k,"[""Google Ads"", ""LinkedIn Ads"", ""Meta Ads""]",False,0
Thornbury Cloud Inc,thornbury-cloud.example,Software,1-10,US,Austin,£1m-£10m,2004,Bootstrapped,Salesforce,none,[],True,1
Quartz Capital SAS,quartzcapi-group.example,Financial services,11-50,FR,Paris,£1m-£10m,2019,Bootstrapped,No CRM,under £5k,"[""Microsoft Ads""]",False,0
Upland Legal Ltd,upland-legal.example,Professional services,51-200,UK,Edinburgh,£10m-£50m,1999,Series B,HubSpot,under £5k,"[""Microsoft Ads""]",True,17
Oakridge Partners BV,oakridge-partners.example,Financial services,1-10,NL,Rotterdam,under £1m,2022,Seed,Pipedrive,£5k-£25k,"[""Google Ads"", ""LinkedIn Ads""]",False,0
Meridian Health BV,meridianheal-group.example,Healthcare,201-1000,NL,Utrecht,£50m-£250m,1991,Series C+,Pipedrive,£25k-£100k,"[""Meta Ads"", ""Microsoft Ads"", ""TikTok Ads""]",True,18
Yarrow Haulage Ltd,yarrow-haulage.example,Logistics,201-1000,UK,Leeds,£50m-£250m,2000,Public,Salesforce,£5k-£25k,"[""LinkedIn Ads"", ""Meta Ads""]",True,24
Driftwood Training Ltd,driftwood-training.example,Education,201-1000,UK,Edinburgh,£50m-£250m,1977,Bootstrapped,Salesforce,£100k+,"[""Google Ads"", ""LinkedIn Ads"", ""Meta Ads"", ""TikTok Ads""]",True,23
Orchard Stores Ltd,orchardstor-group.example,Retail,1-10,UK,Bristol,under £1m,2015,Bootstrapped,Spreadsheet,under £5k,"[""Microsoft Ads""]",False,0
Beacon Care Inc,beaconcare-group.example,Healthcare,1-10,US,Seattle,under £1m,2019,Seed,Spreadsheet,under £5k,"[""Microsoft Ads""]",False,0
Yarrow Advisory Ltd,yarrowadvi-group.example,Professional services,1-10,UK,Leeds,under £1m,2017,Bootstrapped,HubSpot,under £5k,"[""LinkedIn Ads""]",False,0
Redwood Goods Ltd,redwoodgood-group.example,Retail,1-10,UK,Edinburgh,under £1m,2018,Seed,Pipedrive,under £5k,"[""Meta Ads""]",False,0
Moorland Health Ltd,moorland-health.example,Healthcare,1000+,UK,Manchester,£250m+,1990,Private equity,Salesforce,£25k-£100k,"[""Google Ads"", ""LinkedIn Ads"", ""Meta Ads""]",True,69
Upland Systems BV,upland-systems.example,Software,51-200,NL,Rotterdam,£10m-£50m,1995,Series B,HubSpot,£5k-£25k,"[""Google Ads"", ""Meta Ads""]",True,6
Beacon Stores Ltd,beacon-stores.example,Retail,1-10,UK,Birmingham,under £1m,2015,Bootstrapped,Spreadsheet,under £5k,"[""Meta Ads""]",False,0
Clearwater Care Inc,clearwater-care.example,Healthcare,11-50,US,Boston,£10m-£50m,2014,Bootstrapped,Spreadsheet,under £5k,"[""Google Ads""]",True,5
Tamarind Freight BV,tamarind-freight.example,Logistics,1-10,NL,Amsterdam,under £1m,2018,Seed,Spreadsheet,under £5k,"[""Google Ads""]",True,2
Hawthorn Retail GmbH,hawthorn-retail.example,Retail,1000+,DE,Berlin,£250m+,2005,Private equity,Salesforce,£25k-£100k,"[""Google Ads"", ""Microsoft Ads"", ""TikTok Ads""]",True,68
Hawthorn Advisory Inc,hawthornadvi-group.example,Professional services,1-10,US,Boston,£1m-£10m,2001,Seed,No CRM,none,[],True,1
Alder Freight Ltd,alder-freight.example,Logistics,11-50,UK,Leeds,under £1m,2023,Seed,HubSpot,under £5k,"[""Google Ads""]",False,0
Hawthorn Accountants GmbH,hawthorn-accountants.example,Professional services,201-1000,DE,Hamburg,£50m-£250m,1999,Bootstrapped,Salesforce,£25k-£100k,"[""Google Ads"", ""Meta Ads"", ""Microsoft Ads""]",True,14
Quayside Shipping Ltd,quaysideship-group.example,Logistics,11-50,UK,Leeds,£1m-£10m,2002,Series A,Salesforce,none,[],False,0
Brightwater Academy Ltd,brightwateracad-group.example,Education,51-200,UK,London,£10m-£50m,2018,Bootstrapped,Spreadsheet,none,[],False,0
Foxglove Transport SAS,foxglove-transport.example,Logistics,201-1000,FR,Toulouse,£50m-£250m,1983,Bootstrapped,Pipedrive,£25k-£100k,"[""Google Ads"", ""LinkedIn Ads"", ""Meta Ads""]",True,26
Saltmarsh Lending Inc,saltmarsh-lending.example,Financial services,51-200,US,Seattle,£10m-£50m,2017,Series C+,HubSpot,none,[],False,0
Granite Manufacturing Inc,granite-manufacturing.example,Manufacturing,51-200,US,Seattle,£10m-£50m,1997,Bootstrapped,Salesforce,£5k-£25k,"[""LinkedIn Ads"", ""Microsoft Ads""]",False,0
Juniper Associates SAS,juniper-associates.example,Professional services,51-200,FR,Lille,£10m-£50m,2007,Series B,HubSpot,none,[],True,5
Tidewater Insurance Inc,tidewaterinsu-group.example,Financial services,11-50,US,San Francisco,£1m-£10m,2021,Series A,Spreadsheet,under £5k,"[""LinkedIn Ads""]",False,0
Norfolk Shipping Ltd,norfolkship-group.example,Logistics,11-50,UK,Edinburgh,£1m-£10m,2012,Series A,Pipedrive,£5k-£25k,"[""LinkedIn Ads"", ""Microsoft Ads""]",False,0
Zephyr Finance Ltd,zephyrfina-group.example,Financial services,51-200,UK,Birmingham,£10m-£50m,2018,Bootstrapped,Spreadsheet,none,[],True,10
Kingsway Cloud GmbH,kingswayclou-group.example,Software,1000+,DE,Munich,£250m+,2006,Public,Salesforce,£25k-£100k,"[""Google Ads"", ""Meta Ads"", ""Microsoft Ads""]",True,68
Oldfield Trading Inc,oldfield-trading.example,Retail,201-1000,US,San Francisco,£50m-£250m,1974,Bootstrapped,HubSpot,£5k-£25k,"[""Google Ads"", ""Meta Ads""]",False,0
Yarrow Systems BV,yarrow-systems.example,Software,1-10,NL,Utrecht,under £1m,2004,Bootstrapped,Spreadsheet,none,[],False,0
Moorland Associates Ltd,moorland-associates.example,Professional services,201-1000,UK,Birmingham,£50m-£250m,1969,Bootstrapped,Spreadsheet,£25k-£100k,"[""Google Ads"", ""Meta Ads"", ""TikTok Ads""]",False,0
Umber College GmbH,umbercoll-group.example,Education,1-10,DE,Hamburg,under £1m,2014,Bootstrapped,HubSpot,£5k-£25k,"[""LinkedIn Ads"", ""TikTok Ads""]",False,0
Hawthorn Legal SAS,hawthornlega-group.example,Professional services,51-200,FR,Lille,£10m-£50m,2006,Bootstrapped,Spreadsheet,£5k-£25k,"[""Meta Ads"", ""Microsoft Ads""]",False,0
Alder Pharma GmbH,alderphar-group.example,Healthcare,51-200,DE,Berlin,£10m-£50m,2019,Bootstrapped,HubSpot,none,[],True,12
Juniper Digital Ltd,juniper-digital.example,Software,201-1000,UK,Leeds,£250m+,1983,Private equity,Pipedrive,£5k-£25k,"[""Google Ads"", ""Meta Ads""]",False,0
Oldfield Academy Ltd,oldfieldacad-group.example,Education,51-200,UK,Edinburgh,£10m-£50m,2013,Series A,Pipedrive,under £5k,"[""Meta Ads""]",False,0
Valley Fabrication Ltd,valley-fabrication.example,Manufacturing,201-1000,UK,Edinburgh,£50m-£250m,2022,Series A,Pipedrive,£5k-£25k,"[""Google Ads"", ""LinkedIn Ads""]",True,19
Quartz Education Ltd,quartz-education.example,Education,1-10,UK,Bristol,under £1m,2019,Bootstrapped,Spreadsheet,none,[],False,0
Silverline Lending BV,silverline-lending.example,Financial services,51-200,NL,Utrecht,£10m-£50m,2011,Series B,HubSpot,under £5k,"[""Meta Ads""]",False,0
Clearwater Education Inc,clearwatereduc-group.example,Education,201-1000,US,New York,£10m-£50m,2005,Bootstrapped,Salesforce,£5k-£25k,"[""Meta Ads"", ""TikTok Ads""]",True,32
Meridian Learning GmbH,meridianlear-group.example,Education,201-1000,DE,Frankfurt,£50m-£250m,2014,Series C+,Pipedrive,£25k-£100k,"[""Google Ads"", ""Meta Ads"", ""TikTok Ads""]",True,15
Ivywood Education GmbH,ivywood-education.example,Education,11-50,DE,Berlin,£1m-£10m,2023,Bootstrapped,Salesforce,£25k-£100k,"[""Google Ads"", ""LinkedIn Ads"", ""Meta Ads""]",True,3
Umber Advisory Inc,umberadvi-group.example,Professional services,11-50,US,New York,£1m-£10m,2021,Seed,HubSpot,under £5k,"[""TikTok Ads""]",True,4
Ironbridge Fabrication Inc,ironbridge-fabrication.example,Manufacturing,201-1000,US,Boston,£50m-£250m,1974,Series B,Salesforce,£25k-£100k,"[""LinkedIn Ads"", ""Microsoft Ads"", ""TikTok Ads""]",False,0
Stonebridge Industries Inc,stonebridge-industries.example,Manufacturing,1-10,US,Seattle,£1m-£10m,2007,Seed,HubSpot,under £5k,"[""TikTok Ads""]",True,1
Brightwater Transport BV,brightwater-transport.example,Logistics,1-10,NL,Utrecht,under £1m,2007,Bootstrapped,Pipedrive,under £5k,"[""Google Ads""]",False,0
Driftwood Industries Ltd,driftwoodindu-group.example,Manufacturing,1-10,UK,Edinburgh,under £1m,2001,Bootstrapped,HubSpot,none,[],False,0
Alder Fabrication Inc,alder-fabrication.example,Manufacturing,51-200,US,San Francisco,£10m-£50m,2000,Series C+,Salesforce,under £5k,"[""Microsoft Ads""]",True,11
Stonebridge Consulting BV,stonebridgecons-group.example,Professional services,51-200,NL,Amsterdam,£10m-£50m,2003,Private equity,Pipedrive,£25k-£100k,"[""Google Ads"", ""Meta Ads"", ""Microsoft Ads""]",True,7
Zephyr Tutors GmbH,zephyrtuto-group.example,Education,1-10,DE,Frankfurt,under £1m,2014,Seed,HubSpot,under £5k,"[""Google Ads""]",False,0
Oakridge Learning Inc,oakridge-learning.example,Education,1-10,US,Seattle,under £1m,2000,Bootstrapped,Salesforce,none,[],True,4
Cobalt Fabrication Ltd,cobaltfabr-group.example,Manufacturing,51-200,UK,Bristol,£10m-£50m,2017,Series A,Salesforce,£25k-£100k,"[""LinkedIn Ads"", ""Meta Ads"", ""TikTok Ads""]",True,12
Zephyr Advisory Ltd,zephyr-advisory.example,Professional services,1000+,UK,Bristol,£250m+,1968,Bootstrapped,No CRM,£5k-£25k,"[""Google Ads"", ""Microsoft Ads""]",True,61
Vantage Health Inc,vantage-health.example,Healthcare,201-1000,US,Austin,£250m+,1975,Series C+,Salesforce,£100k+,"[""Google Ads"", ""LinkedIn Ads"", ""Meta Ads"", ""Microsoft Ads""]",False,0
Thornbury Pharma Ltd,thornburyphar-group.example,Healthcare,11-50,UK,Bristol,£1m-£10m,2008,Bootstrapped,HubSpot,none,[],True,1
Willow Health Inc,willow-health.example,Healthcare,11-50,US,Boston,under £1m,2015,Series A,No CRM,none,[],False,0
Meridian Finance Inc,meridianfina-group.example,Financial services,51-200,US,New York,£50m-£250m,2024,Bootstrapped,Pipedrive,£5k-£25k,"[""Google Ads"", ""TikTok Ads""]",False,0
Ironbridge Shipping Ltd,ironbridge-shipping.example,Logistics,1-10,UK,Edinburgh,£1m-£10m,2005,Bootstrapped,Pipedrive,£5k-£25k,"[""LinkedIn Ads"", ""Meta Ads""]",True,3
Valley Components Inc,valley-components.example,Manufacturing,1000+,US,San Francisco,£250m+,2009,Public,Salesforce,£100k+,"[""Google Ads"", ""LinkedIn Ads"", ""Meta Ads"", ""Microsoft Ads""]",True,65
Harbour Haulage SAS,harbour-haulage.example,Logistics,11-50,FR,Lille,£1m-£10m,2020,Seed,HubSpot,£5k-£25k,"[""LinkedIn Ads"", ""Meta Ads""]",True,3
Ashford Couriers Inc,ashfordcour-group.example,Logistics,51-200,US,San Francisco,£10m-£50m,1997,Bootstrapped,HubSpot,under £5k,"[""Meta Ads""]",False,0
Dunmore College BV,dunmore-college.example,Education,1000+,NL,Eindhoven,£250m+,1974,Public,Salesforce,£25k-£100k,"[""Meta Ads"", ""Microsoft Ads"", ""TikTok Ads""]",False,0
Granite Software Ltd,granite-software.example,Software,201-1000,UK,Edinburgh,£50m-£250m,1975,Series A,Pipedrive,£5k-£25k,"[""LinkedIn Ads"", ""Microsoft Ads""]",False,0
Pebble Legal BV,pebble-legal.example,Professional services,1000+,NL,Amsterdam,£250m+,1991,Series B,Salesforce,£25k-£100k,"[""Google Ads"", ""Meta Ads"", ""TikTok Ads""]",False,0
Foxglove Legal Ltd,foxglove-legal.example,Professional services,1-10,UK,Bristol,under £1m,1997,Bootstrapped,Spreadsheet,none,[],False,0
Lindenwood Manufacturing GmbH,lindenwood-manufacturing.example,Manufacturing,11-50,DE,Berlin,£10m-£50m,2014,Bootstrapped,Salesforce,£5k-£25k,"[""Google Ads"", ""Meta Ads""]",True,2
Brightwater Partners Inc,brightwater-partners.example,Financial services,1-10,US,New York,under £1m,2013,Seed,No CRM,£5k-£25k,"[""Meta Ads"", ""Microsoft Ads""]",False,0
Lantern Shipping Ltd,lanternship-group.example,Logistics,51-200,UK,London,£10m-£50m,2017,Series B,Salesforce,£100k+,"[""Google Ads"", ""LinkedIn Ads"", ""Microsoft Ads"", ""TikTok Ads""]",True,10
Willow Education Inc,willow-education.example,Education,11-50,US,New York,£1m-£10m,2016,Seed,Spreadsheet,£5k-£25k,"[""Meta Ads"", ""Microsoft Ads""]",False,0
Driftwood Consulting BV,driftwood-consulting.example,Professional services,1-10,NL,Amsterdam,under £1m,1995,Bootstrapped,HubSpot,none,[],False,0
Meridian Insurance Inc,meridianinsu-group.example,Financial services,1-10,US,Austin,under £1m,1999,Seed,Spreadsheet,none,[],False,0
Jasper Freight BV,jasperfrei-group.example,Logistics,11-50,NL,Eindhoven,£1m-£10m,1997,Series A,No CRM,under £5k,"[""Microsoft Ads""]",False,0
Upland Wealth Inc,upland-wealth.example,Financial services,201-1000,US,New York,£50m-£250m,1987,Private equity,Salesforce,£5k-£25k,"[""Google Ads"", ""Meta Ads""]",True,19
Rosewood Clinics BV,rosewood-clinics.example,Healthcare,51-200,NL,Amsterdam,£10m-£50m,2014,Bootstrapped,HubSpot,£25k-£100k,"[""Google Ads"", ""Meta Ads"", ""Microsoft Ads""]",True,7
Vantage Software Ltd,vantage-software.example,Software,1-10,UK,Edinburgh,under £1m,2010,Bootstrapped,Spreadsheet,under £5k,"[""Google Ads""]",True,2
Umber Accountants Ltd,umber-accountants.example,Professional services,201-1000,UK,Leeds,£50m-£250m,1987,Bootstrapped,HubSpot,£100k+,"[""Google Ads"", ""LinkedIn Ads"", ""Meta Ads"", ""Microsoft Ads""]",False,0
Vantage College Ltd,vantage-college.example,Education,51-200,UK,Edinburgh,£10m-£50m,2019,Bootstrapped,HubSpot,£5k-£25k,"[""Meta Ads"", ""TikTok Ads""]",True,6
Pebble Manufacturing Ltd,pebblemanu-group.example,Manufacturing,51-200,UK,London,£10m-£50m,2002,Bootstrapped,Pipedrive,£5k-£25k,"[""Meta Ads"", ""Microsoft Ads""]",True,13
Oakridge Tutors Ltd,oakridge-tutors.example,Education,51-200,UK,Bristol,£10m-£50m,2014,Series B,HubSpot,£5k-£25k,"[""Google Ads"", ""Microsoft Ads""]",True,11
Cobalt Transport Ltd,cobalt-transport.example,Logistics,1-10,UK,Birmingham,under £1m,2005,Seed,Pipedrive,none,[],True,1
Marigold Learning Inc,marigold-learning.example,Education,51-200,US,San Francisco,£10m-£50m,2024,Bootstrapped,HubSpot,none,[],False,0
Ironbridge Care Ltd,ironbridge-care.example,Healthcare,201-1000,UK,Manchester,£50m-£250m,1990,Private equity,HubSpot,none,[],False,0
Greystone Industries Ltd,greystoneindu-group.example,Manufacturing,1-10,UK,Birmingham,£1m-£10m,2004,Bootstrapped,Spreadsheet,none,[],False,0
Juniper Shipping BV,juniper-shipping.example,Logistics,51-200,NL,Eindhoven,£10m-£50m,2015,Bootstrapped,HubSpot,£100k+,"[""Google Ads"", ""Meta Ads"", ""Microsoft Ads"", ""TikTok Ads""]",False,0
Saltmarsh Data GmbH,saltmarsh-data.example,Software,1-10,DE,Frankfurt,under £1m,2006,Bootstrapped,HubSpot,£25k-£100k,"[""Google Ads"", ""LinkedIn Ads"", ""Meta Ads""]",False,0
Ivywood Accountants Inc,ivywood-accountants.example,Professional services,51-200,US,Boston,£10m-£50m,2020,Bootstrapped,No CRM,£5k-£25k,"[""Google Ads"", ""Meta Ads""]",False,0
Northwind Market GmbH,northwind-market.example,Retail,11-50,DE,Frankfurt,£1m-£10m,2023,Seed,No CRM,£5k-£25k,"[""Google Ads"", ""Meta Ads""]",False,0
Larkspur Clinics Inc,larkspur-clinics.example,Healthcare,11-50,US,San Francisco,£1m-£10m,1997,Seed,No CRM,under £5k,"[""LinkedIn Ads""]",False,0
Ashford Haulage SAS,ashford-haulage.example,Logistics,11-50,FR,Paris,£10m-£50m,2000,Bootstrapped,Pipedrive,none,[],True,4
Yarrow Academy Ltd,yarrowacad-group.example,Education,1-10,UK,Manchester,under £1m,2008,Bootstrapped,Spreadsheet,£5k-£25k,"[""Google Ads"", ""Meta Ads""]",False,0
Marigold Transport GmbH,marigold-transport.example,Logistics,1000+,DE,Munich,£250m+,1975,Series C+,Salesforce,under £5k,"[""LinkedIn Ads""]",True,76
Falcon Systems SAS,falcon-systems.example,Software,201-1000,FR,Lille,£50m-£250m,1977,Series B,Salesforce,£100k+,"[""Google Ads"", ""LinkedIn Ads"", ""Meta Ads"", ""Microsoft Ads""]",False,0
Inkwell Learning SAS,inkwelllear-group.example,Education,11-50,FR,Paris,£10m-£50m,2004,Seed,No CRM,£5k-£25k,"[""Google Ads"", ""Meta Ads""]",False,0
Kestrel Digital Inc,kestrel-digital.example,Software,51-200,US,San Francisco,£10m-£50m,2023,Series A,No CRM,under £5k,"[""Meta Ads""]",False,0
Juniper Systems Inc,juniper-systems.example,Software,11-50,US,Boston,£1m-£10m,2014,Bootstrapped,Spreadsheet,under £5k,"[""LinkedIn Ads""]",True,4
Keystone Capital Ltd,keystone-capital.example,Financial services,1-10,UK,Leeds,under £1m,2014,Bootstrapped,Spreadsheet,£5k-£25k,"[""Meta Ads"", ""TikTok Ads""]",False,0
Vantage Haulage Inc,vantage-haulage.example,Logistics,51-200,US,Seattle,£10m-£50m,2013,Series A,Pipedrive,£100k+,"[""Google Ads"", ""Meta Ads"", ""Microsoft Ads"", ""TikTok Ads""]",False,0
Granite Logistics BV,granite-logistics.example,Logistics,51-200,NL,Utrecht,£10m-£50m,2011,Series A,HubSpot,£25k-£100k,"[""Google Ads"", ""LinkedIn Ads"", ""Microsoft Ads""]",False,0
Ironbridge Clinics Inc,ironbridgeclin-group.example,Healthcare,11-50,US,Seattle,under £1m,2001,Bootstrapped,Pipedrive,none,[],False,0
Driftwood Software BV,driftwoodsoft-group.example,Software,51-200,NL,Eindhoven,£10m-£50m,1997,Series B,No CRM,£5k-£25k,"[""Meta Ads"", ""TikTok Ads""]",True,14
Driftwood Systems Ltd,driftwood-systems.example,Software,201-1000,UK,Leeds,£50m-£250m,1987,Series C+,HubSpot,£25k-£100k,"[""Google Ads"", ""LinkedIn Ads"", ""TikTok Ads""]",False,0
Highgate Engineering SAS,highgate-engineering.example,Manufacturing,1-10,FR,Lyon,under £1m,1995,Seed,HubSpot,under £5k,"[""TikTok Ads""]",False,0
Pennine Works Inc,penninework-group.example,Manufacturing,51-200,US,Chicago,£10m-£50m,2003,Bootstrapped,Salesforce,under £5k,"[""Google Ads""]",True,13
Nimbus Consulting Ltd,nimbuscons-group.example,Professional services,1-10,UK,Edinburgh,under £1m,2002,Series A,HubSpot,none,[],True,2
Saltmarsh Fabrication Ltd,saltmarsh-fabrication.example,Manufacturing,1-10,UK,Bristol,under £1m,2013,Bootstrapped,HubSpot,under £5k,"[""Meta Ads""]",False,0
Northwind Clinics SAS,northwind-clinics.example,Healthcare,201-1000,FR,Toulouse,£50m-£250m,2007,Series C+,Salesforce,£100k+,"[""Google Ads"", ""LinkedIn Ads"", ""Meta Ads"", ""TikTok Ads""]",False,0
Thornbury Goods GmbH,thornbury-goods.example,Retail,201-1000,DE,Hamburg,£50m-£250m,1978,Bootstrapped,HubSpot,£25k-£100k,"[""Google Ads"", ""LinkedIn Ads"", ""Meta Ads""]",False,0
Kingsway Haulage Ltd,kingswayhaul-group.example,Logistics,11-50,UK,Bristol,£1m-£10m,2017,Seed,Spreadsheet,under £5k,"[""Microsoft Ads""]",False,0
Granite Components GmbH,granite-components.example,Manufacturing,201-1000,DE,Berlin,£10m-£50m,1979,Series B,Salesforce,£5k-£25k,"[""Meta Ads"", ""Microsoft Ads""]",False,0
Moorland Dental Inc,moorland-dental.example,Healthcare,51-200,US,Seattle,£10m-£50m,1995,Bootstrapped,HubSpot,£25k-£100k,"[""Meta Ads"", ""Microsoft Ads"", ""TikTok Ads""]",True,9
Norfolk Wealth Ltd,norfolk-wealth.example,Financial services,201-1000,UK,Manchester,£50m-£250m,1974,Series B,HubSpot,£25k-£100k,"[""LinkedIn Ads"", ""Meta Ads"", ""Microsoft Ads""]",False,0
Nimbus Cloud Inc,nimbus-cloud.example,Software,51-200,US,Chicago,£10m-£50m,2002,Bootstrapped,HubSpot,£5k-£25k,"[""Google Ads"", ""Meta Ads""]",False,0
Elmstead Health GmbH,elmstead-health.example,Healthcare,1-10,DE,Frankfurt,under £1m,2020,Seed,HubSpot,under £5k,"[""Google Ads""]",False,0
Falcon Couriers SAS,falconcour-group.example,Logistics,1-10,FR,Lille,under £1m,2021,Bootstrapped,Spreadsheet,under £5k,"[""Google Ads""]",False,0
Jasper Data Ltd,jasper-data.example,Software,201-1000,UK,Manchester,£50m-£250m,2024,Series C+,HubSpot,£25k-£100k,"[""Google Ads"", ""LinkedIn Ads"", ""Meta Ads""]",False,0
Quartz Works Inc,quartz-works.example,Manufacturing,201-1000,US,Austin,£50m-£250m,1969,Public,Salesforce,£25k-£100k,"[""Google Ads"", ""Meta Ads"", ""TikTok Ads""]",False,0
Falcon Dental Ltd,falcondent-group.example,Healthcare,11-50,UK,Bristol,£1m-£10m,1995,Bootstrapped,HubSpot,none,[],False,0
Keystone Retail Ltd,keystone-retail.example,Retail,51-200,UK,Bristol,£10m-£50m,1999,Bootstrapped,HubSpot,£5k-£25k,"[""Google Ads"", ""Meta Ads""]",False,0
Juniper Insurance Ltd,juniper-insurance.example,Financial services,51-200,UK,Edinburgh,£10m-£50m,2003,Series A,Pipedrive,£25k-£100k,"[""Google Ads"", ""LinkedIn Ads"", ""Meta Ads""]",True,11
Kingsway Works Ltd,kingsway-works.example,Manufacturing,1-10,UK,Edinburgh,under £1m,2020,Bootstrapped,No CRM,under £5k,"[""Google Ads""]",True,2
Rosewood Legal Ltd,rosewood-legal.example,Professional services,51-200,UK,London,£10m-£50m,2012,Bootstrapped,Pipedrive,£5k-£25k,"[""LinkedIn Ads"", ""Microsoft Ads""]",True,7
Nettlefield Haulage Inc,nettlefield-haulage.example,Logistics,11-50,US,Boston,£1m-£10m,2000,Seed,Pipedrive,under £5k,"[""Meta Ads""]",False,0
Bramble Clinics Inc,bramble-clinics.example,Healthcare,51-200,US,New York,£10m-£50m,2019,Bootstrapped,HubSpot,under £5k,"[""Google Ads""]",False,0
Lindenwood Outfitters Inc,lindenwood-outfitters.example,Retail,1000+,US,Austin,£250m+,1981,Public,Salesforce,£25k-£100k,"[""Google Ads"", ""Meta Ads"", ""Microsoft Ads""]",True,82
Foxglove College Ltd,foxglove-college.example,Education,11-50,UK,Manchester,£1m-£10m,2008,Series A,HubSpot,under £5k,"[""Google Ads""]",False,0
Ivywood Haulage Ltd,ivywood-haulage.example,Logistics,51-200,UK,London,£10m-£50m,2004,Series A,Salesforce,£25k-£100k,"[""Google Ads"", ""Meta Ads"", ""Microsoft Ads""]",True,7
Upland Manufacturing SAS,upland-manufacturing.example,Manufacturing,1-10,FR,Lille,under £1m,2006,Seed,Pipedrive,under £5k,"[""Meta Ads""]",False,0
Dovecote Cloud Ltd,dovecoteclou-group.example,Software,1-10,UK,Birmingham,under £1m,2005,Bootstrapped,Spreadsheet,none,[],True,1
Alder Trading Ltd,alder-trading.example,Retail,1-10,UK,Leeds,under £1m,2020,Bootstrapped,No CRM,under £5k,"[""Microsoft Ads""]",False,0
Glenmoor Industries GmbH,glenmoor-industries.example,Manufacturing,51-200,DE,Berlin,£10m-£50m,2020,Series A,Salesforce,none,[],True,4
Redwood Accountants GmbH,redwood-accountants.example,Professional services,1-10,DE,Munich,under £1m,2002,Bootstrapped,HubSpot,none,[],False,0
Upland Works BV,uplandwork-group.example,Manufacturing,11-50,NL,Amsterdam,£1m-£10m,2024,Seed,Spreadsheet,under £5k,"[""TikTok Ads""]",False,0
Saltmarsh Training Ltd,saltmarsh-training.example,Education,201-1000,UK,Manchester,£10m-£50m,2007,Series B,Salesforce,£25k-£100k,"[""Meta Ads"", ""Microsoft Ads"", ""TikTok Ads""]",True,18
Pebble Consulting Ltd,pebblecons-group.example,Professional services,1-10,UK,Bristol,under £1m,2017,Seed,HubSpot,none,[],True,3
Granite Medical SAS,granitemedi-group.example,Healthcare,11-50,FR,Lille,£1m-£10m,2021,Seed,HubSpot,£5k-£25k,"[""Google Ads"", ""Meta Ads""]",False,0
Beacon Manufacturing Ltd,beacon-manufacturing.example,Manufacturing,1000+,UK,London,£250m+,2007,Public,Salesforce,£25k-£100k,"[""LinkedIn Ads"", ""Meta Ads"", ""Microsoft Ads""]",False,0
Evergreen Retail Inc,evergreen-retail.example,Retail,1-10,US,Seattle,£1m-£10m,2004,Bootstrapped,Pipedrive,under £5k,"[""Meta Ads""]",False,0
Riverside Lending BV,riverside-lending.example,Financial services,201-1000,NL,Utrecht,£50m-£250m,2023,Private equity,HubSpot,under £5k,"[""Google Ads""]",False,0
Rosewood Components Ltd,rosewood-components.example,Manufacturing,51-200,UK,Edinburgh,£10m-£50m,2014,Series C+,No CRM,£5k-£25k,"[""Google Ads"", ""Meta Ads""]",True,9
Larkspur Market Inc,larkspurmark-group.example,Retail,51-200,US,Chicago,£10m-£50m,2016,Seed,Spreadsheet,under £5k,"[""Google Ads""]",True,8
Redwood Cloud Inc,redwood-cloud.example,Software,11-50,US,New York,under £1m,2018,Seed,No CRM,£5k-£25k,"[""Google Ads"", ""Microsoft Ads""]",True,7
Bramble Learning Inc,bramblelear-group.example,Education,11-50,US,Seattle,£10m-£50m,2001,Bootstrapped,Spreadsheet,£25k-£100k,"[""Google Ads"", ""LinkedIn Ads"", ""Meta Ads""]",False,0
Elmstead Goods Inc,elmstead-goods.example,Retail,51-200,US,Boston,£50m-£250m,1999,Seed,Pipedrive,under £5k,"[""Meta Ads""]",True,6
Riverside Couriers BV,riverside-couriers.example,Logistics,11-50,NL,Amsterdam,£1m-£10m,2002,Bootstrapped,HubSpot,under £5k,"[""Microsoft Ads""]",False,0
Inkwell Fabrication Inc,inkwell-fabrication.example,Manufacturing,1-10,US,Boston,under £1m,2005,Bootstrapped,HubSpot,none,[],False,0
Saltmarsh Health BV,saltmarsh-health.example,Healthcare,1-10,NL,Utrecht,under £1m,1999,Bootstrapped,Spreadsheet,none,[],True,3
Willow Tutors Inc,willow-tutors.example,Education,1000+,US,Boston,£250m+,1995,Series C+,Salesforce,£100k+,"[""Google Ads"", ""LinkedIn Ads"", ""Microsoft Ads"", ""TikTok Ads""]",True,52
Nimbus Partners Ltd,nimbus-partners.example,Financial services,11-50,UK,Leeds,£10m-£50m,2003,Series A,HubSpot,£25k-£100k,"[""Google Ads"", ""LinkedIn Ads"", ""Meta Ads""]",False,0
Juniper Trading Inc,juniper-trading.example,Retail,11-50,US,Seattle,£1m-£10m,2017,Bootstrapped,Spreadsheet,£5k-£25k,"[""Google Ads"", ""LinkedIn Ads""]",True,6
Silverline Tutors BV,silverline-tutors.example,Education,201-1000,NL,Rotterdam,£50m-£250m,1995,Bootstrapped,Pipedrive,£25k-£100k,"[""Google Ads"", ""LinkedIn Ads"", ""Microsoft Ads""]",True,14
Bramble Consulting Ltd,bramblecons-group.example,Professional services,11-50,UK,Bristol,£1m-£10m,2000,Bootstrapped,Salesforce,under £5k,"[""Google Ads""]",True,4
Elmstead Stores SAS,elmstead-stores.example,Retail,201-1000,FR,Lille,£50m-£250m,2021,Bootstrapped,Salesforce,£25k-£100k,"[""Google Ads"", ""LinkedIn Ads"", ""Meta Ads""]",False,0
Oldfield Recruitment Inc,oldfield-recruitment.example,Professional services,51-200,US,Austin,£10m-£50m,2004,Series A,HubSpot,£5k-£25k,"[""Meta Ads"", ""Microsoft Ads""]",False,0
Valley Cloud Ltd,valley-cloud.example,Software,11-50,UK,Leeds,£1m-£10m,2012,Seed,Spreadsheet,£5k-£25k,"[""LinkedIn Ads"", ""Meta Ads""]",False,0
Larkspur Capital BV,larkspur-capital.example,Financial services,11-50,NL,Utrecht,£1m-£10m,2010,Bootstrapped,Salesforce,£5k-£25k,"[""Google Ads"", ""Meta Ads""]",False,0
Hawthorn Haulage Ltd,hawthorn-haulage.example,Logistics,11-50,UK,London,£1m-£10m,2024,Series A,Pipedrive,none,[],True,4
Oakridge Retail Inc,oakridge-retail.example,Retail,11-50,US,Boston,£1m-£10m,2001,Seed,HubSpot,under £5k,"[""Meta Ads""]",True,5
Nettlefield Medical GmbH,nettlefieldmedi-group.example,Healthcare,51-200,DE,Berlin,£10m-£50m,2014,Bootstrapped,Salesforce,£5k-£25k,"[""Google Ads"", ""LinkedIn Ads""]",False,0
Kestrel Labs SAS,kestrel-labs.example,Software,1-10,FR,Lille,under £1m,2022,Bootstrapped,HubSpot,none,[],False,0
Lindenwood Consulting Inc,lindenwood-consulting.example,Professional services,1-10,US,Seattle,under £1m,2019,Seed,HubSpot,£5k-£25k,"[""Google Ads"", ""Meta Ads""]",False,0
Quartz Associates BV,quartz-associates.example,Professional services,11-50,NL,Amsterdam,£1m-£10m,2015,Seed,Salesforce,£5k-£25k,"[""LinkedIn Ads"", ""Microsoft Ads""]",True,3
Marigold Cloud SAS,marigold-cloud.example,Software,11-50,FR,Paris,£1m-£10m,2007,Bootstrapped,HubSpot,£5k-£25k,"[""LinkedIn Ads"", ""Meta Ads""]",False,0
Saltmarsh Cloud GmbH,saltmarshclou-group.example,Software,51-200,DE,Munich,£10m-£50m,2003,Series C+,HubSpot,£5k-£25k,"[""LinkedIn Ads"", ""Microsoft Ads""]",True,9
Falcon Shipping GmbH,falcon-shipping.example,Logistics,201-1000,DE,Munich,£50m-£250m,1981,Series B,Salesforce,£100k+,"[""Google Ads"", ""LinkedIn Ads"", ""Meta Ads"", ""TikTok Ads""]",False,0
Kelvin Pharma SAS,kelvin-pharma.example,Healthcare,1-10,FR,Lyon,under £1m,2020,Bootstrapped,Spreadsheet,none,[],False,0
Meridian Works GmbH,meridian-works.example,Manufacturing,1-10,DE,Munich,under £1m,2002,Seed,Spreadsheet,none,[],False,0
Beacon Legal GmbH,beacon-legal.example,Professional services,1-10,DE,Berlin,under £1m,2003,Bootstrapped,HubSpot,under £5k,"[""Google Ads""]",True,2
Brightwater Haulage Ltd,brightwater-haulage.example,Logistics,1-10,UK,Edinburgh,under £1m,2024,Bootstrapped,No CRM,none,[],True,3
Pennine Data Inc,penninedata-group.example,Software,1-10,US,San Francisco,under £1m,1995,Bootstrapped,No CRM,under £5k,"[""Google Ads""]",False,0
Elmstead Recruitment GmbH,elmstead-recruitment.example,Professional services,1-10,DE,Munich,£1m-£10m,2022,Bootstrapped,Pipedrive,under £5k,"[""Meta Ads""]",False,0
Heron Legal Inc,heronlega-group.example,Professional services,51-200,US,Boston,£10m-£50m,2004,Series A,HubSpot,£5k-£25k,"[""Meta Ads"", ""TikTok Ads""]",True,8
Keystone Shipping Ltd,keystone-shipping.example,Logistics,201-1000,UK,Manchester,£50m-£250m,1971,Bootstrapped,Salesforce,£25k-£100k,"[""Google Ads"", ""LinkedIn Ads"", ""TikTok Ads""]",False,0
Foxglove Outfitters BV,foxgloveoutf-group.example,Retail,11-50,NL,Amsterdam,under £1m,2011,Seed,Spreadsheet,under £5k,"[""Google Ads""]",False,0
Tidewater Components GmbH,tidewater-components.example,Manufacturing,11-50,DE,Berlin,£1m-£10m,2011,Seed,Spreadsheet,none,[],False,0
Riverside Tutors GmbH,riverside-tutors.example,Education,11-50,DE,Munich,£1m-£10m,2023,Bootstrapped,Salesforce,none,[],False,0
Upland Insurance GmbH,upland-insurance.example,Financial services,1-10,DE,Munich,under £1m,2009,Seed,Pipedrive,none,[],False,0
Northwind Capital GmbH,northwind-capital.example,Financial services,11-50,DE,Berlin,£1m-£10m,2023,Series A,Spreadsheet,£5k-£25k,"[""Google Ads"", ""Meta Ads""]",True,3
Riverside Wealth Ltd,riverside-wealth.example,Financial services,1-10,UK,Leeds,under £1m,2012,Seed,No CRM,under £5k,"[""Meta Ads""]",False,0
Bramble Haulage Ltd,bramble-haulage.example,Logistics,51-200,UK,Leeds,£10m-£50m,1995,Series B,HubSpot,£5k-£25k,"[""Meta Ads"", ""Microsoft Ads""]",True,9
Silverline Finance Ltd,silverline-finance.example,Financial services,1-10,UK,Leeds,£1m-£10m,2019,Bootstrapped,No CRM,under £5k,"[""LinkedIn Ads""]",False,0
Glenmoor Pharma Inc,glenmoor-pharma.example,Healthcare,1-10,US,Chicago,under £1m,1996,Bootstrapped,No CRM,under £5k,"[""LinkedIn Ads""]",True,1
Greystone Outfitters Inc,greystone-outfitters.example,Retail,1-10,US,Chicago,under £1m,2004,Bootstrapped,HubSpot,under £5k,"[""Meta Ads""]",False,0
Pinecrest Components Ltd,pinecrestcomp-group.example,Manufacturing,11-50,UK,Birmingham,£1m-£10m,2010,Bootstrapped,HubSpot,£5k-£25k,"[""LinkedIn Ads"", ""Microsoft Ads""]",False,0
Bluebell Trading Inc,bluebell-trading.example,Retail,11-50,US,New York,£1m-£10m,2002,Seed,No CRM,under £5k,"[""LinkedIn Ads""]",False,0
Jasper Wealth BV,jasper-wealth.example,Financial services,11-50,NL,Utrecht,£1m-£10m,2020,Seed,Spreadsheet,under £5k,"[""Meta Ads""]",False,0
Pennine Market SAS,pennine-market.example,Retail,1000+,FR,Lyon,£250m+,1993,Series C+,HubSpot,£5k-£25k,"[""Google Ads"", ""Meta Ads""]",True,50
Greystone Transport Inc,greystone-transport.example,Logistics,1-10,US,Boston,under £1m,2015,Bootstrapped,No CRM,under £5k,"[""Google Ads""]",False,0
Cedar Recruitment Inc,cedarrecr-group.example,Professional services,1-10,US,Boston,under £1m,2021,Bootstrapped,HubSpot,£5k-£25k,"[""Google Ads"", ""Meta Ads""]",False,0
Cobalt Dental SAS,cobalt-dental.example,Healthcare,11-50,FR,Toulouse,£1m-£10m,2002,Bootstrapped,HubSpot,under £5k,"[""Microsoft Ads""]",False,0
Vantage Tutors Ltd,vantage-tutors.example,Education,11-50,UK,Birmingham,£1m-£10m,2001,Seed,Pipedrive,none,[],False,0
Saltmarsh Medical Ltd,saltmarshmedi-group.example,Healthcare,1000+,UK,Birmingham,£250m+,2001,Public,Salesforce,£5k-£25k,"[""LinkedIn Ads"", ""Meta Ads""]",True,67
Oakridge Industries Ltd,oakridge-industries.example,Manufacturing,11-50,UK,Manchester,£1m-£10m,2010,Bootstrapped,Spreadsheet,under £5k,"[""Meta Ads""]",False,0
Upland Training Ltd,upland-training.example,Education,1000+,UK,Leeds,£250m+,2011,Private equity,Salesforce,£25k-£100k,"[""LinkedIn Ads"", ""Meta Ads"", ""Microsoft Ads""]",True,71
Redwood Lending Ltd,redwoodlend-group.example,Financial services,201-1000,UK,London,£250m+,2021,Private equity,Salesforce,£25k-£100k,"[""Google Ads"", ""LinkedIn Ads"", ""Meta Ads""]",True,25
Valley Engineering SAS,valleyengi-group.example,Manufacturing,11-50,FR,Lille,£1m-£10m,2012,Series A,Spreadsheet,under £5k,"[""Google Ads""]",False,0
Stonebridge Health SAS,stonebridgeheal-group.example,Healthcare,1-10,FR,Lille,under £1m,2003,Seed,HubSpot,£25k-£100k,"[""Google Ads"", ""Meta Ads"", ""Microsoft Ads""]",False,0
Keystone Fabrication Inc,keystone-fabrication.example,Manufacturing,1000+,US,San Francisco,£250m+,1968,Private equity,Salesforce,£25k-£100k,"[""LinkedIn Ads"", ""Meta Ads"", ""TikTok Ads""]",False,0
Quayside Cloud Inc,quayside-cloud.example,Software,1-10,US,Boston,under £1m,2005,Bootstrapped,HubSpot,none,[],False,0
Clearwater Insurance Inc,clearwaterinsu-group.example,Financial services,1-10,US,Austin,under £1m,2010,Bootstrapped,Spreadsheet,under £5k,"[""LinkedIn Ads""]",False,0
Granite Advisory Ltd,granite-advisory.example,Professional services,11-50,UK,London,under £1m,2006,Series A,Salesforce,none,[],True,5
Pinecrest Associates GmbH,pinecrest-associates.example,Professional services,1-10,DE,Frankfurt,under £1m,2019,Series A,Spreadsheet,under £5k,"[""Meta Ads""]",False,0
Willow Stores Ltd,willow-stores.example,Retail,11-50,UK,Manchester,£1m-£10m,1995,Bootstrapped,HubSpot,under £5k,"[""Microsoft Ads""]",True,5
Silverline Advisory Ltd,silverline-advisory.example,Professional services,11-50,UK,Leeds,£1m-£10m,2011,Series A,Spreadsheet,under £5k,"[""Microsoft Ads""]",False,0
Pinecrest Transport Inc,pinecrest-transport.example,Logistics,11-50,US,Seattle,£1m-£10m,2000,Seed,HubSpot,£5k-£25k,"[""LinkedIn Ads"", ""Meta Ads""]",False,0
Willow Finance Ltd,willow-finance.example,Financial services,11-50,UK,Birmingham,£1m-£10m,2005,Series A,Pipedrive,£5k-£25k,"[""Meta Ads"", ""TikTok Ads""]",False,0
Zephyr Accountants Inc,zephyr-accountants.example,Professional services,51-200,US,New York,£10m-£50m,1997,Bootstrapped,Salesforce,£5k-£25k,"[""Google Ads"", ""Meta Ads""]",False,0
Moorland Labs GmbH,moorland-labs.example,Software,1-10,DE,Munich,under £1m,2006,Bootstrapped,Pipedrive,£5k-£25k,"[""Google Ads"", ""TikTok Ads""]",False,0
Driftwood Advisory Inc,driftwood-advisory.example,Professional services,201-1000,US,San Francisco,£50m-£250m,1970,Series A,HubSpot,£25k-£100k,"[""Google Ads"", ""LinkedIn Ads"", ""Meta Ads""]",False,0
Saltmarsh Works Ltd,saltmarsh-works.example,Manufacturing,1-10,UK,Manchester,£1m-£10m,2022,Seed,Spreadsheet,under £5k,"[""LinkedIn Ads""]",False,0
Marigold Finance GmbH,marigoldfina-group.example,Financial services,11-50,DE,Frankfurt,£1m-£10m,2006,Seed,Spreadsheet,none,[],False,0
Heron Insurance Inc,heron-insurance.example,Financial services,201-1000,US,Seattle,£50m-£250m,2004,Bootstrapped,Salesforce,£5k-£25k,"[""Meta Ads"", ""Microsoft Ads""]",True,23
Hawthorn Recruitment SAS,hawthorn-recruitment.example,Professional services,201-1000,FR,Toulouse,£50m-£250m,2004,Public,Salesforce,£25k-£100k,"[""Google Ads"", ""LinkedIn Ads"", ""Microsoft Ads""]",True,24
Cobalt Goods SAS,cobalt-goods.example,Retail,51-200,FR,Lille,£50m-£250m,2003,Seed,HubSpot,£25k-£100k,"[""Google Ads"", ""LinkedIn Ads"", ""TikTok Ads""]",False,0
Vantage Associates Inc,vantageasso-group.example,Professional services,11-50,US,Seattle,£10m-£50m,2021,Bootstrapped,HubSpot,£5k-£25k,"[""Google Ads"", ""LinkedIn Ads""]",True,2
Umber Data GmbH,umber-data.example,Software,201-1000,DE,Berlin,£50m-£250m,2016,Bootstrapped,Salesforce,£5k-£25k,"[""Google Ads"", ""Meta Ads""]",False,0
Oakridge Works BV,oakridgework-group.example,Manufacturing,1000+,NL,Amsterdam,£50m-£250m,1968,Bootstrapped,Salesforce,£100k+,"[""Google Ads"", ""LinkedIn Ads"", ""Meta Ads"", ""TikTok Ads""]",False,0
Zephyr Partners Inc,zephyr-partners.example,Financial services,201-1000,US,New York,£50m-£250m,1992,Series C+,Salesforce,£25k-£100k,"[""Google Ads"", ""LinkedIn Ads"", ""Meta Ads""]",False,0
Thornbury Advisory Inc,thornburyadvi-group.example,Professional services,51-200,US,Austin,£10m-£50m,2014,Bootstrapped,Pipedrive,£5k-£25k,"[""Google Ads"", ""Meta Ads""]",False,0
Valley Care Ltd,valley-care.example,Healthcare,51-200,UK,Bristol,£10m-£50m,2023,Bootstrapped,HubSpot,under £5k,"[""TikTok Ads""]",False,0
Ivywood College Ltd,ivywoodcoll-group.example,Education,11-50,UK,Manchester,£1m-£10m,2007,Seed,Spreadsheet,£5k-£25k,"[""LinkedIn Ads"", ""Microsoft Ads""]",True,3
Saltmarsh Goods Inc,saltmarsh-goods.example,Retail,11-50,US,New York,£1m-£10m,2021,Bootstrapped,HubSpot,£5k-£25k,"[""LinkedIn Ads"", ""Meta Ads""]",False,0
Pebble Medical BV,pebble-medical.example,Healthcare,11-50,NL,Eindhoven,£1m-£10m,2009,Seed,Spreadsheet,£25k-£100k,"[""Google Ads"", ""LinkedIn Ads"", ""Microsoft Ads""]",True,6
Alder Market Inc,aldermark-group.example,Retail,1-10,US,Austin,under £1m,2009,Bootstrapped,HubSpot,under £5k,"[""LinkedIn Ads""]",False,0
Inkwell Works Inc,inkwell-works.example,Manufacturing,201-1000,US,Austin,£50m-£250m,1974,Private equity,HubSpot,£25k-£100k,"[""LinkedIn Ads"", ""Meta Ads"", ""Microsoft Ads""]",True,19
Lindenwood Tutors GmbH,lindenwood-tutors.example,Education,11-50,DE,Munich,£1m-£10m,2017,Series A,HubSpot,under £5k,"[""Meta Ads""]",False,0
Westbrook Capital GmbH,westbrookcapi-group.example,Financial services,1-10,DE,Frankfurt,under £1m,2012,Seed,HubSpot,£5k-£25k,"[""LinkedIn Ads"", ""Meta Ads""]",False,0
Stonebridge Capital Inc,stonebridge-capital.example,Financial services,1-10,US,San Francisco,under £1m,2010,Seed,No CRM,none,[],False,0
Glenmoor Labs GmbH,glenmoor-labs.example,Software,11-50,DE,Munich,£1m-£10m,2017,Bootstrapped,Pipedrive,under £5k,"[""Meta Ads""]",False,0
Heron Works Inc,heron-works.example,Manufacturing,1-10,US,Chicago,under £1m,2004,Bootstrapped,Spreadsheet,none,[],False,0
Redwood Health Ltd,redwood-health.example,Healthcare,11-50,UK,London,£1m-£10m,2022,Bootstrapped,No CRM,£5k-£25k,"[""LinkedIn Ads"", ""Meta Ads""]",True,3
Kingsway Manufacturing Inc,kingsway-manufacturing.example,Manufacturing,11-50,US,New York,£1m-£10m,2018,Bootstrapped,Pipedrive,none,[],False,0
Silverline Learning Ltd,silverline-learning.example,Education,51-200,UK,Birmingham,£1m-£10m,2013,Series C+,Salesforce,£5k-£25k,"[""Meta Ads"", ""TikTok Ads""]",True,5
Dovecote Health Ltd,dovecote-health.example,Healthcare,51-200,UK,Bristol,£10m-£50m,2016,Series B,Salesforce,£5k-£25k,"[""Google Ads"", ""Microsoft Ads""]",True,11
Dunmore Learning Ltd,dunmore-learning.example,Education,1-10,UK,Birmingham,under £1m,2019,Series A,No CRM,under £5k,"[""Meta Ads""]",False,0
Cobalt Logistics Ltd,cobalt-logistics.example,Logistics,51-200,UK,London,£10m-£50m,2003,Bootstrapped,Salesforce,none,[],False,0
Westbrook Software SAS,westbrook-software.example,Software,1-10,FR,Toulouse,under £1m,2006,Bootstrapped,Spreadsheet,under £5k,"[""Google Ads""]",False,0
Keystone Associates Ltd,keystone-associates.example,Professional services,11-50,UK,Edinburgh,£1m-£10m,2009,Series A,Spreadsheet,£25k-£100k,"[""Google Ads"", ""Meta Ads"", ""TikTok Ads""]",False,0
Bramble Components Inc,bramblecomp-group.example,Manufacturing,51-200,US,Austin,£10m-£50m,2000,Series B,Salesforce,under £5k,"[""Meta Ads""]",True,4
Brightwater Goods Ltd,brightwatergood-group.example,Retail,1-10,UK,Edinburgh,under £1m,2017,Bootstrapped,Pipedrive,none,[],True,4
Kingsway Capital Inc,kingsway-capital.example,Financial services,1-10,US,San Francisco,under £1m,2007,Seed,HubSpot,none,[],True,1
Oakridge Shipping Inc,oakridge-shipping.example,Logistics,11-50,US,San Francisco,£1m-£10m,2024,Bootstrapped,Salesforce,£5k-£25k,"[""Google Ads"", ""Meta Ads""]",True,1
Larkspur Haulage Ltd,larkspurhaul-group.example,Logistics,1-10,UK,London,under £1m,2013,Seed,HubSpot,none,[],True,4
Quartz Goods Inc,quartz-goods.example,Retail,51-200,US,Chicago,£10m-£50m,2016,Bootstrapped,Pipedrive,£5k-£25k,"[""Google Ads"", ""TikTok Ads""]",True,11
Stonebridge Transport SAS,stonebridge-transport.example,Logistics,1000+,FR,Lyon,£250m+,1994,Private equity,Salesforce,£100k+,"[""Google Ads"", ""LinkedIn Ads"", ""Meta Ads"", ""Microsoft Ads""]",False,0
Driftwood Associates Inc,driftwoodasso-group.example,Professional services,11-50,US,Boston,£10m-£50m,2000,Seed,Pipedrive,£25k-£100k,"[""LinkedIn Ads"", ""Meta Ads"", ""TikTok Ads""]",True,5
Elmstead Finance Inc,elmstead-finance.example,Financial services,51-200,US,Chicago,£10m-£50m,2010,Seed,HubSpot,£5k-£25k,"[""Google Ads"", ""Meta Ads""]",True,10
Harbour Labs Inc,harbour-labs.example,Software,11-50,US,Seattle,£1m-£10m,1995,Bootstrapped,Salesforce,£5k-£25k,"[""Google Ads"", ""Meta Ads""]",False,0
Glenmoor Consulting Inc,glenmoor-consulting.example,Professional services,11-50,US,Seattle,£1m-£10m,2008,Bootstrapped,HubSpot,none,[],False,0
Pinecrest Capital Inc,pinecrest-capital.example,Financial services,201-1000,US,San Francisco,£50m-£250m,2022,Series C+,HubSpot,£100k+,"[""LinkedIn Ads"", ""Meta Ads"", ""Microsoft Ads"", ""TikTok Ads""]",False,0
Keystone Legal SAS,keystone-legal.example,Professional services,1-10,FR,Paris,under £1m,2022,Seed,Spreadsheet,under £5k,"[""Google Ads""]",False,0
Rosewood Dental SAS,rosewood-dental.example,Healthcare,11-50,FR,Lille,£1m-£10m,1995,Seed,HubSpot,under £5k,"[""Google Ads""]",False,0
Nettlefield Market Inc,nettlefieldmark-group.example,Retail,11-50,US,Chicago,£1m-£10m,2008,Seed,No CRM,under £5k,"[""Microsoft Ads""]",True,7
Saltmarsh Components Ltd,saltmarsh-components.example,Manufacturing,51-200,UK,Birmingham,£10m-£50m,2022,Series B,HubSpot,£5k-£25k,"[""Google Ads"", ""Microsoft Ads""]",False,0
Foxglove Fabrication SAS,foxglove-fabrication.example,Manufacturing,1-10,FR,Lyon,under £1m,2018,Bootstrapped,HubSpot,£5k-£25k,"[""LinkedIn Ads"", ""Meta Ads""]",True,2
Thornbury Academy GmbH,thornbury-academy.example,Education,201-1000,DE,Berlin,£50m-£250m,1977,Bootstrapped,HubSpot,£5k-£25k,"[""Google Ads"", ""Meta Ads""]",False,0
Highgate Tutors Ltd,highgate-tutors.example,Education,11-50,UK,Bristol,£1m-£10m,2013,Series A,Spreadsheet,under £5k,"[""TikTok Ads""]",True,5
Rosewood Associates Ltd,rosewood-associates.example,Professional services,1-10,UK,Manchester,under £1m,2011,Bootstrapped,HubSpot,under £5k,"[""Google Ads""]",False,0
Juniper College BV,juniper-college.example,Education,1-10,NL,Utrecht,under £1m,2015,Seed,Salesforce,£25k-£100k,"[""LinkedIn Ads"", ""Meta Ads"", ""Microsoft Ads""]",False,0
Emberly Digital Ltd,emberlydigi-group.example,Software,11-50,UK,Leeds,£1m-£10m,1999,Seed,HubSpot,£5k-£25k,"[""Google Ads"", ""LinkedIn Ads""]",True,3
Ashford Insurance BV,ashfordinsu-group.example,Financial services,1-10,NL,Amsterdam,under £1m,1999,Bootstrapped,Spreadsheet,under £5k,"[""Meta Ads""]",False,0
Elmstead Training GmbH,elmstead-training.example,Education,51-200,DE,Hamburg,£10m-£50m,2016,Bootstrapped,Pipedrive,none,[],True,10
Falcon Partners GmbH,falcon-partners.example,Financial services,1-10,DE,Frankfurt,£1m-£10m,2000,Bootstrapped,HubSpot,under £5k,"[""LinkedIn Ads""]",False,0
Marigold Dental GmbH,marigolddent-group.example,Healthcare,51-200,DE,Berlin,£10m-£50m,1995,Series B,HubSpot,£5k-£25k,"[""Google Ads"", ""LinkedIn Ads""]",True,3
Nettlefield Manufacturing SAS,nettlefield-manufacturing.example,Manufacturing,1000+,FR,Paris,£250m+,2017,Public,Salesforce,£100k+,"[""Google Ads"", ""LinkedIn Ads"", ""Meta Ads"", ""Microsoft Ads""]",True,60
Cobalt Data Inc,cobalt-data.example,Software,11-50,US,Seattle,£1m-£10m,2006,Series A,No CRM,under £5k,"[""Meta Ads""]",True,6
Saltmarsh Engineering Inc,saltmarsh-engineering.example,Manufacturing,11-50,US,Chicago,£1m-£10m,2021,Seed,No CRM,£25k-£100k,"[""Google Ads"", ""LinkedIn Ads"", ""TikTok Ads""]",False,0
Bramble Training Inc,bramble-training.example,Education,51-200,US,Seattle,£10m-£50m,2016,Bootstrapped,Salesforce,under £5k,"[""LinkedIn Ads""]",False,0
Heron Freight SAS,heronfrei-group.example,Logistics,11-50,FR,Paris,under £1m,1998,Bootstrapped,HubSpot,under £5k,"[""LinkedIn Ads""]",True,5
Meridian Capital Inc,meridian-capital.example,Financial services,1000+,US,New York,£250m+,1985,Public,Salesforce,£5k-£25k,"[""Google Ads"", ""Meta Ads""]",False,0
Tamarind Consulting Ltd,tamarindcons-group.example,Professional services,1-10,UK,London,under £1m,2023,Seed,Pipedrive,under £5k,"[""LinkedIn Ads""]",False,0
Quartz Learning BV,quartz-learning.example,Education,201-1000,NL,Amsterdam,£50m-£250m,2007,Private equity,Salesforce,£25k-£100k,"[""Google Ads"", ""LinkedIn Ads"", ""Meta Ads""]",False,0
Fernhill Associates Ltd,fernhill-associates.example,Professional services,11-50,UK,Leeds,£1m-£10m,2008,Series B,Pipedrive,none,[],False,0
Oakridge Manufacturing GmbH,oakridge-manufacturing.example,Manufacturing,51-200,DE,Berlin,£10m-£50m,2003,Bootstrapped,Pipedrive,£100k+,"[""Google Ads"", ""LinkedIn Ads"", ""Meta Ads"", ""TikTok Ads""]",False,0
Cedar Care Ltd,cedar-care.example,Healthcare,1-10,UK,London,under £1m,2012,Bootstrapped,Spreadsheet,under £5k,"[""Google Ads""]",False,0
Oakridge Fabrication Inc,oakridge-fabrication.example,Manufacturing,51-200,US,Boston,£10m-£50m,1997,Series B,Spreadsheet,£5k-£25k,"[""Meta Ads"", ""Microsoft Ads""]",False,0
Alder Clinics BV,alderclin-group.example,Healthcare,51-200,NL,Eindhoven,£10m-£50m,2012,Seed,HubSpot,£25k-£100k,"[""Google Ads"", ""LinkedIn Ads"", ""Meta Ads""]",True,9
Redwood Couriers Ltd,redwoodcour-group.example,Logistics,11-50,UK,Birmingham,£1m-£10m,2012,Bootstrapped,Spreadsheet,under £5k,"[""LinkedIn Ads""]",False,0
Pennine College GmbH,pennine-college.example,Education,11-50,DE,Munich,£1m-£10m,2013,Bootstrapped,Pipedrive,£5k-£25k,"[""Meta Ads"", ""Microsoft Ads""]",True,4
Norfolk Pharma BV,norfolkphar-group.example,Healthcare,51-200,NL,Rotterdam,£50m-£250m,2005,Series B,Salesforce,£5k-£25k,"[""Meta Ads"", ""TikTok Ads""]",True,7
Norfolk Learning Ltd,norfolk-learning.example,Education,11-50,UK,Bristol,£1m-£10m,2020,Bootstrapped,HubSpot,under £5k,"[""LinkedIn Ads""]",False,0
Kelvin Consulting BV,kelvin-consulting.example,Professional services,1-10,NL,Amsterdam,under £1m,2005,Seed,HubSpot,under £5k,"[""Meta Ads""]",True,2
Harbour Transport Inc,harbourtran-group.example,Logistics,11-50,US,Chicago,£1m-£10m,2004,Bootstrapped,Salesforce,under £5k,"[""Google Ads""]",False,0
Keystone Market BV,keystonemark-group.example,Retail,11-50,NL,Eindhoven,£1m-£10m,1999,Bootstrapped,No CRM,under £5k,"[""Meta Ads""]",False,0
Lantern Labs Inc,lanternlabs-group.example,Software,1000+,US,San Francisco,£250m+,1992,Bootstrapped,Salesforce,£100k+,"[""Google Ads"", ""LinkedIn Ads"", ""Microsoft Ads"", ""TikTok Ads""]",True,66
Valley Insurance Inc,valleyinsu-group.example,Financial services,51-200,US,Austin,£10m-£50m,2024,Series A,Salesforce,£25k-£100k,"[""Google Ads"", ""Meta Ads"", ""Microsoft Ads""]",False,0
Saltmarsh Capital Inc,saltmarsh-capital.example,Financial services,11-50,US,Austin,£1m-£10m,1999,Seed,Salesforce,£25k-£100k,"[""Google Ads"", ""Meta Ads"", ""Microsoft Ads""]",True,3
Riverside Manufacturing SAS,riverside-manufacturing.example,Manufacturing,51-200,FR,Paris,£10m-£50m,2020,Series B,Salesforce,£25k-£100k,"[""Google Ads"", ""Microsoft Ads"", ""TikTok Ads""]",False,0
Harbour Works Ltd,harbour-works.example,Manufacturing,51-200,UK,Manchester,£50m-£250m,2011,Series C+,Salesforce,£5k-£25k,"[""Google Ads"", ""Meta Ads""]",False,0
Harbour Medical Ltd,harbour-medical.example,Healthcare,51-200,UK,Birmingham,£10m-£50m,2002,Bootstrapped,Salesforce,under £5k,"[""LinkedIn Ads""]",True,14
Glenmoor Engineering Inc,glenmoor-engineering.example,Manufacturing,1-10,US,Seattle,under £1m,2014,Bootstrapped,Spreadsheet,none,[],False,0
Tidewater Training Ltd,tidewatertrai-group.example,Education,201-1000,UK,London,£50m-£250m,2011,Series C+,Salesforce,£100k+,"[""Google Ads"", ""LinkedIn Ads"", ""Meta Ads"", ""TikTok Ads""]",False,0
Aurora Education Inc,aurora-education.example,Education,201-1000,US,Chicago,£50m-£250m,1999,Bootstrapped,Salesforce,£100k+,"[""Google Ads"", ""Meta Ads"", ""Microsoft Ads"", ""TikTok Ads""]",True,21
Cobalt Shipping Ltd,cobalt-shipping.example,Logistics,51-200,UK,Birmingham,£10m-£50m,2018,Seed,HubSpot,£25k-£100k,"[""Google Ads"", ""Meta Ads"", ""TikTok Ads""]",False,0
Riverside Digital Ltd,riversidedigi-group.example,Software,11-50,UK,Birmingham,£10m-£50m,1995,Series A,Pipedrive,none,[],False,0
Oakridge Lending Inc,oakridge-lending.example,Financial services,1-10,US,Chicago,under £1m,2000,Bootstrapped,Pipedrive,under £5k,"[""Microsoft Ads""]",True,1
Beacon Medical SAS,beacon-medical.example,Healthcare,51-200,FR,Toulouse,£10m-£50m,2000,Series A,HubSpot,£5k-£25k,"[""Meta Ads"", ""Microsoft Ads""]",False,0
Saltmarsh Software Ltd,saltmarshsoft-group.example,Software,201-1000,UK,Leeds,£50m-£250m,1990,Bootstrapped,Salesforce,£25k-£100k,"[""Google Ads"", ""Microsoft Ads"", ""TikTok Ads""]",True,22
Bluebell Couriers Inc,bluebellcour-group.example,Logistics,11-50,US,Chicago,£1m-£10m,2012,Bootstrapped,Pipedrive,£5k-£25k,"[""Google Ads"", ""Microsoft Ads""]",True,2
Oldfield Market Ltd,oldfield-market.example,Retail,11-50,UK,Bristol,£10m-£50m,2021,Bootstrapped,No CRM,none,[],True,4
Northwind Care Ltd,northwind-care.example,Healthcare,201-1000,UK,Manchester,£50m-£250m,1986,Series B,Salesforce,£5k-£25k,"[""Google Ads"", ""Microsoft Ads""]",True,12
Ironbridge Dental Ltd,ironbridge-dental.example,Healthcare,201-1000,UK,Edinburgh,£50m-£250m,1996,Series C+,Salesforce,£5k-£25k,"[""Google Ads"", ""Meta Ads""]",True,19
Bramble Health BV,bramble-health.example,Healthcare,1-10,NL,Utrecht,under £1m,2019,Bootstrapped,HubSpot,£5k-£25k,"[""Google Ads"", ""LinkedIn Ads""]",False,0
Aurora Logistics Inc,aurora-logistics.example,Logistics,51-200,US,New York,£10m-£50m,2006,Series B,Pipedrive,£25k-£100k,"[""Google Ads"", ""LinkedIn Ads"", ""Meta Ads""]",True,5
Stonebridge Care Ltd,stonebridge-care.example,Healthcare,1-10,UK,Edinburgh,under £1m,2014,Bootstrapped,HubSpot,under £5k,"[""Meta Ads""]",False,0
Foxglove Engineering Ltd,foxglove-engineering.example,Manufacturing,51-200,UK,Edinburgh,£10m-£50m,2021,Bootstrapped,Salesforce,£25k-£100k,"[""Google Ads"", ""Meta Ads"", ""TikTok Ads""]",False,0
Aurora Market Ltd,auroramark-group.example,Retail,51-200,UK,Bristol,£10m-£50m,2008,Seed,HubSpot,£5k-£25k,"[""Google Ads"", ""LinkedIn Ads""]",True,13
Tamarind Learning Inc,tamarind-learning.example,Education,51-200,US,Austin,£10m-£50m,2024,Series B,No CRM,£5k-£25k,"[""LinkedIn Ads"", ""Meta Ads""]",False,0
Inkwell Cloud BV,inkwellclou-group.example,Software,1-10,NL,Rotterdam,under £1m,2022,Bootstrapped,HubSpot,under £5k,"[""Meta Ads""]",False,0
Highgate College BV,highgate-college.example,Education,11-50,NL,Eindhoven,£10m-£50m,2021,Bootstrapped,HubSpot,under £5k,"[""Meta Ads""]",False,0
Falcon Stores Ltd,falcon-stores.example,Retail,1-10,UK,Birmingham,£1m-£10m,2007,Bootstrapped,HubSpot,under £5k,"[""LinkedIn Ads""]",False,0
Brightwater Industries Inc,brightwaterindu-group.example,Manufacturing,1-10,US,San Francisco,under £1m,2020,Bootstrapped,Spreadsheet,none,[],False,0
Brightwater Dental BV,brightwater-dental.example,Healthcare,1-10,NL,Amsterdam,£1m-£10m,2017,Bootstrapped,Spreadsheet,under £5k,"[""Meta Ads""]",False,0
Beacon Engineering SAS,beacon-engineering.example,Manufacturing,51-200,FR,Paris,£10m-£50m,1996,Bootstrapped,HubSpot,£5k-£25k,"[""LinkedIn Ads"", ""Meta Ads""]",True,11
Elmstead Works SAS,elmstead-works.example,Manufacturing,11-50,FR,Lyon,£1m-£10m,1995,Seed,No CRM,none,[],False,0
Aurora Labs GmbH,aurora-labs.example,Software,51-200,DE,Hamburg,£10m-£50m,2000,Series A,Pipedrive,under £5k,"[""Google Ads""]",False,0
Falcon Consulting Ltd,falconcons-group.example,Professional services,1-10,UK,Leeds,under £1m,2000,Bootstrapped,No CRM,none,[],False,0
Beacon Freight Inc,beacon-freight.example,Logistics,1000+,US,Austin,£250m+,2016,Public,Salesforce,£5k-£25k,"[""Google Ads"", ""LinkedIn Ads""]",True,54
Alder Goods BV,aldergood-group.example,Retail,51-200,NL,Rotterdam,£10m-£50m,2012,Series B,Salesforce,£5k-£25k,"[""Google Ads"", ""LinkedIn Ads""]",True,10
Clearwater Software Ltd,clearwatersoft-group.example,Software,51-200,UK,Bristol,£10m-£50m,2002,Bootstrapped,No CRM,under £5k,"[""Meta Ads""]",False,0
Harbour Outfitters Inc,harbour-outfitters.example,Retail,11-50,US,Boston,£1m-£10m,2016,Series A,Salesforce,under £5k,"[""LinkedIn Ads""]",False,0
Clearwater Trading Inc,clearwater-trading.example,Retail,51-200,US,Boston,£10m-£50m,2004,Series A,HubSpot,£5k-£25k,"[""LinkedIn Ads"", ""Meta Ads""]",False,0
Yarrow Health Ltd,yarrow-health.example,Healthcare,51-200,UK,Edinburgh,£10m-£50m,2005,Bootstrapped,Pipedrive,none,[],False,0
Ironbridge Legal SAS,ironbridge-legal.example,Professional services,51-200,FR,Paris,£10m-£50m,2000,Series B,HubSpot,£25k-£100k,"[""Google Ads"", ""Meta Ads"", ""TikTok Ads""]",True,7
Thornbury Shipping Ltd,thornburyship-group.example,Logistics,1-10,UK,Manchester,£1m-£10m,2004,Seed,HubSpot,£5k-£25k,"[""Google Ads"", ""Meta Ads""]",False,0
Yarrow Retail Ltd,yarrow-retail.example,Retail,201-1000,UK,London,£50m-£250m,1969,Series B,Salesforce,£25k-£100k,"[""Google Ads"", ""Meta Ads"", ""Microsoft Ads""]",False,0
Upland Care Inc,uplandcare-group.example,Healthcare,1-10,US,San Francisco,under £1m,2010,Bootstrapped,Salesforce,none,[],False,0
Highgate Freight Inc,highgate-freight.example,Logistics,51-200,US,Austin,£50m-£250m,2021,Series B,Salesforce,£5k-£25k,"[""Google Ads"", ""Meta Ads""]",True,6
Aurora Shipping Inc,auroraship-group.example,Logistics,11-50,US,Boston,£1m-£10m,2023,Bootstrapped,Pipedrive,£5k-£25k,"[""Google Ads"", ""Meta Ads""]",False,0
Tidewater Lending Ltd,tidewaterlend-group.example,Financial services,1-10,UK,London,under £1m,2001,Bootstrapped,HubSpot,under £5k,"[""Meta Ads""]",False,0
Oldfield Haulage Ltd,oldfield-haulage.example,Logistics,201-1000,UK,London,£250m+,1999,Series C+,Salesforce,£25k-£100k,"[""Google Ads"", ""Microsoft Ads"", ""TikTok Ads""]",True,14
Lantern Partners SAS,lantern-partners.example,Financial services,11-50,FR,Lille,£1m-£10m,2008,Series A,Spreadsheet,£25k-£100k,"[""Google Ads"", ""Meta Ads"", ""Microsoft Ads""]",False,0
Northwind Advisory BV,northwindadvi-group.example,Professional services,51-200,NL,Amsterdam,£10m-£50m,2017,Series A,Salesforce,under £5k,"[""Microsoft Ads""]",False,0
Oldfield Transport Inc,oldfield-transport.example,Logistics,201-1000,US,San Francisco,£250m+,1992,Private equity,Salesforce,£5k-£25k,"[""Google Ads"", ""Microsoft Ads""]",True,17
Pebble Couriers Ltd,pebble-couriers.example,Logistics,201-1000,UK,Leeds,£10m-£50m,2018,Bootstrapped,Salesforce,£5k-£25k,"[""LinkedIn Ads"", ""Microsoft Ads""]",False,0
Lindenwood Health Inc,lindenwood-health.example,Healthcare,1-10,US,Seattle,under £1m,1995,Bootstrapped,HubSpot,£5k-£25k,"[""Google Ads"", ""Meta Ads""]",True,1
Bluebell Capital Inc,bluebellcapi-group.example,Financial services,11-50,US,Austin,£1m-£10m,2009,Bootstrapped,Pipedrive,none,[],False,0
Cobalt Pharma SAS,cobalt-pharma.example,Healthcare,1-10,FR,Lille,under £1m,2014,Bootstrapped,Pipedrive,under £5k,"[""Google Ads""]",False,0
Pinecrest Freight SAS,pinecrest-freight.example,Logistics,1-10,FR,Toulouse,under £1m,2009,Seed,HubSpot,£5k-£25k,"[""Google Ads"", ""TikTok Ads""]",False,0
Valley Partners GmbH,valley-partners.example,Financial services,1000+,DE,Berlin,£250m+,1998,Public,Salesforce,£25k-£100k,"[""LinkedIn Ads"", ""Meta Ads"", ""Microsoft Ads""]",False,0
Westbrook Education BV,westbrook-education.example,Education,1-10,NL,Utrecht,under £1m,1997,Bootstrapped,Spreadsheet,none,[],False,0
Granite Learning Ltd,granite-learning.example,Education,11-50,UK,Leeds,£1m-£10m,2005,Bootstrapped,No CRM,£25k-£100k,"[""LinkedIn Ads"", ""Meta Ads"", ""Microsoft Ads""]",True,4
Highgate Clinics Inc,highgateclin-group.example,Healthcare,201-1000,US,Chicago,£50m-£250m,2009,Bootstrapped,Salesforce,under £5k,"[""Meta Ads""]",False,0
Rosewood Haulage Inc,rosewood-haulage.example,Logistics,51-200,US,Boston,£10m-£50m,2016,Series B,HubSpot,£5k-£25k,"[""Google Ads"", ""Meta Ads""]",False,0
Larkspur Retail Ltd,larkspur-retail.example,Retail,11-50,UK,Bristol,£10m-£50m,2007,Bootstrapped,Salesforce,none,[],False,0
Cedar Clinics Inc,cedarclin-group.example,Healthcare,1-10,US,San Francisco,under £1m,2022,Bootstrapped,HubSpot,under £5k,"[""Meta Ads""]",True,1
Pebble Recruitment GmbH,pebble-recruitment.example,Professional services,11-50,DE,Frankfurt,£1m-£10m,2002,Seed,Pipedrive,£25k-£100k,"[""Google Ads"", ""LinkedIn Ads"", ""Meta Ads""]",True,5
Kingsway Training GmbH,kingsway-training.example,Education,201-1000,DE,Munich,£50m-£250m,1966,Series B,Pipedrive,£5k-£25k,"[""Google Ads"", ""Meta Ads""]",True,17
Nettlefield Logistics GmbH,nettlefield-logistics.example,Logistics,51-200,DE,Berlin,£10m-£50m,2021,Private equity,Salesforce,£25k-£100k,"[""Google Ads"", ""Meta Ads"", ""Microsoft Ads""]",True,8
Glenmoor Works Ltd,glenmoor-works.example,Manufacturing,201-1000,UK,Edinburgh,£50m-£250m,2019,Series C+,Pipedrive,£25k-£100k,"[""Google Ads"", ""LinkedIn Ads"", ""TikTok Ads""]",False,0
Valley Wealth BV,valleyweal-group.example,Financial services,1-10,NL,Rotterdam,under £1m,2024,Bootstrapped,Spreadsheet,£25k-£100k,"[""Google Ads"", ""LinkedIn Ads"", ""Meta Ads""]",False,0
Glenmoor Market Inc,glenmoor-market.example,Retail,51-200,US,Seattle,£10m-£50m,2009,Series B,HubSpot,£25k-£100k,"[""Google Ads"", ""LinkedIn Ads"", ""TikTok Ads""]",False,0
Valley Outfitters BV,valley-outfitters.example,Retail,201-1000,NL,Rotterdam,£50m-£250m,1994,Private equity,Salesforce,£5k-£25k,"[""Google Ads"", ""Microsoft Ads""]",False,0
Pinecrest Shipping Inc,pinecrest-shipping.example,Logistics,51-200,US,Chicago,£1m-£10m,2013,Series B,Pipedrive,£5k-£25k,"[""Google Ads"", ""Meta Ads""]",False,0
Greystone Education GmbH,greystone-education.example,Education,51-200,DE,Hamburg,£50m-£250m,2010,Bootstrapped,Salesforce,£25k-£100k,"[""Google Ads"", ""LinkedIn Ads"", ""Microsoft Ads""]",True,7
Harbour Insurance Ltd,harbour-insurance.example,Financial services,51-200,UK,Leeds,£10m-£50m,2014,Series A,Pipedrive,£25k-£100k,"[""Google Ads"", ""Meta Ads"", ""Microsoft Ads""]",False,0
Pebble Retail SAS,pebble-retail.example,Retail,11-50,FR,Lyon,£1m-£10m,2015,Series A,Pipedrive,under £5k,"[""Google Ads""]",False,0
Quartz Training GmbH,quartz-training.example,Education,11-50,DE,Munich,£1m-£10m,2001,Series A,No CRM,none,[],False,0
Rosewood Engineering Ltd,rosewoodengi-group.example,Manufacturing,201-1000,UK,London,£50m-£250m,1977,Bootstrapped,Salesforce,£5k-£25k,"[""Meta Ads"", ""Microsoft Ads""]",False,0
Orchard Recruitment Inc,orchard-recruitment.example,Professional services,1-10,US,Seattle,under £1m,2024,Seed,HubSpot,none,[],False,0
Greystone Partners BV,greystone-partners.example,Financial services,1000+,NL,Amsterdam,£250m+,1997,Series C+,No CRM,£100k+,"[""Google Ads"", ""LinkedIn Ads"", ""Meta Ads"", ""TikTok Ads""]",True,57
Evergreen Academy GmbH,evergreen-academy.example,Education,1-10,DE,Berlin,under £1m,1999,Bootstrapped,Pipedrive,none,[],True,4
Ashford Tutors GmbH,ashford-tutors.example,Education,11-50,DE,Munich,£10m-£50m,1999,Bootstrapped,Spreadsheet,none,[],True,5
Orchard Labs SAS,orchardlabs-group.example,Software,51-200,FR,Lyon,£10m-£50m,2023,Series A,Salesforce,£25k-£100k,"[""Google Ads"", ""LinkedIn Ads"", ""Meta Ads""]",False,0
Heron Associates Ltd,heronasso-group.example,Professional services,11-50,UK,Edinburgh,£1m-£10m,2005,Series B,Pipedrive,£5k-£25k,"[""LinkedIn Ads"", ""Meta Ads""]",False,0
Moorland Recruitment Inc,moorland-recruitment.example,Professional services,11-50,US,Chicago,£1m-£10m,2014,Bootstrapped,Pipedrive,under £5k,"[""LinkedIn Ads""]",False,0
Valley Labs GmbH,valley-labs.example,Software,201-1000,DE,Frankfurt,£10m-£50m,2004,Bootstrapped,HubSpot,£25k-£100k,"[""LinkedIn Ads"", ""Meta Ads"", ""Microsoft Ads""]",False,0
Valley Health Inc,valleyheal-group.example,Healthcare,51-200,US,Boston,£10m-£50m,1995,Series A,Salesforce,£5k-£25k,"[""Google Ads"", ""TikTok Ads""]",True,6
Cedar Logistics Ltd,cedar-logistics.example,Logistics,11-50,UK,Leeds,£10m-£50m,2008,Series A,No CRM,under £5k,"[""Meta Ads""]",True,4
Foxglove Digital BV,foxglove-digital.example,Software,51-200,NL,Rotterdam,£10m-£50m,2015,Series A,HubSpot,under £5k,"[""Google Ads""]",False,0
Alder Accountants Inc,alder-accountants.example,Professional services,11-50,US,Chicago,£1m-£10m,2015,Series A,No CRM,£5k-£25k,"[""LinkedIn Ads"", ""Meta Ads""]",True,4
Granite Shipping GmbH,graniteship-group.example,Logistics,1-10,DE,Berlin,under £1m,2007,Bootstrapped,Pipedrive,none,[],False,0
Willow Labs Ltd,willow-labs.example,Software,1-10,UK,Leeds,under £1m,2012,Bootstrapped,Pipedrive,under £5k,"[""Google Ads""]",False,0
Inkwell Pharma SAS,inkwell-pharma.example,Healthcare,1-10,FR,Toulouse,under £1m,1995,Bootstrapped,No CRM,under £5k,"[""Google Ads""]",False,0
Orchard Clinics SAS,orchard-clinics.example,Healthcare,1-10,FR,Lille,under £1m,2009,Seed,Pipedrive,none,[],True,1
Juniper Tutors GmbH,juniper-tutors.example,Education,11-50,DE,Berlin,£10m-£50m,2002,Seed,No CRM,£5k-£25k,"[""Google Ads"", ""Meta Ads""]",True,7
Zephyr Wealth SAS,zephyr-wealth.example,Financial services,51-200,FR,Paris,£10m-£50m,2023,Series B,Salesforce,£25k-£100k,"[""Google Ads"", ""LinkedIn Ads"", ""Meta Ads""]",False,0
Norfolk Medical Ltd,norfolkmedi-group.example,Healthcare,1-10,UK,Edinburgh,under £1m,2022,Bootstrapped,HubSpot,under £5k,"[""Google Ads""]",True,2
Driftwood Tutors GmbH,driftwood-tutors.example,Education,51-200,DE,Munich,£10m-£50m,2008,Bootstrapped,Salesforce,£5k-£25k,"[""Google Ads"", ""TikTok Ads""]",True,6
Aurora Freight Ltd,aurora-freight.example,Logistics,201-1000,UK,Leeds,£50m-£250m,1973,Private equity,HubSpot,£25k-£100k,"[""LinkedIn Ads"", ""Meta Ads"", ""Microsoft Ads""]",True,20
Dovecote Software Ltd,dovecote-software.example,Software,1-10,UK,Bristol,under £1m,2013,Seed,Spreadsheet,none,[],False,0
Riverside Finance Ltd,riverside-finance.example,Financial services,11-50,UK,Bristol,£1m-£10m,2003,Bootstrapped,Salesforce,under £5k,"[""LinkedIn Ads""]",True,4
Vantage Components Inc,vantage-components.example,Manufacturing,201-1000,US,Seattle,£10m-£50m,1992,Series B,Salesforce,£5k-£25k,"[""Google Ads"", ""Meta Ads""]",False,0
Marigold Engineering Inc,marigold-engineering.example,Manufacturing,201-1000,US,Chicago,£10m-£50m,2018,Series C+,Salesforce,£5k-£25k,"[""Google Ads"", ""TikTok Ads""]",False,0
Greystone Digital BV,greystone-digital.example,Software,1-10,NL,Eindhoven,under £1m,2003,Seed,HubSpot,under £5k,"[""Google Ads""]",False,0
Valley Manufacturing SAS,valley-manufacturing.example,Manufacturing,11-50,FR,Toulouse,£1m-£10m,2011,Seed,Pipedrive,£5k-£25k,"[""Google Ads"", ""Meta Ads""]",True,7
Meridian Couriers BV,meridian-couriers.example,Logistics,11-50,NL,Eindhoven,£1m-£10m,2021,Seed,Salesforce,none,[],False,0
Glenmoor Care BV,glenmoor-care.example,Healthcare,11-50,NL,Rotterdam,£1m-£10m,2002,Series B,Pipedrive,under £5k,"[""Google Ads""]",False,0
Tamarind Transport SAS,tamarind-transport.example,Logistics,1-10,FR,Lyon,under £1m,2008,Seed,Pipedrive,none,[],False,0
Beacon Insurance Ltd,beacon-insurance.example,Financial services,1-10,UK,Edinburgh,under £1m,2022,Seed,HubSpot,under £5k,"[""Meta Ads""]",False,0
Quayside Freight GmbH,quayside-freight.example,Logistics,11-50,DE,Munich,£1m-£10m,2012,Bootstrapped,Pipedrive,£5k-£25k,"[""LinkedIn Ads"", ""Meta Ads""]",False,0
Oakridge Freight Ltd,oakridge-freight.example,Logistics,1-10,UK,Bristol,under £1m,2009,Seed,Spreadsheet,under £5k,"[""Google Ads""]",False,0
Quartz Pharma Inc,quartzphar-group.example,Healthcare,201-1000,US,Austin,£50m-£250m,1980,Bootstrapped,Pipedrive,£100k+,"[""Google Ads"", ""Meta Ads"", ""Microsoft Ads"", ""TikTok Ads""]",False,0
Bramble Retail BV,bramble-retail.example,Retail,1000+,NL,Amsterdam,£250m+,2006,Series B,Salesforce,£100k+,"[""Google Ads"", ""LinkedIn Ads"", ""Meta Ads"", ""Microsoft Ads""]",True,56
Moorland Advisory Ltd,moorlandadvi-group.example,Professional services,1-10,UK,London,under £1m,2010,Bootstrapped,Spreadsheet,none,[],False,0
Pebble Digital Inc,pebble-digital.example,Software,11-50,US,Boston,£10m-£50m,2015,Bootstrapped,Pipedrive,under £5k,"[""Microsoft Ads""]",True,2
Alder Outfitters Inc,alder-outfitters.example,Retail,11-50,US,Austin,under £1m,2016,Seed,Salesforce,under £5k,"[""TikTok Ads""]",True,6
Clearwater Learning Inc,clearwaterlear-group.example,Education,1-10,US,San Francisco,under £1m,2002,Seed,HubSpot,none,[],False,0
Moorland Engineering Ltd,moorland-engineering.example,Manufacturing,1-10,UK,Birmingham,under £1m,2015,Series A,No CRM,under £5k,"[""Google Ads""]",False,0
Nimbus Dental Ltd,nimbus-dental.example,Healthcare,1-10,UK,Manchester,under £1m,2001,Bootstrapped,Spreadsheet,none,[],False,0
Yarrow Finance Inc,yarrowfina-group.example,Financial services,1-10,US,New York,under £1m,2015,Seed,No CRM,£5k-£25k,"[""Google Ads"", ""TikTok Ads""]",False,0
Clearwater Transport Inc,clearwater-transport.example,Logistics,1-10,US,Austin,under £1m,2020,Bootstrapped,Spreadsheet,under £5k,"[""LinkedIn Ads""]",False,0
Highgate Health Inc,highgate-health.example,Healthcare,51-200,US,New York,£10m-£50m,1996,Bootstrapped,HubSpot,under £5k,"[""Meta Ads""]",False,0
Willow Training Inc,willow-training.example,Education,11-50,US,Boston,£1m-£10m,2024,Bootstrapped,Pipedrive,£5k-£25k,"[""Google Ads"", ""Meta Ads""]",True,3
Highgate Recruitment Ltd,highgate-recruitment.example,Professional services,201-1000,UK,Manchester,£250m+,2006,Public,Spreadsheet,£100k+,"[""Google Ads"", ""LinkedIn Ads"", ""Meta Ads"", ""Microsoft Ads""]",True,17
Westbrook Care GmbH,westbrook-care.example,Healthcare,11-50,DE,Berlin,£1m-£10m,2008,Bootstrapped,Spreadsheet,under £5k,"[""Google Ads""]",True,3
Tidewater Cloud GmbH,tidewater-cloud.example,Software,11-50,DE,Berlin,£1m-£10m,2024,Series A,HubSpot,£5k-£25k,"[""LinkedIn Ads"", ""Meta Ads""]",False,0
Northwind Legal Inc,northwind-legal.example,Professional services,51-200,US,Boston,£10m-£50m,2015,Private equity,Salesforce,£25k-£100k,"[""Google Ads"", ""Meta Ads"", ""Microsoft Ads""]",True,10
Riverside Training BV,riverside-training.example,Education,1-10,NL,Utrecht,under £1m,2010,Seed,Pipedrive,none,[],False,0
Emberly Recruitment Inc,emberly-recruitment.example,Professional services,201-1000,US,Boston,£50m-£250m,1988,Private equity,HubSpot,£5k-£25k,"[""Meta Ads"", ""Microsoft Ads""]",True,22
Ironbridge Advisory BV,ironbridge-advisory.example,Professional services,11-50,NL,Utrecht,£1m-£10m,2012,Seed,Spreadsheet,£5k-£25k,"[""Google Ads"", ""LinkedIn Ads""]",False,0
Glenmoor Associates Ltd,glenmoorasso-group.example,Professional services,201-1000,UK,Birmingham,£50m-£250m,2000,Bootstrapped,Pipedrive,£5k-£25k,"[""LinkedIn Ads"", ""Meta Ads""]",False,0
Thornbury College Ltd,thornbury-college.example,Education,11-50,UK,London,£1m-£10m,2006,Bootstrapped,No CRM,£25k-£100k,"[""Google Ads"", ""LinkedIn Ads"", ""Meta Ads""]",True,2
Ivywood Advisory SAS,ivywoodadvi-group.example,Professional services,1-10,FR,Toulouse,£1m-£10m,2011,Seed,HubSpot,under £5k,"[""Microsoft Ads""]",True,4
Marigold Recruitment Inc,marigoldrecr-group.example,Professional services,1-10,US,Chicago,under £1m,1996,Seed,Spreadsheet,under £5k,"[""Meta Ads""]",True,3
Yarrow Pharma Ltd,yarrow-pharma.example,Healthcare,51-200,UK,Leeds,£10m-£50m,2024,Series B,HubSpot,£5k-£25k,"[""LinkedIn Ads"", ""Meta Ads""]",True,10
Rosewood Couriers BV,rosewood-couriers.example,Logistics,51-200,NL,Rotterdam,£10m-£50m,2002,Series B,Salesforce,£25k-£100k,"[""Google Ads"", ""Meta Ads"", ""Microsoft Ads""]",True,7
Valley Retail SAS,valley-retail.example,Retail,1-10,FR,Paris,under £1m,2004,Seed,HubSpot,under £5k,"[""Google Ads""]",False,0
Evergreen Health Inc,evergreenheal-group.example,Healthcare,11-50,US,Chicago,£1m-£10m,2013,Series A,No CRM,under £5k,"[""Meta Ads""]",False,0
Norfolk Recruitment Ltd,norfolk-recruitment.example,Professional services,201-1000,UK,Manchester,£50m-£250m,2022,Private equity,Salesforce,£25k-£100k,"[""Google Ads"", ""LinkedIn Ads"", ""Meta Ads""]",True,30
Jasper Logistics Ltd,jasper-logistics.example,Logistics,201-1000,UK,Manchester,£50m-£250m,2018,Private equity,Salesforce,£5k-£25k,"[""LinkedIn Ads"", ""Microsoft Ads""]",True,20
Kelvin Retail BV,kelvinreta-group.example,Retail,51-200,NL,Rotterdam,£10m-£50m,2021,Bootstrapped,HubSpot,£5k-£25k,"[""LinkedIn Ads"", ""TikTok Ads""]",False,0
Quartz Data Inc,quartz-data.example,Software,51-200,US,Boston,£10m-£50m,2017,Series C+,Spreadsheet,£5k-£25k,"[""Google Ads"", ""TikTok Ads""]",False,0
Alder Couriers GmbH,alder-couriers.example,Logistics,11-50,DE,Hamburg,£1m-£10m,2005,Seed,Pipedrive,under £5k,"[""Google Ads""]",True,8
Yarrow Market Ltd,yarrowmark-group.example,Retail,1-10,UK,Bristol,under £1m,2001,Bootstrapped,No CRM,under £5k,"[""Microsoft Ads""]",False,0
Tamarind Works Ltd,tamarindwork-group.example,Manufacturing,11-50,UK,London,£1m-£10m,2004,Bootstrapped,HubSpot,under £5k,"[""LinkedIn Ads""]",False,0
Granite Dental Ltd,granitedent-group.example,Healthcare,1-10,UK,Edinburgh,under £1m,2006,Bootstrapped,Pipedrive,none,[],False,0
Foxglove Academy Ltd,foxgloveacad-group.example,Education,51-200,UK,London,£10m-£50m,1997,Private equity,Salesforce,£5k-£25k,"[""Google Ads"", ""LinkedIn Ads""]",False,0
Granite Freight BV,granite-freight.example,Logistics,51-200,NL,Rotterdam,£50m-£250m,2022,Series B,Salesforce,none,[],True,15
Oldfield Cloud Ltd,oldfield-cloud.example,Software,201-1000,UK,Bristol,£50m-£250m,2008,Series B,Salesforce,£5k-£25k,"[""LinkedIn Ads"", ""Microsoft Ads""]",False,0
Beacon Goods Ltd,beacon-goods.example,Retail,1-10,UK,Bristol,under £1m,1997,Seed,HubSpot,under £5k,"[""Google Ads""]",False,0
Moorland Retail Ltd,moorlandreta-group.example,Retail,1-10,UK,Edinburgh,under £1m,2000,Bootstrapped,HubSpot,under £5k,"[""Google Ads""]",False,0
Valley Capital SAS,valleycapi-group.example,Financial services,51-200,FR,Lille,£10m-£50m,2003,Bootstrapped,HubSpot,£25k-£100k,"[""LinkedIn Ads"", ""Microsoft Ads"", ""TikTok Ads""]",False,0
Norfolk Industries BV,norfolkindu-group.example,Manufacturing,1000+,NL,Eindhoven,£250m+,1988,Private equity,No CRM,£5k-£25k,"[""Meta Ads"", ""Microsoft Ads""]",True,60
Harbour Legal Ltd,harbourlega-group.example,Professional services,1000+,UK,Manchester,£250m+,2009,Bootstrapped,HubSpot,£25k-£100k,"[""Meta Ads"", ""Microsoft Ads"", ""TikTok Ads""]",True,59
Marigold Works Ltd,marigoldwork-group.example,Manufacturing,1-10,UK,Edinburgh,under £1m,2021,Seed,Salesforce,none,[],False,0
Keystone Haulage Ltd,keystone-haulage.example,Logistics,51-200,UK,Manchester,£10m-£50m,2022,Bootstrapped,HubSpot,under £5k,"[""Meta Ads""]",True,7
Foxglove Cloud BV,foxglove-cloud.example,Software,51-200,NL,Amsterdam,£50m-£250m,2020,Bootstrapped,HubSpot,£5k-£25k,"[""Meta Ads"", ""Microsoft Ads""]",True,8
Dovecote Partners Inc,dovecote-partners.example,Financial services,1000+,US,New York,£250m+,1982,Bootstrapped,Salesforce,£5k-£25k,"[""Google Ads"", ""Meta Ads""]",True,44
Thornbury Transport Inc,thornbury-transport.example,Logistics,11-50,US,New York,£1m-£10m,2002,Seed,Spreadsheet,none,[],True,5
Fernhill Accountants Ltd,fernhillacco-group.example,Professional services,201-1000,UK,Edinburgh,£50m-£250m,1998,Public,HubSpot,£25k-£100k,"[""Google Ads"", ""Meta Ads"", ""TikTok Ads""]",False,0
Vantage Data GmbH,vantage-data.example,Software,201-1000,DE,Frankfurt,£50m-£250m,1993,Series A,Salesforce,£5k-£25k,"[""Google Ads"", ""Meta Ads""]",False,0
Glenmoor Components Ltd,glenmoorcomp-group.example,Manufacturing,201-1000,UK,Edinburgh,£50m-£250m,2004,Series B,Salesforce,£5k-£25k,"[""Google Ads"", ""TikTok Ads""]",True,19
Alder Care Ltd,alder-care.example,Healthcare,1-10,UK,Manchester,under £1m,1997,Bootstrapped,Spreadsheet,none,[],True,1
Stonebridge Training Ltd,stonebridge-training.example,Education,51-200,UK,Bristol,£10m-£50m,2012,Bootstrapped,HubSpot,£25k-£100k,"[""Google Ads"", ""LinkedIn Ads"", ""Meta Ads""]",True,11
Redwood Components GmbH,redwood-components.example,Manufacturing,11-50,DE,Berlin,£1m-£10m,2010,Seed,HubSpot,none,[],False,0
Larkspur Tutors Inc,larkspurtuto-group.example,Education,201-1000,US,Chicago,£50m-£250m,1970,Bootstrapped,Spreadsheet,£5k-£25k,"[""Google Ads"", ""LinkedIn Ads""]",True,24
Fernhill Advisory Inc,fernhilladvi-group.example,Professional services,11-50,US,New York,£1m-£10m,2011,Bootstrapped,Salesforce,none,[],True,5
Cobalt Associates BV,cobalt-associates.example,Professional services,11-50,NL,Amsterdam,£1m-£10m,2002,Bootstrapped,HubSpot,£25k-£100k,"[""Google Ads"", ""LinkedIn Ads"", ""Meta Ads""]",False,0
Harbour Clinics Ltd,harbour-clinics.example,Healthcare,201-1000,UK,Manchester,£50m-£250m,2018,Private equity,Salesforce,£25k-£100k,"[""Google Ads"", ""Meta Ads"", ""Microsoft Ads""]",False,0
Keystone Stores Ltd,keystonestor-group.example,Retail,1000+,UK,Birmingham,£50m-£250m,1988,Series C+,Salesforce,£25k-£100k,"[""Google Ads"", ""Microsoft Ads"", ""TikTok Ads""]",True,67
Moorland Transport Inc,moorland-transport.example,Logistics,1-10,US,Austin,under £1m,2005,Bootstrapped,Pipedrive,none,[],False,0
Riverside Market BV,riversidemark-group.example,Retail,201-1000,NL,Amsterdam,£50m-£250m,1968,Series A,Spreadsheet,£5k-£25k,"[""Google Ads"", ""Meta Ads""]",True,18
Juniper Health BV,juniper-health.example,Healthcare,201-1000,NL,Utrecht,£50m-£250m,1997,Series B,No CRM,£5k-£25k,"[""Google Ads"", ""Meta Ads""]",True,20
Kestrel Manufacturing SAS,kestrel-manufacturing.example,Manufacturing,51-200,FR,Paris,£10m-£50m,2011,Series A,Salesforce,none,[],False,0
Aurora Learning SAS,aurora-learning.example,Education,11-50,FR,Lille,£1m-£10m,2006,Seed,Pipedrive,under £5k,"[""Meta Ads""]",False,0
Juniper Couriers Ltd,juniper-couriers.example,Logistics,1-10,UK,Bristol,£1m-£10m,2017,Bootstrapped,Spreadsheet,under £5k,"[""Meta Ads""]",True,2
Nettlefield Legal BV,nettlefield-legal.example,Professional services,1-10,NL,Rotterdam,£1m-£10m,1998,Bootstrapped,No CRM,none,[],False,0
Lantern Stores Inc,lantern-stores.example,Retail,51-200,US,Chicago,£10m-£50m,2023,Series A,HubSpot,under £5k,"[""Google Ads""]",False,0
Keystone Industries Ltd,keystoneindu-group.example,Manufacturing,1000+,UK,Birmingham,£250m+,2004,Series C+,No CRM,£100k+,"[""Google Ads"", ""LinkedIn Ads"", ""Meta Ads"", ""Microsoft Ads""]",False,0
Ironbridge Insurance Ltd,ironbridgeinsu-group.example,Financial services,201-1000,UK,Leeds,£50m-£250m,1975,Series A,Salesforce,£25k-£100k,"[""Google Ads"", ""Meta Ads"", ""Microsoft Ads""]",True,25
Cedar Learning Inc,cedarlear-group.example,Education,1-10,US,Chicago,under £1m,2000,Bootstrapped,Spreadsheet,none,[],True,1
Driftwood Health SAS,driftwood-health.example,Healthcare,11-50,FR,Paris,under £1m,2017,Bootstrapped,Salesforce,£5k-£25k,"[""Meta Ads"", ""TikTok Ads""]",True,3
Emberly Works GmbH,emberlywork-group.example,Manufacturing,51-200,DE,Frankfurt,£10m-£50m,2005,Bootstrapped,Salesforce,£25k-£100k,"[""Google Ads"", ""LinkedIn Ads"", ""Meta Ads""]",False,0
Umber Wealth Inc,umber-wealth.example,Financial services,51-200,US,Austin,£10m-£50m,2016,Series B,Salesforce,under £5k,"[""LinkedIn Ads""]",False,0
Foxglove Data SAS,foxglovedata-group.example,Software,1-10,FR,Toulouse,£1m-£10m,2014,Series A,No CRM,under £5k,"[""Google Ads""]",False,0
Keystone Advisory BV,keystone-advisory.example,Professional services,51-200,NL,Utrecht,£10m-£50m,2013,Series A,No CRM,£100k+,"[""Google Ads"", ""LinkedIn Ads"", ""Meta Ads"", ""Microsoft Ads""]",True,9
Beacon College Ltd,beaconcoll-group.example,Education,1-10,UK,Bristol,under £1m,2003,Series A,Salesforce,none,[],False,0
Driftwood Accountants Ltd,driftwoodacco-group.example,Professional services,51-200,UK,Manchester,£10m-£50m,2005,Bootstrapped,Spreadsheet,£5k-£25k,"[""Google Ads"", ""LinkedIn Ads""]",False,0
Pennine Couriers Inc,pennine-couriers.example,Logistics,1-10,US,New York,under £1m,2010,Bootstrapped,HubSpot,under £5k,"[""LinkedIn Ads""]",False,0
Falcon Cloud Ltd,falconclou-group.example,Software,1-10,UK,Edinburgh,under £1m,2018,Bootstrapped,Salesforce,under £5k,"[""Google Ads""]",True,1
Emberly Dental Ltd,emberly-dental.example,Healthcare,1-10,UK,Leeds,under £1m,2000,Seed,HubSpot,none,[],False,0
Ashford Cloud Inc,ashford-cloud.example,Software,1-10,US,San Francisco,under £1m,2011,Bootstrapped,Spreadsheet,under £5k,"[""TikTok Ads""]",True,2
Dunmore Consulting Inc,dunmorecons-group.example,Professional services,51-200,US,Austin,£1m-£10m,2006,Bootstrapped,HubSpot,£5k-£25k,"[""Google Ads"", ""LinkedIn Ads""]",True,7
Vantage Industries Inc,vantage-industries.example,Manufacturing,201-1000,US,New York,£50m-£250m,1980,Private equity,Salesforce,£5k-£25k,"[""Meta Ads"", ""Microsoft Ads""]",False,0
Oldfield Fabrication Ltd,oldfield-fabrication.example,Manufacturing,51-200,UK,Bristol,£10m-£50m,2010,Bootstrapped,HubSpot,£25k-£100k,"[""Google Ads"", ""LinkedIn Ads"", ""TikTok Ads""]",True,6
Inkwell Legal Inc,inkwelllega-group.example,Professional services,11-50,US,Seattle,£1m-£10m,1998,Series B,HubSpot,£5k-£25k,"[""Google Ads"", ""Microsoft Ads""]",True,3
Elmstead Transport Ltd,elmstead-transport.example,Logistics,51-200,UK,Edinburgh,£10m-£50m,2019,Series B,Pipedrive,£25k-£100k,"[""Google Ads"", ""Meta Ads"", ""Microsoft Ads""]",True,16
Nimbus Retail Ltd,nimbusreta-group.example,Retail,51-200,UK,Birmingham,£10m-£50m,2008,Series A,Salesforce,under £5k,"[""Meta Ads""]",False,0
Valley Dental Ltd,valley-dental.example,Healthcare,201-1000,UK,Leeds,£10m-£50m,2012,Bootstrapped,HubSpot,£25k-£100k,"[""LinkedIn Ads"", ""Meta Ads"", ""Microsoft Ads""]",True,21
Kelvin Haulage Inc,kelvin-haulage.example,Logistics,51-200,US,Austin,£10m-£50m,2014,Bootstrapped,Salesforce,£5k-£25k,"[""Google Ads"", ""Meta Ads""]",True,5
Hawthorn Tutors Inc,hawthorntuto-group.example,Education,11-50,US,Chicago,under £1m,2017,Seed,HubSpot,none,[],True,3
Meridian Academy Ltd,meridian-academy.example,Education,1-10,UK,Bristol,under £1m,2009,Seed,Spreadsheet,under £5k,"[""Meta Ads""]",False,0
Yarrow Works Inc,yarrowwork-group.example,Manufacturing,11-50,US,Boston,£10m-£50m,2013,Seed,No CRM,under £5k,"[""TikTok Ads""]",True,2
Orchard Tutors Ltd,orchard-tutors.example,Education,201-1000,UK,Leeds,£50m-£250m,1975,Private equity,Salesforce,£5k-£25k,"[""Meta Ads"", ""TikTok Ads""]",False,0
Fernhill Components BV,fernhill-components.example,Manufacturing,11-50,NL,Utrecht,under £1m,2003,Bootstrapped,No CRM,£25k-£100k,"[""Google Ads"", ""LinkedIn Ads"", ""Meta Ads""]",False,0
Thornbury Components Ltd,thornbury-components.example,Manufacturing,201-1000,UK,Bristol,£50m-£250m,2004,Private equity,Spreadsheet,£5k-£25k,"[""Meta Ads"", ""Microsoft Ads""]",True,20
Greystone Tutors BV,greystone-tutors.example,Education,11-50,NL,Eindhoven,£1m-£10m,2006,Series B,Spreadsheet,£25k-£100k,"[""Google Ads"", ""Meta Ads"", ""Microsoft Ads""]",True,5
Beacon Industries Ltd,beacon-industries.example,Manufacturing,201-1000,UK,Bristol,£250m+,1975,Series B,Salesforce,£5k-£25k,"[""Meta Ads"", ""TikTok Ads""]",True,27
Larkspur Medical GmbH,larkspurmedi-group.example,Healthcare,1-10,DE,Hamburg,under £1m,2003,Seed,No CRM,none,[],True,1
Nimbus Lending Ltd,nimbus-lending.example,Financial services,1-10,UK,Birmingham,under £1m,2004,Seed,No CRM,under £5k,"[""Google Ads""]",True,1
Beacon Cloud BV,beaconclou-group.example,Software,1000+,NL,Rotterdam,£250m+,1979,Private equity,Salesforce,£5k-£25k,"[""Meta Ads"", ""Microsoft Ads""]",False,0
Kelvin Lending BV,kelvin-lending.example,Financial services,11-50,NL,Utrecht,£1m-£10m,2020,Series A,HubSpot,none,[],False,0
Pennine Care GmbH,pennine-care.example,Healthcare,1-10,DE,Munich,under £1m,2004,Bootstrapped,No CRM,under £5k,"[""Google Ads""]",False,0
Norfolk Lending GmbH,norfolklend-group.example,Financial services,1-10,DE,Frankfurt,under £1m,2018,Bootstrapped,Pipedrive,under £5k,"[""TikTok Ads""]",False,0
Quayside Health GmbH,quayside-health.example,Healthcare,1000+,DE,Munich,£50m-£250m,2006,Bootstrapped,Salesforce,£5k-£25k,"[""LinkedIn Ads"", ""Meta Ads""]",True,69
Silverline Partners Inc,silverline-partners.example,Financial services,51-200,US,Seattle,£10m-£50m,1997,Series A,Pipedrive,none,[],False,0
Pennine Medical Ltd,penninemedi-group.example,Healthcare,11-50,UK,Birmingham,£1m-£10m,2014,Series A,Pipedrive,£5k-£25k,"[""Google Ads"", ""Meta Ads""]",False,0
Marigold Advisory SAS,marigold-advisory.example,Professional services,11-50,FR,Paris,£1m-£10m,2000,Series B,Salesforce,£25k-£100k,"[""Google Ads"", ""LinkedIn Ads"", ""TikTok Ads""]",False,0
Beacon Learning Inc,beacon-learning.example,Education,51-200,US,Boston,£10m-£50m,2018,Series B,Salesforce,£5k-£25k,"[""Google Ads"", ""Meta Ads""]",True,9
Ironbridge Trading Inc,ironbridgetrad-group.example,Retail,201-1000,US,New York,£50m-£250m,1988,Series C+,Salesforce,£25k-£100k,"[""LinkedIn Ads"", ""Meta Ads"", ""TikTok Ads""]",False,0
Orchard Learning BV,orchard-learning.example,Education,201-1000,NL,Amsterdam,£50m-£250m,2004,Bootstrapped,Pipedrive,£25k-£100k,"[""Google Ads"", ""Meta Ads"", ""TikTok Ads""]",True,21
Stonebridge Software Inc,stonebridge-software.example,Software,201-1000,US,New York,£50m-£250m,2001,Bootstrapped,Salesforce,£25k-£100k,"[""Google Ads"", ""LinkedIn Ads"", ""Meta Ads""]",False,0
Brightwater Tutors Inc,brightwater-tutors.example,Education,1-10,US,Austin,under £1m,2018,Seed,Spreadsheet,none,[],False,0
Heron Fabrication SAS,heron-fabrication.example,Manufacturing,11-50,FR,Lille,£1m-£10m,2024,Seed,Pipedrive,none,[],False,0
Hawthorn Finance Ltd,hawthornfina-group.example,Financial services,11-50,UK,Leeds,£1m-£10m,2002,Bootstrapped,Spreadsheet,£25k-£100k,"[""Google Ads"", ""LinkedIn Ads"", ""Meta Ads""]",False,0
Vantage Academy GmbH,vantageacad-group.example,Education,1000+,DE,Frankfurt,£250m+,2011,Private equity,HubSpot,£5k-£25k,"[""Google Ads"", ""LinkedIn Ads""]",False,0
Beacon Systems Ltd,beacon-systems.example,Software,51-200,UK,Birmingham,£10m-£50m,2004,Series B,Spreadsheet,£5k-£25k,"[""Google Ads"", ""Microsoft Ads""]",False,0
Orchard Consulting Ltd,orchard-consulting.example,Professional services,11-50,UK,Bristol,£1m-£10m,2011,Bootstrapped,No CRM,£5k-£25k,"[""LinkedIn Ads"", ""Meta Ads""]",True,2
Beacon Works Ltd,beacon-works.example,Manufacturing,1-10,UK,Edinburgh,under £1m,2016,Bootstrapped,Spreadsheet,none,[],False,0
Rosewood Transport Ltd,rosewood-transport.example,Logistics,51-200,UK,Manchester,£50m-£250m,2003,Series B,HubSpot,under £5k,"[""LinkedIn Ads""]",True,14
Stonebridge Recruitment Inc,stonebridgerecr-group.example,Professional services,201-1000,US,Seattle,£10m-£50m,1967,Series B,Spreadsheet,£5k-£25k,"[""Meta Ads"", ""Microsoft Ads""]",True,19
Nettlefield Software Ltd,nettlefield-software.example,Software,201-1000,UK,Bristol,£50m-£250m,2016,Series B,HubSpot,£5k-£25k,"[""Google Ads"", ""Meta Ads""]",False,0
Emberly Systems Ltd,emberly-systems.example,Software,11-50,UK,Birmingham,£1m-£10m,2021,Bootstrapped,Spreadsheet,under £5k,"[""Google Ads""]",True,1
Dovecote Accountants Ltd,dovecoteacco-group.example,Professional services,11-50,UK,London,£1m-£10m,2024,Bootstrapped,HubSpot,none,[],True,5
Northwind Software Ltd,northwindsoft-group.example,Software,51-200,UK,Edinburgh,£10m-£50m,1999,Bootstrapped,HubSpot,£25k-£100k,"[""Google Ads"", ""LinkedIn Ads"", ""Meta Ads""]",False,0
Bramble Industries Inc,brambleindu-group.example,Manufacturing,1-10,US,Seattle,under £1m,2024,Bootstrapped,No CRM,none,[],False,0
Quartz Components Ltd,quartz-components.example,Manufacturing,11-50,UK,Bristol,£1m-£10m,2013,Bootstrapped,Spreadsheet,none,[],False,0
Juniper Accountants GmbH,juniper-accountants.example,Professional services,11-50,DE,Frankfurt,£1m-£10m,1995,Seed,HubSpot,under £5k,"[""Google Ads""]",False,0
Yarrow Components Inc,yarrowcomp-group.example,Manufacturing,201-1000,US,Austin,£50m-£250m,2010,Series C+,Salesforce,£25k-£100k,"[""LinkedIn Ads"", ""Meta Ads"", ""Microsoft Ads""]",True,21
Granite Care SAS,granite-care.example,Healthcare,51-200,FR,Lyon,£10m-£50m,2004,Series A,HubSpot,£5k-£25k,"[""Meta Ads"", ""TikTok Ads""]",True,6
Pinecrest Works Inc,pinecrestwork-group.example,Manufacturing,51-200,US,Seattle,£10m-£50m,2020,Series B,HubSpot,£25k-£100k,"[""Google Ads"", ""Meta Ads"", ""Microsoft Ads""]",False,0
Ironbridge Health BV,ironbridgeheal-group.example,Healthcare,1-10,NL,Eindhoven,under £1m,2008,Bootstrapped,Spreadsheet,£5k-£25k,"[""Google Ads"", ""Microsoft Ads""]",True,2
Stonebridge Components GmbH,stonebridge-components.example,Manufacturing,11-50,DE,Frankfurt,£1m-£10m,2001,Bootstrapped,No CRM,under £5k,"[""Google Ads""]",False,0
Oldfield Couriers Ltd,oldfield-couriers.example,Logistics,11-50,UK,Leeds,£1m-£10m,2013,Bootstrapped,Spreadsheet,under £5k,"[""LinkedIn Ads""]",True,5
Larkspur Pharma Inc,larkspurphar-group.example,Healthcare,51-200,US,Boston,£10m-£50m,1995,Private equity,Salesforce,£5k-£25k,"[""Google Ads"", ""Meta Ads""]",False,0
Norfolk Stores Inc,norfolkstor-group.example,Retail,51-200,US,New York,£10m-£50m,1996,Seed,Salesforce,under £5k,"[""Google Ads""]",False,0
Orchard Legal BV,orchardlega-group.example,Professional services,1-10,NL,Amsterdam,under £1m,2007,Seed,No CRM,none,[],False,0
Dovecote Haulage BV,dovecote-haulage.example,Logistics,11-50,NL,Utrecht,£1m-£10m,2021,Seed,Salesforce,£25k-£100k,"[""LinkedIn Ads"", ""Meta Ads"", ""Microsoft Ads""]",True,2
Lantern Components Inc,lantern-components.example,Manufacturing,1-10,US,Chicago,under £1m,2010,Bootstrapped,HubSpot,under £5k,"[""LinkedIn Ads""]",False,0
Bluebell Components SAS,bluebell-components.example,Manufacturing,11-50,FR,Lyon,£10m-£50m,2011,Bootstrapped,Salesforce,£5k-£25k,"[""Meta Ads"", ""Microsoft Ads""]",False,0
Quartz Industries SAS,quartz-industries.example,Manufacturing,11-50,FR,Lyon,£1m-£10m,2018,Series B,No CRM,none,[],False,0
Granite Works Inc,granitework-group.example,Manufacturing,51-200,US,Boston,£10m-£50m,2024,Series A,HubSpot,£25k-£100k,"[""Meta Ads"", ""Microsoft Ads"", ""TikTok Ads""]",True,6
Vantage Dental Inc,vantagedent-group.example,Healthcare,201-1000,US,Seattle,£50m-£250m,1982,Private equity,Salesforce,£25k-£100k,"[""Google Ads"", ""LinkedIn Ads"", ""Meta Ads""]",False,0
Kingsway Transport SAS,kingsway-transport.example,Logistics,51-200,FR,Toulouse,£10m-£50m,2019,Seed,Spreadsheet,£5k-£25k,"[""Google Ads"", ""Microsoft Ads""]",False,0
Pinecrest Couriers Ltd,pinecrest-couriers.example,Logistics,1000+,UK,Edinburgh,£250m+,1996,Series C+,Salesforce,£100k+,"[""Google Ads"", ""LinkedIn Ads"", ""Meta Ads"", ""TikTok Ads""]",True,68
Jasper Market Ltd,jasper-market.example,Retail,51-200,UK,Birmingham,£10m-£50m,2000,Series C+,Spreadsheet,£5k-£25k,"[""LinkedIn Ads"", ""Meta Ads""]",True,9
Keystone Freight Ltd,keystone-freight.example,Logistics,51-200,UK,Edinburgh,£10m-£50m,2006,Series A,HubSpot,£25k-£100k,"[""Google Ads"", ""LinkedIn Ads"", ""Meta Ads""]",False,0
Keystone Lending BV,keystone-lending.example,Financial services,51-200,NL,Eindhoven,£10m-£50m,2023,Series A,Salesforce,£5k-£25k,"[""LinkedIn Ads"", ""Microsoft Ads""]",False,0
Dovecote Freight Inc,dovecote-freight.example,Logistics,201-1000,US,Boston,£50m-£250m,1977,Bootstrapped,Salesforce,£25k-£100k,"[""Meta Ads"", ""Microsoft Ads"", ""TikTok Ads""]",False,0
Quayside Goods Inc,quayside-goods.example,Retail,201-1000,US,Austin,£50m-£250m,1997,Series C+,Salesforce,£5k-£25k,"[""Google Ads"", ""Meta Ads""]",True,17
Emberly Software Ltd,emberly-software.example,Software,201-1000,UK,Edinburgh,£50m-£250m,1982,Series B,HubSpot,£5k-£25k,"[""Meta Ads"", ""TikTok Ads""]",True,23
Ironbridge Goods Ltd,ironbridge-goods.example,Retail,51-200,UK,Manchester,£10m-£50m,1996,Private equity,No CRM,under £5k,"[""Meta Ads""]",False,0
Westbrook Haulage SAS,westbrook-haulage.example,Logistics,11-50,FR,Lille,£1m-£10m,2023,Bootstrapped,HubSpot,£5k-£25k,"[""Google Ads"", ""Meta Ads""]",False,0
Moorland Education Ltd,moorlandeduc-group.example,Education,201-1000,UK,Leeds,£50m-£250m,2015,Series C+,Salesforce,£25k-£100k,"[""Google Ads"", ""LinkedIn Ads"", ""Microsoft Ads""]",False,0
Zephyr Engineering Inc,zephyr-engineering.example,Manufacturing,1-10,US,Austin,under £1m,2019,Seed,HubSpot,none,[],True,1
Dovecote Works GmbH,dovecote-works.example,Manufacturing,201-1000,DE,Hamburg,£50m-£250m,1993,Bootstrapped,Salesforce,£25k-£100k,"[""Google Ads"", ""Meta Ads"", ""Microsoft Ads""]",True,16
Oakridge Outfitters Ltd,oakridgeoutf-group.example,Retail,1-10,UK,London,under £1m,2013,Bootstrapped,Spreadsheet,under £5k,"[""LinkedIn Ads""]",False,0
Foxglove Training Inc,foxglove-training.example,Education,201-1000,US,San Francisco,£10m-£50m,1976,Bootstrapped,HubSpot,under £5k,"[""LinkedIn Ads""]",True,24
Oldfield Industries Ltd,oldfield-industries.example,Manufacturing,11-50,UK,Manchester,£1m-£10m,2021,Series A,Spreadsheet,none,[],True,2
Jasper Retail Inc,jasper-retail.example,Retail,51-200,US,Chicago,£50m-£250m,2003,Series C+,Pipedrive,under £5k,"[""Meta Ads""]",True,8
Alder Recruitment Inc,alder-recruitment.example,Professional services,1-10,US,New York,under £1m,2020,Bootstrapped,HubSpot,none,[],False,0
Ivywood Finance SAS,ivywood-finance.example,Financial services,1000+,FR,Lyon,£250m+,2020,Bootstrapped,Salesforce,£25k-£100k,"[""Google Ads"", ""LinkedIn Ads"", ""TikTok Ads""]",True,74
Clearwater Shipping Ltd,clearwater-shipping.example,Logistics,51-200,UK,London,£10m-£50m,1996,Series B,Spreadsheet,none,[],False,0
Riverside Engineering Ltd,riverside-engineering.example,Manufacturing,11-50,UK,Birmingham,£1m-£10m,2005,Bootstrapped,No CRM,£5k-£25k,"[""Google Ads"", ""Microsoft Ads""]",False,0
Keystone Labs Inc,keystone-labs.example,Software,11-50,US,Boston,£1m-£10m,2009,Bootstrapped,HubSpot,under £5k,"[""Google Ads""]",True,1
Inkwell Stores Inc,inkwell-stores.example,Retail,51-200,US,New York,£50m-£250m,2008,Bootstrapped,No CRM,£25k-£100k,"[""Google Ads"", ""Meta Ads"", ""Microsoft Ads""]",True,6
Evergreen Cloud Ltd,evergreen-cloud.example,Software,201-1000,UK,Manchester,£50m-£250m,1985,Series C+,Pipedrive,£25k-£100k,"[""Google Ads"", ""LinkedIn Ads"", ""Meta Ads""]",True,24
Ashford Dental Ltd,ashford-dental.example,Healthcare,1-10,UK,London,under £1m,2023,Seed,No CRM,under £5k,"[""Google Ads""]",False,0
Marigold Freight BV,marigoldfrei-group.example,Logistics,1-10,NL,Amsterdam,under £1m,2005,Bootstrapped,HubSpot,none,[],True,1
Clearwater Cloud Inc,clearwaterclou-group.example,Software,201-1000,US,Boston,£50m-£250m,1996,Series C+,No CRM,£100k+,"[""Google Ads"", ""LinkedIn Ads"", ""Meta Ads"", ""Microsoft Ads""]",False,0
Bluebell Care Ltd,bluebellcare-group.example,Healthcare,11-50,UK,Bristol,£1m-£10m,2007,Bootstrapped,Salesforce,£5k-£25k,"[""Microsoft Ads"", ""TikTok Ads""]",True,5
Umber Outfitters Inc,umber-outfitters.example,Retail,1-10,US,Seattle,under £1m,2010,Seed,HubSpot,under £5k,"[""Microsoft Ads""]",False,0
Heron Cloud Ltd,heron-cloud.example,Software,11-50,UK,Edinburgh,£1m-£10m,2005,Seed,Spreadsheet,under £5k,"[""Meta Ads""]",True,2
Quartz College SAS,quartzcoll-group.example,Education,1-10,FR,Toulouse,under £1m,2008,Bootstrapped,HubSpot,under £5k,"[""Google Ads""]",False,0
Hawthorn Academy Ltd,hawthorn-academy.example,Education,1-10,UK,Leeds,under £1m,1996,Seed,HubSpot,£5k-£25k,"[""Google Ads"", ""Meta Ads""]",False,0
Harbour Care Ltd,harbour-care.example,Healthcare,1-10,UK,Bristol,under £1m,2003,Bootstrapped,Pipedrive,under £5k,"[""Google Ads""]",True,1
Saltmarsh Couriers GmbH,saltmarsh-couriers.example,Logistics,201-1000,DE,Frankfurt,£50m-£250m,2006,Series A,Pipedrive,£5k-£25k,"[""LinkedIn Ads"", ""Meta Ads""]",True,19
Kelvin Training Ltd,kelvintrai-group.example,Education,1-10,UK,London,under £1m,1999,Bootstrapped,Spreadsheet,none,[],False,0
Orchard Data GmbH,orchard-data.example,Software,1-10,DE,Munich,under £1m,2004,Bootstrapped,HubSpot,under £5k,"[""LinkedIn Ads""]",False,0
Clearwater Freight Ltd,clearwater-freight.example,Logistics,1-10,UK,Leeds,under £1m,2023,Bootstrapped,Pipedrive,none,[],True,1
Juniper Logistics Inc,juniper-logistics.example,Logistics,11-50,US,Boston,£1m-£10m,1995,Bootstrapped,No CRM,none,[],True,6
Kingsway Insurance GmbH,kingswayinsu-group.example,Financial services,1-10,DE,Berlin,under £1m,2005,Seed,Spreadsheet,none,[],False,0
Granite Data GmbH,granitedata-group.example,Software,51-200,DE,Berlin,£10m-£50m,2002,Seed,Salesforce,£5k-£25k,"[""Google Ads"", ""Microsoft Ads""]",False,0
Stonebridge Digital SAS,stonebridge-digital.example,Software,11-50,FR,Lille,£1m-£10m,2017,Bootstrapped,Salesforce,under £5k,"[""Google Ads""]",False,0
Hawthorn College Inc,hawthorncoll-group.example,Education,1-10,US,New York,under £1m,2001,Bootstrapped,HubSpot,none,[],False,0
Evergreen Recruitment SAS,evergreen-recruitment.example,Professional services,11-50,FR,Lille,£1m-£10m,2000,Series A,HubSpot,under £5k,"[""LinkedIn Ads""]",True,3
Cedar Stores Inc,cedarstor-group.example,Retail,11-50,US,Boston,£1m-£10m,2008,Seed,Pipedrive,under £5k,"[""Google Ads""]",False,0
Kelvin Market Inc,kelvin-market.example,Retail,11-50,US,Boston,£1m-£10m,1997,Seed,HubSpot,under £5k,"[""Meta Ads""]",True,4
Lantern Industries BV,lantern-industries.example,Manufacturing,11-50,NL,Eindhoven,£1m-£10m,2014,Series A,Salesforce,£5k-£25k,"[""Meta Ads"", ""Microsoft Ads""]",True,3
Glenmoor Accountants Ltd,glenmoor-accountants.example,Professional services,11-50,UK,Birmingham,£1m-£10m,2018,Bootstrapped,No CRM,none,[],True,7
Emberly Wealth BV,emberly-wealth.example,Financial services,1-10,NL,Amsterdam,under £1m,2003,Bootstrapped,HubSpot,£25k-£100k,"[""Google Ads"", ""Meta Ads"", ""TikTok Ads""]",False,0
Tamarind Legal Ltd,tamarindlega-group.example,Professional services,201-1000,UK,Birmingham,£50m-£250m,2018,Series B,Salesforce,£100k+,"[""Google Ads"", ""Meta Ads"", ""Microsoft Ads"", ""TikTok Ads""]",True,14
Zephyr Shipping Inc,zephyrship-group.example,Logistics,51-200,US,New York,£10m-£50m,2013,Series B,Pipedrive,£25k-£100k,"[""Google Ads"", ""LinkedIn Ads"", ""Microsoft Ads""]",False,0
Bramble Advisory Inc,bramble-advisory.example,Professional services,11-50,US,Seattle,£1m-£10m,1999,Bootstrapped,Spreadsheet,£25k-£100k,"[""Google Ads"", ""LinkedIn Ads"", ""Meta Ads""]",False,0
Upland Advisory SAS,upland-advisory.example,Professional services,1-10,FR,Paris,under £1m,2003,Bootstrapped,No CRM,under £5k,"[""Google Ads""]",False,0
Oldfield College Ltd,oldfield-college.example,Education,11-50,UK,Bristol,under £1m,2012,Bootstrapped,HubSpot,£5k-£25k,"[""LinkedIn Ads"", ""Meta Ads""]",False,0
Riverside Dental GmbH,riverside-dental.example,Healthcare,1000+,DE,Munich,£250m+,2005,Bootstrapped,Salesforce,£100k+,"[""Google Ads"", ""LinkedIn Ads"", ""Meta Ads"", ""Microsoft Ads""]",False,0
Stonebridge Education Inc,stonebridge-education.example,Education,11-50,US,New York,£1m-£10m,2004,Seed,Spreadsheet,under £5k,"[""Google Ads""]",False,0
Driftwood Manufacturing Ltd,driftwood-manufacturing.example,Manufacturing,11-50,UK,Bristol,£1m-£10m,2014,Seed,Spreadsheet,£5k-£25k,"[""LinkedIn Ads"", ""Microsoft Ads""]",True,4
Marigold Insurance GmbH,marigold-insurance.example,Financial services,51-200,DE,Frankfurt,£1m-£10m,2015,Seed,HubSpot,£5k-£25k,"[""LinkedIn Ads"", ""TikTok Ads""]",True,13
Silverline Digital Ltd,silverline-digital.example,Software,201-1000,UK,Leeds,£50m-£250m,2005,Bootstrapped,Salesforce,£25k-£100k,"[""Google Ads"", ""LinkedIn Ads"", ""Microsoft Ads""]",False,0
Westbrook Couriers Inc,westbrook-couriers.example,Logistics,1-10,US,Chicago,under £1m,2012,Seed,Spreadsheet,under £5k,"[""Meta Ads""]",True,2
Inkwell Health Ltd,inkwell-health.example,Healthcare,1-10,UK,Manchester,under £1m,2015,Bootstrapped,Spreadsheet,under £5k,"[""LinkedIn Ads""]",False,0
Evergreen Insurance Ltd,evergreen-insurance.example,Financial services,51-200,UK,Manchester,£10m-£50m,1997,Series A,Salesforce,under £5k,"[""LinkedIn Ads""]",False,0
Riverside Consulting Inc,riversidecons-group.example,Professional services,51-200,US,Seattle,£10m-£50m,2004,Series A,Salesforce,£5k-£25k,"[""Google Ads"", ""Microsoft Ads""]",True,9
Tamarind Capital Ltd,tamarind-capital.example,Financial services,1-10,UK,Bristol,under £1m,2007,Bootstrapped,Pipedrive,under £5k,"[""Google Ads""]",True,1
Bluebell Works Ltd,bluebellwork-group.example,Manufacturing,1-10,UK,Edinburgh,under £1m,2017,Bootstrapped,Spreadsheet,under £5k,"[""LinkedIn Ads""]",False,0
Rosewood Data Ltd,rosewood-data.example,Software,51-200,UK,Edinburgh,£1m-£10m,1995,Series C+,HubSpot,under £5k,"[""Meta Ads""]",True,14
Pebble Insurance GmbH,pebbleinsu-group.example,Financial services,51-200,DE,Berlin,£10m-£50m,2011,Seed,HubSpot,£5k-£25k,"[""Google Ads"", ""LinkedIn Ads""]",True,9
Tamarind Data Inc,tamarind-data.example,Software,1-10,US,Seattle,under £1m,2009,Seed,No CRM,£5k-£25k,"[""Google Ads"", ""Meta Ads""]",False,0
Greystone College SAS,greystone-college.example,Education,1-10,FR,Lyon,under £1m,2008,Seed,Spreadsheet,none,[],False,0
Foxglove Labs GmbH,foxglovelabs-group.example,Software,11-50,DE,Frankfurt,£10m-£50m,2023,Seed,HubSpot,under £5k,"[""Meta Ads""]",True,6
Jasper Health SAS,jasper-health.example,Healthcare,1-10,FR,Lyon,under £1m,2005,Bootstrapped,HubSpot,under £5k,"[""LinkedIn Ads""]",False,0
Tidewater Fabrication Ltd,tidewaterfabr-group.example,Manufacturing,51-200,UK,London,£10m-£50m,2008,Series A,HubSpot,none,[],True,6
Westbrook Retail Ltd,westbrook-retail.example,Retail,1000+,UK,Birmingham,£250m+,2012,Public,Salesforce,£25k-£100k,"[""Meta Ads"", ""Microsoft Ads"", ""TikTok Ads""]",True,66
Quartz Shipping Ltd,quartz-shipping.example,Logistics,11-50,UK,Manchester,£1m-£10m,2001,Bootstrapped,Salesforce,£5k-£25k,"[""Meta Ads"", ""Microsoft Ads""]",True,4
Pinecrest Academy SAS,pinecrest-academy.example,Education,51-200,FR,Lyon,£10m-£50m,1998,Bootstrapped,HubSpot,£25k-£100k,"[""Google Ads"", ""Meta Ads"", ""Microsoft Ads""]",True,7
Lindenwood Freight SAS,lindenwoodfrei-group.example,Logistics,51-200,FR,Paris,£10m-£50m,1997,Bootstrapped,Salesforce,£5k-£25k,"[""Google Ads"", ""Microsoft Ads""]",False,0
Greystone Haulage GmbH,greystone-haulage.example,Logistics,1-10,DE,Berlin,£1m-£10m,2007,Seed,No CRM,none,[],False,0
Redwood Care Ltd,redwood-care.example,Healthcare,11-50,UK,Manchester,£1m-£10m,2020,Bootstrapped,Salesforce,£5k-£25k,"[""Google Ads"", ""Meta Ads""]",True,2
Granite Engineering Ltd,granite-engineering.example,Manufacturing,1-10,UK,London,under £1m,1996,Seed,Spreadsheet,none,[],False,0
Saltmarsh Freight Inc,saltmarsh-freight.example,Logistics,1-10,US,Chicago,under £1m,2003,Seed,Pipedrive,none,[],False,0
Hawthorn Data BV,hawthorndata-group.example,Software,11-50,NL,Eindhoven,£1m-£10m,2005,Series A,HubSpot,under £5k,"[""Meta Ads""]",True,5
Stonebridge Market Inc,stonebridge-market.example,Retail,51-200,US,San Francisco,£10m-£50m,2002,Series B,Salesforce,none,[],False,0
Upland Accountants Ltd,uplandacco-group.example,Professional services,51-200,UK,Bristol,£10m-£50m,2017,Bootstrapped,HubSpot,£5k-£25k,"[""Microsoft Ads"", ""TikTok Ads""]",True,11
Yarrow Stores Inc,yarrow-stores.example,Retail,1-10,US,San Francisco,£1m-£10m,2019,Seed,No CRM,£25k-£100k,"[""Google Ads"", ""LinkedIn Ads"", ""Microsoft Ads""]",False,0
Kelvin Engineering Ltd,kelvinengi-group.example,Manufacturing,1-10,UK,London,under £1m,2002,Bootstrapped,Spreadsheet,none,[],False,0
Highgate Fabrication Ltd,highgate-fabrication.example,Manufacturing,11-50,UK,Leeds,£1m-£10m,2015,Series A,Spreadsheet,£5k-£25k,"[""Google Ads"", ""LinkedIn Ads""]",True,4
Aurora Manufacturing GmbH,auroramanu-group.example,Manufacturing,51-200,DE,Hamburg,£10m-£50m,2019,Bootstrapped,Salesforce,£5k-£25k,"[""Google Ads"", ""LinkedIn Ads""]",True,7
Highgate Accountants Inc,highgate-accountants.example,Professional services,201-1000,US,San Francisco,£50m-£250m,2006,Bootstrapped,Salesforce,£25k-£100k,"[""Google Ads"", ""LinkedIn Ads"", ""Meta Ads""]",False,0
Foxglove Manufacturing Inc,foxglove-manufacturing.example,Manufacturing,1-10,US,Chicago,under £1m,2003,Seed,HubSpot,£5k-£25k,"[""Meta Ads"", ""Microsoft Ads""]",True,2
Foxglove Retail Ltd,foxglovereta-group.example,Retail,201-1000,UK,Bristol,£50m-£250m,2007,Public,HubSpot,£100k+,"[""Google Ads"", ""LinkedIn Ads"", ""Meta Ads"", ""TikTok Ads""]",True,23
Quartz Transport Ltd,quartz-transport.example,Logistics,11-50,UK,Birmingham,£1m-£10m,2008,Seed,Spreadsheet,£5k-£25k,"[""Meta Ads"", ""Microsoft Ads""]",False,0
Moorland Consulting Inc,moorlandcons-group.example,Professional services,51-200,US,San Francisco,£10m-£50m,2018,Series B,Salesforce,none,[],True,11
Ashford Digital Ltd,ashforddigi-group.example,Software,11-50,UK,Bristol,£1m-£10m,2022,Series A,Salesforce,£5k-£25k,"[""Google Ads"", ""LinkedIn Ads""]",False,0
Cedar Labs BV,cedarlabs-group.example,Software,1-10,NL,Amsterdam,under £1m,2013,Seed,No CRM,£25k-£100k,"[""LinkedIn Ads"", ""Meta Ads"", ""Microsoft Ads""]",True,3
Larkspur Lending GmbH,larkspur-lending.example,Financial services,1-10,DE,Hamburg,under £1m,2004,Seed,No CRM,under £5k,"[""Microsoft Ads""]",True,1
Cobalt Capital SAS,cobalt-capital.example,Financial services,1-10,FR,Toulouse,under £1m,2000,Bootstrapped,HubSpot,£5k-£25k,"[""Google Ads"", ""LinkedIn Ads""]",True,3
Northwind Outfitters BV,northwind-outfitters.example,Retail,51-200,NL,Amsterdam,£10m-£50m,2023,Private equity,Salesforce,£5k-£25k,"[""Google Ads"", ""Meta Ads""]",True,7
Cedar Accountants GmbH,cedar-accountants.example,Professional services,11-50,DE,Berlin,£1m-£10m,2002,Series A,Spreadsheet,under £5k,"[""TikTok Ads""]",False,0
Larkspur Logistics Inc,larkspurlogi-group.example,Logistics,51-200,US,Chicago,£10m-£50m,2002,Series A,Salesforce,£25k-£100k,"[""Google Ads"", ""LinkedIn Ads"", ""Microsoft Ads""]",False,0
Alder Academy Ltd,alderacad-group.example,Education,51-200,UK,Manchester,£10m-£50m,1995,Private equity,HubSpot,£5k-£25k,"[""LinkedIn Ads"", ""Meta Ads""]",True,6
Kestrel Pharma SAS,kestrel-pharma.example,Healthcare,11-50,FR,Lyon,£1m-£10m,2021,Bootstrapped,Salesforce,under £5k,"[""Meta Ads""]",True,9
Inkwell Tutors Inc,inkwell-tutors.example,Education,51-200,US,San Francisco,£10m-£50m,2013,Series C+,Salesforce,£5k-£25k,"[""LinkedIn Ads"", ""Meta Ads""]",True,10
Ironbridge Stores Ltd,ironbridge-stores.example,Retail,11-50,UK,Leeds,£1m-£10m,2002,Series A,HubSpot,£5k-£25k,"[""Meta Ads"", ""Microsoft Ads""]",False,0
