company_name,domain,sector,employee_band,country,hq_city,annual_revenue_band,founded_year,funding_stage,crm_platform,monthly_ad_spend_band,ad_platforms,is_hiring,open_roles,emitted_domain,domain_in_companies_csv
Heron Stores BV,heron-stores.example,Retail,1-10,NL,Rotterdam,under £1m,2009,Seed,No CRM,under £5k,"[""Google Ads""]",False,0,heron-stores.example,True
Granite Academy Inc,granite-academy.example,Education,1-10,US,San Francisco,under £1m,2017,Bootstrapped,No CRM,under £5k,"[""Meta Ads""]",True,2,granite-academy.example,True
Kingsway Recruitment Ltd,kingsway-recruitment.example,Professional services,51-200,UK,London,£10m-£50m,2005,Series B,Spreadsheet,£5k-£25k,"[""Google Ads"", ""LinkedIn Ads""]",True,9,kingswayrecr-group.example,False
Ivywood Components Inc,ivywood-components.example,Manufacturing,11-50,US,Boston,£1m-£10m,2024,Bootstrapped,Salesforce,£5k-£25k,"[""Meta Ads"", ""Microsoft Ads""]",True,3,ivywood-components.example,True
Vantage Shipping Inc,vantage-shipping.example,Logistics,11-50,US,Seattle,£1m-£10m,2009,Bootstrapped,Spreadsheet,under £5k,"[""Microsoft Ads""]",False,0,vantage-shipping.example,True
Riverside Haulage Inc,riverside-haulage.example,Logistics,1-10,US,Boston,under £1m,2015,Bootstrapped,Spreadsheet,under £5k,"[""Meta Ads""]",False,0,riverside-haulage.example,True
Redwood Legal BV,redwood-legal.example,Professional services,1-10,NL,Rotterdam,under £1m,1996,Bootstrapped,No CRM,none,[],False,0,redwood-legal.example,True
Kestrel Market Ltd,kestrel-market.example,Retail,201-1000,UK,London,£50m-£250m,1985,Bootstrapped,Salesforce,£25k-£100k,"[""LinkedIn Ads"", ""Meta Ads"", ""Microsoft Ads""]",True,23,kestrelmark-group.example,False
Pinecrest Medical GmbH,pinecrest-medical.example,Healthcare,201-1000,DE,Munich,£50m-£250m,1993,Bootstrapped,HubSpot,£25k-£100k,"[""Google Ads"", ""Meta Ads"", ""Microsoft Ads""]",True,20,pinecrest-medical.example,True
Redwood Trading Inc,redwood-trading.example,Retail,51-200,US,Chicago,£50m-£250m,2010,Series A,Salesforce,none,[],True,9,redwood-trading.example,True
Nimbus Pharma Inc,nimbus-pharma.example,Healthcare,1-10,US,Chicago,under £1m,1995,Bootstrapped,No CRM,none,[],False,0,nimbus-pharma.example,True
Dovecote Dental Ltd,dovecote-dental.example,Healthcare,201-1000,UK,Leeds,£50m-£250m,2021,Private equity,HubSpot,£100k+,"[""Google Ads"", ""LinkedIn Ads"", ""Meta Ads"", ""Microsoft Ads""]",True,27,dovecote-dental.example,True
Granite Clinics Inc,granite-clinics.example,Healthcare,1-10,US,Chicago,under £1m,2008,Bootstrapped,No CRM,none,[],False,0,graniteclin-group.example,False
Pennine Accountants Inc,pennine-accountants.example,Professional services,1000+,US,Austin,£50m-£250m,2016,Series C+,Salesforce,£5k-£25k,"[""Google Ads"", ""Meta Ads""]",True,65,pennineacco-group.example,False
Greystone Fabrication Ltd,greystone-fabrication.example,Manufacturing,51-200,UK,London,£10m-£50m,2016,Series B,Salesforce,£5k-£25k,"[""Google Ads"", ""LinkedIn Ads""]",False,0,greystonefabr-group.example,False
Thornbury Industries Inc,thornbury-industries.example,Manufacturing,1-10,US,Boston,under £1m,2010,Bootstrapped,No CRM,£5k-£25k,"[""Meta Ads"", ""Microsoft Ads""]",False,0,thornbury-industries.example,True
Thornbury Dental Inc,thornbury-dental.example,Healthcare,201-1000,US,San Francisco,£50m-£250m,2006,Series B,Salesforce,£5k-£25k,"[""Google Ads"", ""LinkedIn Ads""]",True,27,thornbury-dental.example,True
Kelvin Freight SAS,kelvin-freight.example,Logistics,201-1000,FR,Paris,£50m-£250m,2000,Series B,No CRM,£5k-£25k,"[""Meta Ads"", ""TikTok Ads""]",True,27,kelvin-freight.example,True
Granite Couriers Ltd,granite-couriers.example,Logistics,1-10,UK,Edinburgh,under £1m,1997,Bootstrapped,No CRM,under £5k,"[""Meta Ads""]",True,3,granitecour-group.example,False
Fernhill Learning GmbH,fernhill-learning.example,Education,11-50,DE,Berlin,under £1m,2011,Seed,Pipedrive,under £5k,"[""Microsoft Ads""]",False,0,fernhill-learning.example,True
Stonebridge Legal SAS,stonebridge-legal.example,Professional services,1-10,FR,Lille,under £1m,2011,Bootstrapped,HubSpot,under £5k,"[""Meta Ads""]",True,2,stonebridge-legal.example,True
Jasper Tutors Inc,jasper-tutors.example,Education,1-10,US,Chicago,under £1m,2009,Seed,HubSpot,under £5k,"[""Meta Ads""]",False,0,jasper-tutors.example,True
Fernhill Market Inc,fernhill-market.example,Retail,11-50,US,Seattle,£10m-£50m,1996,Bootstrapped,Pipedrive,under £5k,"[""Google Ads""]",False,0,fernhill-market.example,True
Tidewater Care Ltd,tidewater-care.example,Healthcare,51-200,UK,Edinburgh,£10m-£50m,2009,Bootstrapped,HubSpot,£5k-£25k,"[""Google Ads"", ""Meta Ads""]",True,5,tidewater-care.example,True
Pennine Tutors Ltd,pennine-tutors.example,Education,1-10,UK,Leeds,under £1m,2019,Bootstrapped,Spreadsheet,under £5k,"[""LinkedIn Ads""]",True,1,penninetuto-group.example,False
Ironbridge Outfitters GmbH,ironbridge-outfitters.example,Retail,11-50,DE,Frankfurt,£1m-£10m,2002,Series A,Pipedrive,£5k-£25k,"[""LinkedIn Ads"", ""Meta Ads""]",False,0,ironbridge-outfitters.example,True
Upland Recruitment GmbH,upland-recruitment.example,Professional services,11-50,DE,Munich,£10m-£50m,2000,Series A,HubSpot,under £5k,"[""Meta Ads""]",False,0,uplandrecr-group.example,False
Aurora Accountants Ltd,aurora-accountants.example,Professional services,11-50,UK,Birmingham,£1m-£10m,2011,Seed,HubSpot,none,[],False,0,auroraacco-group.example,False
Greystone Retail BV,greystone-retail.example,Retail,51-200,NL,Eindhoven,£10m-£50m,2021,Bootstrapped,Salesforce,none,[],False,0,greystone-retail.example,True
Tidewater Health GmbH,tidewater-health.example,Healthcare,1-10,DE,Munich,under £1m,2016,Seed,Spreadsheet,under £5k,"[""Google Ads""]",False,0,tidewaterheal-group.example,False
Thornbury Finance Ltd,thornbury-finance.example,Financial services,11-50,UK,Leeds,£1m-£10m,2005,Seed,Pipedrive,£5k-£25k,"[""Meta Ads"", ""Microsoft Ads""]",False,0,thornbury-finance.example,True
Quartz Partners BV,quartz-partners.example,Financial services,1-10,NL,Eindhoven,under £1m,2005,Bootstrapped,Spreadsheet,under £5k,"[""LinkedIn Ads""]",False,0,quartz-partners.example,True
Vantage Retail SAS,vantage-retail.example,Retail,201-1000,FR,Toulouse,£50m-£250m,1982,Series C+,Spreadsheet,£5k-£25k,"[""LinkedIn Ads"", ""Meta Ads""]",False,0,vantage-retail.example,True
Ashford Freight SAS,ashford-freight.example,Logistics,11-50,FR,Toulouse,£1m-£10m,2004,Bootstrapped,Spreadsheet,none,[],False,0,ashford-freight.example,True
Dunmore Wealth Inc,dunmore-wealth.example,Financial services,51-200,US,Austin,£10m-£50m,2001,Series B,Salesforce,£5k-£25k,"[""Meta Ads"", ""Microsoft Ads""]",False,0,dunmoreweal-group.example,False
Oldfield Software GmbH,oldfield-software.example,Software,201-1000,DE,Munich,£50m-£250m,2018,Private equity,Salesforce,£25k-£100k,"[""LinkedIn Ads"", ""Meta Ads"", ""TikTok Ads""]",True,14,oldfieldsoft-group.example,False
Stonebridge Outfitters Ltd,stonebridge-outfitters.example,Retail,201-1000,UK,Edinburgh,£50m-£250m,2014,Private equity,Salesforce,£5k-£25k,"[""Google Ads"", ""Meta Ads""]",False,0,stonebridge-outfitters.example,True
Umber Retail Ltd,umber-retail.example,Retail,1-10,UK,Leeds,under £1m,2009,Seed,Pipedrive,£5k-£25k,"[""Google Ads"", ""Meta Ads""]",False,0,umber-retail.example,True
Larkspur Engineering Ltd,larkspur-engineering.example,Manufacturing,1-10,UK,Bristol,under £1m,2014,Seed,HubSpot,none,[],False,0,larkspur-engineering.example,True
Willow Lending GmbH,willow-lending.example,Financial services,201-1000,DE,Munich,£50m-£250m,1987,Public,Salesforce,£5k-£25k,"[""Meta Ads"", ""Microsoft Ads""]",False,0,willow-lending.example,True
Saltmarsh College GmbH,saltmarsh-college.example,Education,201-1000,DE,Hamburg,£50m-£250m,1996,Series C+,Pipedrive,£25k-£100k,"[""Google Ads"", ""LinkedIn Ads"", ""Meta Ads""]",False,0,saltmarsh-college.example,True
Valley Accountants Ltd,valley-accountants.example,Professional services,1-10,UK,Leeds,under £1m,2001,Seed,Spreadsheet,under £5k,"[""LinkedIn Ads""]",False,0,valley-accountants.example,True
Pennine Software Ltd,pennine-software.example,Software,1-10,UK,London,under £1m,2006,Bootstrapped,HubSpot,under £5k,"[""LinkedIn Ads""]",False,0,pennine-software.example,True
Aurora Legal Ltd,aurora-legal.example,Professional services,201-1000,UK,Birmingham,£50m-£250m,2022,Series B,Salesforce,£5k-£25k,"[""Google Ads"", ""Meta Ads""]",True,24,auroralega-group.example,False
Cedar Associates Ltd,cedar-associates.example,Professional services,1000+,UK,Edinburgh,£250m+,1998,Bootstrapped,Salesforce,£25k-£100k,"[""Google Ads"", ""LinkedIn Ads"", ""Microsoft Ads""]",True,55,cedar-associates.example,True
Quayside College Ltd,quayside-college.example,Education,1-10,UK,Leeds,under £1m,2019,Bootstrapped,Pipedrive,under £5k,"[""Meta Ads""]",False,0,quayside-college.example,True
Kingsway Systems GmbH,kingsway-systems.example,Software,1-10,DE,Frankfurt,under £1m,1997,Seed,Pipedrive,£5k-£25k,"[""Google Ads"", ""Meta Ads""]",True,2,kingswaysyst-group.example,False
Granite Recruitment Inc,granite-recruitment.example,Professional services,51-200,US,Boston,£1m-£10m,1998,Bootstrapped,Spreadsheet,£5k-£25k,"[""Meta Ads"", ""Microsoft Ads""]",True,11,granite-recruitment.example,True
Riverside College GmbH,riverside-college.example,Education,201-1000,DE,Frankfurt,£50m-£250m,1978,Private equity,HubSpot,£5k-£25k,"[""Meta Ads"", ""Microsoft Ads""]",True,17,riverside-college.example,True
Falcon Freight Ltd,falcon-freight.example,Logistics,201-1000,UK,Manchester,£50m-£250m,2011,Series B,Salesforce,£100k+,"[""Google Ads"", ""LinkedIn Ads"", ""Meta Ads"", ""Microsoft Ads""]",False,0,falconfrei-group.example,False
Larkspur Insurance Ltd,larkspur-insurance.example,Financial services,1-10,UK,Edinburgh,under £1m,1999,Bootstrapped,No CRM,under £5k,"[""Meta Ads""]",False,0,larkspur-insurance.example,True
Inkwell Training Ltd,inkwell-training.example,Education,11-50,UK,Bristol,£1m-£10m,1999,Bootstrapped,HubSpot,£5k-£25k,"[""Google Ads"", ""LinkedIn Ads""]",False,0,inkwelltrai-group.example,False
Emberly Associates Inc,emberly-associates.example,Professional services,1-10,US,Chicago,under £1m,2003,Bootstrapped,Spreadsheet,under £5k,"[""Microsoft Ads""]",False,0,emberlyasso-group.example,False
Valley Couriers Ltd,valley-couriers.example,Logistics,11-50,UK,Manchester,£1m-£10m,1998,Bootstrapped,Pipedrive,under £5k,"[""Google Ads""]",False,0,valley-couriers.example,True
Tamarind Health Ltd,tamarind-health.example,Healthcare,51-200,UK,Edinburgh,£10m-£50m,2013,Bootstrapped,Pipedrive,£25k-£100k,"[""Google Ads"", ""LinkedIn Ads"", ""Meta Ads""]",True,9,tamarindheal-group.example,False
Inkwell Couriers Ltd,inkwell-couriers.example,Logistics,1000+,UK,Birmingham,£250m+,2023,Public,Salesforce,£5k-£25k,"[""Google Ads"", ""Meta Ads""]",False,0,inkwellcour-group.example,False
Oakridge Haulage Inc,oakridge-haulage.example,Logistics,201-1000,US,San Francisco,£50m-£250m,2011,Bootstrapped,Salesforce,£100k+,"[""Google Ads"", ""LinkedIn Ads"", ""Meta Ads"", ""TikTok Ads""]",False,0,oakridge-haulage.example,True
Pinecrest Recruitment Ltd,pinecrest-recruitment.example,Professional services,11-50,UK,Birmingham,under £1m,2009,Bootstrapped,No CRM,£5k-£25k,"[""Google Ads"", ""Meta Ads""]",False,0,pinecrest-recruitment.example,True
Inkwell Freight BV,inkwell-freight.example,Logistics,51-200,NL,Amsterdam,£10m-£50m,2020,Bootstrapped,Spreadsheet,£5k-£25k,"[""Google Ads"", ""Meta Ads""]",False,0,inkwellfrei-group.example,False
Jasper Advisory Ltd,jasper-advisory.example,Professional services,1-10,UK,Bristol,under £1m,2002,Bootstrapped,Pipedrive,under £5k,"[""Microsoft Ads""]",False,0,jasperadvi-group.example,False
Hawthorn Wealth Inc,hawthorn-wealth.example,Financial services,1-10,US,Seattle,£1m-£10m,2023,Bootstrapped,Spreadsheet,£25k-£100k,"[""LinkedIn Ads"", ""Meta Ads"", ""Microsoft Ads""]",False,0,hawthornweal-group.example,False
Brightwater Health Ltd,brightwater-health.example,Healthcare,1-10,UK,London,under £1m,2012,Series A,HubSpot,under £5k,"[""Meta Ads""]",False,0,brightwater-health.example,True
Yarrow Labs Ltd,yarrow-labs.example,Software,11-50,UK,Birmingham,£1m-£10m,2002,Bootstrapped,No CRM,under £5k,"[""Meta Ads""]",True,3,yarrowlabs-group.example,False
Dovecote Pharma Ltd,dovecote-pharma.example,Healthcare,51-200,UK,Manchester,£10m-£50m,2021,Bootstrapped,Salesforce,none,[],False,0,dovecotephar-group.example,False
Clearwater Capital Inc,clearwater-capital.example,Financial services,201-1000,US,Seattle,£50m-£250m,2009,Private equity,Salesforce,£100k+,"[""Google Ads"", ""LinkedIn Ads"", ""Microsoft Ads"", ""TikTok Ads""]",True,17,clearwater-capital.example,True
Lindenwood Goods SAS,lindenwood-goods.example,Retail,201-1000,FR,Lyon,£50m-£250m,1973,Series C+,Salesforce,£25k-£100k,"[""Google Ads"", ""LinkedIn Ads"", ""Microsoft Ads""]",True,20,lindenwood-goods.example,True
Ivywood Shipping SAS,ivywood-shipping.example,Logistics,51-200,FR,Toulouse,£10m-£50m,1998,Series B,Salesforce,£25k-£100k,"[""Google Ads"", ""LinkedIn Ads"", ""Meta Ads""]",True,9,ivywood-shipping.example,True
Meridian Legal Inc,meridian-legal.example,Professional services,201-1000,US,Boston,£250m+,2003,Series C+,Salesforce,£5k-£25k,"[""LinkedIn Ads"", ""Meta Ads""]",True,25,meridian-legal.example,True
Thornbury Fabrication Ltd,thornbury-fabrication.example,Manufacturing,11-50,UK,London,£1m-£10m,2002,Bootstrapped,HubSpot,£5k-£25k,"[""Google Ads"", ""Meta Ads""]",True,5,thornbury-fabrication.example,True
Quayside Outfitters GmbH,quayside-outfitters.example,Retail,201-1000,DE,Frankfurt,£10m-£50m,2002,Series C+,No CRM,£5k-£25k,"[""LinkedIn Ads"", ""Meta Ads""]",True,17,quayside-outfitters.example,True
Bramble Education GmbH,bramble-education.example,Education,51-200,DE,Hamburg,£10m-£50m,2007,Series A,Spreadsheet,£5k-£25k,"[""Google Ads"", ""Meta Ads""]",False,0,bramble-education.example,True
Inkwell Manufacturing BV,inkwell-manufacturing.example,Manufacturing,1-10,NL,Rotterdam,under £1m,2005,Bootstrapped,Spreadsheet,none,[],False,0,inkwell-manufacturing.example,True
Nettlefield Industries Inc,nettlefield-industries.example,Manufacturing,201-1000,US,Chicago,£50m-£250m,1974,Series C+,HubSpot,£25k-£100k,"[""Google Ads"", ""Microsoft Ads"", ""TikTok Ads""]",True,17,nettlefieldindu-group.example,False
Valley Data BV,valley-data.example,Software,11-50,NL,Utrecht,under £1m,2019,Seed,Spreadsheet,under £5k,"[""Google Ads""]",False,0,valley-data.example,True
Willow Engineering SAS,willow-engineering.example,Manufacturing,11-50,FR,Paris,£1m-£10m,2004,Series B,HubSpot,none,[],True,3,willow-engineering.example,True
Riverside Fabrication BV,riverside-fabrication.example,Manufacturing,51-200,NL,Amsterdam,£10m-£50m,2018,Seed,Salesforce,£5k-£25k,"[""Microsoft Ads"", ""TikTok Ads""]",False,0,riverside-fabrication.example,True
Riverside Partners Ltd,riverside-partners.example,Financial services,1-10,UK,Bristol,under £1m,2014,Seed,No CRM,under £5k,"[""LinkedIn Ads""]",False,0,riverside-partners.example,True
Norfolk Outfitters SAS,norfolk-outfitters.example,Retail,1-10,FR,Lille,under £1m,2001,Seed,Pipedrive,none,[],False,0,norfolk-outfitters.example,True
Pinecrest Wealth GmbH,pinecrest-wealth.example,Financial services,11-50,DE,Berlin,£1m-£10m,2014,Bootstrapped,HubSpot,none,[],False,0,pinecrestweal-group.example,False
Kingsway Consulting Ltd,kingsway-consulting.example,Professional services,11-50,UK,Leeds,£1m-£10m,2002,Series A,Salesforce,under £5k,"[""LinkedIn Ads""]",False,0,kingsway-consulting.example,True
Umber Pharma GmbH,umber-pharma.example,Healthcare,1000+,DE,Frankfurt,£250m+,1970,Bootstrapped,HubSpot,£25k-£100k,"[""Google Ads"", ""LinkedIn Ads"", ""Meta Ads""]",False,0,umber-pharma.example,True
Silverline Clinics SAS,silverline-clinics.example,Healthcare,1000+,FR,Paris,£250m+,2001,Bootstrapped,Salesforce,£5k-£25k,"[""Google Ads"", ""Meta Ads""]",True,59,silverline-clinics.example,True
Aurora Finance Inc,aurora-finance.example,Financial services,11-50,US,Chicago,£1m-£10m,2002,Series A,No CRM,£25k-£100k,"[""Google Ads"", ""Meta Ads"", ""Microsoft Ads""]",True,4,aurora-finance.example,True
Moorland Training Inc,moorland-training.example,Education,11-50,US,Seattle,£1m-£10m,2009,Bootstrapped,HubSpot,£5k-£25k,"[""Meta Ads"", ""Microsoft Ads""]",False,0,moorland-training.example,True
Harbour Industries Ltd,harbour-industries.example,Manufacturing,201-1000,UK,Bristol,£50m-£250m,1983,Series C+,Spreadsheet,£100k+,"[""Google Ads"", ""LinkedIn Ads"", ""Meta Ads"", ""Microsoft Ads""]",True,19,harbour-industries.example,True
Keystone Dental Ltd,keystone-dental.example,Healthcare,1-10,UK,Manchester,under £1m,2012,Seed,Salesforce,under £5k,"[""Microsoft Ads""]",False,0,keystone-dental.example,True
Keystone Wealth BV,keystone-wealth.example,Financial services,1000+,NL,Amsterdam,£50m-£250m,1970,Bootstrapped,Salesforce,under £5k,"[""Google Ads""]",True,62,keystone-wealth.example,True
Valley Finance SAS,valley-finance.example,Financial services,1000+,FR,Toulouse,£250m+,1988,Public,Salesforce,under £5k,"[""TikTok Ads""]",True,69,valley-finance.example,True
Pinecrest Manufacturing Ltd,pinecrest-manufacturing.example,Manufacturing,1-10,UK,Birmingham,under £1m,2014,Seed,Salesforce,under £5k,"[""Google Ads""]",False,0,pinecrest-manufacturing.example,True
Elmstead Consulting BV,elmstead-consulting.example,Professional services,201-1000,NL,Amsterdam,£50m-£250m,1974,Series C+,Salesforce,£5k-£25k,"[""Google Ads"", ""Microsoft Ads""]",True,24,elmstead-consulting.example,True
Marigold Care BV,marigold-care.example,Healthcare,1-10,NL,Rotterdam,under £1m,1997,Seed,Pipedrive,£5k-£25k,"[""Google Ads"", ""Meta Ads""]",True,3,marigold-care.example,True
Ironbridge Haulage BV,ironbridge-haulage.example,Logistics,51-200,NL,Eindhoven,£10m-£50m,2010,Series B,HubSpot,£5k-£25k,"[""LinkedIn Ads"", ""Meta Ads""]",False,0,ironbridge-haulage.example,True
Fernhill Retail Ltd,fernhill-retail.example,Retail,201-1000,UK,Manchester,£50m-£250m,1975,Bootstrapped,Pipedrive,£5k-£25k,"[""LinkedIn Ads"", ""Meta Ads""]",True,22,fernhillreta-group.example,False
Nettlefield Stores Inc,nettlefield-stores.example,Retail,1-10,US,Seattle,under £1m,1995,Seed,Pipedrive,£25k-£100k,"[""Google Ads"", ""LinkedIn Ads"", ""Meta Ads""]",False,0,nettlefieldstor-group.example,False
Cedar Legal Ltd,cedar-legal.example,Professional services,1-10,UK,Leeds,under £1m,2011,Bootstrapped,HubSpot,under £5k,"[""Meta Ads""]",False,0,cedar-legal.example,True
Granite Industries Ltd,granite-industries.example,Manufacturing,1-10,UK,Manchester,£1m-£10m,2024,Seed,HubSpot,under £5k,"[""Meta Ads""]",False,0,granite-industries.example,True
Yarrow Fabrication Inc,yarrow-fabrication.example,Manufacturing,1-10,US,San Francisco,under £1m,1995,Bootstrapped,Spreadsheet,under £5k,"[""Microsoft Ads""]",False,0,yarrow-fabrication.example,True
Vantage Engineering BV,vantage-engineering.example,Manufacturing,51-200,NL,Rotterdam,£10m-£50m,2022,Series B,HubSpot,£25k-£100k,"[""Google Ads"", ""LinkedIn Ads"", ""TikTok Ads""]",False,0,vantage-engineering.example,True
Nettlefield Tutors BV,nettlefield-tutors.example,Education,1-10,NL,Utrecht,under £1m,2002,Bootstrapped,HubSpot,£25k-£100k,"[""Google Ads"", ""Meta Ads"", ""Microsoft Ads""]",True,1,nettlefield-tutors.example,True
Kingsway Engineering SAS,kingsway-engineering.example,Manufacturing,11-50,FR,Lyon,£1m-£10m,2004,Series A,No CRM,£25k-£100k,"[""Google Ads"", ""LinkedIn Ads"", ""Meta Ads""]",False,0,kingswayengi-group.example,False
Saltmarsh Education Ltd,saltmarsh-education.example,Education,1-10,UK,Birmingham,under £1m,2021,Series A,Spreadsheet,£5k-£25k,"[""Google Ads"", ""Meta Ads""]",False,0,saltmarsh-education.example,True
Bluebell Manufacturing BV,bluebell-manufacturing.example,Manufacturing,11-50,NL,Utrecht,£1m-£10m,2019,Seed,HubSpot,under £5k,"[""TikTok Ads""]",True,2,bluebell-manufacturing.example,True
Tidewater Finance Ltd,tidewater-finance.example,Financial services,51-200,UK,Edinburgh,£10m-£50m,2014,Series A,Salesforce,£5k-£25k,"[""Microsoft Ads"", ""TikTok Ads""]",False,0,tidewater-finance.example,True
Thornbury Health Inc,thornbury-health.example,Healthcare,1-10,US,Austin,£1m-£10m,2000,Seed,Spreadsheet,under £5k,"[""Meta Ads""]",False,0,thornbury-health.example,True
Lindenwood Components Ltd,lindenwood-components.example,Manufacturing,11-50,UK,Bristol,£1m-£10m,1995,Seed,Pipedrive,£5k-£25k,"[""Google Ads"", ""LinkedIn Ads""]",False,0,lindenwood-components.example,True
Elmstead Components Inc,elmstead-components.example,Manufacturing,51-200,US,New York,£10m-£50m,2022,Series A,HubSpot,£25k-£100k,"[""Google Ads"", ""LinkedIn Ads"", ""Meta Ads""]",True,3,elmstead-components.example,True
Inkwell Transport Inc,inkwell-transport.example,Logistics,1-10,US,Chicago,under £1m,2000,Seed,No CRM,none,[],False,0,inkwell-transport.example,True
Thornbury Labs Inc,thornbury-labs.example,Software,1-10,US,Boston,under £1m,2005,Seed,HubSpot,under £5k,"[""Google Ads""]",False,0,thornbury-labs.example,True
Marigold Tutors Ltd,marigold-tutors.example,Education,201-1000,UK,Bristol,£250m+,2011,Series A,No CRM,£25k-£100k,"[""Google Ads"", ""LinkedIn Ads"", ""Meta Ads""]",True,29,marigoldtuto-group.example,False
Quartz Couriers Ltd,quartz-couriers.example,Logistics,51-200,UK,Bristol,£10m-£50m,2010,Bootstrapped,Salesforce,£5k-£25k,"[""Meta Ads"", ""TikTok Ads""]",True,7,quartz-couriers.example,True
Kingsway Finance Inc,kingsway-finance.example,Financial services,11-50,US,Boston,£1m-£10m,2009,Seed,Spreadsheet,£5k-£25k,"[""Google Ads"", ""Microsoft Ads""]",True,4,kingsway-finance.example,True
Northwind Cloud Ltd,northwind-cloud.example,Software,201-1000,UK,Birmingham,£50m-£250m,1994,Private equity,Salesforce,£5k-£25k,"[""Google Ads"", ""Meta Ads""]",True,22,northwind-cloud.example,True
Tamarind Market SAS,tamarind-market.example,Retail,1-10,FR,Toulouse,under £1m,2009,Bootstrapped,Spreadsheet,under £5k,"[""Microsoft Ads""]",False,0,tamarindmark-group.example,False
Juniper Wealth Inc,juniper-wealth.example,Financial services,11-50,US,New York,£10m-£50m,1997,Series A,HubSpot,£25k-£100k,"[""LinkedIn Ads"", ""Meta Ads"", ""TikTok Ads""]",False,0,juniper-wealth.example,True
Granite Market Ltd,granite-market.example,Retail,11-50,UK,London,£1m-£10m,2024,Series A,Spreadsheet,under £5k,"[""Microsoft Ads""]",True,8,granite-market.example,True
Marigold Logistics BV,marigold-logistics.example,Logistics,51-200,NL,Utrecht,£10m-£50m,2024,Bootstrapped,HubSpot,none,[],False,0,marigoldlogi-group.example,False
Northwind Accountants Ltd,northwind-accountants.example,Professional services,11-50,UK,Manchester,£1m-£10m,1997,Bootstrapped,Spreadsheet,£5k-£25k,"[""Google Ads"", ""LinkedIn Ads""]",False,0,northwind-accountants.example,True
Bluebell College Inc,bluebell-college.example,Education,201-1000,US,New York,£50m-£250m,2024,Bootstrapped,Salesforce,£25k-£100k,"[""Google Ads"", ""LinkedIn Ads"", ""Meta Ads""]",True,13,bluebell-college.example,True
Beacon Training Ltd,beacon-training.example,Education,201-1000,UK,Manchester,£50m-£250m,2022,Private equity,HubSpot,£25k-£100k,"[""LinkedIn Ads"", ""Meta Ads"", ""Microsoft Ads""]",True,21,beacontrai-group.example,False
Kelvin Wealth BV,kelvin-wealth.example,Financial services,51-200,NL,Amsterdam,£10m-£50m,2013,Series A,HubSpot,£5k-£25k,"[""Google Ads"", ""Microsoft Ads""]",True,11,kelvinweal-group.example,False
Inkwell Accountants SAS,inkwell-accountants.example,Professional services,201-1000,FR,Paris,£50m-£250m,2013,Bootstrapped,Salesforce,none,[],True,20,inkwellacco-group.example,False
Keystone Academy Ltd,keystone-academy.example,Education,11-50,UK,Leeds,£1m-£10m,2010,Seed,Spreadsheet,none,[],False,0,keystone-academy.example,True
Upland Finance GmbH,upland-finance.example,Financial services,1-10,DE,Munich,under £1m,2008,Seed,Pipedrive,none,[],False,0,upland-finance.example,True
Thornbury Data Inc,thornbury-data.example,Software,11-50,US,Chicago,£1m-£10m,2008,Series A,No CRM,under £5k,"[""Meta Ads""]",True,1,thornbury-data.example,True
Emberly Industries SAS,emberly-industries.example,Manufacturing,1-10,FR,Lyon,under £1m,2018,Seed,Spreadsheet,under £5k,"[""Google Ads""]",False,0,emberlyindu-group.example,False
Dovecote Care GmbH,dovecote-care.example,Healthcare,11-50,DE,Hamburg,£1m-£10m,2001,Bootstrapped,Spreadsheet,£5k-£25k,"[""Google Ads"", ""Meta Ads""]",True,2,dovecote-care.example,True
Nimbus Systems Ltd,nimbus-systems.example,Software,51-200,UK,Edinburgh,£10m-£50m,2022,Series A,Salesforce,under £5k,"[""Microsoft Ads""]",True,6,nimbussyst-group.example,False
Orchard Retail BV,orchard-retail.example,Retail,51-200,NL,Utrecht,£10m-£50m,2023,Bootstrapped,HubSpot,£25k-£100k,"[""Google Ads"", ""Meta Ads"", ""TikTok Ads""]",False,0,orchardreta-group.example,False
Brightwater Outfitters GmbH,brightwater-outfitters.example,Retail,51-200,DE,Hamburg,£10m-£50m,2000,Bootstrapped,Salesforce,£5k-£25k,"[""LinkedIn Ads"", ""Meta Ads""]",False,0,brightwater-outfitters.example,True
Nimbus Industries SAS,nimbus-industries.example,Manufacturing,11-50,FR,Toulouse,£1m-£10m,2014,Bootstrapped,HubSpot,none,[],False,0,nimbus-industries.example,True
Oakridge Medical SAS,oakridge-medical.example,Healthcare,11-50,FR,Paris,£1m-£10m,2022,Seed,Spreadsheet,under £5k,"[""Meta Ads""]",False,0,oakridgemedi-group.example,False
Lindenwood Retail Inc,lindenwood-retail.example,Retail,1-10,US,Seattle,under £1m,2008,Bootstrapped,Pipedrive,under £5k,"[""LinkedIn Ads""]",False,0,lindenwoodreta-group.example,False
Redwood Training Ltd,redwood-training.example,Education,1-10,UK,Edinburgh,under £1m,2007,Bootstrapped,Spreadsheet,under £5k,"[""Google Ads""]",False,0,redwood-training.example,True
Clearwater Accountants Inc,clearwater-accountants.example,Professional services,1-10,US,San Francisco,under £1m,1997,Bootstrapped,Pipedrive,under £5k,"[""Google Ads""]",True,1,clearwater-accountants.example,True
Evergreen Finance Inc,evergreen-finance.example,Financial services,51-200,US,Chicago,£50m-£250m,2010,Series B,HubSpot,under £5k,"[""Meta Ads""]",True,12,evergreen-finance.example,True
Quartz Insurance Inc,quartz-insurance.example,Financial services,1-10,US,Chicago,under £1m,2021,Seed,Pipedrive,none,[],False,0,quartz-insurance.example,True
Glenmoor Recruitment Ltd,glenmoor-recruitment.example,Professional services,51-200,UK,Leeds,£10m-£50m,2012,Series A,Spreadsheet,£5k-£25k,"[""LinkedIn Ads"", ""Meta Ads""]",True,10,glenmoor-recruitment.example,True
Umber Fabrication Inc,umber-fabrication.example,Manufacturing,1-10,US,San Francisco,under £1m,2021,Bootstrapped,HubSpot,none,[],False,0,umber-fabrication.example,True
Greystone Associates Inc,greystone-associates.example,Professional services,51-200,US,Seattle,£10m-£50m,2013,Series B,Spreadsheet,£5k-£25k,"[""LinkedIn Ads"", ""Microsoft Ads""]",True,11,greystoneasso-group.example,False
Stonebridge Medical Ltd,stonebridge-medical.example,Healthcare,201-1000,UK,Leeds,£50m-£250m,2013,Series A,Pipedrive,£25k-£100k,"[""Meta Ads"", ""Microsoft Ads"", ""TikTok Ads""]",True,24,stonebridge-medical.example,True
Pebble Dental Inc,pebble-dental.example,Healthcare,201-1000,US,Seattle,£50m-£250m,2017,Series C+,HubSpot,none,[],False,0,pebble-dental.example,True
Aurora Academy Inc,aurora-academy.example,Education,1000+,US,Austin,£250m+,1965,Private equity,HubSpot,£25k-£100k,"[""Google Ads"", ""LinkedIn Ads"", ""TikTok Ads""]",True,75,aurora-academy.example,True
Quartz Accountants Ltd,quartz-accountants.example,Professional services,51-200,UK,Leeds,£10m-£50m,2005,Bootstrapped,HubSpot,£25k-£100k,"[""Google Ads"", ""LinkedIn Ads"", ""TikTok Ads""]",True,9,quartz-accountants.example,True
Clearwater Engineering GmbH,clearwater-engineering.example,Manufacturing,51-200,DE,Berlin,£10m-£50m,2005,Bootstrapped,Spreadsheet,£5k-£25k,"[""Google Ads"", ""Microsoft Ads""]",False,0,clearwater-engineering.example,True
Redwood Education BV,redwood-education.example,Education,51-200,NL,Rotterdam,£10m-£50m,2005,Series B,HubSpot,£5k-£25k,"[""LinkedIn Ads"", ""TikTok Ads""]",True,12,redwood-education.example,True
Pebble Tutors SAS,pebble-tutors.example,Education,11-50,FR,Paris,£1m-£10m,2005,Series A,Spreadsheet,£25k-£100k,"[""Google Ads"", ""LinkedIn Ads"", ""Meta Ads""]",True,3,pebble-tutors.example,True
Rosewood Logistics BV,rosewood-logistics.example,Logistics,201-1000,NL,Amsterdam,£50m-£250m,1981,Bootstrapped,Pipedrive,£5k-£25k,"[""Google Ads"", ""Meta Ads""]",False,0,rosewood-logistics.example,True
Vantage Manufacturing Inc,vantage-manufacturing.example,Manufacturing,1-10,US,Seattle,under £1m,2000,Seed,Pipedrive,under £5k,"[""Microsoft Ads""]",False,0,vantage-manufacturing.example,True
Nettlefield Dental SAS,nettlefield-dental.example,Healthcare,1-10,FR,Paris,under £1m,2002,Bootstrapped,Salesforce,none,[],False,0,nettlefield-dental.example,True
Norfolk Digital GmbH,norfolk-digital.example,Software,11-50,DE,Frankfurt,£1m-£10m,2018,Series A,Pipedrive,£25k-£100k,"[""Google Ads"", ""LinkedIn Ads"", ""Meta Ads""]",False,0,norfolk-digital.example,True
Elmstead Shipping Ltd,elmstead-shipping.example,Logistics,1000+,UK,Birmingham,£50m-£250m,1990,Series C+,No CRM,£5k-£25k,"[""Meta Ads"", ""Microsoft Ads""]",False,0,elmsteadship-group.example,False
Northwind Stores BV,northwind-stores.example,Retail,11-50,NL,Utrecht,£1m-£10m,2010,Seed,Spreadsheet,under £5k,"[""Google Ads""]",False,0,northwind-stores.example,True
Ashford Consulting Inc,ashford-consulting.example,Professional services,1-10,US,Chicago,under £1m,2014,Seed,Spreadsheet,£5k-£25k,"[""LinkedIn Ads"", ""Microsoft Ads""]",False,0,ashfordcons-group.example,False
Upland Lending SAS,upland-lending.example,Financial services,51-200,FR,Lille,£10m-£50m,2015,Series C+,HubSpot,£5k-£25k,"[""Google Ads"", ""TikTok Ads""]",False,0,upland-lending.example,True
Driftwood Insurance SAS,driftwood-insurance.example,Financial services,51-200,FR,Toulouse,£50m-£250m,2003,Series A,Salesforce,£5k-£25k,"[""Google Ads"", ""Meta Ads""]",False,0,driftwoodinsu-group.example,False
Driftwood Dental SAS,driftwood-dental.example,Healthcare,11-50,FR,Lille,£1m-£10m,2018,Seed,Spreadsheet,none,[],False,0,driftwood-dental.example,True
Kestrel Partners Inc,kestrel-partners.example,Financial services,11-50,US,Boston,£1m-£10m,2011,Bootstrapped,No CRM,under £5k,"[""Microsoft Ads""]",True,7,kestrel-partners.example,True
Zephyr Pharma Inc,zephyr-pharma.example,Healthcare,1-10,US,Chicago,under £1m,2001,Seed,HubSpot,under £5k,"[""Meta Ads""]",False,0,zephyr-pharma.example,True
Nettlefield Systems Ltd,nettlefield-systems.example,Software,201-1000,UK,Bristol,£50m-£250m,1966,Series C+,Salesforce,£25k-£100k,"[""Google Ads"", ""Meta Ads"", ""Microsoft Ads""]",True,23,nettlefield-systems.example,True
Orchard Pharma SAS,orchard-pharma.example,Healthcare,51-200,FR,Paris,£1m-£10m,2001,Series A,Salesforce,£25k-£100k,"[""Google Ads"", ""LinkedIn Ads"", ""Microsoft Ads""]",True,6,orchard-pharma.example,True
Meridian Industries Ltd,meridian-industries.example,Manufacturing,11-50,UK,Leeds,£1m-£10m,1997,Series A,Pipedrive,none,[],False,0,meridian-industries.example,True
Oldfield Legal BV,oldfield-legal.example,Professional services,201-1000,NL,Amsterdam,£50m-£250m,2022,Private equity,HubSpot,£25k-£100k,"[""LinkedIn Ads"", ""Meta Ads"", ""Microsoft Ads""]",False,0,oldfield-legal.example,True
Yarrow Goods Ltd,yarrow-goods.example,Retail,201-1000,UK,London,£50m-£250m,1994,Series C+,Pipedrive,£5k-£25k,"[""LinkedIn Ads"", ""Microsoft Ads""]",True,12,yarrow-goods.example,True
Cobalt Accountants SAS,cobalt-accountants.example,Professional services,1000+,FR,Lille,£250m+,1973,Private equity,Salesforce,£100k+,"[""Google Ads"", ""LinkedIn Ads"", ""Meta Ads"", ""Microsoft Ads""]",True,51,cobalt-accountants.example,True
Nettlefield Insurance SAS,nettlefield-insurance.example,Financial services,51-200,FR,Lyon,£10m-£50m,2019,Series B,HubSpot,£5k-£25k,"[""Google Ads"", ""LinkedIn Ads""]",True,9,nettlefield-insurance.example,True
Quartz Consulting Ltd,quartz-consulting.example,Professional services,51-200,UK,Leeds,£10m-£50m,2022,Private equity,Salesforce,£5k-£25k,"[""Meta Ads"", ""TikTok Ads""]",False,0,quartz-consulting.example,True
Pebble Freight Inc,pebble-freight.example,Logistics,11-50,US,San Francisco,£1m-£10m,1997,Bootstrapped,HubSpot,£25k-£100k,"[""Google Ads"", ""Meta Ads"", ""TikTok Ads""]",True,6,pebble-freight.example,True
Thornbury Trading Inc,thornbury-trading.example,Retail,11-50,US,New York,£1m-£10m,2020,Bootstrapped,Salesforce,none,[],True,2,thornburytrad-group.example,False
Foxglove Health Ltd,foxglove-health.example,Healthcare,201-1000,UK,Bristol,£50m-£250m,2003,Private equity,Salesforce,£5k-£25k,"[""Google Ads"", ""Meta Ads""]",True,25,foxgloveheal-group.example,False
Juniper Medical Ltd,juniper-medical.example,Healthcare,11-50,UK,Birmingham,under £1m,2009,Bootstrapped,No CRM,under £5k,"[""Google Ads""]",True,6,juniper-medical.example,True
Highgate Components Ltd,highgate-components.example,Manufacturing,51-200,UK,London,£10m-£50m,2006,Series B,HubSpot,£5k-£25k,"[""Google Ads"", ""Meta Ads""]",True,12,highgate-components.example,True
Larkspur Consulting BV,larkspur-consulting.example,Professional services,1-10,NL,Amsterdam,under £1m,1996,Seed,Pipedrive,under £5k,"[""Google Ads""]",False,0,larkspurcons-group.example,False
Juniper Care Ltd,juniper-care.example,Healthcare,11-50,UK,Bristol,£1m-£10m,2023,Bootstrapped,No CRM,under £5k,"[""Microsoft Ads""]",False,0,junipercare-group.example,False
Elmstead Care GmbH,elmstead-care.example,Healthcare,51-200,DE,Berlin,£10m-£50m,2017,Series A,Pipedrive,£5k-£25k,"[""LinkedIn Ads"", ""Microsoft Ads""]",False,0,elmstead-care.example,True
Heron Trading Ltd,heron-trading.example,Retail,201-1000,UK,Edinburgh,£50m-£250m,2021,Private equity,Spreadsheet,£100k+,"[""Google Ads"", ""LinkedIn Ads"", ""Meta Ads"", ""Microsoft Ads""]",False,0,heron-trading.example,True
Falcon Haulage Ltd,falcon-haulage.example,Logistics,201-1000,UK,Birmingham,£50m-£250m,2022,Series B,Salesforce,£100k+,"[""Google Ads"", ""LinkedIn Ads"", ""Meta Ads"", ""Microsoft Ads""]",False,0,falcon-haulage.example,True
Evergreen Components BV,evergreen-components.example,Manufacturing,1-10,NL,Rotterdam,£1m-£10m,1996,Seed,No CRM,£5k-£25k,"[""Meta Ads"", ""Microsoft Ads""]",True,1,evergreen-components.example,True
Foxglove Clinics GmbH,foxglove-clinics.example,Healthcare,11-50,DE,Berlin,£1m-£10m,2012,Seed,Spreadsheet,£5k-£25k,"[""Meta Ads"", ""TikTok Ads""]",True,5,foxgloveclin-group.example,False
Jasper Fabrication Ltd,jasper-fabrication.example,Manufacturing,51-200,UK,Leeds,£10m-£50m,2024,Series B,HubSpot,under £5k,"[""Google Ads""]",False,0,jasper-fabrication.example,True
Willow Academy Ltd,willow-academy.example,Education,11-50,UK,Edinburgh,under £1m,2024,Seed,HubSpot,none,[],False,0,willowacad-group.example,False
Foxglove Goods SAS,foxglove-goods.example,Retail,201-1000,FR,Lille,£50m-£250m,1986,Series A,Salesforce,£100k+,"[""Google Ads"", ""LinkedIn Ads"", ""Meta Ads"", ""TikTok Ads""]",True,24,foxglove-goods.example,True
Norfolk Care Ltd,norfolk-care.example,Healthcare,1000+,UK,London,£250m+,1973,Public,HubSpot,£5k-£25k,"[""Microsoft Ads"", ""TikTok Ads""]",False,0,norfolk-care.example,True
Keystone Works Inc,keystone-works.example,Manufacturing,1-10,US,Boston,under £1m,2014,Bootstrapped,Salesforce,under £5k,"[""TikTok Ads""]",False,0,keystone-works.example,True
Pinecrest Data Ltd,pinecrest-data.example,Software,11-50,UK,Edinburgh,£1m-£10m,1998,Bootstrapped,No CRM,none,[],True,5,pinecrest-data.example,True
Hawthorn Transport SAS,hawthorn-transport.example,Logistics,11-50,FR,Paris,£1m-£10m,2018,Bootstrapped,Pipedrive,none,[],True,3,hawthorn-transport.example,True
Umber Clinics Ltd,umber-clinics.example,Healthcare,201-1000,UK,Leeds,£50m-£250m,2015,Series B,Salesforce,£5k-£25k,"[""Google Ads"", ""Microsoft Ads""]",True,14,umber-clinics.example,True
Zephyr Labs Ltd,zephyr-labs.example,Software,51-200,UK,London,£10m-£50m,2003,Series B,HubSpot,under £5k,"[""Google Ads""]",False,0,zephyr-labs.example,True
Emberly Data Inc,emberly-data.example,Software,51-200,US,Austin,£10m-£50m,2011,Series A,Salesforce,£5k-£25k,"[""Google Ads"", ""LinkedIn Ads""]",True,12,emberly-data.example,True
Oakridge Care Ltd,oakridge-care.example,Healthcare,1-10,UK,Leeds,under £1m,2012,Bootstrapped,HubSpot,under £5k,"[""Google Ads""]",False,0,oakridge-care.example,True
Pebble Lending Ltd,pebble-lending.example,Financial services,51-200,UK,Bristol,£10m-£50m,2016,Bootstrapped,HubSpot,£25k-£100k,"[""Google Ads"", ""LinkedIn Ads"", ""Meta Ads""]",True,11,pebble-lending.example,True
Pebble Engineering Ltd,pebble-engineering.example,Manufacturing,11-50,UK,Birmingham,£1m-£10m,2002,Seed,HubSpot,£5k-£25k,"[""Meta Ads"", ""Microsoft Ads""]",False,0,pebble-engineering.example,True
Kestrel Works Ltd,kestrel-works.example,Manufacturing,1-10,UK,Edinburgh,under £1m,2004,Bootstrapped,Spreadsheet,none,[],False,0,kestrel-works.example,True
Kingsway College Inc,kingsway-college.example,Education,1-10,US,Seattle,under £1m,2019,Bootstrapped,Spreadsheet,none,[],False,0,kingsway-college.example,True
Highgate Software Ltd,highgate-software.example,Software,1-10,UK,London,£1m-£10m,2016,Bootstrapped,HubSpot,under £5k,"[""Google Ads""]",False,0,highgate-software.example,True
Cedar Software SAS,cedar-software.example,Software,201-1000,FR,Toulouse,£250m+,1976,Series C+,Salesforce,£5k-£25k,"[""Meta Ads"", ""TikTok Ads""]",True,20,cedar-software.example,True
Marigold Shipping Ltd,marigold-shipping.example,Logistics,201-1000,UK,Birmingham,£50m-£250m,2022,Private equity,HubSpot,£5k-£25k,"[""Google Ads"", ""Meta Ads""]",False,0,marigold-shipping.example,True
Kestrel Clinics Inc,kestrel-clinics.example,Healthcare,1-10,US,Chicago,under £1m,2017,Bootstrapped,Spreadsheet,£5k-£25k,"[""Google Ads"", ""Meta Ads""]",False,0,kestrel-clinics.example,True
Quayside Digital Inc,quayside-digital.example,Software,1-10,US,Boston,under £1m,2012,Bootstrapped,HubSpot,under £5k,"[""Microsoft Ads""]",False,0,quaysidedigi-group.example,False
Kestrel Consulting BV,kestrel-consulting.example,Professional services,51-200,NL,Eindhoven,£10m-£50m,2001,Series B,HubSpot,£5k-£25k,"[""LinkedIn Ads"", ""Meta Ads""]",False,0,kestrel-consulting.example,True
Kelvin Recruitment SAS,kelvin-recruitment.example,Professional services,51-200,FR,Paris,£10m-£50m,1998,Seed,Salesforce,£5k-£25k,"[""Google Ads"", ""Meta Ads""]",False,0,kelvin-recruitment.example,True
Kelvin Medical SAS,kelvin-medical.example,Healthcare,51-200,FR,Toulouse,£10m-£50m,2010,Series B,Salesforce,under £5k,"[""Meta Ads""]",True,11,kelvin-medical.example,True
Ironbridge Medical Ltd,ironbridge-medical.example,Healthcare,1000+,UK,Edinburgh,£250m+,1983,Series C+,Salesforce,£5k-£25k,"[""Google Ads"", ""TikTok Ads""]",True,68,ironbridge-medical.example,True
Norfolk Partners Ltd,norfolk-partners.example,Financial services,1-10,UK,Manchester,under £1m,2023,Seed,HubSpot,none,[],True,3,norfolk-partners.example,True
Dunmore Recruitment Ltd,dunmore-recruitment.example,Professional services,201-1000,UK,Leeds,£50m-£250m,1997,Series C+,Salesforce,£25k-£100k,"[""Google Ads"", ""LinkedIn Ads"", ""Microsoft Ads""]",True,26,dunmore-recruitment.example,True
Westbrook Labs BV,westbrook-labs.example,Software,11-50,NL,Eindhoven,£1m-£10m,1996,Bootstrapped,Spreadsheet,£25k-£100k,"[""Google Ads"", ""LinkedIn Ads"", ""Meta Ads""]",False,0,westbrook-labs.example,True
Aurora Trading Ltd,aurora-trading.example,Retail,51-200,UK,Edinburgh,£10m-£50m,2024,Seed,HubSpot,£5k-£25k,"[""Google Ads"", ""Meta Ads""]",True,8,auroratrad-group.example,False
Kingsway Freight Ltd,kingsway-freight.example,Logistics,11-50,UK,Manchester,£1m-£10m,2009,Series A,HubSpot,under £5k,"[""LinkedIn Ads""]",True,3,kingswayfrei-group.example,False
Ironbridge Industries BV,ironbridge-industries.example,Manufacturing,11-50,NL,Amsterdam,£1m-£10m,2023,Series A,Spreadsheet,£5k-£25k,"[""Google Ads"", ""TikTok Ads""]",False,0,ironbridge-industries.example,True
Lindenwood Couriers Ltd,lindenwood-couriers.example,Logistics,1-10,UK,London,under £1m,2008,Bootstrapped,Spreadsheet,£5k-£25k,"[""Google Ads"", ""LinkedIn Ads""]",False,0,lindenwoodcour-group.example,False
Vantage Education SAS,vantage-education.example,Education,51-200,FR,Paris,£10m-£50m,2014,Bootstrapped,Spreadsheet,£5k-£25k,"[""Google Ads"", ""LinkedIn Ads""]",False,0,vantage-education.example,True
Oldfield Partners SAS,oldfield-partners.example,Financial services,11-50,FR,Lille,£1m-£10m,2009,Series A,HubSpot,under £5k,"[""Meta Ads""]",False,0,oldfieldpart-group.example,False
Kelvin Software Ltd,kelvin-software.example,Software,201-1000,UK,Bristol,£50m-£250m,1994,Private equity,No CRM,£25k-£100k,"[""Google Ads"", ""Meta Ads"", ""Microsoft Ads""]",True,13,kelvin-software.example,True
Tamarind College Inc,tamarind-college.example,Education,1-10,US,Austin,under £1m,2010,Seed,Spreadsheet,£5k-£25k,"[""Google Ads"", ""LinkedIn Ads""]",True,4,tamarind-college.example,True
Bramble Shipping BV,bramble-shipping.example,Logistics,201-1000,NL,Eindhoven,£50m-£250m,2021,Series C+,Salesforce,£100k+,"[""Google Ads"", ""LinkedIn Ads"", ""Meta Ads"", ""TikTok Ads""]",False,0,bramble-shipping.example,True
Silverline Recruitment BV,silverline-recruitment.example,Professional services,1000+,NL,Amsterdam,£250m+,1983,Series C+,Salesforce,£25k-£100k,"[""Google Ads"", ""Meta Ads"", ""TikTok Ads""]",False,0,silverline-recruitment.example,True
Silverline Legal GmbH,silverline-legal.example,Professional services,1000+,DE,Berlin,£250m+,2005,Public,HubSpot,£5k-£25k,"[""LinkedIn Ads"", ""Meta Ads""]",True,63,silverline-legal.example,True
Highgate Education Inc,highgate-education.example,Education,1-10,US,Boston,under £1m,2012,Seed,Pipedrive,under £5k,"[""LinkedIn Ads""]",True,1,highgateeduc-group.example,False
Beacon Pharma GmbH,beacon-pharma.example,Healthcare,11-50,DE,Berlin,£1m-£10m,2001,Seed,Pipedrive,£5k-£25k,"[""Google Ads"", ""Meta Ads""]",False,0,beacon-pharma.example,True
Pebble Market Inc,pebble-market.example,Retail,11-50,US,New York,£1m-£10m,1998,Bootstrapped,HubSpot,£5k-£25k,"[""LinkedIn Ads"", ""Meta Ads""]",False,0,pebble-market.example,True
Ironbridge Digital Ltd,ironbridge-digital.example,Software,51-200,UK,Bristol,£10m-£50m,2016,Series A,HubSpot,none,[],True,11,ironbridge-digital.example,True
Pinecrest Training Ltd,pinecrest-training.example,Education,201-1000,UK,Leeds,£250m+,1996,Series C+,HubSpot,£25k-£100k,"[""Meta Ads"", ""Microsoft Ads"", ""TikTok Ads""]",True,27,pinecrest-training.example,True
Valley Goods Inc,valley-goods.example,Retail,51-200,US,Seattle,£10m-£50m,2010,Series A,Salesforce,under £5k,"[""Meta Ads""]",True,9,valley-goods.example,True
Dovecote Retail Ltd,dovecote-retail.example,Retail,1-10,UK,Manchester,under £1m,2001,Seed,Spreadsheet,under £5k,"[""Google Ads""]",False,0,dovecote-retail.example,True
Lantern Freight BV,lantern-freight.example,Logistics,11-50,NL,Amsterdam,£1m-£10m,2011,Bootstrapped,Salesforce,none,[],False,0,lantern-freight.example,True
Norfolk Transport Ltd,norfolk-transport.example,Logistics,11-50,UK,Manchester,£1m-£10m,2011,Seed,HubSpot,under £5k,"[""Microsoft Ads""]",False,0,norfolktran-group.example,False
Aurora Haulage SAS,aurora-haulage.example,Logistics,51-200,FR,Lyon,£10m-£50m,2009,Series A,Pipedrive,£5k-£25k,"[""Google Ads"", ""Meta Ads""]",False,0,aurora-haulage.example,True
Norfolk Advisory Inc,norfolk-advisory.example,Professional services,11-50,US,San Francisco,£1m-£10m,2005,Series A,Salesforce,none,[],False,0,norfolk-advisory.example,True
Harbour Learning Ltd,harbour-learning.example,Education,201-1000,UK,Bristol,£50m-£250m,1975,Series C+,HubSpot,none,[],True,21,harbourlear-group.example,False
Ivywood Pharma SAS,ivywood-pharma.example,Healthcare,1000+,FR,Toulouse,£250m+,1988,Bootstrapped,Salesforce,£100k+,"[""Google Ads"", ""LinkedIn Ads"", ""Meta Ads"", ""Microsoft Ads""]",True,74,ivywood-pharma.example,True
Larkspur Learning SAS,larkspur-learning.example,Education,201-1000,FR,Lille,£50m-£250m,1984,Series C+,Salesforce,£5k-£25k,"[""Google Ads"", ""LinkedIn Ads""]",True,23,larkspur-learning.example,True
Emberly Legal BV,emberly-legal.example,Professional services,51-200,NL,Rotterdam,£10m-£50m,2017,Series B,HubSpot,£25k-£100k,"[""Google Ads"", ""LinkedIn Ads"", ""Meta Ads""]",False,0,emberlylega-group.example,False
Glenmoor Lending Ltd,glenmoor-lending.example,Financial services,11-50,UK,London,£1m-£10m,2015,Bootstrapped,Spreadsheet,£5k-£25k,"[""Google Ads"", ""LinkedIn Ads""]",False,0,glenmoor-lending.example,True
Emberly Components Ltd,emberly-components.example,Manufacturing,51-200,UK,Manchester,£10m-£50m,1996,Bootstrapped,Spreadsheet,£25k-£100k,"[""Google Ads"", ""LinkedIn Ads"", ""Meta Ads""]",True,8,emberly-components.example,True
Stonebridge Systems SAS,stonebridge-systems.example,Software,1-10,FR,Lille,under £1m,2012,Bootstrapped,Spreadsheet,under £5k,"[""Microsoft Ads""]",False,0,stonebridge-systems.example,True
Keystone Digital Inc,keystone-digital.example,Software,201-1000,US,New York,£50m-£250m,1975,Series B,Salesforce,£100k+,"[""Google Ads"", ""LinkedIn Ads"", ""Meta Ads"", ""Microsoft Ads""]",False,0,keystonedigi-group.example,False
Aurora Retail BV,aurora-retail.example,Retail,11-50,NL,Eindhoven,£1m-£10m,2014,Seed,No CRM,£5k-£25k,"[""Google Ads"", ""Microsoft Ads""]",True,6,aurora-retail.example,True
Redwood Clinics Inc,redwood-clinics.example,Healthcare,11-50,US,Chicago,£1m-£10m,1998,Bootstrapped,HubSpot,£5k-£25k,"[""Meta Ads"", ""Microsoft Ads""]",False,0,redwood-clinics.example,True
Pennine Legal Inc,pennine-legal.example,Professional services,51-200,US,Chicago,£10m-£50m,2019,Series A,Spreadsheet,£25k-£100k,"[""Meta Ads"", ""Microsoft Ads"", ""TikTok Ads""]",False,0,penninelega-group.example,False
Stonebridge Associates GmbH,stonebridge-associates.example,Professional services,1-10,DE,Frankfurt,under £1m,2001,Bootstrapped,HubSpot,under £5k,"[""LinkedIn Ads""]",False,0,stonebridgeasso-group.example,False
Northwind Academy GmbH,northwind-academy.example,Education,51-200,DE,Frankfurt,£10m-£50m,2019,Series B,Pipedrive,£5k-£25k,"[""Google Ads"", ""Meta Ads""]",False,0,northwindacad-group.example,False
Cedar Trading Ltd,cedar-trading.example,Retail,1-10,UK,Manchester,under £1m,2002,Bootstrapped,HubSpot,none,[],False,0,cedar-trading.example,True
Foxglove Logistics Ltd,foxglove-logistics.example,Logistics,11-50,UK,Leeds,£1m-£10m,2020,Bootstrapped,HubSpot,none,[],False,0,foxglovelogi-group.example,False
Fernhill Training Inc,fernhill-training.example,Education,201-1000,US,New York,£50m-£250m,1995,Private equity,Salesforce,£25k-£100k,"[""Google Ads"", ""LinkedIn Ads"", ""Meta Ads""]",False,0,fernhill-training.example,True
Quartz Cloud Inc,quartz-cloud.example,Software,1-10,US,Austin,under £1m,2018,Seed,Pipedrive,none,[],True,1,quartz-cloud.example,True
Granite Labs SAS,granite-labs.example,Software,1-10,FR,Lille,£1m-£10m,1995,Seed,HubSpot,£5k-£25k,"[""Google Ads"", ""Meta Ads""]",False,0,granitelabs-group.example,False
Hawthorn Shipping SAS,hawthorn-shipping.example,Logistics,11-50,FR,Toulouse,£1m-£10m,2005,Bootstrapped,No CRM,under £5k,"[""LinkedIn Ads""]",False,0,hawthornship-group.example,False
Ivywood Health Inc,ivywood-health.example,Healthcare,51-200,US,New York,£10m-£50m,2011,Series C+,Salesforce,none,[],True,8,ivywood-health.example,True
Pennine Lending SAS,pennine-lending.example,Financial services,201-1000,FR,Lille,£50m-£250m,2009,Series B,Salesforce,£25k-£100k,"[""Google Ads"", ""LinkedIn Ads"", ""Meta Ads""]",True,28,pennine-lending.example,True
Yarrow Tutors Ltd,yarrow-tutors.example,Education,1-10,UK,Edinburgh,under £1m,2016,Bootstrapped,Spreadsheet,none,[],False,0,yarrow-tutors.example,True
Oakridge Wealth Inc,oakridge-wealth.example,Financial services,201-1000,US,New York,£50m-£250m,1980,Public,HubSpot,£25k-£100k,"[""Google Ads"", ""Microsoft Ads"", ""TikTok Ads""]",True,20,oakridgeweal-group.example,False
Ashford Health Inc,ashford-health.example,Healthcare,1-10,US,New York,under £1m,2013,Bootstrapped,Spreadsheet,none,[],False,0,ashford-health.example,True
Quartz Digital Inc,quartz-digital.example,Software,201-1000,US,Seattle,£50m-£250m,2020,Public,Salesforce,£25k-£100k,"[""Google Ads"", ""LinkedIn Ads"", ""Meta Ads""]",True,20,quartz-digital.example,True
Dovecote Wealth Ltd,dovecote-wealth.example,Financial services,1-10,UK,Manchester,under £1m,2002,Seed,Pipedrive,under £5k,"[""Google Ads""]",True,1,dovecote-wealth.example,True
Highgate Stores Inc,highgate-stores.example,Retail,11-50,US,Chicago,£1m-£10m,2015,Seed,HubSpot,none,[],False,0,highgate-stores.example,True
Willow Consulting Ltd,willow-consulting.example,Professional services,1-10,UK,Bristol,under £1m,2010,Bootstrapped,HubSpot,under £5k,"[""Meta Ads""]",False,0,willowcons-group.example,False
Kestrel Engineering Inc,kestrel-engineering.example,Manufacturing,1000+,US,Boston,£250m+,2001,Private equity,Salesforce,£5k-£25k,"[""Google Ads"", ""TikTok Ads""]",True,67,kestrelengi-group.example,False
Lindenwood Market GmbH,lindenwood-market.example,Retail,1-10,DE,Munich,under £1m,2007,Bootstrapped,No CRM,under £5k,"[""Meta Ads""]",True,3,lindenwood-market.example,True
Keystone Pharma Inc,keystone-pharma.example,Healthcare,51-200,US,Chicago,£10m-£50m,2023,Series A,HubSpot,£25k-£100k,"[""Google Ads"", ""Meta Ads"", ""Microsoft Ads""]",False,0,keystone-pharma.example,True
Pennine Transport Inc,pennine-transport.example,Logistics,11-50,US,Chicago,£1m-£10m,2024,Seed,HubSpot,under £5k,"[""Google Ads""]",False,0,penninetran-group.example,False
Rosewood Advisory SAS,rosewood-advisory.example,Professional services,51-200,FR,Lyon,£10m-£50m,1995,Bootstrapped,HubSpot,under £5k,"[""LinkedIn Ads""]",False,0,rosewoodadvi-group.example,False
Kelvin Advisory SAS,kelvin-advisory.example,Professional services,201-1000,FR,Toulouse,£50m-£250m,2023,Bootstrapped,Salesforce,£100k+,"[""Google Ads"", ""LinkedIn Ads"", ""Meta Ads"", ""Microsoft Ads""]",True,28,kelvin-advisory.example,True
Northwind Systems Ltd,northwind-systems.example,Software,51-200,UK,London,£10m-£50m,1995,Series A,HubSpot,none,[],True,15,northwindsyst-group.example,False
Quartz Tutors BV,quartz-tutors.example,Education,1-10,NL,Rotterdam,£1m-£10m,2018,Seed,HubSpot,none,[],False,0,quartz-tutors.example,True
Bramble Dental Inc,bramble-dental.example,Healthcare,11-50,US,Seattle,£1m-£10m,2009,Seed,Salesforce,£5k-£25k,"[""Meta Ads"", ""Microsoft Ads""]",True,4,brambledent-group.example,False
Quayside Advisory Inc,quayside-advisory.example,Professional services,1000+,US,New York,£250m+,2010,Public,Salesforce,£5k-£25k,"[""LinkedIn Ads"", ""Meta Ads""]",False,0,quaysideadvi-group.example,False
Dunmore Accountants Ltd,dunmore-accountants.example,Professional services,1-10,UK,Birmingham,under £1m,2004,Seed,Spreadsheet,£5k-£25k,"[""Google Ads"", ""Microsoft Ads""]",False,0,dunmore-accountants.example,True
Greystone Systems Inc,greystone-systems.example,Software,11-50,US,San Francisco,£1m-£10m,2008,Bootstrapped,HubSpot,£25k-£100k,"[""Google Ads"", ""LinkedIn Ads"", ""Microsoft Ads""]",False,0,greystonesyst-group.example,False
Ivywood Clinics Inc,ivywood-clinics.example,Healthcare,11-50,US,Boston,£1m-£10m,2012,Series B,Pipedrive,£5k-£25k,"[""Google Ads"", ""LinkedIn Ads""]",False,0,ivywoodclin-group.example,False
Kestrel Health Ltd,kestrel-health.example,Healthcare,1-10,UK,Edinburgh,under £1m,2012,Bootstrapped,Pipedrive,none,[],False,0,kestrel-health.example,True
Ivywood Outfitters Ltd,ivywood-outfitters.example,Retail,1-10,UK,Birmingham,under £1m,2011,Seed,Pipedrive,none,[],False,0,ivywoodoutf-group.example,False
Foxglove Partners GmbH,foxglove-partners.example,Financial services,1-10,DE,Hamburg,under £1m,2011,Seed,HubSpot,none,[],False,0,foxglove-partners.example,True
Oldfield Learning GmbH,oldfield-learning.example,Education,1-10,DE,Hamburg,under £1m,2001,Bootstrapped,No CRM,under £5k,"[""Microsoft Ads""]",False,0,oldfieldlear-group.example,False
Alder Components BV,alder-components.example,Manufacturing,201-1000,NL,Utrecht,£10m-£50m,1977,Bootstrapped,HubSpot,£25k-£100k,"[""Google Ads"", ""LinkedIn Ads"", ""Meta Ads""]",True,12,alder-components.example,True
Quayside Dental GmbH,quayside-dental.example,Healthcare,11-50,DE,Frankfurt,£10m-£50m,2005,Bootstrapped,Salesforce,£25k-£100k,"[""Google Ads"", ""LinkedIn Ads"", ""Meta Ads""]",False,0,quaysidedent-group.example,False
Larkspur Recruitment SAS,larkspur-recruitment.example,Professional services,1-10,FR,Lyon,under £1m,2022,Bootstrapped,Salesforce,under £5k,"[""Google Ads""]",False,0,larkspur-recruitment.example,True
Nimbus Capital SAS,nimbus-capital.example,Financial services,1-10,FR,Lille,under £1m,2020,Seed,HubSpot,£5k-£25k,"[""Google Ads"", ""TikTok Ads""]",False,0,nimbus-capital.example,True
Meridian Associates BV,meridian-associates.example,Professional services,11-50,NL,Rotterdam,£1m-£10m,2015,Bootstrapped,Spreadsheet,none,[],False,0,meridian-associates.example,True
Beacon Fabrication GmbH,beacon-fabrication.example,Manufacturing,201-1000,DE,Berlin,£50m-£250m,2021,Bootstrapped,Salesforce,£5k-£25k,"[""Google Ads"", ""TikTok Ads""]",True,24,beaconfabr-group.example,False
Bramble Transport Inc,bramble-transport.example,Logistics,201-1000,US,New York,£50m-£250m,1965,Series B,HubSpot,£25k-£100k,"[""Google Ads"", ""LinkedIn Ads"", ""Meta Ads""]",True,29,brambletran-group.example,False
Rosewood Works SAS,rosewood-works.example,Manufacturing,1-10,FR,Lille,under £1m,2024,Seed,HubSpot,none,[],False,0,rosewood-works.example,True
Yarrow Capital Ltd,yarrow-capital.example,Financial services,11-50,UK,Manchester,£1m-£10m,2013,Series A,No CRM,under £5k,"[""Meta Ads""]",True,4,yarrow-capital.example,True
Zephyr Capital SAS,zephyr-capital.example,Financial services,11-50,FR,Paris,£1m-£10m,2006,Bootstrapped,HubSpot,under £5k,"[""Meta Ads""]",False,0,zephyr-capital.example,True
Kingsway Dental SAS,kingsway-dental.example,Healthcare,1000+,FR,Lyon,£250m+,1970,Private equity,Salesforce,£25k-£100k,"[""Google Ads"", ""Meta Ads"", ""Microsoft Ads""]",True,60,kingswaydent-group.example,False
Pebble Health BV,pebble-health.example,Healthcare,51-200,NL,Eindhoven,£10m-£50m,2018,Series B,HubSpot,£5k-£25k,"[""Google Ads"", ""Meta Ads""]",False,0,pebble-health.example,True
Alder Labs Ltd,alder-labs.example,Software,11-50,UK,Leeds,£1m-£10m,1995,Bootstrapped,Salesforce,under £5k,"[""TikTok Ads""]",False,0,alder-labs.example,True
Brightwater Market Inc,brightwater-market.example,Retail,11-50,US,San Francisco,£1m-£10m,2011,Seed,No CRM,under £5k,"[""Meta Ads""]",True,3,brightwater-market.example,True
Hawthorn Logistics GmbH,hawthorn-logistics.example,Logistics,1-10,DE,Berlin,under £1m,2023,Seed,No CRM,none,[],False,0,hawthorn-logistics.example,True
Oldfield Insurance BV,oldfield-insurance.example,Financial services,51-200,NL,Utrecht,£10m-£50m,1998,Series B,Salesforce,£5k-£25k,"[""Google Ads"", ""LinkedIn Ads""]",False,0,oldfield-insurance.example,True
Bramble Recruitment SAS,bramble-recruitment.example,Professional services,201-1000,FR,Toulouse,£50m-£250m,2012,Series A,HubSpot,none,[],True,18,bramblerecr-group.example,False
Pinecrest Industries Ltd,pinecrest-industries.example,Manufacturing,1-10,UK,London,under £1m,2022,Bootstrapped,HubSpot,under £5k,"[""LinkedIn Ads""]",False,0,pinecrestindu-group.example,False
Upland Couriers BV,upland-couriers.example,Logistics,51-200,NL,Rotterdam,£10m-£50m,2006,Series A,HubSpot,£25k-£100k,"[""LinkedIn Ads"", ""Meta Ads"", ""Microsoft Ads""]",False,0,upland-couriers.example,True
Dovecote Components Inc,dovecote-components.example,Manufacturing,1-10,US,New York,under £1m,2015,Seed,Spreadsheet,under £5k,"[""Google Ads""]",False,0,dovecote-components.example,True
Yarrow Legal Inc,yarrow-legal.example,Professional services,1-10,US,Chicago,under £1m,2005,Seed,HubSpot,£5k-£25k,"[""Google Ads"", ""Microsoft Ads""]",False,0,yarrow-legal.example,True
Bramble Digital Inc,bramble-digital.example,Software,201-1000,US,Seattle,£50m-£250m,1975,Series C+,Salesforce,£25k-£100k,"[""Google Ads"", ""Meta Ads"", ""Microsoft Ads""]",True,16,brambledigi-group.example,False
Cedar Education GmbH,cedar-education.example,Education,11-50,DE,Frankfurt,£1m-£10m,2003,Bootstrapped,HubSpot,under £5k,"[""Google Ads""]",True,7,cedareduc-group.example,False
Highgate Market GmbH,highgate-market.example,Retail,1-10,DE,Munich,under £1m,2023,Seed,Spreadsheet,under £5k,"[""LinkedIn Ads""]",True,1,highgate-market.example,True
Zephyr Medical GmbH,zephyr-medical.example,Healthcare,201-1000,DE,Munich,£50m-£250m,1974,Series B,Salesforce,£25k-£100k,"[""Google Ads"", ""LinkedIn Ads"", ""Meta Ads""]",False,0,zephyr-medical.example,True
Stonebridge Tutors SAS,stonebridge-tutors.example,Education,11-50,FR,Toulouse,£1m-£10m,2021,Bootstrapped,HubSpot,£5k-£25k,"[""Google Ads"", ""LinkedIn Ads""]",True,4,stonebridge-tutors.example,True
Redwood Logistics Ltd,redwood-logistics.example,Logistics,51-200,UK,Bristol,£50m-£250m,2008,Series A,Pipedrive,£25k-£100k,"[""Google Ads"", ""Meta Ads"", ""TikTok Ads""]",True,5,redwood-logistics.example,True
Aurora Training BV,aurora-training.example,Education,201-1000,NL,Utrecht,£50m-£250m,2015,Public,Spreadsheet,£25k-£100k,"[""LinkedIn Ads"", ""Meta Ads"", ""Microsoft Ads""]",False,0,aurora-training.example,True
Westbrook Health Inc,westbrook-health.example,Healthcare,201-1000,US,Boston,£50m-£250m,1996,Series B,Salesforce,£5k-£25k,"[""LinkedIn Ads"", ""Microsoft Ads""]",False,0,westbrook-health.example,True
Bluebell Goods Inc,bluebell-goods.example,Retail,1-10,US,Boston,under £1m,2019,Bootstrapped,Pipedrive,under £5k,"[""Meta Ads""]",False,0,bluebell-goods.example,True
Silverline Works Ltd,silverline-works.example,Manufacturing,201-1000,UK,Manchester,£50m-£250m,1966,Private equity,HubSpot,£5k-£25k,"[""Google Ads"", ""Microsoft Ads""]",True,22,silverline-works.example,True
Dovecote Insurance Ltd,dovecote-insurance.example,Financial services,11-50,UK,Bristol,£1m-£10m,2016,Series A,Spreadsheet,£5k-£25k,"[""Google Ads"", ""Microsoft Ads""]",True,4,dovecoteinsu-group.example,False
Tamarind Haulage Ltd,tamarind-haulage.example,Logistics,201-1000,UK,Manchester,£50m-£250m,2005,Series C+,Salesforce,under £5k,"[""Microsoft Ads""]",True,19,tamarindhaul-group.example,False
Upland Components SAS,upland-components.example,Manufacturing,11-50,FR,Paris,£10m-£50m,2015,Bootstrapped,HubSpot,none,[],False,0,upland-components.example,True
Kingsway Lending GmbH,kingsway-lending.example,Financial services,201-1000,DE,Hamburg,£50m-£250m,2014,Series C+,HubSpot,£100k+,"[""Google Ads"", ""LinkedIn Ads"", ""Meta Ads"", ""Microsoft Ads""]",True,11,kingsway-lending.example,True
Lindenwood College GmbH,lindenwood-college.example,Education,11-50,DE,Munich,£1m-£10m,2001,Bootstrapped,Spreadsheet,under £5k,"[""Google Ads""]",False,0,lindenwood-college.example,True
Fernhill Manufacturing Inc,fernhill-manufacturing.example,Manufacturing,1-10,US,Boston,under £1m,2013,Bootstrapped,Salesforce,under £5k,"[""Meta Ads""]",True,1,fernhill-manufacturing.example,True
Foxglove Trading SAS,foxglove-trading.example,Retail,1-10,FR,Paris,under £1m,2007,Series A,Salesforce,under £5k,"[""Google Ads""]",False,0,foxglove-trading.example,True
Bramble Finance Ltd,bramble-finance.example,Financial services,1-10,UK,Birmingham,under £1m,2020,Bootstrapped,Salesforce,under £5k,"[""TikTok Ads""]",True,1,bramble-finance.example,True
Valley Digital Inc,valley-digital.example,Software,201-1000,US,San Francisco,£50m-£250m,1989,Series C+,Salesforce,£25k-£100k,"[""Google Ads"", ""LinkedIn Ads"", ""Meta Ads""]",True,24,valley-digital.example,True
Ivywood Manufacturing Inc,ivywood-manufacturing.example,Manufacturing,201-1000,US,Austin,£50m-£250m,1968,Series A,Salesforce,£25k-£100k,"[""Google Ads"", ""LinkedIn Ads"", ""Microsoft Ads""]",True,23,ivywood-manufacturing.example,True
Ashford Logistics GmbH,ashford-logistics.example,Logistics,1-10,DE,Frankfurt,under £1m,2013,Bootstrapped,Pipedrive,under £5k,"[""Google Ads""]",False,0,ashford-logistics.example,True
Westbrook Accountants Inc,westbrook-accountants.example,Professional services,11-50,US,New York,£1m-£10m,2001,Bootstrapped,HubSpot,£5k-£25k,"[""Google Ads"", ""Meta Ads""]",True,1,westbrook-accountants.example,True
Ashford Software BV,ashford-software.example,Software,51-200,NL,Rotterdam,£10m-£50m,1996,Series B,Pipedrive,under £5k,"[""Microsoft Ads""]",False,0,ashford-software.example,True
Cedar Partners BV,cedar-partners.example,Financial services,1000+,NL,Amsterdam,£250m+,2021,Public,Pipedrive,£100k+,"[""Google Ads"", ""LinkedIn Ads"", ""Meta Ads"", ""TikTok Ads""]",True,60,cedar-partners.example,True
Elmstead Trading GmbH,elmstead-trading.example,Retail,51-200,DE,Hamburg,£10m-£50m,2004,Bootstrapped,HubSpot,£5k-£25k,"[""Google Ads"", ""LinkedIn Ads""]",False,0,elmstead-trading.example,True
Heron Health Ltd,heron-health.example,Healthcare,51-200,UK,Edinburgh,£10m-£50m,2024,Series A,HubSpot,£25k-£100k,"[""Google Ads"", ""Meta Ads"", ""Microsoft Ads""]",False,0,heron-health.example,True
Umber Cloud Ltd,umber-cloud.example,Software,51-200,UK,Birmingham,£10m-£50m,2009,Series B,HubSpot,none,[],True,7,umber-cloud.example,True
Saltmarsh Haulage BV,saltmarsh-haulage.example,Logistics,11-50,NL,Rotterdam,£1m-£10m,1999,Seed,Pipedrive,£5k-£25k,"[""Google Ads"", ""Meta Ads""]",False,0,saltmarsh-haulage.example,True
Tamarind Digital Inc,tamarind-digital.example,Software,1-10,US,Boston,under £1m,2009,Seed,HubSpot,£5k-£25k,"[""Microsoft Ads"", ""TikTok Ads""]",False,0,tamarinddigi-group.example,False
Pinecrest Haulage Inc,pinecrest-haulage.example,Logistics,11-50,US,Seattle,under £1m,2024,Bootstrapped,Pipedrive,under £5k,"[""TikTok Ads""]",False,0,pinecresthaul-group.example,False
Pinecrest Outfitters Inc,pinecrest-outfitters.example,Retail,1000+,US,Austin,£250m+,1990,Public,Salesforce,none,[],False,0,pinecrestoutf-group.example,False
Upland Health Ltd,upland-health.example,Healthcare,11-50,UK,Edinburgh,under £1m,2020,Bootstrapped,HubSpot,£5k-£25k,"[""LinkedIn Ads"", ""Microsoft Ads""]",True,3,upland-health.example,True
Orchard Trading Inc,orchard-trading.example,Retail,1-10,US,New York,under £1m,2009,Seed,Spreadsheet,none,[],False,0,orchardtrad-group.example,False
Tidewater Market BV,tidewater-market.example,Retail,1-10,NL,Eindhoven,under £1m,1999,Bootstrapped,Spreadsheet,none,[],False,0,tidewater-market.example,True
Willow Recruitment Inc,willow-recruitment.example,Professional services,51-200,US,Chicago,£1m-£10m,1995,Bootstrapped,HubSpot,£5k-£25k,"[""Google Ads"", ""Meta Ads""]",False,0,willow-recruitment.example,True
Pinecrest Partners SAS,pinecrest-partners.example,Financial services,11-50,FR,Lille,£1m-£10m,2014,Seed,No CRM,£25k-£100k,"[""Google Ads"", ""Meta Ads"", ""Microsoft Ads""]",False,0,pinecrest-partners.example,True
Bluebell Pharma Ltd,bluebell-pharma.example,Healthcare,51-200,UK,Manchester,£1m-£10m,2018,Series B,Pipedrive,none,[],False,0,bluebell-pharma.example,True
Dovecote Learning Ltd,dovecote-learning.example,Education,11-50,UK,Bristol,£1m-£10m,2014,Bootstrapped,Pipedrive,£5k-£25k,"[""Google Ads"", ""Microsoft Ads""]",False,0,dovecotelear-group.example,False
Elmstead Engineering Ltd,elmstead-engineering.example,Manufacturing,201-1000,UK,Edinburgh,£50m-£250m,2004,Series B,Pipedrive,£100k+,"[""Google Ads"", ""Meta Ads"", ""Microsoft Ads"", ""TikTok Ads""]",False,0,elmstead-engineering.example,True
Granite Capital Ltd,granite-capital.example,Financial services,1-10,UK,Edinburgh,under £1m,1999,Bootstrapped,HubSpot,£5k-£25k,"[""Google Ads"", ""Meta Ads""]",False,0,granitecapi-group.example,False
Yarrow Education Inc,yarrow-education.example,Education,11-50,US,New York,£1m-£10m,2009,Series A,No CRM,under £5k,"[""Google Ads""]",False,0,yarrow-education.example,True
Oldfield Medical BV,oldfield-medical.example,Healthcare,1000+,NL,Rotterdam,£250m+,1973,Public,Salesforce,£5k-£25k,"[""Meta Ads"", ""Microsoft Ads""]",True,69,oldfield-medical.example,True
Nettlefield Fabrication Ltd,nettlefield-fabrication.example,Manufacturing,1-10,UK,Bristol,under £1m,2013,Seed,HubSpot,under £5k,"[""TikTok Ads""]",True,1,nettlefield-fabrication.example,True
Stonebridge Shipping SAS,stonebridge-shipping.example,Logistics,11-50,FR,Lille,£1m-£10m,2010,Bootstrapped,Pipedrive,none,[],False,0,stonebridge-shipping.example,True
Nimbus Clinics Inc,nimbus-clinics.example,Healthcare,201-1000,US,New York,£50m-£250m,1988,Bootstrapped,HubSpot,£5k-£25k,"[""Meta Ads"", ""TikTok Ads""]",True,17,nimbusclin-group.example,False
Vantage Lending SAS,vantage-lending.example,Financial services,1-10,FR,Paris,under £1m,2009,Seed,HubSpot,under £5k,"[""Google Ads""]",False,0,vantage-lending.example,True
Saltmarsh Clinics Inc,saltmarsh-clinics.example,Healthcare,11-50,US,New York,£1m-£10m,2019,Bootstrapped,Spreadsheet,£5k-£25k,"[""Google Ads"", ""TikTok Ads""]",True,6,saltmarsh-clinics.example,True
Ivywood Works Ltd,ivywood-works.example,Manufacturing,11-50,UK,Bristol,£1m-£10m,2023,Series A,No CRM,£25k-£100k,"[""Google Ads"", ""Meta Ads"", ""TikTok Ads""]",True,2,ivywood-works.example,True
Riverside Care Ltd,riverside-care.example,Healthcare,1-10,UK,Leeds,under £1m,2011,Seed,Spreadsheet,none,[],False,0,riverside-care.example,True
Vantage Accountants SAS,vantage-accountants.example,Professional services,51-200,FR,Lyon,£10m-£50m,2023,Seed,Salesforce,£5k-£25k,"[""Google Ads"", ""Microsoft Ads""]",True,10,vantageacco-group.example,False
Greystone Goods SAS,greystone-goods.example,Retail,201-1000,FR,Toulouse,£50m-£250m,1998,Public,Salesforce,£100k+,"[""Google Ads"", ""LinkedIn Ads"", ""Meta Ads"", ""Microsoft Ads""]",True,19,greystonegood-group.example,False
Brightwater Consulting BV,brightwater-consulting.example,Professional services,51-200,NL,Rotterdam,£50m-£250m,1997,Series B,Salesforce,£5k-£25k,"[""LinkedIn Ads"", ""Meta Ads""]",False,0,brightwater-consulting.example,True
Zephyr Insurance GmbH,zephyr-insurance.example,Financial services,11-50,DE,Hamburg,£1m-£10m,2000,Series A,Spreadsheet,under £5k,"[""Google Ads""]",True,4,zephyrinsu-group.example,False
Pebble Logistics GmbH,pebble-logistics.example,Logistics,51-200,DE,Berlin,£10m-£50m,2021,Series A,No CRM,£5k-£25k,"[""Google Ads"", ""Meta Ads""]",False,0,pebble-logistics.example,True
Heron Recruitment SAS,heron-recruitment.example,Professional services,1-10,FR,Lille,under £1m,2008,Bootstrapped,Salesforce,none,[],True,2,heron-recruitment.example,True
Northwind Works Ltd,northwind-works.example,Manufacturing,11-50,UK,Leeds,£1m-£10m,2018,Seed,Salesforce,£5k-£25k,"[""Google Ads"", ""Microsoft Ads""]",False,0,northwind-works.example,True
Evergreen Haulage BV,evergreen-haulage.example,Logistics,201-1000,NL,Utrecht,£50m-£250m,1972,Series C+,Salesforce,£25k-£100k,"[""Google Ads"", ""LinkedIn Ads"", ""Meta Ads""]",False,0,evergreenhaul-group.example,False
Beacon Lending Ltd,beacon-lending.example,Financial services,51-200,UK,Bristol,£10m-£50m,1997,Series B,HubSpot,£5k-£25k,"[""Meta Ads"", ""Microsoft Ads""]",False,0,beacon-lending.example,True
Kestrel Stores Ltd,kestrel-stores.example,Retail,51-200,UK,Leeds,£10m-£50m,2006,Series A,Pipedrive,£5k-£25k,"[""Google Ads"", ""Microsoft Ads""]",False,0,kestrel-stores.example,True
Kingsway Stores Inc,kingsway-stores.example,Retail,1000+,US,Austin,£250m+,1996,Series C+,Salesforce,under £5k,"[""LinkedIn Ads""]",False,0,kingswaystor-group.example,False
Nettlefield Advisory Ltd,nettlefield-advisory.example,Professional services,1-10,UK,Birmingham,under £1m,2012,Bootstrapped,Spreadsheet,under £5k,"[""Google Ads""]",False,0,nettlefield-advisory.example,True
Saltmarsh Dental Inc,saltmarsh-dental.example,Healthcare,201-1000,US,Seattle,£250m+,2003,Private equity,Spreadsheet,£25k-£100k,"[""Google Ads"", ""LinkedIn Ads"", ""Meta Ads""]",False,0,saltmarsh-dental.example,True
Nimbus Data SAS,nimbus-data.example,Software,51-200,FR,Lyon,£10m-£50m,1998,Series A,No CRM,under £5k,"[""TikTok Ads""]",False,0,nimbus-data.example,True
Alder Logistics SAS,alder-logistics.example,Logistics,51-200,FR,Paris,£10m-£50m,1995,Series A,Salesforce,under £5k,"[""Microsoft Ads""]",False,0,alder-logistics.example,True
Glenmoor Stores Ltd,glenmoor-stores.example,Retail,1-10,UK,Edinburgh,under £1m,2003,Bootstrapped,Pipedrive,none,[],False,0,glenmoor-stores.example,True
Pinecrest Stores SAS,pinecrest-stores.example,Retail,1-10,FR,Paris,under £1m,2020,Bootstrapped,HubSpot,under £5k,"[""Google Ads""]",False,0,pinecreststor-group.example,False
Heron Academy Ltd,heron-academy.example,Education,11-50,UK,Birmingham,£10m-£50m,2018,Bootstrapped,Spreadsheet,none,[],False,0,heron-academy.example,True
Pebble Accountants Ltd,pebble-accountants.example,Professional services,11-50,UK,Bristol,£1m-£10m,1995,Seed,Salesforce,£5k-£25k,"[""LinkedIn Ads"", ""TikTok Ads""]",False,0,pebble-accountants.example,True
Zephyr Recruitment Inc,zephyr-recruitment.example,Professional services,11-50,US,Boston,£1m-£10m,2002,Series B,No CRM,under £5k,"[""Microsoft Ads""]",True,2,zephyr-recruitment.example,True
Thornbury Tutors BV,thornbury-tutors.example,Education,51-200,NL,Utrecht,£10m-£50m,2016,Series A,HubSpot,£5k-£25k,"[""LinkedIn Ads"", ""Meta Ads""]",True,10,thornburytuto-group.example,False
Ironbridge Software Ltd,ironbridge-software.example,Software,1-10,UK,Birmingham,under £1m,2010,Bootstrapped,Salesforce,£5k-£25k,"[""Google Ads"", ""LinkedIn Ads""]",False,0,ironbridge-software.example,True
Marigold Pharma Inc,marigold-pharma.example,Healthcare,11-50,US,Seattle,£1m-£10m,2018,Seed,HubSpot,£25k-£100k,"[""Google Ads"", ""Meta Ads"", ""Microsoft Ads""]",False,0,marigold-pharma.example,True
Bluebell Consulting BV,bluebell-consulting.example,Professional services,201-1000,NL,Eindhoven,£50m-£250m,1993,Private equity,Spreadsheet,£25k-£100k,"[""Google Ads"", ""Meta Ads"", ""Microsoft Ads""]",True,14,bluebell-consulting.example,True
Marigold Outfitters BV,marigold-outfitters.example,Retail,201-1000,NL,Rotterdam,£50m-£250m,1992,Bootstrapped,Salesforce,£5k-£25k,"[""LinkedIn Ads"", ""TikTok Ads""]",False,0,marigold-outfitters.example,True
Orchard Shipping Ltd,orchard-shipping.example,Logistics,1-10,UK,Edinburgh,under £1m,2016,Seed,HubSpot,none,[],False,0,orchard-shipping.example,True
Lantern Training Inc,lantern-training.example,Education,201-1000,US,San Francisco,£50m-£250m,1968,Series A,Pipedrive,£25k-£100k,"[""Google Ads"", ""Meta Ads"", ""TikTok Ads""]",False,0,lantern-training.example,True
Zephyr Training Inc,zephyr-training.example,Education,1-10,US,San Francisco,under £1m,2007,Series A,Spreadsheet,under £5k,"[""Google Ads""]",True,1,zephyr-training.example,True
Falcon Industries Ltd,falcon-industries.example,Manufacturing,1-10,UK,Edinburgh,under £1m,1998,Bootstrapped,HubSpot,£25k-£100k,"[""Meta Ads"", ""Microsoft Ads"", ""TikTok Ads""]",False,0,falconindu-group.example,False
Kelvin Industries GmbH,kelvin-industries.example,Manufacturing,1-10,DE,Hamburg,under £1m,2008,Seed,HubSpot,none,[],False,0,kelvin-industries.example,True
Bramble Medical Ltd,bramble-medical.example,Healthcare,201-1000,UK,Edinburgh,£50m-£250m,2017,Series B,Salesforce,£25k-£100k,"[""Meta Ads"", ""Microsoft Ads"", ""TikTok Ads""]",True,21,bramble-medical.example,True
Beacon Outfitters Ltd,beacon-outfitters.example,Retail,201-1000,UK,London,£250m+,1967,Series B,Spreadsheet,£100k+,"[""Google Ads"", ""LinkedIn Ads"", ""Meta Ads"", ""Microsoft Ads""]",True,21,beaconoutf-group.example,False
Foxglove Market GmbH,foxglove-market.example,Retail,51-200,DE,Berlin,£10m-£50m,1998,Series B,Salesforce,£25k-£100k,"[""Google Ads"", ""LinkedIn Ads"", ""Meta Ads""]",True,9,foxglovemark-group.example,False
Beacon Health Inc,beacon-health.example,Healthcare,11-50,US,Austin,£1m-£10m,2024,Bootstrapped,HubSpot,none,[],True,2,beacon-health.example,True
Saltmarsh Manufacturing Ltd,saltmarsh-manufacturing.example,Manufacturing,201-1000,UK,Edinburgh,£50m-£250m,1997,Series C+,Salesforce,none,[],False,0,saltmarshmanu-group.example,False
Rosewood Outfitters Ltd,rosewood-outfitters.example,Retail,51-200,UK,Manchester,£10m-£50m,2006,Series B,Salesforce,£5k-£25k,"[""Meta Ads"", ""TikTok Ads""]",True,14,rosewood-outfitters.example,True
Falcon Market Inc,falcon-market.example,Retail,1000+,US,Boston,£250m+,1982,Public,Salesforce,£25k-£100k,"[""Google Ads"", ""LinkedIn Ads"", ""Meta Ads""]",False,0,falcon-market.example,True
Thornbury Partners GmbH,thornbury-partners.example,Financial services,51-200,DE,Hamburg,£10m-£50m,2018,Series B,HubSpot,under £5k,"[""Microsoft Ads""]",False,0,thornbury-partners.example,True
Greystone Insurance Ltd,greystone-insurance.example,Financial services,11-50,UK,Leeds,£1m-£10m,2009,Series A,HubSpot,under £5k,"[""Google Ads""]",True,4,greystone-insurance.example,True
Hawthorn Fabrication Ltd,hawthorn-fabrication.example,Manufacturing,1000+,UK,Bristol,£250m+,2010,Public,Salesforce,£5k-£25k,"[""Google Ads"", ""Meta Ads""]",True,71,hawthorn-fabrication.example,True
Granite Accountants Ltd,granite-accountants.example,Professional services,1-10,UK,Edinburgh,under £1m,2023,Bootstrapped,HubSpot,none,[],False,0,graniteacco-group.example,False
Harbour Components Ltd,harbour-components.example,Manufacturing,201-1000,UK,Manchester,£50m-£250m,1981,Series C+,Salesforce,£25k-£100k,"[""Google Ads"", ""LinkedIn Ads"", ""Meta Ads""]",False,0,harbourcomp-group.example,False
Meridian Partners Inc,meridian-partners.example,Financial services,201-1000,US,Chicago,£50m-£250m,1982,Bootstrapped,Salesforce,£5k-£25k,"[""LinkedIn Ads"", ""Meta Ads""]",False,0,meridian-partners.example,True
Thornbury Outfitters Inc,thornbury-outfitters.example,Retail,201-1000,US,Austin,£50m-£250m,2011,Series B,Salesforce,£5k-£25k,"[""Google Ads"", ""Meta Ads""]",False,0,thornburyoutf-group.example,False
Quartz Labs GmbH,quartz-labs.example,Software,1-10,DE,Hamburg,under £1m,1995,Bootstrapped,No CRM,under £5k,"[""TikTok Ads""]",False,0,quartz-labs.example,True
Harbour Market Ltd,harbour-market.example,Retail,11-50,UK,Edinburgh,£1m-£10m,2003,Bootstrapped,Pipedrive,under £5k,"[""Meta Ads""]",False,0,harbour-market.example,True
Granite Wealth Inc,granite-wealth.example,Financial services,201-1000,US,San Francisco,£250m+,2017,Bootstrapped,HubSpot,£5k-£25k,"[""Google Ads"", ""TikTok Ads""]",True,22,graniteweal-group.example,False
Westbrook Stores GmbH,westbrook-stores.example,Retail,201-1000,DE,Berlin,£10m-£50m,2005,Series C+,Salesforce,£5k-£25k,"[""LinkedIn Ads"", ""Microsoft Ads""]",False,0,westbrook-stores.example,True
Cedar Works Inc,cedar-works.example,Manufacturing,1000+,US,San Francisco,£250m+,2005,Public,Salesforce,£25k-£100k,"[""Google Ads"", ""Meta Ads"", ""Microsoft Ads""]",True,61,cedar-works.example,True
Orchard Education BV,orchard-education.example,Education,201-1000,NL,Rotterdam,£50m-£250m,1981,Series B,Salesforce,£5k-£25k,"[""Google Ads"", ""LinkedIn Ads""]",True,23,orchard-education.example,True
Ashford Accountants BV,ashford-accountants.example,Professional services,11-50,NL,Amsterdam,under £1m,2019,Bootstrapped,HubSpot,£25k-£100k,"[""Google Ads"", ""LinkedIn Ads"", ""Meta Ads""]",True,4,ashford-accountants.example,True
Tamarind Academy Inc,tamarind-academy.example,Education,51-200,US,Chicago,£10m-£50m,2012,Series B,No CRM,£5k-£25k,"[""Google Ads"", ""Microsoft Ads""]",False,0,tamarind-academy.example,True
Cobalt College Inc,cobalt-college.example,Education,11-50,US,Seattle,£1m-£10m,2005,Seed,No CRM,under £5k,"[""Meta Ads""]",True,6,cobaltcoll-group.example,False
Meridian Transport Ltd,meridian-transport.example,Logistics,1-10,UK,Manchester,under £1m,2006,Seed,Spreadsheet,none,[],False,0,meridian-transport.example,True
Bluebell Insurance Ltd,bluebell-insurance.example,Financial services,1-10,UK,London,under £1m,2024,Seed,Spreadsheet,under £5k,"[""Meta Ads""]",False,0,bluebellinsu-group.example,False
Lantern Education Ltd,lantern-education.example,Education,11-50,UK,Bristol,£1m-£10m,2017,Series A,Spreadsheet,none,[],False,0,lantern-education.example,True
Pebble Components Inc,pebble-components.example,Manufacturing,51-200,US,San Francisco,£10m-£50m,1998,Bootstrapped,HubSpot,£5k-£25k,"[""Meta Ads"", ""Microsoft Ads""]",False,0,pebble-components.example,True
Northwind Dental Inc,northwind-dental.example,Healthcare,201-1000,US,Chicago,£50m-£250m,2013,Series C+,Salesforce,£25k-£100k,"[""Google Ads"", ""LinkedIn Ads"", ""Meta Ads""]",True,19,northwinddent-group.example,False
Meridian Shipping BV,meridian-shipping.example,Logistics,201-1000,NL,Utrecht,£50m-£250m,1965,Series C+,Salesforce,£5k-£25k,"[""Meta Ads"", ""TikTok Ads""]",False,0,meridian-shipping.example,True
Valley Tutors GmbH,valley-tutors.example,Education,11-50,DE,Hamburg,£1m-£10m,2004,Bootstrapped,Pipedrive,under £5k,"[""TikTok Ads""]",False,0,valley-tutors.example,True
Redwood Pharma Ltd,redwood-pharma.example,Healthcare,51-200,UK,Manchester,£10m-£50m,2018,Private equity,HubSpot,£25k-£100k,"[""Google Ads"", ""LinkedIn Ads"", ""Meta Ads""]",True,13,redwood-pharma.example,True
Pennine Pharma Ltd,pennine-pharma.example,Healthcare,1-10,UK,Bristol,under £1m,2019,Bootstrapped,Pipedrive,under £5k,"[""Google Ads""]",False,0,pennine-pharma.example,True
Greystone Care BV,greystone-care.example,Healthcare,1000+,NL,Rotterdam,£250m+,1975,Private equity,Salesforce,£100k+,"[""Google Ads"", ""LinkedIn Ads"", ""Meta Ads"", ""Microsoft Ads""]",True,66,greystone-care.example,True
Quayside Data GmbH,quayside-data.example,Software,1-10,DE,Berlin,under £1m,1995,Bootstrapped,HubSpot,none,[],False,0,quaysidedata-group.example,False
Kelvin Capital SAS,kelvin-capital.example,Financial services,1-10,FR,Paris,under £1m,2010,Seed,No CRM,none,[],True,2,kelvin-capital.example,True
Tidewater Legal BV,tidewater-legal.example,Professional services,1-10,NL,Amsterdam,under £1m,2003,Seed,HubSpot,under £5k,"[""LinkedIn Ads""]",True,1,tidewater-legal.example,True
Inkwell Engineering Inc,inkwell-engineering.example,Manufacturing,11-50,US,New York,£1m-£10m,2014,Series B,No CRM,£5k-£25k,"[""LinkedIn Ads"", ""Meta Ads""]",False,0,inkwellengi-group.example,False
Westbrook College Inc,westbrook-college.example,Education,11-50,US,Boston,under £1m,2008,Seed,Spreadsheet,£5k-£25k,"[""Google Ads"", ""Meta Ads""]",False,0,westbrookcoll-group.example,False
Cobalt Wealth GmbH,cobalt-wealth.example,Financial services,11-50,DE,Hamburg,£1m-£10m,2006,Seed,HubSpot,none,[],False,0,cobalt-wealth.example,True
Silverline Freight SAS,silverline-freight.example,Logistics,1-10,FR,Lyon,under £1m,2019,Seed,HubSpot,under £5k,"[""Microsoft Ads""]",False,0,silverline-freight.example,True
Marigold Legal Ltd,marigold-legal.example,Professional services,11-50,UK,Edinburgh,£1m-£10m,2001,Series A,HubSpot,under £5k,"[""Meta Ads""]",True,2,marigold-legal.example,True
Highgate Capital Ltd,highgate-capital.example,Financial services,1-10,UK,Edinburgh,under £1m,2023,Seed,Pipedrive,under £5k,"[""Meta Ads""]",False,0,highgate-capital.example,True
Lindenwood Logistics Ltd,lindenwood-logistics.example,Logistics,1-10,UK,Leeds,under £1m,2004,Bootstrapped,HubSpot,none,[],False,0,lindenwood-logistics.example,True
Kelvin College Ltd,kelvin-college.example,Education,1-10,UK,Edinburgh,£1m-£10m,2002,Series A,Spreadsheet,under £5k,"[""Meta Ads""]",True,5,kelvin-college.example,True
Meridian Wealth GmbH,meridian-wealth.example,Financial services,1-10,DE,Munich,under £1m,2013,Bootstrapped,Spreadsheet,under £5k,"[""Meta Ads""]",False,0,meridian-wealth.example,True
Kelvin Stores Inc,kelvin-stores.example,Retail,1-10,US,Boston,under £1m,2003,Bootstrapped,Spreadsheet,under £5k,"[""Google Ads""]",False,0,kelvinstor-group.example,False
Upland Freight SAS,upland-freight.example,Logistics,1-10,FR,Paris,under £1m,2022,Seed,HubSpot,none,[],False,0,uplandfrei-group.example,False
Upland Pharma GmbH,upland-pharma.example,Healthcare,1-10,DE,Munich,under £1m,1997,Seed,Spreadsheet,under £5k,"[""Meta Ads""]",True,1,uplandphar-group.example,False
Elmstead Digital Ltd,elmstead-digital.example,Software,1000+,UK,Birmingham,£250m+,2001,Bootstrapped,Salesforce,£5k-£25k,"[""Google Ads"", ""Microsoft Ads""]",False,0,elmstead-digital.example,True
Orchard Works Ltd,orchard-works.example,Manufacturing,201-1000,UK,Edinburgh,£50m-£250m,1986,Series C+,Salesforce,£25k-£100k,"[""LinkedIn Ads"", ""Meta Ads"", ""TikTok Ads""]",False,0,orchard-works.example,True
Ironbridge Recruitment Inc,ironbridge-recruitment.example,Professional services,1-10,US,Chicago,under £1m,2015,Bootstrapped,Spreadsheet,£5k-£25k,"[""Google Ads"", ""Meta Ads""]",False,0,ironbridgerecr-group.example,False
Silverline Engineering Ltd,silverline-engineering.example,Manufacturing,201-1000,UK,London,£50m-£250m,1975,Private equity,Salesforce,none,[],True,21,silverline-engineering.example,True
Riverside Software Inc,riverside-software.example,Software,1-10,US,Seattle,under £1m,2014,Bootstrapped,HubSpot,under £5k,"[""Meta Ads""]",False,0,riverside-software.example,True
Pebble Stores Inc,pebble-stores.example,Retail,11-50,US,Boston,under £1m,2000,Bootstrapped,HubSpot,under £5k,"[""LinkedIn Ads""]",True,3,pebble-stores.example,True
Oakridge Goods Inc,oakridge-goods.example,Retail,11-50,US,New York,£1m-£10m,2001,Bootstrapped,Spreadsheet,under £5k,"[""Meta Ads""]",True,2,oakridgegood-group.example,False
Quartz Manufacturing BV,quartz-manufacturing.example,Manufacturing,51-200,NL,Amsterdam,£10m-£50m,2018,Bootstrapped,Pipedrive,£5k-£25k,"[""LinkedIn Ads"", ""Microsoft Ads""]",False,0,quartzmanu-group.example,False
Hawthorn Medical Inc,hawthorn-medical.example,Healthcare,51-200,US,San Francisco,£10m-£50m,2017,Series B,HubSpot,under £5k,"[""Google Ads""]",True,8,hawthorn-medical.example,True
Granite Partners SAS,granite-partners.example,Financial services,51-200,FR,Paris,£10m-£50m,2015,Bootstrapped,Spreadsheet,under £5k,"[""LinkedIn Ads""]",True,9,granitepart-group.example,False
Tidewater Learning GmbH,tidewater-learning.example,Education,1000+,DE,Munich,£250m+,1972,Public,Salesforce,£25k-£100k,"[""Google Ads"", ""LinkedIn Ads"", ""Meta Ads""]",True,60,tidewater-learning.example,True
Saltmarsh Legal GmbH,saltmarsh-legal.example,Professional services,11-50,DE,Hamburg,£1m-£10m,2021,Series A,Pipedrive,under £5k,"[""TikTok Ads""]",False,0,saltmarsh-legal.example,True
Heron Clinics Inc,heron-clinics.example,Healthcare,1-10,US,New York,under £1m,2013,Bootstrapped,HubSpot,none,[],False,0,heronclin-group.example,False
Riverside Health Inc,riverside-health.example,Healthcare,1-10,US,Chicago,under £1m,2020,Bootstrapped,No CRM,none,[],False,0,riversideheal-group.example,False
Brightwater Medical Inc,brightwater-medical.example,Healthcare,201-1000,US,New York,£50m-£250m,1994,Series C+,Salesforce,£25k-£100k,"[""Google Ads"", ""LinkedIn Ads"", ""Microsoft Ads""]",True,21,brightwater-medical.example,True
Saltmarsh Digital SAS,saltmarsh-digital.example,Software,11-50,FR,Lille,£1m-£10m,2021,Series A,HubSpot,under £5k,"[""Google Ads""]",True,3,saltmarsh-digital.example,True
Alder Advisory SAS,alder-advisory.example,Professional services,201-1000,FR,Paris,£250m+,2007,Bootstrapped,Salesforce,£25k-£100k,"[""Google Ads"", ""Microsoft Ads"", ""TikTok Ads""]",True,11,alder-advisory.example,True
Ivywood Cloud Ltd,ivywood-cloud.example,Software,11-50,UK,Manchester,£1m-£10m,1996,Seed,Salesforce,none,[],False,0,ivywoodclou-group.example,False
Ironbridge Freight Inc,ironbridge-freight.example,Logistics,201-1000,US,Chicago,£50m-£250m,1983,Bootstrapped,Salesforce,£5k-£25k,"[""Meta Ads"", ""Microsoft Ads""]",True,23,ironbridge-freight.example,True
Dunmore Shipping Inc,dunmore-shipping.example,Logistics,51-200,US,San Francisco,£10m-£50m,2011,Bootstrapped,HubSpot,£25k-£100k,"[""Google Ads"", ""Meta Ads"", ""Microsoft Ads""]",True,12,dunmore-shipping.example,True
Upland Software Inc,upland-software.example,Software,11-50,US,Austin,£1m-£10m,2013,Series A,Salesforce,£5k-£25k,"[""Google Ads"", ""LinkedIn Ads""]",False,0,uplandsoft-group.example,False
Orchard Advisory SAS,orchard-advisory.example,Professional services,11-50,FR,Lyon,£1m-£10m,2024,Seed,Spreadsheet,£5k-£25k,"[""Google Ads"", ""Meta Ads""]",True,5,orchard-advisory.example,True
Falcon Digital SAS,falcon-digital.example,Software,201-1000,FR,Toulouse,£50m-£250m,1993,Bootstrapped,HubSpot,£100k+,"[""Google Ads"", ""Meta Ads"", ""Microsoft Ads"", ""TikTok Ads""]",True,23,falcon-digital.example,True
Evergreen College SAS,evergreen-college.example,Education,11-50,FR,Lyon,under £1m,2023,Series A,HubSpot,under £5k,"[""LinkedIn Ads""]",False,0,evergreen-college.example,True
Larkspur Shipping Inc,larkspur-shipping.example,Logistics,201-1000,US,San Francisco,£50m-£250m,1969,Series C+,Salesforce,under £5k,"[""Meta Ads""]",True,23,larkspur-shipping.example,True
Moorland Manufacturing GmbH,moorland-manufacturing.example,Manufacturing,51-200,DE,Frankfurt,£10m-£50m,2012,Series A,HubSpot,£25k-£100k,"[""Google Ads"", ""LinkedIn Ads"", ""Meta Ads""]",False,0,moorland-manufacturing.example,True
Redwood College Ltd,redwood-college.example,Education,11-50,UK,London,£1m-£10m,2019,Seed,Pipedrive,none,[],False,0,redwoodcoll-group.example,False
Jasper Accountants GmbH,jasper-accountants.example,Professional services,1-10,DE,Munich,under £1m,2021,Seed,No CRM,none,[],True,2,jasperacco-group.example,False
Bluebell Associates BV,bluebell-associates.example,Professional services,11-50,NL,Amsterdam,£1m-£10m,2005,Seed,HubSpot,£25k-£100k,"[""Google Ads"", ""LinkedIn Ads"", ""Meta Ads""]",False,0,bluebellasso-group.example,False
Ironbridge Manufacturing Ltd,ironbridge-manufacturing.example,Manufacturing,51-200,UK,Edinburgh,£10m-£50m,1998,Series A,HubSpot,£5k-£25k,"[""Google Ads"", ""Meta Ads""]",True,14,ironbridgemanu-group.example,False
Lantern Insurance Ltd,lantern-insurance.example,Financial services,1000+,UK,Leeds,£250m+,2023,Series C+,Salesforce,£25k-£100k,"[""Google Ads"", ""Meta Ads"", ""Microsoft Ads""]",True,48,lantern-insurance.example,True
Vantage Cloud Ltd,vantage-cloud.example,Software,11-50,UK,Leeds,£1m-£10m,2003,Series A,No CRM,under £5k,"[""Google Ads""]",True,4,vantage-cloud.example,True
Zephyr Consulting SAS,zephyr-consulting.example,Professional services,1-10,FR,Toulouse,under £1m,2012,Bootstrapped,Spreadsheet,£5k-£25k,"[""Google Ads"", ""Meta Ads""]",False,0,zephyr-consulting.example,True
Emberly Freight SAS,emberly-freight.example,Logistics,1-10,FR,Paris,under £1m,2006,Bootstrapped,No CRM,£25k-£100k,"[""Google Ads"", ""LinkedIn Ads"", ""Meta Ads""]",False,0,emberly-freight.example,True
Dovecote Logistics Ltd,dovecote-logistics.example,Logistics,201-1000,UK,Manchester,£250m+,1997,Series B,Salesforce,£25k-£100k,"[""LinkedIn Ads"", ""Meta Ads"", ""Microsoft Ads""]",True,20,dovecotelogi-group.example,False
Bluebell Software GmbH,bluebell-software.example,Software,11-50,DE,Munich,£10m-£50m,1995,Bootstrapped,Spreadsheet,£5k-£25k,"[""Meta Ads"", ""Microsoft Ads""]",False,0,bluebell-software.example,True
Highgate Training Ltd,highgate-training.example,Education,201-1000,UK,London,£50m-£250m,1987,Private equity,Salesforce,£5k-£25k,"[""Google Ads"", ""Meta Ads""]",False,0,highgate-training.example,True
Thornbury Legal Inc,thornbury-legal.example,Professional services,51-200,US,San Francisco,£10m-£50m,1995,Bootstrapped,No CRM,none,[],True,8,thornbury-legal.example,True
Juniper Software Ltd,juniper-software.example,Software,201-1000,UK,Manchester,£50m-£250m,2002,Bootstrapped,HubSpot,£100k+,"[""Google Ads"", ""LinkedIn Ads"", ""Meta Ads"", ""Microsoft Ads""]",False,0,juniper-software.example,True
Fernhill Recruitment Ltd,fernhill-recruitment.example,Professional services,11-50,UK,Edinburgh,£1m-£10m,2003,Series B,HubSpot,£25k-£100k,"[""LinkedIn Ads"", ""Microsoft Ads"", ""TikTok Ads""]",False,0,fernhill-recruitment.example,True
Quayside Lending Ltd,quayside-lending.example,Financial services,1-10,UK,Manchester,under £1m,1995,Seed,Spreadsheet,under £5k,"[""Microsoft Ads""]",False,0,quayside-lending.example,True
Bluebell Health Inc,bluebell-health.example,Healthcare,1-10,US,Seattle,under £1m,1999,Seed,HubSpot,£5k-£25k,"[""Google Ads"", ""LinkedIn Ads""]",False,0,bluebell-health.example,True
Glenmoor Trading Ltd,glenmoor-trading.example,Retail,1000+,UK,Edinburgh,£250m+,1970,Private equity,Salesforce,£5k-£25k,"[""Google Ads"", ""LinkedIn Ads""]",True,47,glenmoortrad-group.example,False
Moorland Medical Ltd,moorland-medical.example,Healthcare,1-10,UK,Edinburgh,under £1m,1997,Series A,Spreadsheet,under £5k,"[""LinkedIn Ads""]",False,0,moorland-medical.example,True
Hawthorn Care Ltd,hawthorn-care.example,Healthcare,51-200,UK,Leeds,£10m-£50m,2005,Series A,Spreadsheet,£5k-£25k,"[""Google Ads"", ""Microsoft Ads""]",True,13,hawthorn-care.example,True
Keystone Education Ltd,keystone-education.example,Education,201-1000,UK,Birmingham,£50m-£250m,1985,Series B,Pipedrive,£5k-£25k,"[""LinkedIn Ads"", ""Microsoft Ads""]",True,11,keystoneeduc-group.example,False
Upland Shipping Inc,upland-shipping.example,Logistics,51-200,US,Chicago,£50m-£250m,2024,Bootstrapped,Salesforce,none,[],False,0,upland-shipping.example,True
Moorland Components Ltd,moorland-components.example,Manufacturing,51-200,UK,London,£10m-£50m,2000,Series B,HubSpot,£25k-£100k,"[""Google Ads"", ""LinkedIn Ads"", ""Meta Ads""]",True,5,moorlandcomp-group.example,False
Nimbus Legal SAS,nimbus-legal.example,Professional services,201-1000,FR,Lyon,£50m-£250m,2023,Series B,HubSpot,£5k-£25k,"[""Meta Ads"", ""Microsoft Ads""]",True,15,nimbus-legal.example,True
Norfolk Haulage Inc,norfolk-haulage.example,Logistics,51-200,US,Boston,£10m-£50m,2016,Series A,Pipedrive,£25k-£100k,"[""Google Ads"", ""Microsoft Ads"", ""TikTok Ads""]",False,0,norfolk-haulage.example,True
Driftwood Learning SAS,driftwood-learning.example,Education,201-1000,FR,Lille,£50m-£250m,1966,Series C+,Spreadsheet,£25k-£100k,"[""Google Ads"", ""LinkedIn Ads"", ""Meta Ads""]",False,0,driftwood-learning.example,True
Aurora Pharma Ltd,aurora-pharma.example,Healthcare,1-10,UK,Birmingham,under £1m,1995,Seed,HubSpot,under £5k,"[""Google Ads""]",True,3,aurora-pharma.example,True
Oakridge Associates SAS,oakridge-associates.example,Professional services,11-50,FR,Lyon,£1m-£10m,2017,Seed,HubSpot,under £5k,"[""Microsoft Ads""]",True,5,oakridge-associates.example,True
Zephyr Outfitters Inc,zephyr-outfitters.example,Retail,1-10,US,San Francisco,under £1m,2021,Bootstrapped,Spreadsheet,under £5k,"[""Microsoft Ads""]",False,0,zephyr-outfitters.example,True
Moorland Accountants Ltd,moorland-accountants.example,Professional services,1-10,UK,Edinburgh,under £1m,2023,Bootstrapped,Spreadsheet,none,[],False,0,moorlandacco-group.example,False
Moorland Freight Ltd,moorland-freight.example,Logistics,201-1000,UK,Edinburgh,£50m-£250m,1978,Bootstrapped,Spreadsheet,£25k-£100k,"[""LinkedIn Ads"", ""Meta Ads"", ""TikTok Ads""]",False,0,moorland-freight.example,True
Bramble Data BV,bramble-data.example,Software,11-50,NL,Utrecht,£1m-£10m,1995,Seed,HubSpot,under £5k,"[""Meta Ads""]",False,0,brambledata-group.example,False
Lantern Manufacturing Inc,lantern-manufacturing.example,Manufacturing,51-200,US,San Francisco,£50m-£250m,2011,Series B,HubSpot,£100k+,"[""Google Ads"", ""LinkedIn Ads"", ""Meta Ads"", ""TikTok Ads""]",False,0,lantern-manufacturing.example,True
Heron Transport Inc,heron-transport.example,Logistics,1-10,US,Chicago,under £1m,2006,Bootstrapped,Spreadsheet,under £5k,"[""Meta Ads""]",False,0,heron-transport.example,True
Westbrook Shipping Ltd,westbrook-shipping.example,Logistics,11-50,UK,Birmingham,£1m-£10m,2024,Series B,Pipedrive,none,[],False,0,westbrook-shipping.example,True
Kestrel Fabrication Ltd,kestrel-fabrication.example,Manufacturing,1000+,UK,Leeds,£250m+,1977,Private equity,Salesforce,£25k-£100k,"[""LinkedIn Ads"", ""Meta Ads"", ""Microsoft Ads""]",True,74,kestrel-fabrication.example,True
Ashford Capital Ltd,ashford-capital.example,Financial services,1000+,UK,Birmingham,£250m+,2016,Public,Salesforce,£25k-£100k,"[""Google Ads"", ""LinkedIn Ads"", ""Microsoft Ads""]",True,62,ashford-capital.example,True
Greystone Works Ltd,greystone-works.example,Manufacturing,11-50,UK,Leeds,£10m-£50m,1999,Bootstrapped,Salesforce,under £5k,"[""Google Ads""]",False,0,greystone-works.example,True
Tamarind Advisory SAS,tamarind-advisory.example,Professional services,51-200,FR,Lille,£10m-£50m,2004,Series A,No CRM,£5k-£25k,"[""Google Ads"", ""Microsoft Ads""]",False,0,tamarind-advisory.example,True
Saltmarsh Finance Ltd,saltmarsh-finance.example,Financial services,201-1000,UK,Manchester,£50m-£250m,2000,Series B,Salesforce,£25k-£100k,"[""Google Ads"", ""LinkedIn Ads"", ""Meta Ads""]",False,0,saltmarshfina-group.example,False
Nettlefield Clinics SAS,nettlefield-clinics.example,Healthcare,201-1000,FR,Lyon,£50m-£250m,2006,Series B,Salesforce,£100k+,"[""Google Ads"", ""LinkedIn Ads"", ""Meta Ads"", ""Microsoft Ads""]",False,0,nettlefield-clinics.example,True
Riverside Freight Ltd,riverside-freight.example,Logistics,1-10,UK,Bristol,under £1m,2018,Seed,HubSpot,none,[],False,0,riverside-freight.example,True
Norfolk Systems SAS,norfolk-systems.example,Software,201-1000,FR,Toulouse,£50m-£250m,2006,Series B,HubSpot,£100k+,"[""Google Ads"", ""LinkedIn Ads"", ""Meta Ads"", ""Microsoft Ads""]",True,24,norfolksyst-group.example,False
Dovecote Shipping Ltd,dovecote-shipping.example,Logistics,51-200,UK,Manchester,£10m-£50m,2010,Seed,HubSpot,£5k-£25k,"[""LinkedIn Ads"", ""TikTok Ads""]",True,8,dovecote-shipping.example,True
Pinecrest Cloud Inc,pinecrest-cloud.example,Software,11-50,US,Seattle,£1m-£10m,2018,Bootstrapped,No CRM,under £5k,"[""Meta Ads""]",False,0,pinecrest-cloud.example,True
Foxglove Pharma BV,foxglove-pharma.example,Healthcare,1-10,NL,Amsterdam,under £1m,2011,Seed,Spreadsheet,under £5k,"[""Google Ads""]",False,0,foxglove-pharma.example,True
Marigold Haulage Ltd,marigold-haulage.example,Logistics,1000+,UK,Leeds,£250m+,2014,Public,Salesforce,£100k+,"[""Google Ads"", ""LinkedIn Ads"", ""Meta Ads"", ""TikTok Ads""]",True,60,marigold-haulage.example,True
Driftwood Medical Inc,driftwood-medical.example,Healthcare,51-200,US,New York,£50m-£250m,2023,Series A,Salesforce,£25k-£100k,"[""LinkedIn Ads"", ""Meta Ads"", ""Microsoft Ads""]",True,4,driftwoodmedi-group.example,False
Evergreen Wealth Inc,evergreen-wealth.example,Financial services,51-200,US,New York,£10m-£50m,2013,Bootstrapped,HubSpot,£5k-£25k,"[""Google Ads"", ""LinkedIn Ads""]",False,0,evergreen-wealth.example,True
Cobalt Education Ltd,cobalt-education.example,Education,11-50,UK,Bristol,£1m-£10m,2000,Bootstrapped,Spreadsheet,£25k-£100k,"[""Google Ads"", ""Meta Ads"", ""TikTok Ads""]",False,0,cobalt-education.example,True
Elmstead Software Inc,elmstead-software.example,Software,1-10,US,Austin,under £1m,2019,Bootstrapped,Spreadsheet,under £5k,"[""Google Ads""]",False,0,elmstead-software.example,True
Quartz Trading Ltd,quartz-trading.example,Retail,1-10,UK,Edinburgh,under £1m,2018,Seed,Pipedrive,under £5k,"[""Google Ads""]",True,4,quartz-trading.example,True
Quartz Finance BV,quartz-finance.example,Financial services,1-10,NL,Eindhoven,£1m-£10m,2017,Bootstrapped,Pipedrive,none,[],False,0,quartzfina-group.example,False
Glenmoor Transport Ltd,glenmoor-transport.example,Logistics,1-10,UK,Edinburgh,under £1m,2003,Bootstrapped,No CRM,none,[],True,1,glenmoor-transport.example,True
Rosewood Industries Ltd,rosewood-industries.example,Manufacturing,1-10,UK,Leeds,under £1m,2016,Bootstrapped,Pipedrive,under £5k,"[""Meta Ads""]",False,0,rosewood-industries.example,True
Juniper Market Ltd,juniper-market.example,Retail,11-50,UK,Birmingham,£1m-£10m,2018,Series A,Pipedrive,£5k-£25k,"[""Google Ads"", ""LinkedIn Ads""]",False,0,junipermark-group.example,False
Ashford Transport Inc,ashford-transport.example,Logistics,1000+,US,Chicago,£250m+,2009,Private equity,Salesforce,£100k+,"[""Google Ads"", ""Meta Ads"", ""Microsoft Ads"", ""TikTok Ads""]",True,67,ashford-transport.example,True
Dunmore Industries BV,dunmore-industries.example,Manufacturing,11-50,NL,Utrecht,£1m-£10m,2007,Seed,No CRM,under £5k,"[""Meta Ads""]",False,0,dunmore-industries.example,True
Dovecote Manufacturing GmbH,dovecote-manufacturing.example,Manufacturing,11-50,DE,Munich,£1m-£10m,2012,Series A,HubSpot,under £5k,"[""Microsoft Ads""]",False,0,dovecotemanu-group.example,False
Nimbus Fabrication Ltd,nimbus-fabrication.example,Manufacturing,1-10,UK,Edinburgh,under £1m,2010,Bootstrapped,Pipedrive,under £5k,"[""Google Ads""]",False,0,nimbus-fabrication.example,True
Stonebridge Advisory BV,stonebridge-advisory.example,Professional services,1000+,NL,Utrecht,£250m+,2000,Private equity,Salesforce,£100k+,"[""Google Ads"", ""LinkedIn Ads"", ""Meta Ads"", ""Microsoft Ads""]",True,56,stonebridge-advisory.example,True
Pinecrest Systems GmbH,pinecrest-systems.example,Software,51-200,DE,Berlin,£10m-£50m,2010,Bootstrapped,Pipedrive,£5k-£25k,"[""Google Ads"", ""Meta Ads""]",False,0,pinecrest-systems.example,True
Aurora Stores Inc,aurora-stores.example,Retail,201-1000,US,New York,£50m-£250m,2016,Public,Pipedrive,£25k-£100k,"[""Google Ads"", ""Meta Ads"", ""Microsoft Ads""]",False,0,aurora-stores.example,True
Oldfield Advisory Inc,oldfield-advisory.example,Professional services,201-1000,US,San Francisco,£50m-£250m,2018,Series B,Pipedrive,£5k-£25k,"[""Google Ads"", ""Microsoft Ads""]",True,19,oldfieldadvi-group.example,False
Thornbury Capital SAS,thornbury-capital.example,Financial services,1000+,FR,Lille,£250m+,2004,Public,Salesforce,£25k-£100k,"[""LinkedIn Ads"", ""Meta Ads"", ""Microsoft Ads""]",True,59,thornburycapi-group.example,False
Larkspur Systems Inc,larkspur-systems.example,Software,11-50,US,Austin,£1m-£10m,2019,Bootstrapped,Pipedrive,£5k-£25k,"[""Meta Ads"", ""Microsoft Ads""]",True,5,larkspur-systems.example,True
Larkspur Components GmbH,larkspur-components.example,Manufacturing,1-10,DE,Munich,under £1m,2017,Bootstrapped,Spreadsheet,under £5k,"[""LinkedIn Ads""]",False,0,larkspur-components.example,True
Bramble Logistics Inc,bramble-logistics.example,Logistics,201-1000,US,Austin,£50m-£250m,1973,Bootstrapped,Spreadsheet,£25k-£100k,"[""Google Ads"", ""Meta Ads"", ""Microsoft Ads""]",True,19,bramble-logistics.example,True
Jasper Capital Inc,jasper-capital.example,Financial services,1-10,US,Chicago,under £1m,2012,Seed,Spreadsheet,under £5k,"[""Google Ads""]",False,0,jasper-capital.example,True
Silverline Industries Inc,silverline-industries.example,Manufacturing,11-50,US,Seattle,£1m-£10m,2005,Bootstrapped,Salesforce,under £5k,"[""Meta Ads""]",False,0,silverline-industries.example,True
Marigold Stores GmbH,marigold-stores.example,Retail,11-50,DE,Hamburg,£1m-£10m,2013,Bootstrapped,HubSpot,under £5k,"[""Google Ads""]",False,0,marigold-stores.example,True
Rosewood Learning BV,rosewood-learning.example,Education,1-10,NL,Eindhoven,under £1m,2002,Series A,Spreadsheet,none,[],False,0,rosewood-learning.example,True
Nettlefield Labs BV,nettlefield-labs.example,Software,51-200,NL,Rotterdam,£10m-£50m,2009,Series C+,HubSpot,under £5k,"[""Meta Ads""]",True,16,nettlefield-labs.example,True
Meridian Recruitment GmbH,meridian-recruitment.example,Professional services,11-50,DE,Berlin,£1m-£10m,2012,Bootstrapped,HubSpot,under £5k,"[""TikTok Ads""]",True,3,meridian-recruitment.example,True
Hawthorn Industries Inc,hawthorn-industries.example,Manufacturing,1-10,US,Austin,under £1m,2007,Bootstrapped,No CRM,none,[],True,2,hawthorn-industries.example,True
Moorland Wealth Ltd,moorland-wealth.example,Financial services,1-10,UK,Birmingham,£1m-£10m,2015,Bootstrapped,Spreadsheet,under £5k,"[""Meta Ads""]",False,0,moorlandweal-group.example,False
Tidewater Medical Ltd,tidewater-medical.example,Healthcare,1-10,UK,Bristol,under £1m,2009,Bootstrapped,Spreadsheet,none,[],False,0,tidewatermedi-group.example,False
Dovecote Stores BV,dovecote-stores.example,Retail,1-10,NL,Amsterdam,under £1m,2015,Bootstrapped,Pipedrive,under £5k,"[""Meta Ads""]",False,0,dovecote-stores.example,True
Nimbus Outfitters Inc,nimbus-outfitters.example,Retail,11-50,US,Chicago,under £1m,1999,Seed,HubSpot,£25k-£100k,"[""LinkedIn Ads"", ""Meta Ads"", ""Microsoft Ads""]",False,0,nimbus-outfitters.example,True
Dunmore Couriers BV,dunmore-couriers.example,Logistics,11-50,NL,Amsterdam,£1m-£10m,2006,Seed,HubSpot,£25k-£100k,"[""Google Ads"", ""LinkedIn Ads"", ""Microsoft Ads""]",False,0,dunmore-couriers.example,True
Emberly Medical Inc,emberly-medical.example,Healthcare,51-200,US,Boston,£10m-£50m,2006,Bootstrapped,Salesforce,none,[],True,15,emberly-medical.example,True
Larkspur Wealth Inc,larkspur-wealth.example,Financial services,51-200,US,San Francisco,£10m-£50m,2015,Series C+,Spreadsheet,£25k-£100k,"[""Google Ads"", ""LinkedIn Ads"", ""Meta Ads""]",False,0,larkspurweal-group.example,False
Pebble Data Inc,pebble-data.example,Software,51-200,US,Austin,£10m-£50m,2002,Private equity,Pipedrive,under £5k,"[""Meta Ads""]",False,0,pebble-data.example,True
Meridian Systems BV,meridian-systems.example,Software,11-50,NL,Amsterdam,£1m-£10m,2013,Series A,HubSpot,none,[],False,0,meridian-systems.example,True
Nettlefield Works SAS,nettlefield-works.example,Manufacturing,51-200,FR,Lille,£10m-£50m,1998,Bootstrapped,Salesforce,£5k-£25k,"[""LinkedIn Ads"", ""Microsoft Ads""]",False,0,nettlefieldwork-group.example,False
Westbrook Cloud GmbH,westbrook-cloud.example,Software,51-200,DE,Hamburg,£10m-£50m,2024,Series B,No CRM,£25k-£100k,"[""LinkedIn Ads"", ""Meta Ads"", ""Microsoft Ads""]",False,0,westbrook-cloud.example,True
Bluebell Academy SAS,bluebell-academy.example,Education,1000+,FR,Paris,£250m+,1969,Series C+,Salesforce,£25k-£100k,"[""Google Ads"", ""Meta Ads"", ""Microsoft Ads""]",True,74,bluebell-academy.example,True
Bramble Partners Inc,bramble-partners.example,Financial services,11-50,US,Seattle,£1m-£10m,2001,Seed,Pipedrive,none,[],True,4,bramble-partners.example,True
Vantage Market SAS,vantage-market.example,Retail,1-10,FR,Toulouse,£1m-£10m,2018,Seed,Spreadsheet,under £5k,"[""Microsoft Ads""]",False,0,vantagemark-group.example,False
Emberly Shipping Ltd,emberly-shipping.example,Logistics,1-10,UK,Edinburgh,under £1m,2009,Bootstrapped,Spreadsheet,under £5k,"[""Google Ads""]",False,0,emberlyship-group.example,False
Highgate Care Inc,highgate-care.example,Healthcare,11-50,US,New York,£1m-£10m,2015,Series A,Spreadsheet,under £5k,"[""Google Ads""]",True,3,highgatecare-group.example,False
Granite Consulting Inc,granite-consulting.example,Professional services,11-50,US,Boston,£1m-£10m,2023,Bootstrapped,Pipedrive,£25k-£100k,"[""Google Ads"", ""LinkedIn Ads"", ""Meta Ads""]",True,8,granite-consulting.example,True
Cedar Data Ltd,cedar-data.example,Software,1-10,UK,London,£1m-£10m,2021,Bootstrapped,Spreadsheet,under £5k,"[""Meta Ads""]",False,0,cedar-data.example,True
Redwood Systems Ltd,redwood-systems.example,Software,1-10,UK,Manchester,under £1m,1998,Bootstrapped,HubSpot,under £5k,"[""LinkedIn Ads""]",False,0,redwoodsyst-group.example,False
Riverside Insurance SAS,riverside-insurance.example,Financial services,1-10,FR,Lyon,under £1m,2019,Bootstrapped,HubSpot,£25k-£100k,"[""LinkedIn Ads"", ""Meta Ads"", ""Microsoft Ads""]",False,0,riverside-insurance.example,True
Meridian Engineering SAS,meridian-engineering.example,Manufacturing,11-50,FR,Paris,£1m-£10m,2016,Bootstrapped,Salesforce,none,[],True,3,meridian-engineering.example,True
Zephyr Software Inc,zephyr-software.example,Software,1000+,US,Austin,£250m+,2008,Bootstrapped,Spreadsheet,£25k-£100k,"[""Google Ads"", ""LinkedIn Ads"", ""Meta Ads""]",True,68,zephyrsoft-group.example,False
Pebble Cloud GmbH,pebble-cloud.example,Software,11-50,DE,Berlin,£1m-£10m,2014,Bootstrapped,Spreadsheet,£5k-£25k,"[""LinkedIn Ads"", ""Meta Ads""]",True,1,pebble-cloud.example,True
Greystone Manufacturing Ltd,greystone-manufacturing.example,Manufacturing,11-50,UK,London,under £1m,2021,Seed,Salesforce,£5k-£25k,"[""LinkedIn Ads"", ""Meta Ads""]",True,3,greystonemanu-group.example,False
Alder Legal BV,alder-legal.example,Professional services,51-200,NL,Amsterdam,£10m-£50m,2022,Bootstrapped,Salesforce,under £5k,"[""Google Ads""]",False,0,alder-legal.example,True
Redwood Recruitment GmbH,redwood-recruitment.example,Professional services,11-50,DE,Munich,£1m-£10m,2009,Series A,Spreadsheet,£5k-£25k,"[""Google Ads"", ""Meta Ads""]",False,0,redwood-recruitment.example,True
Kingsway Retail GmbH,kingsway-retail.example,Retail,11-50,DE,Hamburg,£1m-£10m,2011,Seed,HubSpot,none,[],True,4,kingswayreta-group.example,False
Umber Goods SAS,umber-goods.example,Retail,1000+,FR,Paris,£250m+,2024,Private equity,HubSpot,£100k+,"[""Google Ads"", ""LinkedIn Ads"", ""Meta Ads"", ""Microsoft Ads""]",True,63,umbergood-group.example,False
Ashford Lending SAS,ashford-lending.example,Financial services,51-200,FR,Lille,£50m-£250m,2022,Series B,HubSpot,£5k-£25k,"[""Google Ads"", ""Microsoft Ads""]",False,0,ashford-lending.example,True
Cedar Capital BV,cedar-capital.example,Financial services,11-50,NL,Rotterdam,£1m-£10m,1998,Series A,HubSpot,under £5k,"[""Google Ads""]",True,2,cedar-capital.example,True
Ashford Training BV,ashford-training.example,Education,51-200,NL,Amsterdam,£1m-£10m,1997,Seed,Spreadsheet,£25k-£100k,"[""Google Ads"", ""LinkedIn Ads"", ""Meta Ads""]",True,6,ashford-training.example,True
Clearwater Logistics Inc,clearwater-logistics.example,Logistics,51-200,US,Boston,£10m-£50m,2005,Series B,Salesforce,under £5k,"[""TikTok Ads""]",False,0,clearwater-logistics.example,True
Tamarind Trading SAS,tamarind-trading.example,Retail,11-50,FR,Toulouse,£1m-£10m,2005,Bootstrapped,Salesforce,under £5k,"[""LinkedIn Ads""]",False,0,tamarind-trading.example,True
Nettlefield Outfitters Inc,nettlefield-outfitters.example,Retail,51-200,US,Boston,£10m-£50m,2023,Bootstrapped,HubSpot,£25k-£100k,"[""Google Ads"", ""LinkedIn Ads"", ""Meta Ads""]",False,0,nettlefieldoutf-group.example,False
Cobalt Academy Ltd,cobalt-academy.example,Education,11-50,UK,Edinburgh,£1m-£10m,2023,Series A,Spreadsheet,under £5k,"[""Microsoft Ads""]",False,0,cobaltacad-group.example,False
Clearwater Lending Ltd,clearwater-lending.example,Financial services,11-50,UK,Birmingham,£1m-£10m,2004,Series A,No CRM,none,[],False,0,clearwater-lending.example,True
Harbour Accountants Ltd,harbour-accountants.example,Professional services,1-10,UK,Edinburgh,under £1m,1998,Seed,No CRM,none,[],False,0,harbour-accountants.example,True
Harbour Recruitment Ltd,harbour-recruitment.example,Professional services,51-200,UK,Manchester,£10m-£50m,1995,Bootstrapped,Salesforce,under £5k,"[""LinkedIn Ads""]",True,8,harbourrecr-group.example,False
Ashford Education Ltd,ashford-education.example,Education,1-10,UK,London,under £1m,2006,Bootstrapped,HubSpot,under £5k,"[""Meta Ads""]",False,0,ashford-education.example,True
Keystone Finance Ltd,keystone-finance.example,Financial services,11-50,UK,Bristol,£1m-£10m,2019,Seed,HubSpot,none,[],False,0,keystone-finance.example,True
Ashford Fabrication Ltd,ashford-fabrication.example,Manufacturing,11-50,UK,Manchester,under £1m,2012,Bootstrapped,HubSpot,£5k-£25k,"[""LinkedIn Ads"", ""Meta Ads""]",True,7,ashfordfabr-group.example,False
Inkwell Recruitment Ltd,inkwell-recruitment.example,Professional services,51-200,UK,Birmingham,£10m-£50m,1995,Bootstrapped,Spreadsheet,£25k-£100k,"[""Google Ads"", ""LinkedIn Ads"", ""Meta Ads""]",True,11,inkwellrecr-group.example,False
Falcon Wealth Inc,falcon-wealth.example,Financial services,1-10,US,Seattle,under £1m,2015,Bootstrapped,No CRM,none,[],False,0,falcon-wealth.example,True
Lantern Health Ltd,lantern-health.example,Healthcare,51-200,UK,London,£10m-£50m,1998,Series B,Salesforce,none,[],False,0,lantern-health.example,True
Pebble Fabrication SAS,pebble-fabrication.example,Manufacturing,51-200,FR,Lille,£10m-£50m,2022,Series A,Salesforce,under £5k,"[""Meta Ads""]",True,7,pebble-fabrication.example,True
Westbrook Advisory GmbH,westbrook-advisory.example,Professional services,1-10,DE,Frankfurt,under £1m,1999,Bootstrapped,No CRM,under £5k,"[""TikTok Ads""]",False,0,westbrook-advisory.example,True
Dovecote Engineering Ltd,dovecote-engineering.example,Manufacturing,11-50,UK,Edinburgh,£1m-£10m,2022,Bootstrapped,Pipedrive,none,[],False,0,dovecote-engineering.example,True
Tidewater Shipping Inc,tidewater-shipping.example,Logistics,11-50,US,Seattle,£1m-£10m,1998,Series A,HubSpot,under £5k,"[""LinkedIn Ads""]",False,0,tidewater-shipping.example,True
Northwind Haulage Inc,northwind-haulage.example,Logistics,11-50,US,New York,£1m-£10m,2014,Bootstrapped,Spreadsheet,none,[],False,0,northwind-haulage.example,True
Evergreen Logistics Ltd,evergreen-logistics.example,Logistics,201-1000,UK,Birmingham,£250m+,2011,Series C+,No CRM,£5k-£25k,"[""Google Ads"", ""Microsoft Ads""]",False,0,evergreen-logistics.example,True
Inkwell Partners Ltd,inkwell-partners.example,Financial services,201-1000,UK,Manchester,£50m-£250m,1975,Series B,Salesforce,£25k-£100k,"[""Google Ads"", ""LinkedIn Ads"", ""Meta Ads""]",False,0,inkwell-partners.example,True
Oakridge Dental Inc,oakridge-dental.example,Healthcare,11-50,US,Chicago,£10m-£50m,2008,Bootstrapped,HubSpot,none,[],True,4,oakridgedent-group.example,False
Willow Couriers BV,willow-couriers.example,Logistics,1-10,NL,Eindhoven,£1m-£10m,2019,Bootstrapped,Salesforce,none,[],False,0,willowcour-group.example,False
Kestrel Advisory Ltd,kestrel-advisory.example,Professional services,11-50,UK,Birmingham,£1m-£10m,2021,Series A,HubSpot,£25k-£100k,"[""Google Ads"", ""LinkedIn Ads"", ""Meta Ads""]",True,1,kestrel-advisory.example,True
Kingsway Couriers GmbH,kingsway-couriers.example,Logistics,201-1000,DE,Frankfurt,£10m-£50m,2012,Bootstrapped,Salesforce,£5k-£25k,"[""Google Ads"", ""LinkedIn Ads""]",True,18,kingsway-couriers.example,True
Northwind Medical Inc,northwind-medical.example,Healthcare,201-1000,US,Boston,£50m-£250m,1999,Bootstrapped,Salesforce,£100k+,"[""LinkedIn Ads"", ""Meta Ads"", ""Microsoft Ads"", ""TikTok Ads""]",False,0,northwind-medical.example,True
Marigold Lending GmbH,marigold-lending.example,Financial services,51-200,DE,Munich,£50m-£250m,2009,Series A,HubSpot,under £5k,"[""LinkedIn Ads""]",False,0,marigold-lending.example,True
Nimbus Academy SAS,nimbus-academy.example,Education,1-10,FR,Lille,under £1m,2015,Bootstrapped,Pipedrive,£5k-£25k,"[""LinkedIn Ads"", ""Microsoft Ads""]",True,3,nimbus-academy.example,True
Stonebridge Learning Inc,stonebridge-learning.example,Education,1-10,US,New York,under £1m,2009,Bootstrapped,No CRM,under £5k,"[""Microsoft Ads""]",False,0,stonebridge-learning.example,True
Ivywood Care Ltd,ivywood-care.example,Healthcare,51-200,UK,London,£10m-£50m,1998,Series B,Pipedrive,£5k-£25k,"[""Google Ads"", ""LinkedIn Ads""]",False,0,ivywoodcare-group.example,False
Emberly Education SAS,emberly-education.example,Education,1-10,FR,Toulouse,under £1m,2013,Seed,Spreadsheet,none,[],True,2,emberly-education.example,True
Thornbury Works GmbH,thornbury-works.example,Manufacturing,11-50,DE,Berlin,£1m-£10m,2018,Series A,HubSpot,none,[],False,0,thornbury-works.example,True
Brightwater Accountants Inc,brightwater-accountants.example,Professional services,51-200,US,Seattle,£50m-£250m,2023,Series B,HubSpot,£5k-£25k,"[""LinkedIn Ads"", ""Microsoft Ads""]",True,8,brightwater-accountants.example,True
Harbour Systems Ltd,harbour-systems.example,Software,201-1000,UK,Leeds,£50m-£250m,2007,Bootstrapped,Pipedrive,£25k-£100k,"[""Google Ads"", ""LinkedIn Ads"", ""Microsoft Ads""]",True,28,harboursyst-group.example,False
Vantage Works Inc,vantage-works.example,Manufacturing,51-200,US,Seattle,£10m-£50m,1999,Series A,HubSpot,£5k-£25k,"[""Google Ads"", ""Microsoft Ads""]",True,9,vantage-works.example,True
Fernhill Capital Inc,fernhill-capital.example,Financial services,1000+,US,San Francisco,£250m+,1970,Private equity,Salesforce,£25k-£100k,"[""Google Ads"", ""Meta Ads"", ""Microsoft Ads""]",True,57,fernhill-capital.example,True
Norfolk Dental Ltd,norfolk-dental.example,Healthcare,1-10,UK,Edinburgh,under £1m,2003,Seed,Spreadsheet,under £5k,"[""Google Ads""]",False,0,norfolkdent-group.example,False
Kingsway Care SAS,kingsway-care.example,Healthcare,11-50,FR,Lyon,£1m-£10m,2007,Series A,HubSpot,under £5k,"[""Meta Ads""]",True,5,kingsway-care.example,True
Pinecrest Goods SAS,pinecrest-goods.example,Retail,11-50,FR,Lyon,£1m-£10m,2001,Bootstrapped,Pipedrive,none,[],True,3,pinecrestgood-group.example,False
Ivywood Labs GmbH,ivywood-labs.example,Software,1-10,DE,Hamburg,under £1m,2020,Bootstrapped,Spreadsheet,£5k-£25k,"[""LinkedIn Ads"", ""Microsoft Ads""]",True,1,ivywood-labs.example,True
Inkwell Capital Inc,inkwell-capital.example,Financial services,1000+,US,San Francisco,£250m+,2012,Bootstrapped,Salesforce,£25k-£100k,"[""Google Ads"", ""Meta Ads"", ""Microsoft Ads""]",False,0,inkwellcapi-group.example,False
Keystone Medical Ltd,keystone-medical.example,Healthcare,11-50,UK,London,£1m-£10m,2024,Seed,HubSpot,none,[],False,0,keystone-medical.example,True
Ashford Clinics Ltd,ashford-clinics.example,Healthcare,51-200,UK,Leeds,£10m-£50m,2011,Series B,Pipedrive,none,[],False,0,ashford-clinics.example,True
Pinecrest Digital GmbH,pinecrest-digital.example,Software,1-10,DE,Munich,under £1m,2022,Seed,Spreadsheet,under £5k,"[""Microsoft Ads""]",False,0,pinecrest-digital.example,True
Stonebridge Stores Ltd,stonebridge-stores.example,Retail,11-50,UK,Manchester,£1m-£10m,1999,Bootstrapped,Spreadsheet,under £5k,"[""TikTok Ads""]",False,0,stonebridgestor-group.example,False
Brightwater Recruitment Inc,brightwater-recruitment.example,Professional services,1-10,US,Boston,under £1m,1999,Bootstrapped,No CRM,none,[],False,0,brightwater-recruitment.example,True
Meridian Retail SAS,meridian-retail.example,Retail,1-10,FR,Lyon,under £1m,2010,Bootstrapped,Spreadsheet,under £5k,"[""Meta Ads""]",False,0,meridian-retail.example,True
Norfolk Couriers GmbH,norfolk-couriers.example,Logistics,51-200,DE,Munich,£10m-£50m,2024,Series A,Salesforce,under £5k,"[""Google Ads""]",True,11,norfolkcour-group.example,False
Bramble Goods Ltd,bramble-goods.example,Retail,201-1000,UK,Edinburgh,£50m-£250m,1996,Private equity,Salesforce,£100k+,"[""Google Ads"", ""Meta Ads"", ""Microsoft Ads"", ""TikTok Ads""]",True,21,bramble-goods.example,True
Tidewater Works SAS,tidewater-works.example,Manufacturing,1000+,FR,Toulouse,£250m+,1981,Series C+,Salesforce,£100k+,"[""Google Ads"", ""LinkedIn Ads"", ""Meta Ads"", ""TikTok Ads""]",True,64,tidewaterwork-group.example,False
Jasper Industries Inc,jasper-industries.example,Manufacturing,1-10,US,Austin,under £1m,2009,Bootstrapped,Spreadsheet,under £5k,"[""Meta Ads""]",False,0,jasper-industries.example,True
Foxglove Consulting GmbH,foxglove-consulting.example,Professional services,51-200,DE,Berlin,£10m-£50m,2023,Series A,HubSpot,£5k-£25k,"[""Google Ads"", ""LinkedIn Ads""]",True,7,foxglove-consulting.example,True
Emberly Lending BV,emberly-lending.example,Financial services,201-1000,NL,Amsterdam,£50m-£250m,2021,Series B,HubSpot,£25k-£100k,"[""Google Ads"", ""Meta Ads"", ""Microsoft Ads""]",True,24,emberlylend-group.example,False
Stonebridge Couriers Inc,stonebridge-couriers.example,Logistics,11-50,US,San Francisco,£1m-£10m,2012,Series B,No CRM,under £5k,"[""Google Ads""]",False,0,stonebridgecour-group.example,False
Norfolk Clinics Ltd,norfolk-clinics.example,Healthcare,201-1000,UK,Leeds,£50m-£250m,1977,Private equity,Salesforce,£5k-£25k,"[""Google Ads"", ""LinkedIn Ads""]",False,0,norfolkclin-group.example,False
Stonebridge Dental Ltd,stonebridge-dental.example,Healthcare,1000+,UK,London,£250m+,1971,Bootstrapped,Salesforce,£100k+,"[""Google Ads"", ""LinkedIn Ads"", ""Meta Ads"", ""Microsoft Ads""]",False,0,stonebridgedent-group.example,False
Kelvin Health Ltd,kelvin-health.example,Healthcare,201-1000,UK,Edinburgh,£250m+,1968,Series C+,Salesforce,£100k+,"[""Google Ads"", ""LinkedIn Ads"", ""Meta Ads"", ""TikTok Ads""]",False,0,kelvin-health.example,True
Greystone Trading Inc,greystone-trading.example,Retail,11-50,US,Chicago,£1m-£10m,2016,Seed,HubSpot,under £5k,"[""Google Ads""]",False,0,greystonetrad-group.example,False
Lantern Medical Ltd,lantern-medical.example,Healthcare,1000+,UK,London,£50m-£250m,2024,Public,Salesforce,£25k-£100k,"[""Google Ads"", ""Meta Ads"", ""TikTok Ads""]",True,50,lantern-medical.example,True
Oakridge Market GmbH,oakridge-market.example,Retail,11-50,DE,Hamburg,£1m-£10m,2001,Seed,HubSpot,under £5k,"[""Google Ads""]",False,0,oakridge-market.example,True
Ivywood Goods BV,ivywood-goods.example,Retail,51-200,NL,Eindhoven,£10m-£50m,2011,Seed,Salesforce,£5k-£25k,"[""Google Ads"", ""Microsoft Ads""]",False,0,ivywood-goods.example,True
Pennine Components Ltd,pennine-components.example,Manufacturing,51-200,UK,Birmingham,£10m-£50m,2008,Bootstrapped,Spreadsheet,under £5k,"[""LinkedIn Ads""]",False,0,pennine-components.example,True
Elmstead Medical Inc,elmstead-medical.example,Healthcare,11-50,US,San Francisco,£10m-£50m,1998,Bootstrapped,Salesforce,£25k-£100k,"[""Google Ads"", ""LinkedIn Ads"", ""Microsoft Ads""]",True,5,elmstead-medical.example,True
Juniper Capital Ltd,juniper-capital.example,Financial services,11-50,UK,Bristol,£1m-£10m,2018,Bootstrapped,Pipedrive,under £5k,"[""LinkedIn Ads""]",False,0,junipercapi-group.example,False
Driftwood Market Inc,driftwood-market.example,Retail,51-200,US,Boston,£50m-£250m,2024,Series A,Pipedrive,£5k-£25k,"[""Meta Ads"", ""Microsoft Ads""]",False,0,driftwoodmark-group.example,False
Marigold Consulting SAS,marigold-consulting.example,Professional services,201-1000,FR,Lille,£50m-£250m,1987,Bootstrapped,Salesforce,£100k+,"[""Google Ads"", ""LinkedIn Ads"", ""Meta Ads"", ""TikTok Ads""]",True,21,marigold-consulting.example,True
Granite Associates GmbH,granite-associates.example,Professional services,201-1000,DE,Berlin,£50m-£250m,1979,Series C+,Salesforce,under £5k,"[""LinkedIn Ads""]",True,20,granite-associates.example,True
Silverline Software Ltd,silverline-software.example,Software,1-10,UK,Bristol,under £1m,1996,Bootstrapped,No CRM,£5k-£25k,"[""LinkedIn Ads"", ""TikTok Ads""]",False,0,silverlinesoft-group.example,False
Riverside Advisory GmbH,riverside-advisory.example,Professional services,11-50,DE,Munich,under £1m,1995,Series A,No CRM,under £5k,"[""LinkedIn Ads""]",False,0,riversideadvi-group.example,False
Redwood Outfitters Ltd,redwood-outfitters.example,Retail,51-200,UK,Manchester,£10m-£50m,2006,Series A,Spreadsheet,£5k-£25k,"[""Google Ads"", ""LinkedIn Ads""]",True,8,redwood-outfitters.example,True
Driftwood Digital Ltd,driftwood-digital.example,Software,201-1000,UK,Birmingham,£50m-£250m,2016,Series C+,HubSpot,under £5k,"[""Meta Ads""]",True,18,driftwood-digital.example,True
Greystone Training BV,greystone-training.example,Education,201-1000,NL,Eindhoven,£50m-£250m,1999,Bootstrapped,Salesforce,£5k-£25k,"[""Google Ads"", ""Meta Ads""]",True,11,greystone-training.example,True
Glenmoor Education Ltd,glenmoor-education.example,Education,1000+,UK,Edinburgh,£250m+,1999,Public,Salesforce,£25k-£100k,"[""Google Ads"", ""Meta Ads"", ""Microsoft Ads""]",True,67,glenmoor-education.example,True
Clearwater Clinics BV,clearwater-clinics.example,Healthcare,11-50,NL,Utrecht,£1m-£10m,2021,Series A,HubSpot,under £5k,"[""Google Ads""]",True,3,clearwater-clinics.example,True
Quayside Fabrication Ltd,quayside-fabrication.example,Manufacturing,11-50,UK,Birmingham,£1m-£10m,2011,Bootstrapped,HubSpot,under £5k,"[""Microsoft Ads""]",False,0,quayside-fabrication.example,True
Nimbus Labs Inc,nimbus-labs.example,Software,11-50,US,Seattle,£1m-£10m,2013,Bootstrapped,HubSpot,£5k-£25k,"[""LinkedIn Ads"", ""TikTok Ads""]",True,4,nimbuslabs-group.example,False
Heron Data Inc,heron-data.example,Software,51-200,US,San Francisco,£10m-£50m,2006,Seed,Spreadsheet,none,[],False,0,herondata-group.example,False
Hawthorn Consulting GmbH,hawthorn-consulting.example,Professional services,1000+,DE,Frankfurt,£250m+,1986,Private equity,Salesforce,£5k-£25k,"[""Google Ads"", ""Meta Ads""]",False,0,hawthorncons-group.example,False
Dovecote Associates SAS,dovecote-associates.example,Professional services,201-1000,FR,Lille,£250m+,1969,Series C+,Pipedrive,none,[],True,19,dovecoteasso-group.example,False
Lindenwood Medical Ltd,lindenwood-medical.example,Healthcare,11-50,UK,Manchester,£1m-£10m,1999,Seed,HubSpot,none,[],False,0,lindenwood-medical.example,True
Cobalt Haulage GmbH,cobalt-haulage.example,Logistics,201-1000,DE,Munich,£50m-£250m,1995,Bootstrapped,Spreadsheet,£100k+,"[""Google Ads"", ""Meta Ads"", ""Microsoft Ads"", ""TikTok Ads""]",True,18,cobalt-haulage.example,True
Oakridge Components Ltd,oakridge-components.example,Manufacturing,11-50,UK,Bristol,£1m-£10m,2024,Bootstrapped,HubSpot,under £5k,"[""Meta Ads""]",False,0,oakridgecomp-group.example,False
Kelvin Care SAS,kelvin-care.example,Healthcare,201-1000,FR,Lyon,£50m-£250m,1974,Series C+,Salesforce,£5k-£25k,"[""Google Ads"", ""Meta Ads""]",False,0,kelvin-care.example,True
Fernhill Consulting Ltd,fernhill-consulting.example,Professional services,11-50,UK,Leeds,£1m-£10m,1998,Bootstrapped,Pipedrive,under £5k,"[""Microsoft Ads""]",False,0,fernhill-consulting.example,True
Keystone Care GmbH,keystone-care.example,Healthcare,51-200,DE,Munich,£10m-£50m,2012,Series A,HubSpot,£5k-£25k,"[""Google Ads"", ""Meta Ads""]",False,0,keystone-care.example,True
Vantage Couriers Ltd,vantage-couriers.example,Logistics,11-50,UK,Birmingham,£10m-£50m,2002,Bootstrapped,Spreadsheet,under £5k,"[""Microsoft Ads""]",False,0,vantagecour-group.example,False
Cedar Wealth Ltd,cedar-wealth.example,Financial services,51-200,UK,London,£10m-£50m,2021,Bootstrapped,Salesforce,£5k-£25k,"[""Google Ads"", ""LinkedIn Ads""]",False,0,cedar-wealth.example,True
Beacon Education BV,beacon-education.example,Education,1-10,NL,Rotterdam,under £1m,2007,Seed,HubSpot,under £5k,"[""LinkedIn Ads""]",False,0,beacon-education.example,True
Bluebell Outfitters SAS,bluebell-outfitters.example,Retail,11-50,FR,Lyon,£1m-£10m,2014,Series A,HubSpot,none,[],False,0,bluebelloutf-group.example,False
Ironbridge Consulting Inc,ironbridge-consulting.example,Professional services,11-50,US,Chicago,£1m-£10m,1998,Bootstrapped,Spreadsheet,£5k-£25k,"[""LinkedIn Ads"", ""TikTok Ads""]",False,0,ironbridge-consulting.example,True
Beacon Dental SAS,beacon-dental.example,Healthcare,51-200,FR,Lille,£10m-£50m,2022,Bootstrapped,Salesforce,none,[],False,0,beacon-dental.example,True
Pinecrest College Ltd,pinecrest-college.example,Education,201-1000,UK,Leeds,£250m+,2018,Series C+,Pipedrive,£5k-£25k,"[""Google Ads"", ""Microsoft Ads""]",True,18,pinecrest-college.example,True
Kestrel Transport BV,kestrel-transport.example,Logistics,51-200,NL,Utrecht,£10m-£50m,2000,Bootstrapped,Pipedrive,£5k-£25k,"[""LinkedIn Ads"", ""Meta Ads""]",False,0,kestrel-transport.example,True
Greystone Academy Ltd,greystone-academy.example,Education,201-1000,UK,Bristol,£50m-£250m,1981,Public,Salesforce,£5k-£25k,"[""Meta Ads"", ""Microsoft Ads""]",False,0,greystone-academy.example,True
Umber Software BV,umber-software.example,Software,11-50,NL,Amsterdam,£1m-£10m,2004,Series A,Salesforce,none,[],False,0,umbersoft-group.example,False
Rosewood Manufacturing Inc,rosewood-manufacturing.example,Manufacturing,1-10,US,Seattle,under £1m,2012,Bootstrapped,HubSpot,under £5k,"[""Meta Ads""]",True,2,rosewood-manufacturing.example,True
Elmstead Clinics SAS,elmstead-clinics.example,Healthcare,1-10,FR,Toulouse,under £1m,2012,Seed,No CRM,none,[],False,0,elmstead-clinics.example,True
Moorland Fabrication Inc,moorland-fabrication.example,Manufacturing,1-10,US,Boston,under £1m,2011,Seed,No CRM,none,[],True,1,moorlandfabr-group.example,False
Quayside Industries GmbH,quayside-industries.example,Manufacturing,11-50,DE,Munich,£1m-£10m,2010,Series A,No CRM,£5k-£25k,"[""Google Ads"", ""LinkedIn Ads""]",True,6,quayside-industries.example,True
Alder Education SAS,alder-education.example,Education,201-1000,FR,Lyon,£50m-£250m,1992,Bootstrapped,Salesforce,£25k-£100k,"[""Google Ads"", ""Meta Ads"", ""TikTok Ads""]",True,26,alder-education.example,True
Larkspur College GmbH,larkspur-college.example,Education,11-50,DE,Frankfurt,£1m-£10m,2017,Bootstrapped,Pipedrive,under £5k,"[""Google Ads""]",True,4,larkspur-college.example,True
Foxglove Software Inc,foxglove-software.example,Software,201-1000,US,Austin,£50m-£250m,1993,Series C+,Spreadsheet,£25k-£100k,"[""Google Ads"", ""Microsoft Ads"", ""TikTok Ads""]",True,21,foxglovesoft-group.example,False
Redwood Haulage BV,redwood-haulage.example,Logistics,1-10,NL,Utrecht,under £1m,2016,Seed,No CRM,none,[],False,0,redwoodhaul-group.example,False
Greystone Medical Ltd,greystone-medical.example,Healthcare,51-200,UK,London,£10m-£50m,2018,Bootstrapped,HubSpot,£5k-£25k,"[""Google Ads"", ""Meta Ads""]",False,0,greystone-medical.example,True
Granite Health Ltd,granite-health.example,Healthcare,201-1000,UK,Edinburgh,£50m-£250m,2020,Series B,Salesforce,£100k+,"[""Google Ads"", ""LinkedIn Ads"", ""Meta Ads"", ""Microsoft Ads""]",False,0,granite-health.example,True
Elmstead Tutors Ltd,elmstead-tutors.example,Education,51-200,UK,London,£10m-£50m,2016,Bootstrapped,HubSpot,under £5k,"[""Microsoft Ads""]",False,0,elmstead-tutors.example,True
Zephyr Goods Inc,zephyr-goods.example,Retail,11-50,US,Chicago,£10m-£50m,2011,Bootstrapped,No CRM,under £5k,"[""Microsoft Ads""]",False,0,zephyr-goods.example,True
Inkwell Digital BV,inkwell-digital.example,Software,1-10,NL,Utrecht,under £1m,2011,Series A,Spreadsheet,£5k-£25k,"[""LinkedIn Ads"", ""Meta Ads""]",False,0,inkwelldigi-group.example,False
Quartz Academy Ltd,quartz-academy.example,Education,201-1000,UK,Manchester,£10m-£50m,1993,Series B,Salesforce,£5k-£25k,"[""LinkedIn Ads"", ""Meta Ads""]",False,0,quartzacad-group.example,False
Upland Capital Inc,upland-capital.example,Financial services,201-1000,US,Austin,£50m-£250m,1999,Series C+,Salesforce,£5k-£25k,"[""LinkedIn Ads"", ""Meta Ads""]",True,26,upland-capital.example,True
Westbrook Learning Inc,westbrook-learning.example,Education,201-1000,US,Boston,£50m-£250m,2012,Private equity,Salesforce,£25k-£100k,"[""Google Ads"", ""Meta Ads"", ""TikTok Ads""]",False,0,westbrooklear-group.example,False
Bramble Associates Ltd,bramble-associates.example,Professional services,11-50,UK,Leeds,£1m-£10m,2024,Seed,No CRM,£5k-£25k,"[""Google Ads"", ""Meta Ads""]",True,5,bramble-associates.example,True
Cedar Advisory BV,cedar-advisory.example,Professional services,1000+,NL,Eindhoven,£250m+,1989,Series C+,Salesforce,£25k-£100k,"[""Google Ads"", ""Meta Ads"", ""Microsoft Ads""]",True,52,cedar-advisory.example,True
Dovecote Medical GmbH,dovecote-medical.example,Healthcare,201-1000,DE,Frankfurt,£10m-£50m,2007,Series B,HubSpot,£5k-£25k,"[""Meta Ads"", ""Microsoft Ads""]",True,20,dovecotemedi-group.example,False
Evergreen Manufacturing Ltd,evergreen-manufacturing.example,Manufacturing,51-200,UK,Bristol,£10m-£50m,2007,Bootstrapped,Salesforce,£25k-£100k,"[""Google Ads"", ""LinkedIn Ads"", ""Microsoft Ads""]",True,10,evergreen-manufacturing.example,True
Elmstead Couriers BV,elmstead-couriers.example,Logistics,1000+,NL,Utrecht,£250m+,1966,Public,Salesforce,£5k-£25k,"[""Meta Ads"", ""Microsoft Ads""]",True,64,elmstead-couriers.example,True
Orchard Components Ltd,orchard-components.example,Manufacturing,1-10,UK,London,under £1m,2021,Series A,Spreadsheet,under £5k,"[""Meta Ads""]",False,0,orchard-components.example,True
Brightwater Advisory Ltd,brightwater-advisory.example,Professional services,11-50,UK,Leeds,£1m-£10m,2008,Bootstrapped,Pipedrive,under £5k,"[""Google Ads""]",False,0,brightwater-advisory.example,True
Stonebridge Labs SAS,stonebridge-labs.example,Software,201-1000,FR,Toulouse,£50m-£250m,1974,Series C+,Salesforce,£5k-£25k,"[""Meta Ads"", ""Microsoft Ads""]",True,26,stonebridge-labs.example,True
Moorland Software GmbH,moorland-software.example,Software,201-1000,DE,Munich,£50m-£250m,2018,Bootstrapped,HubSpot,£25k-£100k,"[""Google Ads"", ""LinkedIn Ads"", ""Meta Ads""]",False,0,moorlandsoft-group.example,False
Kingsway Medical Ltd,kingsway-medical.example,Healthcare,201-1000,UK,Bristol,£50m-£250m,1973,Series C+,Salesforce,£5k-£25k,"[""Google Ads"", ""Meta Ads""]",True,18,kingsway-medical.example,True
Clearwater Industries Inc,clearwater-industries.example,Manufacturing,1-10,US,Boston,under £1m,1998,Seed,HubSpot,none,[],False,0,clearwaterindu-group.example,False
Inkwell Care Ltd,inkwell-care.example,Healthcare,11-50,UK,Edinburgh,£1m-£10m,2007,Seed,HubSpot,under £5k,"[""Google Ads""]",False,0,inkwell-care.example,True
Quartz Stores Inc,quartz-stores.example,Retail,51-200,US,Austin,£50m-£250m,2012,Bootstrapped,Salesforce,none,[],False,0,quartzstor-group.example,False
Pebble Finance SAS,pebble-finance.example,Financial services,1-10,FR,Toulouse,under £1m,2024,Bootstrapped,Pipedrive,none,[],True,2,pebble-finance.example,True
Pebble Clinics BV,pebble-clinics.example,Healthcare,201-1000,NL,Eindhoven,£50m-£250m,2002,Private equity,Salesforce,£100k+,"[""Google Ads"", ""LinkedIn Ads"", ""Meta Ads"", ""Microsoft Ads""]",False,0,pebble-clinics.example,True
Greystone Couriers BV,greystone-couriers.example,Logistics,51-200,NL,Utrecht,£10m-£50m,2002,Series B,Pipedrive,none,[],False,0,greystone-couriers.example,True
Lindenwood Insurance Ltd,lindenwood-insurance.example,Financial services,1-10,UK,Leeds,under £1m,2024,Bootstrapped,HubSpot,under £5k,"[""Google Ads""]",False,0,lindenwood-insurance.example,True
Dunmore Legal BV,dunmore-legal.example,Professional services,1000+,NL,Amsterdam,£250m+,1979,Bootstrapped,Salesforce,£100k+,"[""Google Ads"", ""LinkedIn Ads"", ""Meta Ads"", ""Microsoft Ads""]",False,0,dunmore-legal.example,True
Glenmoor Tutors Inc,glenmoor-tutors.example,Education,51-200,US,Seattle,£10m-£50m,2006,Bootstrapped,Salesforce,£25k-£100k,"[""LinkedIn Ads"", ""Meta Ads"", ""Microsoft Ads""]",True,8,glenmoor-tutors.example,True
Inkwell Clinics Inc,inkwell-clinics.example,Healthcare,11-50,US,Chicago,£1m-£10m,1996,Bootstrapped,HubSpot,£5k-£25k,"[""LinkedIn Ads"", ""Microsoft Ads""]",False,0,inkwell-clinics.example,True
Dunmore Retail SAS,dunmore-retail.example,Retail,1-10,FR,Toulouse,under £1m,1998,Seed,Pipedrive,under £5k,"[""Meta Ads""]",False,0,dunmorereta-group.example,False
Alder Systems Inc,alder-systems.example,Software,11-50,US,Seattle,under £1m,2007,Bootstrapped,HubSpot,£5k-£25k,"[""Google Ads"", ""Meta Ads""]",True,4,alder-systems.example,True
Tidewater Digital Ltd,tidewater-digital.example,Software,51-200,UK,Manchester,£10m-£50m,2021,Bootstrapped,HubSpot,£5k-£25k,"[""Google Ads"", ""Meta Ads""]",False,0,tidewater-digital.example,True
Oldfield Retail Ltd,oldfield-retail.example,Retail,11-50,UK,Birmingham,£1m-£10m,2005,Series A,No CRM,£25k-£100k,"[""Google Ads"", ""Meta Ads"", ""Microsoft Ads""]",False,0,oldfieldreta-group.example,False
Lindenwood Capital Ltd,lindenwood-capital.example,Financial services,201-1000,UK,Edinburgh,£50m-£250m,1971,Bootstrapped,Salesforce,£5k-£25k,"[""Google Ads"", ""LinkedIn Ads""]",False,0,lindenwoodcapi-group.example,False
Pebble Capital BV,pebble-capital.example,Financial services,51-200,NL,Amsterdam,£10m-£50m,2006,Bootstrapped,Salesforce,£5k-£25k,"[""Google Ads"", ""LinkedIn Ads""]",False,0,pebble-capital.example,True
Pennine Shipping Inc,pennine-shipping.example,Logistics,11-50,US,San Francisco,£1m-£10m,2008,Bootstrapped,Spreadsheet,under £5k,"[""Meta Ads""]",False,0,pennine-shipping.example,True
Redwood Labs Inc,redwood-labs.example,Software,51-200,US,Chicago,£10m-£50m,1998,Series A,HubSpot,£25k-£100k,"[""Google Ads"", ""Meta Ads"", ""Microsoft Ads""]",True,11,redwood-labs.example,True
Evergreen Stores SAS,evergreen-stores.example,Retail,51-200,FR,Toulouse,£50m-£250m,1999,Series B,Pipedrive,£100k+,"[""Google Ads"", ""Meta Ads"", ""Microsoft Ads"", ""TikTok Ads""]",False,0,evergreen-stores.example,True
Quartz Wealth SAS,quartz-wealth.example,Financial services,201-1000,FR,Lille,£50m-£250m,2006,Series C+,Pipedrive,£25k-£100k,"[""Google Ads"", ""LinkedIn Ads"", ""Meta Ads""]",True,15,quartz-wealth.example,True
Jasper Labs Inc,jasper-labs.example,Software,11-50,US,New York,£1m-£10m,2019,Seed,Spreadsheet,none,[],False,0,jasper-labs.example,True
Cedar Pharma BV,cedar-pharma.example,Healthcare,51-200,NL,Utrecht,£10m-£50m,2019,Series B,Salesforce,£25k-£100k,"[""Google Ads"", ""LinkedIn Ads"", ""Microsoft Ads""]",True,5,cedar-pharma.example,True
Lantern Engineering GmbH,lantern-engineering.example,Manufacturing,1-10,DE,Frankfurt,under £1m,1996,Seed,Spreadsheet,under £5k,"[""Meta Ads""]",True,1,lantern-engineering.example,True
Bramble Lending GmbH,bramble-lending.example,Financial services,1-10,DE,Munich,under £1m,2011,Bootstrapped,HubSpot,£5k-£25k,"[""LinkedIn Ads"", ""Meta Ads""]",False,0,bramble-lending.example,True
Saltmarsh Consulting BV,saltmarsh-consulting.example,Professional services,1-10,NL,Amsterdam,£1m-£10m,2016,Bootstrapped,Pipedrive,£5k-£25k,"[""Google Ads"", ""Meta Ads""]",False,0,saltmarshcons-group.example,False
Dunmore Digital Inc,dunmore-digital.example,Software,1000+,US,Seattle,£250m+,1970,Series B,Salesforce,£25k-£100k,"[""Google Ads"", ""LinkedIn Ads"", ""Meta Ads""]",True,76,dunmore-digital.example,True
Quayside Academy Inc,quayside-academy.example,Education,51-200,US,Boston,£10m-£50m,2008,Series B,No CRM,£25k-£100k,"[""Google Ads"", ""Meta Ads"", ""Microsoft Ads""]",True,7,quayside-academy.example,True
Emberly Health SAS,emberly-health.example,Healthcare,11-50,FR,Paris,£1m-£10m,2015,Bootstrapped,HubSpot,£25k-£100k,"[""Google Ads"", ""Meta Ads"", ""TikTok Ads""]",True,7,emberlyheal-group.example,False
Stonebridge Partners Ltd,stonebridge-partners.example,Financial services,51-200,UK,Edinburgh,£10m-£50m,2009,Private equity,Spreadsheet,£25k-£100k,"[""LinkedIn Ads"", ""Meta Ads"", ""TikTok Ads""]",False,0,stonebridge-partners.example,True
Alder Works GmbH,alder-works.example,Manufacturing,1-10,DE,Frankfurt,under £1m,2001,Bootstrapped,Spreadsheet,under £5k,"[""Google Ads""]",False,0,alder-works.example,True
Elmstead Education GmbH,elmstead-education.example,Education,1-10,DE,Munich,under £1m,1998,Seed,HubSpot,none,[],False,0,elmstead-education.example,True
Dunmore Market SAS,dunmore-market.example,Retail,11-50,FR,Paris,£1m-£10m,2017,Series A,HubSpot,under £5k,"[""Microsoft Ads""]",True,6,dunmore-market.example,True
Yarrow Medical GmbH,yarrow-medical.example,Healthcare,11-50,DE,Berlin,£1m-£10m,2017,Series A,HubSpot,under £5k,"[""LinkedIn Ads""]",True,8,yarrowmedi-group.example,False
Oldfield Tutors Inc,oldfield-tutors.example,Education,1-10,US,Boston,under £1m,2015,Bootstrapped,No CRM,£25k-£100k,"[""Google Ads"", ""LinkedIn Ads"", ""Meta Ads""]",False,0,oldfield-tutors.example,True
Ashford Academy SAS,ashford-academy.example,Education,11-50,FR,Lyon,£1m-£10m,2019,Bootstrapped,No CRM,under £5k,"[""TikTok Ads""]",True,2,ashford-academy.example,True
Zephyr Dental SAS,zephyr-dental.example,Healthcare,1000+,FR,Paris,£250m+,2006,Private equity,Salesforce,£25k-£100k,"[""Google Ads"", ""Meta Ads"", ""Microsoft Ads""]",False,0,zephyr-dental.example,True
Fernhill Labs SAS,fernhill-labs.example,Software,201-1000,FR,Lyon,£50m-£250m,1994,Series C+,Salesforce,£100k+,"[""Google Ads"", ""LinkedIn Ads"", ""Meta Ads"", ""Microsoft Ads""]",False,0,fernhill-labs.example,True
Driftwood Components GmbH,driftwood-components.example,Manufacturing,1-10,DE,Munich,under £1m,2016,Seed,Spreadsheet,under £5k,"[""LinkedIn Ads""]",False,0,driftwood-components.example,True
Kelvin Goods GmbH,kelvin-goods.example,Retail,11-50,DE,Berlin,£1m-£10m,1998,Seed,No CRM,under £5k,"[""Google Ads""]",False,0,kelvin-goods.example,True
Juniper Cloud SAS,juniper-cloud.example,Software,1000+,FR,Lyon,£250m+,1979,Series C+,HubSpot,£25k-£100k,"[""Google Ads"", ""Meta Ads"", ""TikTok Ads""]",True,77,juniper-cloud.example,True
Brightwater Insurance Ltd,brightwater-insurance.example,Financial services,11-50,UK,Birmingham,£1m-£10m,2020,Bootstrapped,No CRM,£5k-£25k,"[""Google Ads"", ""Microsoft Ads""]",False,0,brightwater-insurance.example,True
Aurora Data Ltd,aurora-data.example,Software,201-1000,UK,Manchester,£50m-£250m,2011,Series A,Salesforce,under £5k,"[""LinkedIn Ads""]",False,0,aurora-data.example,True
Umber Education BV,umber-education.example,Education,201-1000,NL,Utrecht,£50m-£250m,1998,Bootstrapped,Spreadsheet,£25k-£100k,"[""Google Ads"", ""LinkedIn Ads"", ""Microsoft Ads""]",True,13,umbereduc-group.example,False
Northwind Consulting Ltd,northwind-consulting.example,Professional services,11-50,UK,Edinburgh,£1m-£10m,2008,Bootstrapped,HubSpot,£5k-£25k,"[""Google Ads"", ""Meta Ads""]",True,8,northwind-consulting.example,True
Valley Shipping Ltd,valley-shipping.example,Logistics,51-200,UK,Bristol,£50m-£250m,2004,Series A,HubSpot,£5k-£25k,"[""Google Ads"", ""Meta Ads""]",True,13,valley-shipping.example,True
Norfolk Accountants BV,norfolk-accountants.example,Professional services,1000+,NL,Rotterdam,£250m+,2016,Series C+,Salesforce,£25k-£100k,"[""Google Ads"", ""LinkedIn Ads"", ""Meta Ads""]",True,67,norfolk-accountants.example,True
Lindenwood Learning Ltd,lindenwood-learning.example,Education,1000+,UK,Bristol,£250m+,1998,Series C+,Salesforce,£25k-£100k,"[""Google Ads"", ""LinkedIn Ads"", ""Meta Ads""]",True,81,lindenwood-learning.example,True
Zephyr Care Inc,zephyr-care.example,Healthcare,201-1000,US,Chicago,£50m-£250m,2020,Series C+,HubSpot,none,[],True,14,zephyr-care.example,True
Pinecrest Logistics SAS,pinecrest-logistics.example,Logistics,1-10,FR,Paris,under £1m,2019,Bootstrapped,Spreadsheet,under £5k,"[""Microsoft Ads""]",False,0,pinecrest-logistics.example,True
Tamarind Tutors Inc,tamarind-tutors.example,Education,11-50,US,Austin,£1m-£10m,2024,Seed,Salesforce,£5k-£25k,"[""Google Ads"", ""Meta Ads""]",False,0,tamarind-tutors.example,True
Highgate Advisory BV,highgate-advisory.example,Professional services,11-50,NL,Rotterdam,£1m-£10m,2002,Bootstrapped,No CRM,under £5k,"[""LinkedIn Ads""]",True,6,highgateadvi-group.example,False
Ironbridge Transport Ltd,ironbridge-transport.example,Logistics,1-10,UK,Bristol,under £1m,2005,Bootstrapped,HubSpot,under £5k,"[""TikTok Ads""]",False,0,ironbridgetran-group.example,False
Kingsway Market Ltd,kingsway-market.example,Retail,51-200,UK,Birmingham,£10m-£50m,1996,Series A,HubSpot,£5k-£25k,"[""Meta Ads"", ""TikTok Ads""]",False,0,kingsway-market.example,True
Pennine Finance Ltd,pennine-finance.example,Financial services,11-50,UK,Leeds,£1m-£10m,2008,Seed,Spreadsheet,£5k-£25k,"[""Google Ads"", ""LinkedIn Ads""]",False,0,penninefina-group.example,False
Redwood Dental Inc,redwood-dental.example,Healthcare,201-1000,US,Seattle,£50m-£250m,1975,Bootstrapped,Salesforce,£25k-£100k,"[""Google Ads"", ""Meta Ads"", ""Microsoft Ads""]",True,17,redwood-dental.example,True
Redwood Retail Ltd,redwood-retail.example,Retail,11-50,UK,Leeds,£1m-£10m,2013,Seed,No CRM,£5k-£25k,"[""Meta Ads"", ""Microsoft Ads""]",False,0,redwood-retail.example,True
Beacon Accountants SAS,beacon-accountants.example,Professional services,11-50,FR,Paris,£1m-£10m,1995,Series A,Spreadsheet,£5k-£25k,"[""Meta Ads"", ""Microsoft Ads""]",False,0,beacon-accountants.example,True
Elmstead Advisory SAS,elmstead-advisory.example,Professional services,11-50,FR,Lille,£1m-£10m,2011,Bootstrapped,Spreadsheet,none,[],False,0,elmsteadadvi-group.example,False
Foxglove Tutors BV,foxglove-tutors.example,Education,11-50,NL,Rotterdam,£1m-£10m,1997,Series A,Spreadsheet,under £5k,"[""LinkedIn Ads""]",True,5,foxglove-tutors.example,True
Beacon Digital Ltd,beacon-digital.example,Software,11-50,UK,Bristol,£1m-£10m,2017,Series A,Pipedrive,£5k-£25k,"[""Google Ads"", ""Meta Ads""]",False,0,beacon-digital.example,True
Hawthorn Stores BV,hawthorn-stores.example,Retail,1-10,NL,Utrecht,under £1m,2008,Bootstrapped,HubSpot,under £5k,"[""TikTok Ads""]",False,0,hawthorn-stores.example,True
Umber Freight Inc,umber-freight.example,Logistics,1-10,US,Chicago,under £1m,1995,Seed,Pipedrive,under £5k,"[""LinkedIn Ads""]",True,3,umber-freight.example,True
Driftwood Pharma Inc,driftwood-pharma.example,Healthcare,11-50,US,Chicago,£1m-£10m,2005,Bootstrapped,Pipedrive,£5k-£25k,"[""Google Ads"", ""Microsoft Ads""]",False,0,driftwood-pharma.example,True
Jasper College SAS,jasper-college.example,Education,201-1000,FR,Paris,£50m-£250m,1980,Bootstrapped,Salesforce,£100k+,"[""Google Ads"", ""LinkedIn Ads"", ""Meta Ads"", ""TikTok Ads""]",True,20,jaspercoll-group.example,False
Oldfield Goods GmbH,oldfield-goods.example,Retail,51-200,DE,Frankfurt,£10m-£50m,2022,Series B,Salesforce,£25k-£100k,"[""Google Ads"", ""Meta Ads"", ""Microsoft Ads""]",False,0,oldfield-goods.example,True
Lindenwood Digital Inc,lindenwood-digital.example,Software,201-1000,US,Boston,£50m-£250m,2023,Bootstrapped,Spreadsheet,£25k-£100k,"[""Google Ads"", ""Meta Ads"", ""TikTok Ads""]",True,28,lindenwood-digital.example,True
Highgate Dental Inc,highgate-dental.example,Healthcare,1-10,US,Seattle,under £1m,2010,Bootstrapped,Pipedrive,£25k-£100k,"[""Google Ads"", ""Meta Ads"", ""Microsoft Ads""]",False,0,highgate-dental.example,True
Thornbury Training GmbH,thornbury-training.example,Education,11-50,DE,Hamburg,£1m-£10m,2001,Bootstrapped,No CRM,£5k-£25k,"[""Google Ads"", ""Meta Ads""]",False,0,thornbury-training.example,True
Quartz Systems BV,quartz-systems.example,Software,201-1000,NL,Eindhoven,£50m-£250m,2014,Bootstrapped,Salesforce,£5k-£25k,"[""Google Ads"", ""Meta Ads""]",True,23,quartz-systems.example,True
Marigold Systems Inc,marigold-systems.example,Software,1-10,US,San Francisco,under £1m,2007,Seed,HubSpot,none,[],False,0,marigold-systems.example,True
Falcon Advisory Ltd,falcon-advisory.example,Professional services,1-10,UK,London,under £1m,2006,Bootstrapped,HubSpot,none,[],False,0,falcon-advisory.example,True
Highgate Transport Ltd,highgate-transport.example,Logistics,201-1000,UK,Bristol,£50m-£250m,1990,Bootstrapped,Salesforce,£5k-£25k,"[""Google Ads"", ""Meta Ads""]",True,24,highgate-transport.example,True
Orchard Finance Ltd,orchard-finance.example,Financial services,51-200,UK,Bristol,£10m-£50m,2020,Series A,Salesforce,£5k-£25k,"[""Google Ads"", ""LinkedIn Ads""]",True,10,orchard-finance.example,True
Harbour Software SAS,harbour-software.example,Software,1-10,FR,Lyon,£1m-£10m,2001,Seed,Spreadsheet,£25k-£100k,"[""Google Ads"", ""Meta Ads"", ""Microsoft Ads""]",False,0,harbour-software.example,True
Silverline Stores Ltd,silverline-stores.example,Retail,11-50,UK,Bristol,£1m-£10m,2021,Bootstrapped,HubSpot,under £5k,"[""Google Ads""]",True,4,silverlinestor-group.example,False
Greystone Pharma Inc,greystone-pharma.example,Healthcare,11-50,US,Chicago,£1m-£10m,2021,Series A,Salesforce,under £5k,"[""Microsoft Ads""]",True,5,greystone-pharma.example,True
Brightwater Learning SAS,brightwater-learning.example,Education,201-1000,FR,Toulouse,£50m-£250m,2004,Series B,Salesforce,£5k-£25k,"[""LinkedIn Ads"", ""Meta Ads""]",True,16,brightwaterlear-group.example,False
Kestrel Goods GmbH,kestrel-goods.example,Retail,51-200,DE,Frankfurt,£10m-£50m,2010,Series A,Salesforce,£100k+,"[""Google Ads"", ""LinkedIn Ads"", ""Meta Ads"", ""Microsoft Ads""]",True,6,kestrel-goods.example,True
Riverside Components Inc,riverside-components.example,Manufacturing,11-50,US,Boston,£1m-£10m,2001,Bootstrapped,Spreadsheet,under £5k,"[""Microsoft Ads""]",False,0,riversidecomp-group.example,False
Nimbus Finance Ltd,nimbus-finance.example,Financial services,51-200,UK,Edinburgh,£10m-£50m,2017,Bootstrapped,Pipedrive,£25k-£100k,"[""Google Ads"", ""LinkedIn Ads"", ""TikTok Ads""]",True,7,nimbus-finance.example,True
Beacon Transport GmbH,beacon-transport.example,Logistics,1-10,DE,Munich,under £1m,2015,Seed,HubSpot,under £5k,"[""Google Ads""]",False,0,beacon-transport.example,True
Cobalt Engineering Inc,cobalt-engineering.example,Manufacturing,11-50,US,San Francisco,£1m-£10m,2012,Series B,HubSpot,£5k-£25k,"[""Google Ads"", ""LinkedIn Ads""]",True,4,cobalt-engineering.example,True
Northwind Pharma Inc,northwind-pharma.example,Healthcare,1-10,US,Seattle,under £1m,2013,Bootstrapped,No CRM,none,[],False,0,northwind-pharma.example,True
Rosewood Capital Ltd,rosewood-capital.example,Financial services,51-200,UK,Leeds,£10m-£50m,2006,Series B,Salesforce,£5k-£25k,"[""Google Ads"", ""LinkedIn Ads""]",True,7,rosewoodcapi-group.example,False
Silverline Goods Ltd,silverline-goods.example,Retail,11-50,UK,London,£1m-£10m,2017,Series B,HubSpot,£25k-£100k,"[""Google Ads"", ""Meta Ads"", ""Microsoft Ads""]",False,0,silverline-goods.example,True
Kestrel Retail Ltd,kestrel-retail.example,Retail,11-50,UK,Bristol,£1m-£10m,2019,Bootstrapped,HubSpot,none,[],True,6,kestrelreta-group.example,False
Tamarind Wealth Ltd,tamarind-wealth.example,Financial services,1-10,UK,Leeds,under £1m,2010,Bootstrapped,HubSpot,under £5k,"[""Google Ads""]",False,0,tamarind-wealth.example,True
Umber Legal Ltd,umber-legal.example,Professional services,1-10,UK,Birmingham,under £1m,2017,Bootstrapped,Spreadsheet,under £5k,"[""LinkedIn Ads""]",False,0,umberlega-group.example,False
Juniper Finance Inc,juniper-finance.example,Financial services,1-10,US,Boston,under £1m,2024,Seed,Spreadsheet,none,[],False,0,juniper-finance.example,True
Granite Outfitters Inc,granite-outfitters.example,Retail,1000+,US,New York,£250m+,1999,Public,Salesforce,£100k+,"[""Google Ads"", ""Meta Ads"", ""Microsoft Ads"", ""TikTok Ads""]",True,67,granite-outfitters.example,True
Cedar Consulting Inc,cedar-consulting.example,Professional services,11-50,US,Seattle,£1m-£10m,2021,Bootstrapped,Pipedrive,under £5k,"[""Google Ads""]",True,1,cedarcons-group.example,False
Thornbury Freight Inc,thornbury-freight.example,Logistics,51-200,US,New York,£10m-£50m,2009,Series A,No CRM,£5k-£25k,"[""LinkedIn Ads"", ""TikTok Ads""]",True,6,thornburyfrei-group.example,False
Moorland Cloud Ltd,moorland-cloud.example,Software,1000+,UK,Bristol,£250m+,2011,Series C+,Salesforce,£25k-£100k,"[""LinkedIn Ads"", ""Meta Ads"", ""Microsoft Ads""]",False,0,moorland-cloud.example,True
Driftwood Retail Ltd,driftwood-retail.example,Retail,201-1000,UK,Birmingham,£50m-£250m,1996,Series B,Salesforce,none,[],False,0,driftwood-retail.example,True
Ashford Recruitment Inc,ashford-recruitment.example,Professional services,201-1000,US,Austin,£50m-£250m,1981,Bootstrapped,Salesforce,under £5k,"[""Microsoft Ads""]",True,25,ashford-recruitment.example,True
Norfolk Goods Ltd,norfolk-goods.example,Retail,1000+,UK,Bristol,£250m+,1981,Private equity,Salesforce,£25k-£100k,"[""Google Ads"", ""LinkedIn Ads"", ""Meta Ads""]",True,61,norfolk-goods.example,True
Willow Transport SAS,willow-transport.example,Logistics,51-200,FR,Paris,£10m-£50m,2008,Series B,HubSpot,£25k-£100k,"[""LinkedIn Ads"", ""Meta Ads"", ""Microsoft Ads""]",False,0,willow-transport.example,True
Silverline Care SAS,silverline-care.example,Healthcare,201-1000,FR,Paris,£50m-£250m,2024,Series B,Salesforce,under £5k,"[""Google Ads""]",False,0,silverlinecare-group.example,False
Pinecrest Clinics Ltd,pinecrest-clinics.example,Healthcare,11-50,UK,Bristol,£1m-£10m,2001,Seed,Pipedrive,£5k-£25k,"[""Google Ads"", ""Microsoft Ads""]",False,0,pinecrest-clinics.example,True
Harbour Tutors GmbH,harbour-tutors.example,Education,51-200,DE,Berlin,£10m-£50m,2024,Series B,Salesforce,under £5k,"[""Microsoft Ads""]",False,0,harbour-tutors.example,True
Glenmoor Cloud Inc,glenmoor-cloud.example,Software,11-50,US,Seattle,£1m-£10m,2006,Bootstrapped,No CRM,under £5k,"[""TikTok Ads""]",False,0,glenmoor-cloud.example,True
Lantern Transport Ltd,lantern-transport.example,Logistics,1-10,UK,Edinburgh,under £1m,2000,Bootstrapped,Spreadsheet,under £5k,"[""LinkedIn Ads""]",False,0,lantern-transport.example,True
Cedar Insurance Inc,cedar-insurance.example,Financial services,201-1000,US,Seattle,£10m-£50m,2019,Bootstrapped,Pipedrive,under £5k,"[""Microsoft Ads""]",True,22,cedar-insurance.example,True
Dovecote Goods Ltd,dovecote-goods.example,Retail,201-1000,UK,Birmingham,£50m-£250m,1971,Series C+,Salesforce,under £5k,"[""Google Ads""]",True,32,dovecote-goods.example,True
Ivywood Associates BV,ivywood-associates.example,Professional services,1-10,NL,Rotterdam,under £1m,2024,Bootstrapped,Spreadsheet,under £5k,"[""Meta Ads""]",False,0,ivywood-associates.example,True
Yarrow Training Inc,yarrow-training.example,Education,11-50,US,Seattle,£10m-£50m,1996,Series A,No CRM,none,[],False,0,yarrow-training.example,True
Granite Digital Ltd,granite-digital.example,Software,1-10,UK,Manchester,under £1m,2002,Seed,HubSpot,under £5k,"[""Meta Ads""]",False,0,granitedigi-group.example,False
Quartz Outfitters Inc,quartz-outfitters.example,Retail,11-50,US,New York,£1m-£10m,2011,Seed,Pipedrive,under £5k,"[""Google Ads""]",True,7,quartzoutf-group.example,False
Umber Insurance Inc,umber-insurance.example,Financial services,51-200,US,San Francisco,£10m-£50m,2003,Bootstrapped,Salesforce,£5k-£25k,"[""Google Ads"", ""LinkedIn Ads""]",True,15,umber-insurance.example,True
Greystone Engineering Inc,greystone-engineering.example,Manufacturing,201-1000,US,Chicago,£50m-£250m,2004,Bootstrapped,Salesforce,£25k-£100k,"[""Google Ads"", ""LinkedIn Ads"", ""Meta Ads""]",False,0,greystone-engineering.example,True
Kingsway Fabrication Ltd,kingsway-fabrication.example,Manufacturing,1-10,UK,London,under £1m,2019,Seed,Pipedrive,none,[],False,0,kingsway-fabrication.example,True
Pebble Wealth Ltd,pebble-wealth.example,Financial services,11-50,UK,Manchester,£1m-£10m,2000,Bootstrapped,Spreadsheet,under £5k,"[""Google Ads""]",True,4,pebble-wealth.example,True
Driftwood Haulage Inc,driftwood-haulage.example,Logistics,1000+,US,Chicago,£250m+,1979,Private equity,Salesforce,£5k-£25k,"[""Google Ads"", ""Meta Ads""]",True,56,driftwood-haulage.example,True
Bluebell Stores Inc,bluebell-stores.example,Retail,1-10,US,Seattle,under £1m,2004,Bootstrapped,HubSpot,none,[],False,0,bluebell-stores.example,True
Dovecote Finance GmbH,dovecote-finance.example,Financial services,1-10,DE,Frankfurt,under £1m,2019,Seed,HubSpot,£5k-£25k,"[""Google Ads"", ""TikTok Ads""]",False,0,dovecotefina-group.example,False
Harbour Finance Ltd,harbour-finance.example,Financial services,11-50,UK,Bristol,£1m-£10m,1995,Bootstrapped,HubSpot,under £5k,"[""Google Ads""]",False,0,harbour-finance.example,True
Driftwood Works Inc,driftwood-works.example,Manufacturing,11-50,US,Seattle,£1m-£10m,2013,Bootstrapped,Spreadsheet,£25k-£100k,"[""Google Ads"", ""Meta Ads"", ""Microsoft Ads""]",False,0,driftwoodwork-group.example,False
Kestrel Learning GmbH,kestrel-learning.example,Education,51-200,DE,Munich,£10m-£50m,2013,Series A,Pipedrive,£25k-£100k,"[""Google Ads"", ""LinkedIn Ads"", ""Meta Ads""]",False,0,kestrel-learning.example,True
Pinecrest Advisory Inc,pinecrest-advisory.example,Professional services,11-50,US,New York,£1m-£10m,2001,Series A,No CRM,under £5k,"[""TikTok Ads""]",False,0,pinecrest-advisory.example,True
Foxglove Wealth Inc,foxglove-wealth.example,Financial services,11-50,US,Chicago,under £1m,2002,Bootstrapped,Spreadsheet,under £5k,"[""Google Ads""]",False,0,foxgloveweal-group.example,False
Brightwater Couriers Ltd,brightwater-couriers.example,Logistics,1-10,UK,Birmingham,under £1m,2024,Seed,HubSpot,under £5k,"[""LinkedIn Ads""]",True,1,brightwater-couriers.example,True
Harbour Associates SAS,harbour-associates.example,Professional services,11-50,FR,Lyon,£1m-£10m,2014,Bootstrapped,HubSpot,£25k-£100k,"[""Google Ads"", ""LinkedIn Ads"", ""Microsoft Ads""]",False,0,harbour-associates.example,True
Oldfield Training Ltd,oldfield-training.example,Education,11-50,UK,London,£1m-£10m,2003,Seed,HubSpot,£5k-£25k,"[""Meta Ads"", ""Microsoft Ads""]",False,0,oldfield-training.example,True
Moorland Stores GmbH,moorland-stores.example,Retail,11-50,DE,Hamburg,£10m-£50m,2014,Seed,HubSpot,£5k-£25k,"[""Google Ads"", ""Meta Ads""]",False,0,moorland-stores.example,True
Tidewater Advisory Ltd,tidewater-advisory.example,Professional services,1-10,UK,Leeds,under £1m,2004,Bootstrapped,Pipedrive,under £5k,"[""TikTok Ads""]",True,1,tidewater-advisory.example,True
Cedar Components BV,cedar-components.example,Manufacturing,51-200,NL,Rotterdam,£10m-£50m,2021,Series B,HubSpot,£5k-£25k,"[""Google Ads"", ""Meta Ads""]",True,9,cedar-components.example,True
Bramble Tutors BV,bramble-tutors.example,Education,1000+,NL,Rotterdam,£250m+,2005,Series C+,Salesforce,£5k-£25k,"[""Google Ads"", ""Microsoft Ads""]",True,64,bramble-tutors.example,True
Driftwood Couriers Inc,driftwood-couriers.example,Logistics,201-1000,US,San Francisco,£50m-£250m,2020,Private equity,Salesforce,none,[],False,0,driftwoodcour-group.example,False
Upland Data SAS,upland-data.example,Software,201-1000,FR,Lyon,£50m-£250m,1974,Series B,Spreadsheet,£25k-£100k,"[""Google Ads"", ""LinkedIn Ads"", ""Meta Ads""]",True,21,upland-data.example,True
Emberly Care BV,emberly-care.example,Healthcare,1-10,NL,Eindhoven,under £1m,2005,Bootstrapped,HubSpot,under £5k,"[""Meta Ads""]",True,1,emberlycare-group.example,False
Upland Dental Inc,upland-dental.example,Healthcare,201-1000,US,Austin,£50m-£250m,2021,Series C+,Salesforce,£5k-£25k,"[""LinkedIn Ads"", ""Microsoft Ads""]",False,0,upland-dental.example,True
Aurora Recruitment BV,aurora-recruitment.example,Professional services,11-50,NL,Utrecht,£1m-£10m,1998,Bootstrapped,HubSpot,under £5k,"[""TikTok Ads""]",True,3,aurorarecr-group.example,False
Ashford Market GmbH,ashford-market.example,Retail,201-1000,DE,Berlin,£50m-£250m,1978,Series B,Salesforce,£25k-£100k,"[""LinkedIn Ads"", ""Microsoft Ads"", ""TikTok Ads""]",False,0,ashford-market.example,True
Falcon Capital BV,falcon-capital.example,Financial services,1-10,NL,Rotterdam,£1m-£10m,2018,Bootstrapped,Pipedrive,under £5k,"[""Microsoft Ads""]",False,0,falcon-capital.example,True
Pebble Education Ltd,pebble-education.example,Education,201-1000,UK,London,£50m-£250m,1973,Private equity,Salesforce,£100k+,"[""Google Ads"", ""LinkedIn Ads"", ""Meta Ads"", ""Microsoft Ads""]",False,0,pebbleeduc-group.example,False
Northwind Tutors SAS,northwind-tutors.example,Education,201-1000,FR,Paris,£50m-£250m,1985,Series C+,Salesforce,£25k-£100k,"[""Google Ads"", ""Microsoft Ads"", ""TikTok Ads""]",True,27,northwind-tutors.example,True
Norfolk Consulting BV,norfolk-consulting.example,Professional services,51-200,NL,Eindhoven,£10m-£50m,2001,Series A,HubSpot,£5k-£25k,"[""LinkedIn Ads"", ""Microsoft Ads""]",True,5,norfolk-consulting.example,True
Silverline Manufacturing Ltd,silverline-manufacturing.example,Manufacturing,11-50,UK,Manchester,£1m-£10m,2014,Seed,HubSpot,£5k-£25k,"[""Google Ads"", ""LinkedIn Ads""]",False,0,silverline-manufacturing.example,True
Upland Associates Ltd,upland-associates.example,Professional services,1000+,UK,Manchester,£250m+,1985,Series C+,Pipedrive,£25k-£100k,"[""Google Ads"", ""LinkedIn Ads"", ""Meta Ads""]",True,75,upland-associates.example,True
Jasper Engineering GmbH,jasper-engineering.example,Manufacturing,11-50,DE,Berlin,£1m-£10m,2012,Bootstrapped,HubSpot,none,[],False,0,jasper-engineering.example,True
Bramble Manufacturing Ltd,bramble-manufacturing.example,Manufacturing,1-10,UK,Manchester,under £1m,2005,Seed,Spreadsheet,under £5k,"[""Google Ads""]",False,0,bramble-manufacturing.example,True
Stonebridge Data Inc,stonebridge-data.example,Software,1-10,US,Austin,under £1m,1998,Series A,Spreadsheet,£5k-£25k,"[""Google Ads"", ""LinkedIn Ads""]",False,0,stonebridge-data.example,True
Clearwater Legal GmbH,clearwater-legal.example,Professional services,1-10,DE,Berlin,under £1m,2002,Bootstrapped,No CRM,none,[],False,0,clearwater-legal.example,True
Ashford Learning Ltd,ashford-learning.example,Education,1-10,UK,Bristol,under £1m,2018,Bootstrapped,Spreadsheet,none,[],True,3,ashfordlear-group.example,False
Norfolk Logistics Ltd,norfolk-logistics.example,Logistics,1000+,UK,London,£250m+,1978,Public,Salesforce,£25k-£100k,"[""Google Ads"", ""Meta Ads"", ""Microsoft Ads""]",True,67,norfolk-logistics.example,True
Greystone Health SAS,greystone-health.example,Healthcare,1-10,FR,Paris,under £1m,2012,Bootstrapped,HubSpot,none,[],False,0,greystoneheal-group.example,False
Bramble Systems BV,bramble-systems.example,Software,11-50,NL,Amsterdam,£1m-£10m,2016,Seed,HubSpot,under £5k,"[""Google Ads""]",False,0,bramble-systems.example,True
Clearwater Finance SAS,clearwater-finance.example,Financial services,11-50,FR,Lille,£1m-£10m,2017,Seed,Spreadsheet,£5k-£25k,"[""Google Ads"", ""LinkedIn Ads""]",False,0,clearwater-finance.example,True
Westbrook Outfitters SAS,westbrook-outfitters.example,Retail,1-10,FR,Lyon,£1m-£10m,2011,Seed,HubSpot,under £5k,"[""Google Ads""]",False,0,westbrookoutf-group.example,False
Dunmore Dental Inc,dunmore-dental.example,Healthcare,51-200,US,Austin,£10m-£50m,2023,Series A,Pipedrive,£25k-£100k,"[""Google Ads"", ""Meta Ads"", ""Microsoft Ads""]",False,0,dunmore-dental.example,True
Alder Wealth Ltd,alder-wealth.example,Financial services,1-10,UK,Leeds,under £1m,2012,Seed,Pipedrive,under £5k,"[""Meta Ads""]",False,0,alder-wealth.example,True
Riverside Cloud GmbH,riverside-cloud.example,Software,1-10,DE,Hamburg,under £1m,2015,Bootstrapped,Pipedrive,none,[],True,2,riverside-cloud.example,True
Oakridge Stores Inc,oakridge-stores.example,Retail,11-50,US,Austin,£1m-£10m,1999,Bootstrapped,Pipedrive,£25k-£100k,"[""Google Ads"", ""LinkedIn Ads"", ""Meta Ads""]",True,6,oakridge-stores.example,True
Bluebell Engineering Ltd,bluebell-engineering.example,Manufacturing,51-200,UK,London,£10m-£50m,1996,Bootstrapped,Salesforce,£100k+,"[""Google Ads"", ""LinkedIn Ads"", ""Meta Ads"", ""Microsoft Ads""]",True,11,bluebellengi-group.example,False
Northwind Fabrication BV,northwind-fabrication.example,Manufacturing,51-200,NL,Amsterdam,£10m-£50m,1999,Series B,HubSpot,none,[],False,0,northwind-fabrication.example,True
Jasper Lending Inc,jasper-lending.example,Financial services,51-200,US,Boston,£10m-£50m,2008,Series A,HubSpot,£5k-£25k,"[""LinkedIn Ads"", ""Meta Ads""]",False,0,jasper-lending.example,True
Brightwater Retail Ltd,brightwater-retail.example,Retail,51-200,UK,Birmingham,£10m-£50m,2006,Private equity,Salesforce,£5k-£25k,"[""Google Ads"", ""LinkedIn Ads""]",False,0,brightwaterreta-group.example,False
Falcon Retail Ltd,falcon-retail.example,Retail,11-50,UK,Birmingham,£1m-£10m,2015,Bootstrapped,HubSpot,none,[],True,6,falcon-retail.example,True
Bramble Wealth SAS,bramble-wealth.example,Financial services,1-10,FR,Toulouse,under £1m,2003,Bootstrapped,Pipedrive,none,[],False,0,bramble-wealth.example,True
Tidewater Associates GmbH,tidewater-associates.example,Professional services,11-50,DE,Berlin,£1m-£10m,1995,Bootstrapped,HubSpot,£5k-£25k,"[""Google Ads"", ""Meta Ads""]",False,0,tidewater-associates.example,True
Elmstead College Inc,elmstead-college.example,Education,1-10,US,Chicago,under £1m,2007,Bootstrapped,Spreadsheet,none,[],False,0,elmstead-college.example,True
Brightwater Manufacturing Ltd,brightwater-manufacturing.example,Manufacturing,11-50,UK,Manchester,£1m-£10m,2022,Seed,Salesforce,none,[],False,0,brightwater-manufacturing.example,True
Vantage Wealth Ltd,vantage-wealth.example,Financial services,201-1000,UK,Bristol,£50m-£250m,1987,Bootstrapped,HubSpot,£100k+,"[""Google Ads"", ""LinkedIn Ads"", ""Meta Ads"", ""Microsoft Ads""]",True,23,vantage-wealth.example,True
Fernhill Works Ltd,fernhill-works.example,Manufacturing,11-50,UK,Manchester,£1m-£10m,1999,Series A,Pipedrive,£5k-£25k,"[""LinkedIn Ads"", ""Meta Ads""]",True,3,fernhill-works.example,True
Ironbridge Training Ltd,ironbridge-training.example,Education,201-1000,UK,Birmingham,£50m-£250m,1993,Public,HubSpot,£5k-£25k,"[""Google Ads"", ""Meta Ads""]",False,0,ironbridge-training.example,True
Ironbridge Data Ltd,ironbridge-data.example,Software,51-200,UK,Manchester,£10m-£50m,2022,Seed,Salesforce,£5k-£25k,"[""Google Ads"", ""LinkedIn Ads""]",False,0,ironbridge-data.example,True
Kestrel Finance Inc,kestrel-finance.example,Financial services,1-10,US,Chicago,under £1m,2015,Bootstrapped,HubSpot,none,[],True,1,kestrel-finance.example,True
Lantern Associates Ltd,lantern-associates.example,Professional services,1-10,UK,Bristol,under £1m,2019,Seed,Spreadsheet,none,[],True,1,lantern-associates.example,True
Emberly Pharma Ltd,emberly-pharma.example,Healthcare,1-10,UK,Edinburgh,under £1m,2020,Bootstrapped,HubSpot,none,[],True,1,emberly-pharma.example,True
Ironbridge Finance Inc,ironbridge-finance.example,Financial services,1-10,US,Boston,£1m-£10m,2003,Seed,No CRM,under £5k,"[""Microsoft Ads""]",True,2,ironbridgefina-group.example,False
Kestrel Data BV,kestrel-data.example,Software,1-10,NL,Eindhoven,under £1m,2005,Bootstrapped,Spreadsheet,under £5k,"[""Microsoft Ads""]",True,4,kestreldata-group.example,False
Yarrow Couriers BV,yarrow-couriers.example,Logistics,11-50,NL,Rotterdam,£1m-£10m,1999,Seed,HubSpot,under £5k,"[""Microsoft Ads""]",False,0,yarrow-couriers.example,True
Stonebridge Logistics Inc,stonebridge-logistics.example,Logistics,1-10,US,Boston,under £1m,2019,Bootstrapped,HubSpot,under £5k,"[""TikTok Ads""]",False,0,stonebridge-logistics.example,True
Juniper Stores Inc,juniper-stores.example,Retail,1-10,US,Seattle,under £1m,2019,Bootstrapped,Spreadsheet,under £5k,"[""Google Ads""]",False,0,juniper-stores.example,True
Pennine Learning Ltd,pennine-learning.example,Education,201-1000,UK,Manchester,£50m-£250m,1967,Bootstrapped,Salesforce,£25k-£100k,"[""Google Ads"", ""LinkedIn Ads"", ""Meta Ads""]",True,19,penninelear-group.example,False
Kingsway Labs Inc,kingsway-labs.example,Software,1-10,US,Chicago,under £1m,2012,Seed,No CRM,none,[],False,0,kingsway-labs.example,True
Glenmoor Clinics Ltd,glenmoor-clinics.example,Healthcare,201-1000,UK,Bristol,£50m-£250m,2006,Bootstrapped,Salesforce,£5k-£25k,"[""Google Ads"", ""TikTok Ads""]",True,24,glenmoorclin-group.example,False
Vantage Logistics Ltd,vantage-logistics.example,Logistics,201-1000,UK,Manchester,£50m-£250m,1999,Bootstrapped,No CRM,£100k+,"[""Google Ads"", ""LinkedIn Ads"", ""Meta Ads"", ""Microsoft Ads""]",False,0,vantagelogi-group.example,False
Ivywood Legal Ltd,ivywood-legal.example,Professional services,201-1000,UK,Leeds,£50m-£250m,1993,Private equity,Spreadsheet,£5k-£25k,"[""Google Ads"", ""TikTok Ads""]",False,0,ivywood-legal.example,True
Dunmore Haulage BV,dunmore-haulage.example,Logistics,51-200,NL,Amsterdam,£50m-£250m,1999,Bootstrapped,Pipedrive,£5k-£25k,"[""Google Ads"", ""Meta Ads""]",False,0,dunmore-haulage.example,True
Quayside Labs Inc,quayside-labs.example,Software,51-200,US,San Francisco,£50m-£250m,2020,Series B,Salesforce,£5k-£25k,"[""LinkedIn Ads"", ""Meta Ads""]",False,0,quayside-labs.example,True
Driftwood College Ltd,driftwood-college.example,Education,11-50,UK,Leeds,£10m-£50m,2009,Bootstrapped,HubSpot,£5k-£25k,"[""Google Ads"", ""Meta Ads""]",True,5,driftwood-college.example,True
Norfolk Retail SAS,norfolk-retail.example,Retail,11-50,FR,Lille,under £1m,2016,Series A,HubSpot,£5k-£25k,"[""Google Ads"", ""TikTok Ads""]",False,0,norfolk-retail.example,True
Heron Finance SAS,heron-finance.example,Financial services,1-10,FR,Lille,under £1m,1999,Seed,Spreadsheet,under £5k,"[""Meta Ads""]",False,0,heron-finance.example,True
Brightwater Associates Ltd,brightwater-associates.example,Professional services,51-200,UK,Birmingham,£10m-£50m,2015,Bootstrapped,No CRM,£5k-£25k,"[""Google Ads"", ""Meta Ads""]",False,0,brightwater-associates.example,True
Jasper Works Ltd,jasper-works.example,Manufacturing,11-50,UK,Birmingham,£10m-£50m,2007,Series B,HubSpot,£5k-£25k,"[""Meta Ads"", ""Microsoft Ads""]",True,2,jasper-works.example,True
Northwind Insurance Ltd,northwind-insurance.example,Financial services,1000+,UK,Bristol,£250m+,1994,Private equity,Salesforce,£100k+,"[""Google Ads"", ""LinkedIn Ads"", ""Meta Ads"", ""Microsoft Ads""]",False,0,northwind-insurance.example,True
Pinecrest Labs Inc,pinecrest-labs.example,Software,51-200,US,New York,£10m-£50m,2000,Series B,HubSpot,£100k+,"[""Google Ads"", ""LinkedIn Ads"", ""Meta Ads"", ""Microsoft Ads""]",True,8,pinecrest-labs.example,True
Umber Recruitment Inc,umber-recruitment.example,Professional services,1-10,US,New York,under £1m,2014,Seed,Spreadsheet,none,[],False,0,umber-recruitment.example,True
Nimbus Haulage Inc,nimbus-haulage.example,Logistics,11-50,US,Seattle,£1m-£10m,2009,Series A,HubSpot,under £5k,"[""Google Ads""]",False,0,nimbushaul-group.example,False
Brightwater Legal Inc,brightwater-legal.example,Professional services,11-50,US,Chicago,£1m-£10m,1995,Series A,Spreadsheet,under £5k,"[""Meta Ads""]",False,0,brightwater-legal.example,True
Zephyr Couriers GmbH,zephyr-couriers.example,Logistics,1-10,DE,Hamburg,under £1m,1995,Seed,Spreadsheet,none,[],False,0,zephyr-couriers.example,True
Ironbridge Lending Inc,ironbridge-lending.example,Financial services,11-50,US,Boston,£1m-£10m,2021,Bootstrapped,Salesforce,none,[],False,0,ironbridge-lending.example,True
Kingsway Data Ltd,kingsway-data.example,Software,51-200,UK,Leeds,£10m-£50m,2023,Seed,Spreadsheet,£5k-£25k,"[""Meta Ads"", ""TikTok Ads""]",False,0,kingswaydata-group.example,False
Jasper Medical Ltd,jasper-medical.example,Healthcare,1-10,UK,Bristol,under £1m,1998,Seed,Spreadsheet,none,[],False,0,jasper-medical.example,True
Larkspur Advisory Inc,larkspur-advisory.example,Professional services,1-10,US,New York,under £1m,2002,Bootstrapped,Spreadsheet,none,[],False,0,larkspur-advisory.example,True
Beacon Wealth Ltd,beacon-wealth.example,Financial services,1-10,UK,London,under £1m,2009,Seed,Pipedrive,none,[],False,0,beacon-wealth.example,True
Meridian Tutors Ltd,meridian-tutors.example,Education,201-1000,UK,Leeds,£50m-£250m,2003,Series B,Salesforce,under £5k,"[""LinkedIn Ads""]",False,0,meridian-tutors.example,True
Fernhill Stores Inc,fernhill-stores.example,Retail,51-200,US,Austin,£10m-£50m,2022,Series C+,Pipedrive,£5k-£25k,"[""Google Ads"", ""Microsoft Ads""]",True,9,fernhill-stores.example,True
Dunmore Engineering Ltd,dunmore-engineering.example,Manufacturing,51-200,UK,Bristol,£10m-£50m,1998,Bootstrapped,Pipedrive,£5k-£25k,"[""LinkedIn Ads"", ""Meta Ads""]",True,11,dunmore-engineering.example,True
Inkwell College GmbH,inkwell-college.example,Education,11-50,DE,Berlin,£1m-£10m,2023,Seed,Pipedrive,under £5k,"[""Microsoft Ads""]",True,7,inkwell-college.example,True
Cobalt Clinics Inc,cobalt-clinics.example,Healthcare,1-10,US,Austin,under £1m,1996,Seed,Pipedrive,under £5k,"[""Google Ads""]",False,0,cobalt-clinics.example,True
Falcon Engineering GmbH,falcon-engineering.example,Manufacturing,1-10,DE,Berlin,under £1m,1997,Bootstrapped,HubSpot,none,[],False,0,falcon-engineering.example,True
Nettlefield Goods Inc,nettlefield-goods.example,Retail,11-50,US,New York,£1m-£10m,2021,Bootstrapped,Spreadsheet,£5k-£25k,"[""LinkedIn Ads"", ""Microsoft Ads""]",False,0,nettlefield-goods.example,True
Jasper Stores Inc,jasper-stores.example,Retail,11-50,US,Seattle,£1m-£10m,2006,Bootstrapped,Salesforce,£5k-£25k,"[""LinkedIn Ads"", ""Meta Ads""]",False,0,jasper-stores.example,True
Beacon Partners Inc,beacon-partners.example,Financial services,1000+,US,New York,£250m+,1981,Bootstrapped,Salesforce,£25k-£100k,"[""Google Ads"", ""LinkedIn Ads"", ""Meta Ads""]",True,65,beacon-partners.example,True
Kestrel College SAS,kestrel-college.example,Education,1-10,FR,Paris,under £1m,2022,Bootstrapped,Spreadsheet,none,[],False,0,kestrelcoll-group.example,False
Driftwood Transport SAS,driftwood-transport.example,Logistics,11-50,FR,Toulouse,£1m-£10m,2012,Series A,Pipedrive,under £5k,"[""LinkedIn Ads""]",False,0,driftwood-transport.example,True
Dovecote Couriers Ltd,dovecote-couriers.example,Logistics,11-50,UK,Birmingham,£1m-£10m,2018,Bootstrapped,Pipedrive,under £5k,"[""TikTok Ads""]",True,8,dovecote-couriers.example,True
Foxglove Systems Inc,foxglove-systems.example,Software,51-200,US,Austin,£10m-£50m,2020,Series A,HubSpot,under £5k,"[""LinkedIn Ads""]",True,9,foxglove-systems.example,True
Saltmarsh Academy GmbH,saltmarsh-academy.example,Education,1-10,DE,Munich,under £1m,2018,Bootstrapped,HubSpot,under £5k,"[""Meta Ads""]",True,3,saltmarsh-academy.example,True
Ironbridge Tutors Inc,ironbridge-tutors.example,Education,11-50,US,Seattle,£1m-£10m,1996,Seed,Spreadsheet,none,[],False,0,ironbridge-tutors.example,True
Umber Systems SAS,umber-systems.example,Software,1-10,FR,Paris,under £1m,2014,Bootstrapped,Spreadsheet,£5k-£25k,"[""LinkedIn Ads"", ""Meta Ads""]",False,0,umbersyst-group.example,False
Saltmarsh Retail BV,saltmarsh-retail.example,Retail,1000+,NL,Eindhoven,£250m+,1968,Bootstrapped,Salesforce,£25k-£100k,"[""LinkedIn Ads"", ""Meta Ads"", ""Microsoft Ads""]",False,0,saltmarsh-retail.example,True
Bluebell Finance Ltd,bluebell-finance.example,Financial services,201-1000,UK,Edinburgh,£50m-£250m,1977,Bootstrapped,HubSpot,£5k-£25k,"[""Meta Ads"", ""TikTok Ads""]",True,22,bluebellfina-group.example,False
Northwind Goods Inc,northwind-goods.example,Retail,51-200,US,Chicago,£10m-£50m,2002,Series B,Spreadsheet,£5k-£25k,"[""Google Ads"", ""Meta Ads""]",True,4,northwind-goods.example,True
Stonebridge Retail BV,stonebridge-retail.example,Retail,11-50,NL,Rotterdam,£1m-£10m,2005,Series A,Spreadsheet,£5k-£25k,"[""Meta Ads"", ""Microsoft Ads""]",False,0,stonebridgereta-group.example,False
Upland Cloud Ltd,upland-cloud.example,Software,11-50,UK,Manchester,under £1m,2021,Series A,Spreadsheet,under £5k,"[""TikTok Ads""]",False,0,uplandclou-group.example,False
Yarrow Manufacturing Ltd,yarrow-manufacturing.example,Manufacturing,11-50,UK,Manchester,£1m-£10m,1997,Bootstrapped,HubSpot,none,[],False,0,yarrowmanu-group.example,False
Zephyr Legal Ltd,zephyr-legal.example,Professional services,201-1000,UK,London,£50m-£250m,1966,Series C+,Salesforce,none,[],True,21,zephyr-legal.example,True
Nimbus Advisory Ltd,nimbus-advisory.example,Professional services,1-10,UK,Bristol,under £1m,2020,Seed,HubSpot,none,[],False,0,nimbusadvi-group.example,False
Riverside Recruitment Inc,riverside-recruitment.example,Professional services,51-200,US,New York,£10m-£50m,2021,Series A,Salesforce,under £5k,"[""Meta Ads""]",False,0,riverside-recruitment.example,True
Greystone Software Ltd,greystone-software.example,Software,11-50,UK,Manchester,under £1m,2017,Seed,HubSpot,under £5k,"[""Google Ads""]",False,0,greystone-software.example,True
Nettlefield Finance BV,nettlefield-finance.example,Financial services,51-200,NL,Amsterdam,£10m-£50m,2021,Bootstrapped,Salesforce,£100k+,"[""Google Ads"", ""LinkedIn Ads"", ""Meta Ads"", ""Microsoft Ads""]",True,14,nettlefield-finance.example,True
Upland Clinics Ltd,upland-clinics.example,Healthcare,1-10,UK,Bristol,under £1m,2000,Seed,HubSpot,under £5k,"[""Meta Ads""]",False,0,upland-clinics.example,True
Highgate Couriers Ltd,highgate-couriers.example,Logistics,11-50,UK,Birmingham,£1m-£10m,2020,Series A,HubSpot,£25k-£100k,"[""Google Ads"", ""LinkedIn Ads"", ""Microsoft Ads""]",False,0,highgate-couriers.example,True
Willow Learning Ltd,willow-learning.example,Education,51-200,UK,Manchester,£10m-£50m,2014,Bootstrapped,Spreadsheet,£25k-£100k,"[""Google Ads"", ""LinkedIn Ads"", ""Meta Ads""]",True,13,willow-learning.example,True
Fernhill Care Ltd,fernhill-care.example,Healthcare,1-10,UK,Edinburgh,£1m-£10m,2022,Bootstrapped,No CRM,under £5k,"[""Microsoft Ads""]",False,0,fernhill-care.example,True
Emberly Partners BV,emberly-partners.example,Financial services,1-10,NL,Utrecht,under £1m,2023,Bootstrapped,Spreadsheet,£5k-£25k,"[""Meta Ads"", ""Microsoft Ads""]",False,0,emberly-partners.example,True
Tamarind Insurance Inc,tamarind-insurance.example,Financial services,11-50,US,San Francisco,£1m-£10m,1996,Seed,HubSpot,under £5k,"[""Microsoft Ads""]",True,3,tamarindinsu-group.example,False
Oldfield Digital Ltd,oldfield-digital.example,Software,1-10,UK,London,under £1m,2019,Bootstrapped,No CRM,none,[],False,0,oldfield-digital.example,True
Inkwell Consulting Ltd,inkwell-consulting.example,Professional services,1-10,UK,Leeds,under £1m,2000,Seed,Spreadsheet,under £5k,"[""LinkedIn Ads""]",False,0,inkwell-consulting.example,True
Clearwater Fabrication SAS,clearwater-fabrication.example,Manufacturing,1-10,FR,Lyon,under £1m,2015,Seed,HubSpot,£5k-£25k,"[""LinkedIn Ads"", ""Meta Ads""]",False,0,clearwaterfabr-group.example,False
Lantern Tutors BV,lantern-tutors.example,Education,201-1000,NL,Utrecht,£50m-£250m,2020,Series C+,Salesforce,none,[],False,0,lanterntuto-group.example,False
Upland Consulting Ltd,upland-consulting.example,Professional services,1-10,UK,Manchester,under £1m,2023,Bootstrapped,Pipedrive,under £5k,"[""Google Ads""]",True,3,upland-consulting.example,True
Norfolk Engineering SAS,norfolk-engineering.example,Manufacturing,51-200,FR,Toulouse,£10m-£50m,2014,Series B,HubSpot,£100k+,"[""Google Ads"", ""LinkedIn Ads"", ""Meta Ads"", ""Microsoft Ads""]",False,0,norfolkengi-group.example,False
Falcon Care BV,falcon-care.example,Healthcare,1-10,NL,Amsterdam,under £1m,2006,Bootstrapped,Spreadsheet,none,[],True,4,falconcare-group.example,False
Tidewater Partners SAS,tidewater-partners.example,Financial services,11-50,FR,Toulouse,£1m-£10m,2015,Series A,Spreadsheet,none,[],False,0,tidewater-partners.example,True
Lindenwood Software Ltd,lindenwood-software.example,Software,11-50,UK,Edinburgh,£1m-£10m,1998,Series A,No CRM,under £5k,"[""Microsoft Ads""]",False,0,lindenwood-software.example,True
Umber Digital SAS,umber-digital.example,Software,11-50,FR,Lille,under £1m,2022,Seed,Pipedrive,under £5k,"[""Meta Ads""]",False,0,umberdigi-group.example,False
Foxglove Capital BV,foxglove-capital.example,Financial services,51-200,NL,Amsterdam,£10m-£50m,1998,Series B,Spreadsheet,£25k-£100k,"[""Google Ads"", ""LinkedIn Ads"", ""Meta Ads""]",False,0,foxglove-capital.example,True
Kelvin Cloud Inc,kelvin-cloud.example,Software,1-10,US,New York,under £1m,2023,Seed,Spreadsheet,under £5k,"[""Google Ads""]",False,0,kelvin-cloud.example,True
Granite Goods GmbH,granite-goods.example,Retail,201-1000,DE,Hamburg,£50m-£250m,2012,Series C+,Salesforce,£25k-£100k,"[""LinkedIn Ads"", ""Meta Ads"", ""Microsoft Ads""]",True,20,granite-goods.example,True
Riverside Associates Ltd,riverside-associates.example,Professional services,11-50,UK,Bristol,£1m-£10m,2009,Seed,HubSpot,£5k-£25k,"[""LinkedIn Ads"", ""Microsoft Ads""]",False,0,riverside-associates.example,True
Tidewater Consulting GmbH,tidewater-consulting.example,Professional services,201-1000,DE,Munich,£250m+,1976,Private equity,Salesforce,£25k-£100k,"[""Google Ads"", ""LinkedIn Ads"", ""Meta Ads""]",True,14,tidewater-consulting.example,True
Valley Recruitment Inc,valley-recruitment.example,Professional services,11-50,US,Chicago,£1m-£10m,2015,Series A,Spreadsheet,under £5k,"[""Microsoft Ads""]",True,1,valleyrecr-group.example,False
Highgate Goods BV,highgate-goods.example,Retail,11-50,NL,Eindhoven,£10m-£50m,2004,Series B,Spreadsheet,under £5k,"[""Meta Ads""]",True,2,highgate-goods.example,True
Pennine Insurance GmbH,pennine-insurance.example,Financial services,1000+,DE,Munich,£250m+,2009,Public,Salesforce,£25k-£100k,"[""Google Ads"", ""Microsoft Ads"", ""TikTok Ads""]",True,83,pennine-insurance.example,True
Quartz Dental Ltd,quartz-dental.example,Healthcare,1-10,UK,Edinburgh,under £1m,2006,Bootstrapped,Pipedrive,none,[],False,0,quartzdent-group.example,False
Jasper Software Ltd,jasper-software.example,Software,11-50,UK,Edinburgh,£1m-£10m,2018,Bootstrapped,Spreadsheet,none,[],False,0,jasper-software.example,True
Pebble Shipping Ltd,pebble-shipping.example,Logistics,201-1000,UK,Manchester,£50m-£250m,2015,Public,Salesforce,£100k+,"[""Google Ads"", ""LinkedIn Ads"", ""Meta Ads"", ""Microsoft Ads""]",True,17,pebble-shipping.example,True
Lantern Fabrication BV,lantern-fabrication.example,Manufacturing,51-200,NL,Rotterdam,£10m-£50m,1995,Private equity,Salesforce,under £5k,"[""Google Ads""]",True,6,lantern-fabrication.example,True
Falcon Outfitters Inc,falcon-outfitters.example,Retail,1-10,US,San Francisco,under £1m,2008,Seed,No CRM,none,[],False,0,falcon-outfitters.example,True
Rosewood Shipping Inc,rosewood-shipping.example,Logistics,11-50,US,San Francisco,£1m-£10m,2015,Bootstrapped,Pipedrive,under £5k,"[""Google Ads""]",False,0,rosewood-shipping.example,True
Tidewater Tutors BV,tidewater-tutors.example,Education,51-200,NL,Utrecht,£10m-£50m,2018,Series B,HubSpot,£25k-£100k,"[""Google Ads"", ""LinkedIn Ads"", ""TikTok Ads""]",False,0,tidewatertuto-group.example,False
Clearwater Systems Inc,clearwater-systems.example,Software,1-10,US,Chicago,under £1m,2013,Bootstrapped,HubSpot,£5k-£25k,"[""Google Ads"", ""LinkedIn Ads""]",True,2,clearwatersyst-group.example,False
Larkspur Legal Ltd,larkspur-legal.example,Professional services,1-10,UK,Edinburgh,under £1m,2019,Seed,Spreadsheet,under £5k,"[""LinkedIn Ads""]",False,0,larkspur-legal.example,True
Umber Stores Ltd,umber-stores.example,Retail,11-50,UK,Bristol,£1m-£10m,2005,Bootstrapped,HubSpot,under £5k,"[""TikTok Ads""]",False,0,umber-stores.example,True
Oldfield Capital GmbH,oldfield-capital.example,Financial services,51-200,DE,Berlin,£10m-£50m,1995,Bootstrapped,Pipedrive,£5k-£25k,"[""Google Ads"", ""Microsoft Ads""]",False,0,oldfieldcapi-group.example,False
Harbour Wealth GmbH,harbour-wealth.example,Financial services,11-50,DE,Berlin,£1m-£10m,1996,Series B,No CRM,£5k-£25k,"[""Google Ads"", ""LinkedIn Ads""]",False,0,harbour-wealth.example,True
Silverline Associates Inc,silverline-associates.example,Professional services,1-10,US,San Francisco,£1m-£10m,2018,Bootstrapped,HubSpot,none,[],False,0,silverline-associates.example,True
Emberly Trading Ltd,emberly-trading.example,Retail,1000+,UK,Leeds,£250m+,1986,Public,Salesforce,£100k+,"[""Google Ads"", ""LinkedIn Ads"", ""Meta Ads"", ""TikTok Ads""]",True,81,emberly-trading.example,True
Cobalt Retail Ltd,cobalt-retail.example,Retail,51-200,UK,Manchester,£10m-£50m,2019,Private equity,Pipedrive,under £5k,"[""Meta Ads""]",False,0,cobalt-retail.example,True
Tamarind Retail Ltd,tamarind-retail.example,Retail,1-10,UK,London,under £1m,2002,Series A,HubSpot,under £5k,"[""LinkedIn Ads""]",True,3,tamarind-retail.example,True
Orchard Insurance Inc,orchard-insurance.example,Financial services,201-1000,US,New York,£50m-£250m,2014,Private equity,Salesforce,£5k-£25k,"[""Google Ads"", ""TikTok Ads""]",True,17,orchardinsu-group.example,False
Dovecote Digital Ltd,dovecote-digital.example,Software,51-200,UK,London,£10m-£50m,2003,Series A,HubSpot,£25k-£100k,"[""Google Ads"", ""Meta Ads"", ""Microsoft Ads""]",True,9,dovecotedigi-group.example,False
Tidewater Stores Inc,tidewater-stores.example,Retail,11-50,US,Seattle,£1m-£10m,2007,Series A,HubSpot,under £5k,"[""Microsoft Ads""]",False,0,tidewater-stores.example,True
Dunmore Capital SAS,dunmore-capital.example,Financial services,1-10,FR,Lyon,under £1m,2016,Bootstrapped,No CRM,under £5k,"[""Meta Ads""]",False,0,dunmore-capital.example,True
Oakridge Recruitment BV,oakridge-recruitment.example,Professional services,1-10,NL,Amsterdam,under £1m,2015,Bootstrapped,HubSpot,under £5k,"[""LinkedIn Ads""]",False,0,oakridge-recruitment.example,True
Greystone Advisory Ltd,greystone-advisory.example,Professional services,1-10,UK,London,under £1m,1998,Bootstrapped,HubSpot,£25k-£100k,"[""Google Ads"", ""LinkedIn Ads"", ""Meta Ads""]",False,0,greystone-advisory.example,True
Oakridge Transport Ltd,oakridge-transport.example,Logistics,51-200,UK,Birmingham,£1m-£10m,2023,Series A,Salesforce,none,[],True,9,oakridge-transport.example,True
Ashford Components SAS,ashford-components.example,Manufacturing,201-1000,FR,Lille,£50m-£250m,1988,Series C+,Salesforce,£25k-£100k,"[""Google Ads"", ""LinkedIn Ads"", ""Meta Ads""]",False,0,ashford-components.example,True
Riverside Legal SAS,riverside-legal.example,Professional services,11-50,FR,Paris,£1m-£10m,2023,Bootstrapped,HubSpot,none,[],True,4,riverside-legal.example,True
Elmstead Capital GmbH,elmstead-capital.example,Financial services,1000+,DE,Frankfurt,£250m+,1978,Series B,Salesforce,£25k-£100k,"[""Google Ads"", ""Microsoft Ads"", ""TikTok Ads""]",True,54,elmstead-capital.example,True
Kingsway Associates GmbH,kingsway-associates.example,Professional services,1000+,DE,Berlin,£250m+,1991,Series C+,Pipedrive,£5k-£25k,"[""LinkedIn Ads"", ""Meta Ads""]",True,73,kingswayasso-group.example,False
Greystone Learning Inc,greystone-learning.example,Education,51-200,US,New York,£10m-£50m,2018,Seed,Pipedrive,£5k-£25k,"[""Meta Ads"", ""Microsoft Ads""]",False,0,greystone-learning.example,True
Dunmore Advisory Ltd,dunmore-advisory.example,Professional services,1-10,UK,London,under £1m,1995,Seed,Salesforce,under £5k,"[""Meta Ads""]",False,0,dunmore-advisory.example,True
Alder Learning Ltd,alder-learning.example,Education,11-50,UK,Birmingham,£1m-£10m,2009,Bootstrapped,HubSpot,under £5k,"[""Google Ads""]",False,0,alder-learning.example,True
Cedar Systems Ltd,cedar-systems.example,Software,11-50,UK,Birmingham,£1m-£10m,2015,Bootstrapped,Pipedrive,£5k-£25k,"[""Meta Ads"", ""Microsoft Ads""]",True,5,cedarsyst-group.example,False
Fernhill Transport Ltd,fernhill-transport.example,Logistics,1-10,UK,Edinburgh,under £1m,2012,Bootstrapped,Pipedrive,£25k-£100k,"[""Google Ads"", ""LinkedIn Ads"", ""Microsoft Ads""]",False,0,fernhill-transport.example,True
Marigold Medical SAS,marigold-medical.example,Healthcare,11-50,FR,Paris,£1m-£10m,2011,Seed,HubSpot,under £5k,"[""Google Ads""]",False,0,marigold-medical.example,True
Upland College Inc,upland-college.example,Education,11-50,US,San Francisco,£1m-£10m,2020,Bootstrapped,Spreadsheet,none,[],True,6,upland-college.example,True
Glenmoor Outfitters BV,glenmoor-outfitters.example,Retail,51-200,NL,Utrecht,£10m-£50m,2022,Series A,Spreadsheet,£5k-£25k,"[""LinkedIn Ads"", ""Microsoft Ads""]",False,0,glenmoor-outfitters.example,True
Silverline Insurance Inc,silverline-insurance.example,Financial services,201-1000,US,New York,£50m-£250m,2017,Public,Salesforce,£100k+,"[""Google Ads"", ""LinkedIn Ads"", ""Meta Ads"", ""TikTok Ads""]",True,27,silverlineinsu-group.example,False
Thornbury Care SAS,thornbury-care.example,Healthcare,51-200,FR,Lyon,£10m-£50m,2004,Bootstrapped,No CRM,£5k-£25k,"[""LinkedIn Ads"", ""TikTok Ads""]",False,0,thornbury-care.example,True
Valley Software BV,valley-software.example,Software,201-1000,NL,Rotterdam,£50m-£250m,2004,Series B,Salesforce,£100k+,"[""Google Ads"", ""LinkedIn Ads"", ""Meta Ads"", ""Microsoft Ads""]",False,0,valley-software.example,True
Cobalt Cloud Ltd,cobalt-cloud.example,Software,1-10,UK,Birmingham,under £1m,2007,Seed,Pipedrive,under £5k,"[""LinkedIn Ads""]",True,1,cobalt-cloud.example,True
Nettlefield Digital Ltd,nettlefield-digital.example,Software,11-50,UK,Birmingham,£10m-£50m,2018,Series A,Spreadsheet,under £5k,"[""LinkedIn Ads""]",False,0,nettlefield-digital.example,True
Dovecote Labs Inc,dovecote-labs.example,Software,11-50,US,Seattle,£1m-£10m,2016,Bootstrapped,Spreadsheet,£25k-£100k,"[""Google Ads"", ""LinkedIn Ads"", ""Meta Ads""]",True,1,dovecotelabs-group.example,False
Quartz Market Inc,quartz-market.example,Retail,1-10,US,Boston,under £1m,2019,Seed,Pipedrive,none,[],True,3,quartz-market.example,True
Pennine Capital Inc,pennine-capital.example,Financial services,11-50,US,New York,£1m-£10m,1999,Bootstrapped,HubSpot,£5k-£25k,"[""Google Ads"", ""Meta Ads""]",True,1,pennine-capital.example,True
Tidewater Recruitment Ltd,tidewater-recruitment.example,Professional services,11-50,UK,Edinburgh,under £1m,2010,Bootstrapped,Pipedrive,£5k-£25k,"[""LinkedIn Ads"", ""Meta Ads""]",True,3,tidewater-recruitment.example,True
Brightwater College Ltd,brightwater-college.example,Education,11-50,UK,Leeds,£1m-£10m,2020,Seed,HubSpot,none,[],False,0,brightwater-college.example,True
Cobalt Insurance SAS,cobalt-insurance.example,Financial services,11-50,FR,Toulouse,£1m-£10m,2018,Bootstrapped,Salesforce,none,[],False,0,cobalt-insurance.example,True
Thornbury Haulage Ltd,thornbury-haulage.example,Logistics,1-10,UK,London,under £1m,2000,Bootstrapped,Salesforce,under £5k,"[""Google Ads""]",False,0,thornbury-haulage.example,True
Clearwater Market GmbH,clearwater-market.example,Retail,51-200,DE,Berlin,£50m-£250m,1999,Series A,Salesforce,£5k-£25k,"[""Google Ads"", ""Meta Ads""]",False,0,clearwatermark-group.example,False
Juniper Works Ltd,juniper-works.example,Manufacturing,1-10,UK,Leeds,under £1m,2023,Seed,Spreadsheet,none,[],False,0,juniper-works.example,True
Bramble Software Inc,bramble-software.example,Software,11-50,US,San Francisco,£1m-£10m,2024,Bootstrapped,Salesforce,none,[],True,6,bramble-software.example,True
Yarrow Industries Inc,yarrow-industries.example,Manufacturing,201-1000,US,Boston,£10m-£50m,2000,Bootstrapped,HubSpot,£5k-£25k,"[""Google Ads"", ""Microsoft Ads""]",True,26,yarrow-industries.example,True
Bramble Fabrication GmbH,bramble-fabrication.example,Manufacturing,51-200,DE,Hamburg,£10m-£50m,2003,Bootstrapped,Pipedrive,£5k-£25k,"[""LinkedIn Ads"", ""Meta Ads""]",True,12,bramble-fabrication.example,True
Willow Market Ltd,willow-market.example,Retail,51-200,UK,London,£10m-£50m,2003,Series B,HubSpot,under £5k,"[""Meta Ads""]",False,0,willow-market.example,True
Dovecote Outfitters SAS,dovecote-outfitters.example,Retail,1-10,FR,Lille,under £1m,2024,Bootstrapped,Spreadsheet,under £5k,"[""Google Ads""]",False,0,dovecote-outfitters.example,True
Aurora Couriers Ltd,aurora-couriers.example,Logistics,1000+,UK,Leeds,£250m+,1966,Series B,Salesforce,£100k+,"[""Google Ads"", ""Meta Ads"", ""Microsoft Ads"", ""TikTok Ads""]",False,0,aurora-couriers.example,True
Meridian Fabrication Inc,meridian-fabrication.example,Manufacturing,51-200,US,New York,£10m-£50m,2004,Bootstrapped,Salesforce,none,[],True,5,meridian-fabrication.example,True
Moorland Digital Ltd,moorland-digital.example,Software,11-50,UK,London,£1m-£10m,2018,Series A,HubSpot,none,[],False,0,moorland-digital.example,True
Glenmoor Logistics Inc,glenmoor-logistics.example,Logistics,1-10,US,Chicago,under £1m,2002,Bootstrapped,Spreadsheet,£25k-£100k,"[""Google Ads"", ""Meta Ads"", ""Microsoft Ads""]",False,0,glenmoor-logistics.example,True
Falcon Learning BV,falcon-learning.example,Education,51-200,NL,Eindhoven,£10m-£50m,2024,Series A,HubSpot,£25k-£100k,"[""Google Ads"", ""LinkedIn Ads"", ""Meta Ads""]",True,8,falcon-learning.example,True
Quartz Retail Ltd,quartz-retail.example,Retail,201-1000,UK,Leeds,£50m-£250m,1978,Series B,HubSpot,£5k-£25k,"[""Google Ads"", ""Microsoft Ads""]",True,19,quartz-retail.example,True
Nimbus Wealth Ltd,nimbus-wealth.example,Financial services,1000+,UK,Birmingham,£250m+,1977,Public,Salesforce,under £5k,"[""Google Ads""]",True,58,nimbusweal-group.example,False
Valley Pharma BV,valley-pharma.example,Healthcare,201-1000,NL,Eindhoven,£10m-£50m,1991,Bootstrapped,Salesforce,£25k-£100k,"[""Meta Ads"", ""Microsoft Ads"", ""TikTok Ads""]",False,0,valley-pharma.example,True
Umber Transport Inc,umber-transport.example,Logistics,201-1000,US,San Francisco,£50m-£250m,1968,Series C+,Salesforce,none,[],True,15,umber-transport.example,True
Cedar Cloud Ltd,cedar-cloud.example,Software,11-50,UK,London,under £1m,2016,Bootstrapped,Pipedrive,none,[],False,0,cedarclou-group.example,False
Lindenwood Education Inc,lindenwood-education.example,Education,11-50,US,New York,£1m-£10m,2014,Bootstrapped,Salesforce,£25k-£100k,"[""Google Ads"", ""Meta Ads"", ""Microsoft Ads""]",True,4,lindenwood-education.example,True
Aurora Fabrication GmbH,aurora-fabrication.example,Manufacturing,11-50,DE,Munich,£1m-£10m,2023,Bootstrapped,Spreadsheet,under £5k,"[""Microsoft Ads""]",False,0,aurorafabr-group.example,False
Elmstead Outfitters GmbH,elmstead-outfitters.example,Retail,1-10,DE,Hamburg,under £1m,2019,Bootstrapped,No CRM,none,[],False,0,elmstead-outfitters.example,True
Evergreen Systems Ltd,evergreen-systems.example,Software,1-10,UK,London,under £1m,2022,Bootstrapped,HubSpot,under £5k,"[""Meta Ads""]",False,0,evergreen-systems.example,True
Meridian Accountants SAS,meridian-accountants.example,Professional services,1000+,FR,Paris,£250m+,1976,Public,Salesforce,£25k-£100k,"[""Google Ads"", ""LinkedIn Ads"", ""TikTok Ads""]",True,60,meridian-accountants.example,True
Larkspur Data Inc,larkspur-data.example,Software,1-10,US,New York,£1m-£10m,2012,Seed,Spreadsheet,£5k-£25k,"[""LinkedIn Ads"", ""TikTok Ads""]",False,0,larkspur-data.example,True
Greystone Cloud Inc,greystone-cloud.example,Software,1-10,US,Boston,under £1m,2018,Bootstrapped,HubSpot,£5k-£25k,"[""Google Ads"", ""Meta Ads""]",False,0,greystone-cloud.example,True
Northwind Associates GmbH,northwind-associates.example,Professional services,1-10,DE,Hamburg,£1m-£10m,2002,Bootstrapped,No CRM,under £5k,"[""Meta Ads""]",True,2,northwindasso-group.example,False
Lantern Academy Inc,lantern-academy.example,Education,1-10,US,Chicago,under £1m,2018,Bootstrapped,HubSpot,under £5k,"[""Microsoft Ads""]",False,0,lantern-academy.example,True
Glenmoor Goods Inc,glenmoor-goods.example,Retail,1-10,US,Boston,under £1m,2020,Bootstrapped,Pipedrive,under £5k,"[""TikTok Ads""]",False,0,glenmoor-goods.example,True
Norfolk Finance BV,norfolk-finance.example,Financial services,1-10,NL,Eindhoven,£1m-£10m,2014,Seed,HubSpot,under £5k,"[""Google Ads""]",True,3,norfolkfina-group.example,False
Highgate Systems Inc,highgate-systems.example,Software,11-50,US,San Francisco,£1m-£10m,2005,Series B,Salesforce,under £5k,"[""Google Ads""]",True,3,highgate-systems.example,True
Fernhill Pharma Inc,fernhill-pharma.example,Healthcare,1-10,US,Seattle,under £1m,2011,Seed,Pipedrive,£25k-£100k,"[""Google Ads"", ""LinkedIn Ads"", ""Meta Ads""]",False,0,fernhillphar-group.example,False
Umber Training GmbH,umber-training.example,Education,51-200,DE,Munich,£10m-£50m,2006,Bootstrapped,Salesforce,under £5k,"[""Microsoft Ads""]",True,9,umber-training.example,True
Marigold Goods GmbH,marigold-goods.example,Retail,201-1000,DE,Frankfurt,£50m-£250m,1970,Series C+,Salesforce,£25k-£100k,"[""Google Ads"", ""LinkedIn Ads"", ""Meta Ads""]",False,0,marigold-goods.example,True
Driftwood Lending Ltd,driftwood-lending.example,Financial services,51-200,UK,Edinburgh,£10m-£50m,2023,Series B,HubSpot,£25k-£100k,"[""LinkedIn Ads"", ""Meta Ads"", ""Microsoft Ads""]",False,0,driftwood-lending.example,True
Kestrel Freight GmbH,kestrel-freight.example,Logistics,11-50,DE,Frankfurt,£1m-£10m,1996,Bootstrapped,Salesforce,none,[],True,3,kestrel-freight.example,True
Ironbridge Pharma Ltd,ironbridge-pharma.example,Healthcare,1-10,UK,Leeds,under £1m,2015,Bootstrapped,Spreadsheet,under £5k,"[""Microsoft Ads""]",False,0,ironbridge-pharma.example,True
Pennine Fabrication Ltd,pennine-fabrication.example,Manufacturing,11-50,UK,Leeds,£1m-£10m,2007,Bootstrapped,Spreadsheet,under £5k,"[""Meta Ads""]",False,0,pennine-fabrication.example,True
Brightwater Capital BV,brightwater-capital.example,Financial services,1-10,NL,Utrecht,under £1m,2000,Seed,No CRM,under £5k,"[""TikTok Ads""]",False,0,brightwater-capital.example,True
Beacon Advisory SAS,beacon-advisory.example,Professional services,1-10,FR,Paris,under £1m,2018,Seed,Spreadsheet,none,[],False,0,beaconadvi-group.example,False
Rosewood Finance Inc,rosewood-finance.example,Financial services,1-10,US,New York,under £1m,1997,Seed,Spreadsheet,£5k-£25k,"[""Google Ads"", ""Meta Ads""]",True,6,rosewood-finance.example,True
Hawthorn Digital Ltd,hawthorn-digital.example,Software,11-50,UK,London,£1m-£10m,2006,Series B,Spreadsheet,under £5k,"[""Meta Ads""]",False,0,hawthorn-digital.example,True
Foxglove Lending Ltd,foxglove-lending.example,Financial services,11-50,UK,Birmingham,£1m-£10m,2009,Seed,HubSpot,under £5k,"[""Google Ads""]",False,0,foxglove-lending.example,True
Moorland Data Ltd,moorland-data.example,Software,11-50,UK,Birmingham,£1m-£10m,2023,Series A,HubSpot,under £5k,"[""Meta Ads""]",True,4,moorland-data.example,True
Pennine Logistics Inc,pennine-logistics.example,Logistics,11-50,US,Seattle,£1m-£10m,2010,Bootstrapped,HubSpot,none,[],True,4,pennine-logistics.example,True
Greystone Market Ltd,greystone-market.example,Retail,1-10,UK,Manchester,under £1m,2002,Bootstrapped,Spreadsheet,£5k-£25k,"[""Meta Ads"", ""TikTok Ads""]",False,0,greystone-market.example,True
Nimbus Works Inc,nimbus-works.example,Manufacturing,11-50,US,Chicago,£1m-£10m,2010,Bootstrapped,Salesforce,none,[],False,0,nimbus-works.example,True
Beacon Recruitment BV,beacon-recruitment.example,Professional services,51-200,NL,Rotterdam,£10m-£50m,2015,Seed,HubSpot,£5k-£25k,"[""Google Ads"", ""Meta Ads""]",False,0,beaconrecr-group.example,False
Westbrook Logistics SAS,westbrook-logistics.example,Logistics,1000+,FR,Lyon,£250m+,1984,Series C+,Salesforce,£5k-£25k,"[""Google Ads"", ""LinkedIn Ads""]",True,64,westbrooklogi-group.example,False
Inkwell Finance Inc,inkwell-finance.example,Financial services,1-10,US,New York,under £1m,2012,Bootstrapped,No CRM,under £5k,"[""Meta Ads""]",True,2,inkwell-finance.example,True
Jasper Associates BV,jasper-associates.example,Professional services,201-1000,NL,Rotterdam,£50m-£250m,2001,Series B,Salesforce,£5k-£25k,"[""Google Ads"", ""LinkedIn Ads""]",True,28,jasper-associates.example,True
Bluebell Retail Inc,bluebell-retail.example,Retail,11-50,US,Austin,£1m-£10m,2011,Bootstrapped,Salesforce,under £5k,"[""LinkedIn Ads""]",False,0,bluebellreta-group.example,False
Northwind Manufacturing Inc,northwind-manufacturing.example,Manufacturing,11-50,US,Seattle,£1m-£10m,2018,Seed,HubSpot,£5k-£25k,"[""Meta Ads"", ""Microsoft Ads""]",False,0,northwind-manufacturing.example,True
Meridian Haulage SAS,meridian-haulage.example,Logistics,51-200,FR,Lyon,£1m-£10m,2021,Seed,HubSpot,under £5k,"[""TikTok Ads""]",True,7,meridianhaul-group.example,False
Jasper Goods Inc,jasper-goods.example,Retail,1-10,US,Chicago,under £1m,2001,Seed,HubSpot,under £5k,"[""LinkedIn Ads""]",False,0,jaspergood-group.example,False
Heron Components Ltd,heron-components.example,Manufacturing,51-200,UK,Bristol,£10m-£50m,2001,Series A,Salesforce,£25k-£100k,"[""Google Ads"", ""LinkedIn Ads"", ""Microsoft Ads""]",False,0,heron-components.example,True
Lantern Market Inc,lantern-market.example,Retail,51-200,US,San Francisco,£10m-£50m,2010,Bootstrapped,Salesforce,none,[],False,0,lanternmark-group.example,False
Kelvin Digital BV,kelvin-digital.example,Software,11-50,NL,Eindhoven,£1m-£10m,1999,Bootstrapped,Spreadsheet,under £5k,"[""Google Ads""]",False,0,kelvin-digital.example,True
Zephyr College BV,zephyr-college.example,Education,201-1000,NL,Rotterdam,£50m-£250m,2013,Bootstrapped,Salesforce,£5k-£25k,"[""Google Ads"", ""Meta Ads""]",False,0,zephyrcoll-group.example,False
Ashford Medical Ltd,ashford-medical.example,Healthcare,11-50,UK,Edinburgh,£1m-£10m,1999,Bootstrapped,No CRM,under £5k,"[""Google Ads""]",False,0,ashford-medical.example,True
Norfolk Software Ltd,norfolk-software.example,Software,11-50,UK,Edinburgh,£1m-£10m,2016,Bootstrapped,HubSpot,none,[],False,0,norfolk-software.example,True
Hawthorn Partners Inc,hawthorn-partners.example,Financial services,51-200,US,Seattle,£10m-£50m,2023,Series B,HubSpot,none,[],True,8,hawthorn-partners.example,True
Keystone Accountants Inc,keystone-accountants.example,Professional services,201-1000,US,San Francisco,£50m-£250m,2014,Series A,HubSpot,£5k-£25k,"[""Google Ads"", ""TikTok Ads""]",False,0,keystone-accountants.example,True
Ivywood Freight BV,ivywood-freight.example,Logistics,51-200,NL,Rotterdam,£10m-£50m,2004,Seed,Spreadsheet,£5k-£25k,"[""Meta Ads"", ""Microsoft Ads""]",False,0,ivywood-freight.example,True
Vantage Finance GmbH,vantage-finance.example,Financial services,1-10,DE,Munich,under £1m,2009,Seed,HubSpot,under £5k,"[""Microsoft Ads""]",False,0,vantage-finance.example,True
Foxglove Couriers SAS,foxglove-couriers.example,Logistics,51-200,FR,Lille,£50m-£250m,2004,Series A,No CRM,under £5k,"[""Meta Ads""]",False,0,foxglovecour-group.example,False
Hawthorn Goods GmbH,hawthorn-goods.example,Retail,11-50,DE,Frankfurt,£1m-£10m,2015,Seed,HubSpot,under £5k,"[""Meta Ads""]",True,3,hawthorn-goods.example,True
Zephyr Associates Ltd,zephyr-associates.example,Professional services,51-200,UK,London,£10m-£50m,2010,Series B,Salesforce,under £5k,"[""Meta Ads""]",False,0,zephyr-associates.example,True
Yarrow Freight Inc,yarrow-freight.example,Logistics,11-50,US,San Francisco,£1m-£10m,2012,Series A,HubSpot,under £5k,"[""LinkedIn Ads""]",False,0,yarrowfrei-group.example,False
Upland Transport Inc,upland-transport.example,Logistics,51-200,US,Chicago,£1m-£10m,1998,Series A,Pipedrive,£5k-£25k,"[""Google Ads"", ""LinkedIn Ads""]",True,9,upland-transport.example,True
Silverline Trading Ltd,silverline-trading.example,Retail,11-50,UK,Birmingham,£1m-£10m,2002,Bootstrapped,Spreadsheet,£5k-£25k,"[""Google Ads"", ""LinkedIn Ads""]",False,0,silverline-trading.example,True
Aurora Goods GmbH,aurora-goods.example,Retail,1-10,DE,Berlin,under £1m,2019,Seed,No CRM,under £5k,"[""Meta Ads""]",False,0,aurora-goods.example,True
Thornbury Education SAS,thornbury-education.example,Education,51-200,FR,Toulouse,£10m-£50m,2006,Bootstrapped,Spreadsheet,under £5k,"[""LinkedIn Ads""]",True,13,thornbury-education.example,True
Emberly Couriers Ltd,emberly-couriers.example,Logistics,1-10,UK,Leeds,under £1m,2022,Bootstrapped,Spreadsheet,£5k-£25k,"[""Google Ads"", ""Microsoft Ads""]",False,0,emberlycour-group.example,False
Greystone Capital SAS,greystone-capital.example,Financial services,11-50,FR,Lyon,£1m-£10m,2001,Seed,Pipedrive,none,[],True,2,greystone-capital.example,True
Nettlefield Health Ltd,nettlefield-health.example,Healthcare,201-1000,UK,London,£50m-£250m,1995,Series B,HubSpot,£100k+,"[""Google Ads"", ""LinkedIn Ads"", ""Meta Ads"", ""Microsoft Ads""]",True,14,nettlefieldheal-group.example,False
Upland Haulage Ltd,upland-haulage.example,Logistics,1000+,UK,London,£250m+,1979,Bootstrapped,Salesforce,£100k+,"[""Google Ads"", ""LinkedIn Ads"", ""Meta Ads"", ""Microsoft Ads""]",True,73,uplandhaul-group.example,False
Ashford Care SAS,ashford-care.example,Healthcare,51-200,FR,Lille,£10m-£50m,2007,Series C+,Spreadsheet,£5k-£25k,"[""Google Ads"", ""Microsoft Ads""]",True,11,ashford-care.example,True
Hawthorn Lending Ltd,hawthorn-lending.example,Financial services,11-50,UK,Bristol,£1m-£10m,1999,Bootstrapped,HubSpot,under £5k,"[""LinkedIn Ads""]",True,6,hawthorn-lending.example,True
Oakridge Systems GmbH,oakridge-systems.example,Software,11-50,DE,Munich,£1m-£10m,2024,Seed,HubSpot,under £5k,"[""Meta Ads""]",True,4,oakridge-systems.example,True
Quayside Haulage Ltd,quayside-haulage.example,Logistics,51-200,UK,Edinburgh,£10m-£50m,2022,Bootstrapped,Salesforce,£5k-£25k,"[""LinkedIn Ads"", ""Meta Ads""]",True,9,quaysidehaul-group.example,False
Greystone Logistics Ltd,greystone-logistics.example,Logistics,51-200,UK,London,£10m-£50m,2012,Bootstrapped,Salesforce,£5k-£25k,"[""LinkedIn Ads"", ""Meta Ads""]",False,0,greystone-logistics.example,True
Glenmoor Fabrication Ltd,glenmoor-fabrication.example,Manufacturing,51-200,UK,Leeds,£10m-£50m,2010,Seed,Salesforce,£5k-£25k,"[""Meta Ads"", ""Microsoft Ads""]",True,13,glenmoor-fabrication.example,True
Alder Haulage Ltd,alder-haulage.example,Logistics,51-200,UK,Birmingham,£10m-£50m,2003,Series A,HubSpot,£5k-£25k,"[""Meta Ads"", ""TikTok Ads""]",True,12,alder-haulage.example,True
Dunmore Outfitters SAS,dunmore-outfitters.example,Retail,51-200,FR,Paris,£10m-£50m,2005,Bootstrapped,No CRM,£5k-£25k,"[""Google Ads"", ""LinkedIn Ads""]",False,0,dunmore-outfitters.example,True
Oakridge Health Inc,oakridge-health.example,Healthcare,11-50,US,Boston,£1m-£10m,2011,Bootstrapped,Salesforce,£25k-£100k,"[""Google Ads"", ""LinkedIn Ads"", ""Meta Ads""]",False,0,oakridgeheal-group.example,False
Meridian Data Inc,meridian-data.example,Software,51-200,US,Seattle,£50m-£250m,2010,Series B,HubSpot,£25k-£100k,"[""Meta Ads"", ""Microsoft Ads"", ""TikTok Ads""]",False,0,meridian-data.example,True
Emberly Consulting GmbH,emberly-consulting.example,Professional services,1-10,DE,Hamburg,under £1m,2020,Seed,Pipedrive,under £5k,"[""Meta Ads""]",False,0,emberly-consulting.example,True
Dunmore Care SAS,dunmore-care.example,Healthcare,11-50,FR,Toulouse,£1m-£10m,2020,Bootstrapped,Salesforce,under £5k,"[""Microsoft Ads""]",False,0,dunmorecare-group.example,False
Ivywood Industries BV,ivywood-industries.example,Manufacturing,1-10,NL,Rotterdam,under £1m,2022,Seed,No CRM,£5k-£25k,"[""LinkedIn Ads"", ""Microsoft Ads""]",False,0,ivywoodindu-group.example,False
Pennine Trading BV,pennine-trading.example,Retail,1-10,NL,Rotterdam,£1m-£10m,2013,Seed,Spreadsheet,under £5k,"[""Google Ads""]",False,0,pennine-trading.example,True
Redwood Freight BV,redwood-freight.example,Logistics,201-1000,NL,Rotterdam,£50m-£250m,1994,Series C+,Spreadsheet,£5k-£25k,"[""LinkedIn Ads"", ""Microsoft Ads""]",True,12,redwood-freight.example,True
Inkwell Goods Inc,inkwell-goods.example,Retail,1-10,US,Seattle,under £1m,2019,Seed,Pipedrive,none,[],False,0,inkwell-goods.example,True
Thornbury Engineering Ltd,thornbury-engineering.example,Manufacturing,1-10,UK,Bristol,under £1m,2015,Bootstrapped,Pipedrive,under £5k,"[""Microsoft Ads""]",False,0,thornbury-engineering.example,True
Keystone Tutors Inc,keystone-tutors.example,Education,201-1000,US,Austin,£50m-£250m,1979,Bootstrapped,HubSpot,£5k-£25k,"[""LinkedIn Ads"", ""Meta Ads""]",False,0,keystone-tutors.example,True
Stonebridge Academy Ltd,stonebridge-academy.example,Education,11-50,UK,Leeds,£1m-£10m,2017,Seed,HubSpot,£5k-£25k,"[""Google Ads"", ""Meta Ads""]",False,0,stonebridge-academy.example,True
Nimbus Logistics Inc,nimbus-logistics.example,Logistics,1-10,US,Boston,under £1m,1997,Bootstrapped,HubSpot,none,[],False,0,nimbus-logistics.example,True
Ashford Partners GmbH,ashford-partners.example,Financial services,1000+,DE,Munich,£250m+,1984,Series C+,HubSpot,£25k-£100k,"[""Google Ads"", ""LinkedIn Ads"", ""Meta Ads""]",False,0,ashfordpart-group.example,False
Northwind Learning Ltd,northwind-learning.example,Education,11-50,UK,Bristol,£1m-£10m,2000,Seed,HubSpot,£5k-£25k,"[""Google Ads"", ""Microsoft Ads""]",False,0,northwind-learning.example,True
Kelvin Dental GmbH,kelvin-dental.example,Healthcare,1-10,DE,Munich,under £1m,2002,Bootstrapped,HubSpot,under £5k,"[""Google Ads""]",False,0,kelvin-dental.example,True
Willow Medical SAS,willow-medical.example,Healthcare,1-10,FR,Lyon,under £1m,2024,Seed,Spreadsheet,under £5k,"[""Google Ads""]",True,1,willow-medical.example,True
Orchard Goods Ltd,orchard-goods.example,Retail,11-50,UK,Manchester,£1m-£10m,2004,Seed,Spreadsheet,£5k-£25k,"[""Google Ads"", ""Microsoft Ads""]",False,0,orchard-goods.example,True
Hawthorn Trading Ltd,hawthorn-trading.example,Retail,201-1000,UK,Bristol,£50m-£250m,2007,Bootstrapped,Salesforce,£25k-£100k,"[""LinkedIn Ads"", ""Meta Ads"", ""TikTok Ads""]",False,0,hawthorn-trading.example,True
Vantage Training Inc,vantage-training.example,Education,51-200,US,Seattle,£10m-£50m,1995,Bootstrapped,Salesforce,£5k-£25k,"[""Google Ads"", ""Meta Ads""]",False,0,vantage-training.example,True
Moorland Goods GmbH,moorland-goods.example,Retail,1-10,DE,Munich,under £1m,2002,Bootstrapped,Spreadsheet,under £5k,"[""Google Ads""]",False,0,moorland-goods.example,True
Highgate Legal Ltd,highgate-legal.example,Professional services,11-50,UK,Birmingham,£1m-£10m,2010,Bootstrapped,No CRM,none,[],False,0,highgatelega-group.example,False
Willow Retail Inc,willow-retail.example,Retail,11-50,US,San Francisco,£1m-£10m,1997,Bootstrapped,HubSpot,£5k-£25k,"[""Google Ads"", ""Meta Ads""]",True,4,willow-retail.example,True
Fernhill Finance Ltd,fernhill-finance.example,Financial services,11-50,UK,Leeds,£1m-£10m,2005,Bootstrapped,Spreadsheet,none,[],False,0,fernhillfina-group.example,False
Saltmarsh Transport SAS,saltmarsh-transport.example,Logistics,1-10,FR,Lyon,under £1m,1999,Series A,Pipedrive,none,[],False,0,saltmarsh-transport.example,True
Fernhill Trading BV,fernhill-trading.example,Retail,201-1000,NL,Amsterdam,£250m+,2017,Series B,Salesforce,£5k-£25k,"[""Google Ads"", ""TikTok Ads""]",True,16,fernhill-trading.example,True
Westbrook Medical SAS,westbrook-medical.example,Healthcare,1-10,FR,Lyon,under £1m,1995,Bootstrapped,Pipedrive,none,[],False,0,westbrook-medical.example,True
Keystone Couriers Inc,keystone-couriers.example,Logistics,51-200,US,New York,£10m-£50m,2024,Series C+,HubSpot,£25k-£100k,"[""Google Ads"", ""LinkedIn Ads"", ""Meta Ads""]",True,9,keystone-couriers.example,True
Quayside Software BV,quayside-software.example,Software,1-10,NL,Amsterdam,under £1m,2022,Bootstrapped,HubSpot,none,[],False,0,quaysidesoft-group.example,False
Rosewood College GmbH,rosewood-college.example,Education,1-10,DE,Munich,under £1m,2004,Bootstrapped,Spreadsheet,£5k-£25k,"[""Microsoft Ads"", ""TikTok Ads""]",False,0,rosewood-college.example,True
Oldfield Accountants Inc,oldfield-accountants.example,Professional services,1-10,US,New York,under £1m,2009,Bootstrapped,HubSpot,none,[],False,0,oldfield-accountants.example,True
Fernhill Academy Inc,fernhill-academy.example,Education,1-10,US,Boston,under £1m,2024,Seed,Spreadsheet,under £5k,"[""Meta Ads""]",False,0,fernhill-academy.example,True
Upland Tutors Ltd,upland-tutors.example,Education,51-200,UK,London,£10m-£50m,2020,Bootstrapped,HubSpot,£25k-£100k,"[""Google Ads"", ""LinkedIn Ads"", ""Meta Ads""]",True,17,upland-tutors.example,True
Northwind Trading Ltd,northwind-trading.example,Retail,11-50,UK,London,£1m-£10m,2019,Seed,No CRM,none,[],True,4,northwindtrad-group.example,False
Umber Academy Inc,umber-academy.example,Education,201-1000,US,San Francisco,£50m-£250m,1977,Series B,Salesforce,none,[],True,15,umber-academy.example,True
Dunmore Software Inc,dunmore-software.example,Software,51-200,US,Boston,£10m-£50m,2014,Series A,No CRM,£5k-£25k,"[""Meta Ads"", ""Microsoft Ads""]",True,12,dunmoresoft-group.example,False
Kelvin Works Inc,kelvin-works.example,Manufacturing,1-10,US,Chicago,under £1m,2018,Bootstrapped,No CRM,none,[],False,0,kelvinwork-group.example,False
Riverside Academy GmbH,riverside-academy.example,Education,201-1000,DE,Frankfurt,£50m-£250m,1994,Series C+,HubSpot,none,[],False,0,riverside-academy.example,True
Tamarind Stores BV,tamarind-stores.example,Retail,11-50,NL,Utrecht,£1m-£10m,2004,Bootstrapped,HubSpot,£5k-£25k,"[""Google Ads"", ""LinkedIn Ads""]",False,0,tamarind-stores.example,True
Heron Tutors Ltd,heron-tutors.example,Education,51-200,UK,Bristol,£50m-£250m,2015,Bootstrapped,Salesforce,£25k-£100k,"[""Google Ads"", ""LinkedIn Ads"", ""Meta Ads""]",True,6,heron-tutors.example,True
Willow Care Ltd,willow-care.example,Healthcare,11-50,UK,Edinburgh,£1m-£10m,1996,Series A,Pipedrive,none,[],False,0,willow-care.example,True
Dunmore Logistics GmbH,dunmore-logistics.example,Logistics,201-1000,DE,Berlin,£50m-£250m,2008,Series B,HubSpot,£25k-£100k,"[""Google Ads"", ""Meta Ads"", ""Microsoft Ads""]",True,29,dunmore-logistics.example,True
Evergreen Advisory Ltd,evergreen-advisory.example,Professional services,1-10,UK,Leeds,under £1m,1995,Seed,Spreadsheet,under £5k,"[""Meta Ads""]",False,0,evergreen-advisory.example,True
Emberly Manufacturing Ltd,emberly-manufacturing.example,Manufacturing,11-50,UK,Edinburgh,£1m-£10m,1996,Series A,No CRM,under £5k,"[""LinkedIn Ads""]",False,0,emberly-manufacturing.example,True
Nimbus Manufacturing GmbH,nimbus-manufacturing.example,Manufacturing,1-10,DE,Frankfurt,under £1m,2022,Bootstrapped,Pipedrive,none,[],False,0,nimbus-manufacturing.example,True
Rosewood Lending Inc,rosewood-lending.example,Financial services,11-50,US,New York,£1m-£10m,2010,Bootstrapped,Spreadsheet,£5k-£25k,"[""Google Ads"", ""Meta Ads""]",False,0,rosewoodlend-group.example,False
Valley Systems Inc,valley-systems.example,Software,51-200,US,Seattle,£10m-£50m,2023,Series B,HubSpot,£5k-£25k,"[""Microsoft Ads"", ""TikTok Ads""]",True,8,valleysyst-group.example,False
Norfolk Training Ltd,norfolk-training.example,Education,11-50,UK,Manchester,£1m-£10m,2017,Bootstrapped,Pipedrive,£5k-£25k,"[""LinkedIn Ads"", ""Microsoft Ads""]",False,0,norfolktrai-group.example,False
Westbrook Insurance BV,westbrook-insurance.example,Financial services,1-10,NL,Utrecht,under £1m,2002,Seed,HubSpot,under £5k,"[""LinkedIn Ads""]",False,0,westbrook-insurance.example,True
Westbrook Systems Ltd,westbrook-systems.example,Software,11-50,UK,Birmingham,£1m-£10m,1997,Bootstrapped,HubSpot,none,[],False,0,westbrook-systems.example,True
Bluebell Training Ltd,bluebell-training.example,Education,1-10,UK,Birmingham,under £1m,2024,Bootstrapped,HubSpot,under £5k,"[""Microsoft Ads""]",True,1,bluebell-training.example,True
Juniper Lending Ltd,juniper-lending.example,Financial services,11-50,UK,Bristol,£1m-£10m,2009,Series A,HubSpot,under £5k,"[""Meta Ads""]",False,0,juniper-lending.example,True
Upland Trading Ltd,upland-trading.example,Retail,11-50,UK,Leeds,£1m-£10m,2017,Bootstrapped,HubSpot,£5k-£25k,"[""Google Ads"", ""TikTok Ads""]",False,0,upland-trading.example,True
Bramble Accountants SAS,bramble-accountants.example,Professional services,1-10,FR,Toulouse,£1m-£10m,2005,Bootstrapped,Spreadsheet,under £5k,"[""Google Ads""]",False,0,bramble-accountants.example,True
Redwood Associates SAS,redwood-associates.example,Professional services,201-1000,FR,Toulouse,£50m-£250m,2002,Private equity,HubSpot,£5k-£25k,"[""Google Ads"", ""Meta Ads""]",True,27,redwoodasso-group.example,False
Quayside Legal Inc,quayside-legal.example,Professional services,1000+,US,Boston,£250m+,1984,Bootstrapped,HubSpot,under £5k,"[""LinkedIn Ads""]",True,59,quayside-legal.example,True
Tamarind Fabrication Ltd,tamarind-fabrication.example,Manufacturing,201-1000,UK,Edinburgh,£50m-£250m,2011,Series B,Salesforce,under £5k,"[""Meta Ads""]",True,18,tamarind-fabrication.example,True
Bluebell Fabrication GmbH,bluebell-fabrication.example,Manufacturing,201-1000,DE,Hamburg,£50m-£250m,1986,Private equity,Salesforce,£5k-£25k,"[""Microsoft Ads"", ""TikTok Ads""]",True,14,bluebell-fabrication.example,True
Foxglove Medical BV,foxglove-medical.example,Healthcare,1-10,NL,Rotterdam,under £1m,1998,Bootstrapped,Spreadsheet,£5k-£25k,"[""Google Ads"", ""LinkedIn Ads""]",True,1,foxglove-medical.example,True
Valley Industries Inc,valley-industries.example,Manufacturing,201-1000,US,San Francisco,£10m-£50m,1966,Public,HubSpot,none,[],True,18,valley-industries.example,True
Yarrow Outfitters Inc,yarrow-outfitters.example,Retail,1-10,US,Seattle,under £1m,2000,Seed,No CRM,none,[],False,0,yarrowoutf-group.example,False
Larkspur Works BV,larkspur-works.example,Manufacturing,1000+,NL,Rotterdam,£250m+,1991,Private equity,Salesforce,£5k-£25k,"[""Google Ads"", ""TikTok Ads""]",False,0,larkspur-works.example,True
Glenmoor Systems SAS,glenmoor-systems.example,Software,1-10,FR,Lyon,under £1m,2010,Bootstrapped,HubSpot,none,[],False,0,glenmoor-systems.example,True
Fernhill College Inc,fernhill-college.example,Education,51-200,US,San Francisco,£10m-£50m,2007,Series B,HubSpot,£5k-£25k,"[""Google Ads"", ""LinkedIn Ads""]",True,10,fernhill-college.example,True
Elmstead Industries SAS,elmstead-industries.example,Manufacturing,1000+,FR,Toulouse,£250m+,1978,Public,Salesforce,£25k-£100k,"[""Google Ads"", ""Meta Ads"", ""TikTok Ads""]",False,0,elmstead-industries.example,True
Aurora Software GmbH,aurora-software.example,Software,1-10,DE,Hamburg,under £1m,2023,Seed,No CRM,none,[],False,0,aurora-software.example,True
Jasper Training Ltd,jasper-training.example,Education,11-50,UK,Birmingham,£10m-£50m,1997,Bootstrapped,HubSpot,none,[],False,0,jasper-training.example,True
Cobalt Advisory Ltd,cobalt-advisory.example,Professional services,51-200,UK,Birmingham,£50m-£250m,2015,Series C+,Salesforce,£5k-£25k,"[""Google Ads"", ""Meta Ads""]",False,0,cobaltadvi-group.example,False
Brightwater Engineering Inc,brightwater-engineering.example,Manufacturing,11-50,US,San Francisco,under £1m,2022,Series A,HubSpot,under £5k,"[""LinkedIn Ads""]",False,0,brightwaterengi-group.example,False
Dunmore Cloud Inc,dunmore-cloud.example,Software,1-10,US,New York,under £1m,2024,Bootstrapped,Pipedrive,none,[],True,2,dunmoreclou-group.example,False
Valley Freight Ltd,valley-freight.example,Logistics,1-10,UK,Manchester,under £1m,2017,Seed,Salesforce,under £5k,"[""Google Ads""]",False,0,valley-freight.example,True
Granite Finance Ltd,granite-finance.example,Financial services,11-50,UK,Bristol,£1m-£10m,2007,Seed,Salesforce,under £5k,"[""Meta Ads""]",False,0,granite-finance.example,True
Inkwell Wealth Ltd,inkwell-wealth.example,Financial services,201-1000,UK,Bristol,£50m-£250m,1987,Series C+,HubSpot,under £5k,"[""Meta Ads""]",False,0,inkwell-wealth.example,True
Quayside Retail Ltd,quayside-retail.example,Retail,1-10,UK,Edinburgh,under £1m,2022,Bootstrapped,Pipedrive,£5k-£25k,"[""Google Ads"", ""Microsoft Ads""]",False,0,quayside-retail.example,True
Cobalt Learning SAS,cobalt-learning.example,Education,1-10,FR,Paris,under £1m,2018,Bootstrapped,Spreadsheet,none,[],True,3,cobaltlear-group.example,False
Umber Manufacturing Ltd,umber-manufacturing.example,Manufacturing,11-50,UK,Bristol,£1m-£10m,2002,Series A,Spreadsheet,none,[],True,4,umber-manufacturing.example,True
Riverside Pharma Inc,riverside-pharma.example,Healthcare,51-200,US,Seattle,£50m-£250m,2022,Bootstrapped,HubSpot,£5k-£25k,"[""Google Ads"", ""Meta Ads""]",True,6,riversidephar-group.example,False
Orchard Software SAS,orchard-software.example,Software,11-50,FR,Lyon,£1m-£10m,2010,Bootstrapped,HubSpot,under £5k,"[""LinkedIn Ads""]",False,0,orchardsoft-group.example,False
Ivywood Fabrication Inc,ivywood-fabrication.example,Manufacturing,1-10,US,Austin,under £1m,1998,Seed,Pipedrive,under £5k,"[""Meta Ads""]",True,1,ivywoodfabr-group.example,False
Rosewood Stores Inc,rosewood-stores.example,Retail,1-10,US,Chicago,under £1m,2021,Seed,No CRM,under £5k,"[""Google Ads""]",False,0,rosewood-stores.example,True
Oakridge Education Inc,oakridge-education.example,Education,1-10,US,San Francisco,under £1m,2014,Bootstrapped,Salesforce,under £5k,"[""TikTok Ads""]",False,0,oakridge-education.example,True
Moorland Care Ltd,moorland-care.example,Healthcare,1-10,UK,Manchester,under £1m,2024,Bootstrapped,HubSpot,under £5k,"[""Meta Ads""]",True,4,moorlandcare-group.example,False
Dunmore Trading Ltd,dunmore-trading.example,Retail,11-50,UK,Edinburgh,£1m-£10m,2010,Series A,HubSpot,under £5k,"[""Google Ads""]",False,0,dunmore-trading.example,True
Larkspur Accountants GmbH,larkspur-accountants.example,Professional services,51-200,DE,Hamburg,£10m-£50m,2024,Bootstrapped,HubSpot,under £5k,"[""Google Ads""]",False,0,larkspuracco-group.example,False
Silverline Capital GmbH,silverline-capital.example,Financial services,11-50,DE,Berlin,£1m-£10m,2009,Bootstrapped,Salesforce,under £5k,"[""Google Ads""]",False,0,silverlinecapi-group.example,False
Ivywood Partners Ltd,ivywood-partners.example,Financial services,51-200,UK,Leeds,£10m-£50m,1996,Bootstrapped,Salesforce,under £5k,"[""Meta Ads""]",True,10,ivywood-partners.example,True
Harbour College Ltd,harbour-college.example,Education,1-10,UK,London,under £1m,2003,Bootstrapped,Salesforce,£5k-£25k,"[""Google Ads"", ""LinkedIn Ads""]",True,3,harbour-college.example,True
Redwood Fabrication GmbH,redwood-fabrication.example,Manufacturing,1-10,DE,Hamburg,under £1m,2004,Bootstrapped,HubSpot,none,[],False,0,redwood-fabrication.example,True
Aurora Systems Inc,aurora-systems.example,Software,1-10,US,New York,£1m-£10m,2012,Bootstrapped,Pipedrive,under £5k,"[""LinkedIn Ads""]",False,0,aurorasyst-group.example,False
Emberly Engineering GmbH,emberly-engineering.example,Manufacturing,201-1000,DE,Berlin,£50m-£250m,1981,Series C+,No CRM,£100k+,"[""Google Ads"", ""LinkedIn Ads"", ""Meta Ads"", ""Microsoft Ads""]",True,15,emberlyengi-group.example,False
Nimbus Components Inc,nimbus-components.example,Manufacturing,1-10,US,Boston,under £1m,2001,Bootstrapped,HubSpot,none,[],False,0,nimbuscomp-group.example,False
Quartz Freight Ltd,quartz-freight.example,Logistics,1000+,UK,Edinburgh,£250m+,1980,Bootstrapped,Spreadsheet,£25k-£100k,"[""Google Ads"", ""Meta Ads"", ""TikTok Ads""]",True,65,quartz-freight.example,True
Highgate Lending SAS,highgate-lending.example,Financial services,1-10,FR,Lille,under £1m,2023,Seed,Salesforce,under £5k,"[""Microsoft Ads""]",False,0,highgate-lending.example,True
Stonebridge Accountants SAS,stonebridge-accountants.example,Professional services,201-1000,FR,Toulouse,£250m+,1979,Series B,Salesforce,£5k-£25k,"[""Google Ads"", ""LinkedIn Ads""]",True,19,stonebridge-accountants.example,True
Kelvin Legal Inc,kelvin-legal.example,Professional services,201-1000,US,Seattle,£50m-£250m,1996,Series B,HubSpot,£5k-£25k,"[""LinkedIn Ads"", ""Microsoft Ads""]",False,0,kelvin-legal.example,True
Cedar Engineering GmbH,cedar-engineering.example,Manufacturing,1000+,DE,Frankfurt,£250m+,2018,Public,HubSpot,£100k+,"[""LinkedIn Ads"", ""Meta Ads"", ""Microsoft Ads"", ""TikTok Ads""]",True,61,cedar-engineering.example,True
Redwood Finance Inc,redwood-finance.example,Financial services,1-10,US,Austin,under £1m,2011,Bootstrapped,No CRM,under £5k,"[""Google Ads""]",True,1,redwoodfina-group.example,False
Beacon Associates Ltd,beacon-associates.example,Professional services,1-10,UK,Birmingham,£1m-£10m,2023,Seed,No CRM,under £5k,"[""Microsoft Ads""]",False,0,beacon-associates.example,True
Willow College BV,willow-college.example,Education,11-50,NL,Utrecht,£1m-£10m,2016,Bootstrapped,Pipedrive,£25k-£100k,"[""LinkedIn Ads"", ""Meta Ads"", ""TikTok Ads""]",True,5,willow-college.example,True
Falcon Components Inc,falcon-components.example,Manufacturing,11-50,US,Chicago,£1m-£10m,2001,Bootstrapped,Spreadsheet,none,[],True,5,falcon-components.example,True
Ashford Stores GmbH,ashford-stores.example,Retail,1-10,DE,Hamburg,under £1m,2020,Bootstrapped,Salesforce,none,[],False,0,ashford-stores.example,True
Heron Accountants SAS,heron-accountants.example,Professional services,201-1000,FR,Paris,£50m-£250m,2001,Public,HubSpot,£100k+,"[""LinkedIn Ads"", ""Meta Ads"", ""Microsoft Ads"", ""TikTok Ads""]",False,0,heron-accountants.example,True
Inkwell Data Inc,inkwell-data.example,Software,1000+,US,Boston,£50m-£250m,1992,Bootstrapped,Salesforce,£100k+,"[""Google Ads"", ""LinkedIn Ads"", ""Meta Ads"", ""TikTok Ads""]",True,61,inkwell-data.example,True
Yarrow College BV,yarrow-college.example,Education,1-10,NL,Eindhoven,under £1m,2012,Bootstrapped,Spreadsheet,none,[],False,0,yarrow-college.example,True
Keystone Data BV,keystone-data.example,Software,201-1000,NL,Amsterdam,£50m-£250m,1988,Series A,Salesforce,£25k-£100k,"[""Google Ads"", ""LinkedIn Ads"", ""Meta Ads""]",False,0,keystone-data.example,True
Driftwood Labs BV,driftwood-labs.example,Software,1-10,NL,Rotterdam,under £1m,2024,Seed,Pipedrive,none,[],False,0,driftwood-labs.example,True
Pebble Pharma BV,pebble-pharma.example,Healthcare,1000+,NL,Amsterdam,£250m+,1973,Bootstrapped,HubSpot,£25k-£100k,"[""Google Ads"", ""LinkedIn Ads"", ""Meta Ads""]",True,65,pebble-pharma.example,True
Elmstead Market Ltd,elmstead-market.example,Retail,11-50,UK,Leeds,£1m-£10m,2000,Series A,HubSpot,none,[],False,0,elmstead-market.example,True
Bluebell Industries Ltd,bluebell-industries.example,Manufacturing,1000+,UK,Bristol,£250m+,1979,Series B,Salesforce,£100k+,"[""Google Ads"", ""LinkedIn Ads"", ""Meta Ads"", ""Microsoft Ads""]",True,69,bluebell-industries.example,True
Cedar Freight Ltd,cedar-freight.example,Logistics,11-50,UK,London,£1m-£10m,2015,Series A,HubSpot,under £5k,"[""LinkedIn Ads""]",False,0,cedar-freight.example,True
Harbour Shipping SAS,harbour-shipping.example,Logistics,11-50,FR,Lille,£1m-£10m,2015,Series A,HubSpot,under £5k,"[""Google Ads""]",False,0,harbour-shipping.example,True
Kelvin Shipping GmbH,kelvin-shipping.example,Logistics,201-1000,DE,Munich,£50m-£250m,1972,Bootstrapped,Salesforce,£5k-£25k,"[""Meta Ads"", ""TikTok Ads""]",False,0,kelvin-shipping.example,True
Lantern Consulting Inc,lantern-consulting.example,Professional services,1000+,US,Boston,£250m+,1974,Public,Salesforce,£25k-£100k,"[""Google Ads"", ""Meta Ads"", ""Microsoft Ads""]",True,65,lantern-consulting.example,True
Stonebridge Cloud Ltd,stonebridge-cloud.example,Software,51-200,UK,Manchester,£10m-£50m,2007,Series B,HubSpot,£5k-£25k,"[""Google Ads"", ""Microsoft Ads""]",True,17,stonebridge-cloud.example,True
Kelvin Insurance GmbH,kelvin-insurance.example,Financial services,51-200,DE,Berlin,£10m-£50m,2014,Bootstrapped,Salesforce,under £5k,"[""TikTok Ads""]",True,10,kelvin-insurance.example,True
Nettlefield Training GmbH,nettlefield-training.example,Education,1-10,DE,Frankfurt,under £1m,2000,Seed,Pipedrive,none,[],False,0,nettlefieldtrai-group.example,False
Highgate Logistics SAS,highgate-logistics.example,Logistics,11-50,FR,Lyon,£1m-£10m,2017,Bootstrapped,HubSpot,under £5k,"[""Microsoft Ads""]",False,0,highgatelogi-group.example,False
Inkwell Labs Inc,inkwell-labs.example,Software,11-50,US,San Francisco,£10m-£50m,2004,Series A,HubSpot,none,[],False,0,inkwell-labs.example,True
Jasper Shipping Inc,jasper-shipping.example,Logistics,11-50,US,New York,under £1m,2023,Seed,Pipedrive,under £5k,"[""LinkedIn Ads""]",True,2,jasper-shipping.example,True
Silverline College Inc,silverline-college.example,Education,201-1000,US,Chicago,£50m-£250m,1988,Series B,Salesforce,£5k-£25k,"[""Google Ads"", ""Microsoft Ads""]",True,15,silverlinecoll-group.example,False
Marigold Wealth Ltd,marigold-wealth.example,Financial services,1-10,UK,Manchester,under £1m,2009,Seed,HubSpot,under £5k,"[""LinkedIn Ads""]",False,0,marigold-wealth.example,True
Moorland Clinics Inc,moorland-clinics.example,Healthcare,11-50,US,San Francisco,£1m-£10m,2000,Series B,Salesforce,under £5k,"[""Google Ads""]",False,0,moorlandclin-group.example,False
Tamarind Accountants Inc,tamarind-accountants.example,Professional services,201-1000,US,San Francisco,£50m-£250m,2013,Series A,Salesforce,£25k-£100k,"[""LinkedIn Ads"", ""Meta Ads"", ""Microsoft Ads""]",True,18,tamarind-accountants.example,True
Falcon Academy Ltd,falcon-academy.example,Education,1-10,UK,Manchester,under £1m,2013,Seed,Salesforce,under £5k,"[""LinkedIn Ads""]",False,0,falcon-academy.example,True
Bluebell Legal Ltd,bluebell-legal.example,Professional services,51-200,UK,Leeds,£10m-£50m,2004,Series A,Pipedrive,under £5k,"[""LinkedIn Ads""]",False,0,bluebelllega-group.example,False
Cobalt Finance BV,cobalt-finance.example,Financial services,11-50,NL,Utrecht,£1m-£10m,2011,Bootstrapped,No CRM,£5k-£25k,"[""Google Ads"", ""LinkedIn Ads""]",False,0,cobalt-finance.example,True
Westbrook Partners SAS,westbrook-partners.example,Financial services,51-200,FR,Toulouse,£10m-£50m,2021,Series B,Salesforce,£5k-£25k,"[""Google Ads"", ""Meta Ads""]",True,7,westbrook-partners.example,True
Oldfield Works Inc,oldfield-works.example,Manufacturing,11-50,US,Austin,£1m-£10m,2007,Series A,Salesforce,£5k-£25k,"[""Google Ads"", ""LinkedIn Ads""]",False,0,oldfield-works.example,True
Ashford Shipping Inc,ashford-shipping.example,Logistics,11-50,US,Seattle,under £1m,2020,Bootstrapped,No CRM,£5k-£25k,"[""Google Ads"", ""LinkedIn Ads""]",True,5,ashford-shipping.example,True
Ivywood Transport Ltd,ivywood-transport.example,Logistics,51-200,UK,Birmingham,£10m-£50m,1998,Series B,Pipedrive,under £5k,"[""Meta Ads""]",True,10,ivywood-transport.example,True
Vantage Transport GmbH,vantage-transport.example,Logistics,1-10,DE,Munich,under £1m,2010,Bootstrapped,Pipedrive,none,[],False,0,vantage-transport.example,True
Cobalt Health BV,cobalt-health.example,Healthcare,51-200,NL,Eindhoven,£10m-£50m,1998,Series B,Pipedrive,under £5k,"[""Microsoft Ads""]",True,7,cobalt-health.example,True
Rosewood Medical GmbH,rosewood-medical.example,Healthcare,51-200,DE,Hamburg,£50m-£250m,2021,Series A,Pipedrive,none,[],True,10,rosewood-medical.example,True
Emberly Stores GmbH,emberly-stores.example,Retail,1-10,DE,Munich,under £1m,2012,Bootstrapped,Pipedrive,under £5k,"[""LinkedIn Ads""]",False,0,emberlystor-group.example,False
Redwood Data Ltd,redwood-data.example,Software,1-10,UK,Manchester,under £1m,2017,Bootstrapped,Spreadsheet,£25k-£100k,"[""Google Ads"", ""LinkedIn Ads"", ""TikTok Ads""]",False,0,redwooddata-group.example,False
Aurora Works GmbH,aurora-works.example,Manufacturing,51-200,DE,Hamburg,£10m-£50m,2009,Series A,Salesforce,£100k+,"[""Google Ads"", ""LinkedIn Ads"", ""Meta Ads"", ""Microsoft Ads""]",False,0,aurorawork-group.example,False
Lantern Pharma Ltd,lantern-pharma.example,Healthcare,11-50,UK,Edinburgh,£1m-£10m,2010,Bootstrapped,No CRM,none,[],False,0,lanternphar-group.example,False
Greystone Accountants Ltd,greystone-accountants.example,Professional services,11-50,UK,Bristol,£1m-£10m,2001,Bootstrapped,Spreadsheet,£5k-£25k,"[""Meta Ads"", ""Microsoft Ads""]",True,1,greystone-accountants.example,True
Falcon Goods Ltd,falcon-goods.example,Retail,11-50,UK,London,£1m-£10m,2020,Seed,Spreadsheet,under £5k,"[""Google Ads""]",False,0,falcon-goods.example,True
Kelvin Manufacturing SAS,kelvin-manufacturing.example,Manufacturing,201-1000,FR,Toulouse,£50m-£250m,1985,Series A,Salesforce,£25k-£100k,"[""Meta Ads"", ""Microsoft Ads"", ""TikTok Ads""]",False,0,kelvin-manufacturing.example,True
Foxglove Care Inc,foxglove-care.example,Healthcare,1-10,US,New York,under £1m,2018,Bootstrapped,No CRM,none,[],True,5,foxglovecare-group.example,False
Heron Wealth Inc,heron-wealth.example,Financial services,1000+,US,San Francisco,£250m+,1998,Series C+,Salesforce,£100k+,"[""Google Ads"", ""Meta Ads"", ""Microsoft Ads"", ""TikTok Ads""]",True,64,heron-wealth.example,True
Dovecote Clinics GmbH,dovecote-clinics.example,Healthcare,11-50,DE,Hamburg,£1m-£10m,1999,Seed,Spreadsheet,under £5k,"[""LinkedIn Ads""]",True,2,dovecote-clinics.example,True
Ivywood Systems Ltd,ivywood-systems.example,Software,51-200,UK,Manchester,£10m-£50m,2003,Series A,Spreadsheet,£100k+,"[""Google Ads"", ""LinkedIn Ads"", ""Meta Ads"", ""TikTok Ads""]",True,11,ivywood-systems.example,True
Yarrow Learning Inc,yarrow-learning.example,Education,1-10,US,Chicago,under £1m,2005,Bootstrapped,Salesforce,none,[],False,0,yarrow-learning.example,True
Willow Capital Inc,willow-capital.example,Financial services,51-200,US,San Francisco,£10m-£50m,2010,Bootstrapped,Salesforce,£25k-£100k,"[""Google Ads"", ""Meta Ads"", ""Microsoft Ads""]",True,6,willow-capital.example,True
Valley Transport Ltd,valley-transport.example,Logistics,201-1000,UK,London,£50m-£250m,2010,Bootstrapped,HubSpot,£25k-£100k,"[""Google Ads"", ""Meta Ads"", ""Microsoft Ads""]",True,28,valley-transport.example,True
Evergreen Education Ltd,evergreen-education.example,Education,1000+,UK,Leeds,£250m+,2008,Private equity,Salesforce,£100k+,"[""Google Ads"", ""LinkedIn Ads"", ""Meta Ads"", ""TikTok Ads""]",True,55,evergreen-education.example,True
Evergreen Digital SAS,evergreen-digital.example,Software,1-10,FR,Paris,under £1m,2021,Bootstrapped,Spreadsheet,under £5k,"[""Microsoft Ads""]",False,0,evergreen-digital.example,True
Ironbridge Wealth Ltd,ironbridge-wealth.example,Financial services,1-10,UK,London,under £1m,2023,Bootstrapped,Spreadsheet,£5k-£25k,"[""Google Ads"", ""Meta Ads""]",False,0,ironbridgeweal-group.example,False
Riverside Accountants Inc,riverside-accountants.example,Professional services,201-1000,US,San Francisco,£50m-£250m,2005,Private equity,Salesforce,£25k-£100k,"[""Google Ads"", ""LinkedIn Ads"", ""Meta Ads""]",False,0,riverside-accountants.example,True
Nettlefield Data SAS,nettlefield-data.example,Software,1-10,FR,Toulouse,under £1m,2016,Bootstrapped,HubSpot,none,[],False,0,nettlefielddata-group.example,False
Redwood Digital GmbH,redwood-digital.example,Software,51-200,DE,Hamburg,£10m-£50m,2018,Series B,Salesforce,£25k-£100k,"[""Google Ads"", ""Meta Ads"", ""Microsoft Ads""]",False,0,redwood-digital.example,True
Bramble Cloud SAS,bramble-cloud.example,Software,51-200,FR,Paris,£10m-£50m,2010,Series C+,No CRM,£25k-£100k,"[""Google Ads"", ""LinkedIn Ads"", ""TikTok Ads""]",True,12,bramble-cloud.example,True
Quayside Pharma SAS,quayside-pharma.example,Healthcare,51-200,FR,Paris,£10m-£50m,2002,Private equity,HubSpot,£5k-£25k,"[""Google Ads"", ""Microsoft Ads""]",False,0,quayside-pharma.example,True
Riverside Retail Ltd,riverside-retail.example,Retail,1000+,UK,Birmingham,£250m+,2018,Public,Salesforce,none,[],True,66,riversidereta-group.example,False
Aurora Partners Ltd,aurora-partners.example,Financial services,1000+,UK,Birmingham,£250m+,1991,Public,Salesforce,£100k+,"[""Google Ads"", ""LinkedIn Ads"", ""Microsoft Ads"", ""TikTok Ads""]",True,47,aurorapart-group.example,False
Larkspur Couriers Inc,larkspur-couriers.example,Logistics,1-10,US,Austin,under £1m,2003,Bootstrapped,Pipedrive,none,[],False,0,larkspur-couriers.example,True
Oldfield Systems GmbH,oldfield-systems.example,Software,201-1000,DE,Munich,£50m-£250m,2006,Bootstrapped,HubSpot,under £5k,"[""Meta Ads""]",True,24,oldfield-systems.example,True
Redwood Industries Ltd,redwood-industries.example,Manufacturing,51-200,UK,London,£1m-£10m,1998,Series B,Salesforce,under £5k,"[""LinkedIn Ads""]",True,14,redwood-industries.example,True
Juniper Fabrication Ltd,juniper-fabrication.example,Manufacturing,201-1000,UK,London,£50m-£250m,2011,Series C+,Salesforce,none,[],False,0,juniper-fabrication.example,True
Alder Retail Ltd,alder-retail.example,Retail,201-1000,UK,Bristol,£250m+,2002,Bootstrapped,Salesforce,under £5k,"[""LinkedIn Ads""]",False,0,alderreta-group.example,False
Saltmarsh Trading GmbH,saltmarsh-trading.example,Retail,1-10,DE,Frankfurt,under £1m,2018,Bootstrapped,No CRM,none,[],True,1,saltmarshtrad-group.example,False
Yarrow Clinics Ltd,yarrow-clinics.example,Healthcare,1-10,UK,Birmingham,under £1m,2024,Bootstrapped,Spreadsheet,under £5k,"[""TikTok Ads""]",False,0,yarrow-clinics.example,True
Rosewood Goods Ltd,rosewood-goods.example,Retail,51-200,UK,London,£10m-£50m,2017,Series A,Salesforce,£5k-£25k,"[""Google Ads"", ""Meta Ads""]",False,0,rosewood-goods.example,True
Pennine Dental Inc,pennine-dental.example,Healthcare,11-50,US,Seattle,£1m-£10m,1998,Seed,Pipedrive,£5k-£25k,"[""Google Ads"", ""LinkedIn Ads""]",True,5,penninedent-group.example,False
Yarrow Data SAS,yarrow-data.example,Software,201-1000,FR,Lyon,£50m-£250m,1996,Series C+,No CRM,£100k+,"[""Google Ads"", ""Meta Ads"", ""Microsoft Ads"", ""TikTok Ads""]",True,24,yarrow-data.example,True
Inkwell Academy Ltd,inkwell-academy.example,Education,1-10,UK,London,under £1m,1996,Seed,No CRM,under £5k,"[""Google Ads""]",False,0,inkwellacad-group.example,False
Orchard Health SAS,orchard-health.example,Healthcare,1-10,FR,Toulouse,under £1m,2004,Seed,HubSpot,£5k-£25k,"[""Google Ads"", ""TikTok Ads""]",False,0,orchard-health.example,True
Lindenwood Advisory GmbH,lindenwood-advisory.example,Professional services,201-1000,DE,Berlin,£50m-£250m,2021,Bootstrapped,Pipedrive,£5k-£25k,"[""Meta Ads"", ""Microsoft Ads""]",True,18,lindenwood-advisory.example,True
Tidewater Engineering SAS,tidewater-engineering.example,Manufacturing,11-50,FR,Paris,under £1m,2022,Bootstrapped,No CRM,under £5k,"[""Microsoft Ads""]",True,1,tidewater-engineering.example,True
Ironbridge Couriers Inc,ironbridge-couriers.example,Logistics,51-200,US,Boston,£10m-£50m,1996,Bootstrapped,Pipedrive,under £5k,"[""Meta Ads""]",False,0,ironbridgecour-group.example,False
Brightwater Labs SAS,brightwater-labs.example,Software,11-50,FR,Lyon,£1m-£10m,2007,Seed,HubSpot,under £5k,"[""Meta Ads""]",False,0,brightwaterlabs-group.example,False
Clearwater Goods Inc,clearwater-goods.example,Retail,201-1000,US,New York,£50m-£250m,1997,Series B,Salesforce,£25k-£100k,"[""Google Ads"", ""LinkedIn Ads"", ""Microsoft Ads""]",False,0,clearwater-goods.example,True
Dunmore Stores Inc,dunmore-stores.example,Retail,201-1000,US,Austin,£50m-£250m,1987,Series C+,Salesforce,£25k-£100k,"[""Google Ads"", ""LinkedIn Ads"", ""TikTok Ads""]",False,0,dunmorestor-group.example,False
Umber Learning Ltd,umber-learning.example,Education,11-50,UK,Leeds,£1m-£10m,2006,Series A,Salesforce,under £5k,"[""Meta Ads""]",True,2,umber-learning.example,True
Willow Accountants SAS,willow-accountants.example,Professional services,201-1000,FR,Lille,£50m-£250m,1991,Series C+,Salesforce,£5k-£25k,"[""Google Ads"", ""Microsoft Ads""]",True,23,willow-accountants.example,True
Jasper Systems BV,jasper-systems.example,Software,11-50,NL,Utrecht,£1m-£10m,2024,Bootstrapped,Spreadsheet,under £5k,"[""Meta Ads""]",False,0,jasper-systems.example,True
Meridian Software Ltd,meridian-software.example,Software,51-200,UK,Manchester,£50m-£250m,2005,Series A,Spreadsheet,£5k-£25k,"[""LinkedIn Ads"", ""Meta Ads""]",True,8,meridiansoft-group.example,False
Falcon Accountants Inc,falcon-accountants.example,Professional services,1-10,US,Austin,under £1m,2006,Bootstrapped,HubSpot,under £5k,"[""Meta Ads""]",False,0,falconacco-group.example,False
Clearwater Wealth BV,clearwater-wealth.example,Financial services,51-200,NL,Amsterdam,£10m-£50m,2018,Private equity,HubSpot,£5k-£25k,"[""Google Ads"", ""Microsoft Ads""]",False,0,clearwater-wealth.example,True
Kelvin Tutors BV,kelvin-tutors.example,Education,1000+,NL,Eindhoven,£250m+,1998,Series C+,Pipedrive,£5k-£25k,"[""Google Ads"", ""Meta Ads""]",False,0,kelvin-tutors.example,True
Inkwell Associates Ltd,inkwell-associates.example,Professional services,1-10,UK,Leeds,under £1m,2015,Seed,HubSpot,under £5k,"[""LinkedIn Ads""]",False,0,inkwell-associates.example,True
Upland Stores Ltd,upland-stores.example,Retail,51-200,UK,Leeds,£10m-£50m,2010,Bootstrapped,Salesforce,£25k-£100k,"[""Google Ads"", ""LinkedIn Ads"", ""Meta Ads""]",False,0,uplandstor-group.example,False
Tidewater Logistics SAS,tidewater-logistics.example,Logistics,51-200,FR,Paris,£10m-£50m,2001,Series B,Salesforce,£5k-£25k,"[""Microsoft Ads"", ""TikTok Ads""]",False,0,tidewater-logistics.example,True
Driftwood Education Inc,driftwood-education.example,Education,1-10,US,Austin,£1m-£10m,2023,Bootstrapped,HubSpot,under £5k,"[""Meta Ads""]",False,0,driftwood-education.example,True
Vantage Learning SAS,vantage-learning.example,Education,1-10,FR,Lille,under £1m,2024,Seed,HubSpot,none,[],False,0,vantage-learning.example,True
Redwood Wealth SAS,redwood-wealth.example,Financial services,51-200,FR,Paris,£10m-£50m,2003,Bootstrapped,HubSpot,£5k-£25k,"[""Google Ads"", ""Meta Ads""]",False,0,redwood-wealth.example,True
Quartz Care Ltd,quartz-care.example,Healthcare,1-10,UK,Leeds,under £1m,2003,Bootstrapped,Spreadsheet,none,[],False,0,quartzcare-group.example,False
Larkspur Stores Inc,larkspur-stores.example,Retail,11-50,US,Seattle,£1m-£10m,2019,Series A,HubSpot,none,[],False,0,larkspur-stores.example,True
Moorland Haulage BV,moorland-haulage.example,Logistics,201-1000,NL,Eindhoven,£50m-£250m,1987,Series C+,Salesforce,£5k-£25k,"[""Google Ads"", ""Meta Ads""]",True,16,moorland-haulage.example,True
Fernhill Education Inc,fernhill-education.example,Education,11-50,US,San Francisco,£1m-£10m,2023,Bootstrapped,HubSpot,£5k-£25k,"[""Google Ads"", ""Microsoft Ads""]",True,8,fernhill-education.example,True
Zephyr Health GmbH,zephyr-health.example,Healthcare,51-200,DE,Berlin,£10m-£50m,1998,Private equity,Spreadsheet,none,[],False,0,zephyr-health.example,True
Nimbus College Ltd,nimbus-college.example,Education,51-200,UK,Edinburgh,£10m-£50m,2019,Bootstrapped,HubSpot,£5k-£25k,"[""LinkedIn Ads"", ""Meta Ads""]",True,11,nimbuscoll-group.example,False
Lantern Retail GmbH,lantern-retail.example,Retail,51-200,DE,Frankfurt,£10m-£50m,2006,Series B,Spreadsheet,£5k-£25k,"[""Google Ads"", ""Meta Ads""]",True,11,lanternreta-group.example,False
Dovecote Education Inc,dovecote-education.example,Education,1-10,US,Boston,under £1m,2000,Seed,No CRM,£5k-£25k,"[""Meta Ads"", ""Microsoft Ads""]",False,0,dovecote-education.example,True
Thornbury Insurance Inc,thornbury-insurance.example,Financial services,1-10,US,New York,£1m-£10m,2008,Seed,Spreadsheet,under £5k,"[""Microsoft Ads""]",False,0,thornburyinsu-group.example,False
Umber Dental Inc,umber-dental.example,Healthcare,1-10,US,San Francisco,under £1m,2018,Bootstrapped,Salesforce,under £5k,"[""Microsoft Ads""]",False,0,umber-dental.example,True
Inkwell Components Ltd,inkwell-components.example,Manufacturing,201-1000,UK,Bristol,£50m-£250m,1996,Series B,Salesforce,none,[],True,21,inkwellcomp-group.example,False
Keystone Partners Ltd,keystone-partners.example,Financial services,51-200,UK,London,£10m-£50m,2021,Series C+,HubSpot,£5k-£25k,"[""Google Ads"", ""Meta Ads""]",False,0,keystonepart-group.example,False
Oakridge Capital Inc,oakridge-capital.example,Financial services,1000+,US,Boston,£50m-£250m,2003,Public,Salesforce,£100k+,"[""Google Ads"", ""LinkedIn Ads"", ""Meta Ads"", ""Microsoft Ads""]",True,65,oakridge-capital.example,True
Marigold Academy SAS,marigold-academy.example,Education,51-200,FR,Lyon,£10m-£50m,1998,Series A,HubSpot,£100k+,"[""Google Ads"", ""Meta Ads"", ""Microsoft Ads"", ""TikTok Ads""]",True,11,marigoldacad-group.example,False
Falcon Health SAS,falcon-health.example,Healthcare,1-10,FR,Paris,under £1m,2012,Seed,HubSpot,£25k-£100k,"[""Google Ads"", ""LinkedIn Ads"", ""Meta Ads""]",False,0,falcon-health.example,True
Pebble Systems GmbH,pebble-systems.example,Software,11-50,DE,Berlin,£1m-£10m,2012,Bootstrapped,HubSpot,none,[],False,0,pebble-systems.example,True
Harbour Manufacturing Inc,harbour-manufacturing.example,Manufacturing,1000+,US,Austin,£250m+,2023,Private equity,Salesforce,£5k-£25k,"[""Meta Ads"", ""TikTok Ads""]",True,45,harbour-manufacturing.example,True
Umber Partners Ltd,umber-partners.example,Financial services,51-200,UK,Bristol,£10m-£50m,2021,Series A,Salesforce,£5k-£25k,"[""Google Ads"", ""Meta Ads""]",False,0,umber-partners.example,True
Ivywood Consulting Ltd,ivywood-consulting.example,Professional services,11-50,UK,Birmingham,£1m-£10m,1998,Bootstrapped,HubSpot,£25k-£100k,"[""Google Ads"", ""Meta Ads"", ""Microsoft Ads""]",False,0,ivywood-consulting.example,True
Willow Advisory BV,willow-advisory.example,Professional services,11-50,NL,Amsterdam,under £1m,2002,Seed,Pipedrive,none,[],False,0,willow-advisory.example,True
Bluebell Clinics GmbH,bluebell-clinics.example,Healthcare,1000+,DE,Munich,£250m+,1985,Private equity,No CRM,£5k-£25k,"[""Google Ads"", ""Meta Ads""]",True,69,bluebell-clinics.example,True
Elmstead Cloud Ltd,elmstead-cloud.example,Software,1-10,UK,Bristol,under £1m,2017,Bootstrapped,HubSpot,under £5k,"[""Microsoft Ads""]",False,0,elmsteadclou-group.example,False
Tamarind Components Inc,tamarind-components.example,Manufacturing,1-10,US,Boston,under £1m,2003,Bootstrapped,HubSpot,under £5k,"[""Google Ads""]",False,0,tamarindcomp-group.example,False
Umber Health GmbH,umber-health.example,Healthcare,1-10,DE,Frankfurt,£1m-£10m,2024,Bootstrapped,HubSpot,£5k-£25k,"[""Google Ads"", ""LinkedIn Ads""]",True,1,umber-health.example,True
Evergreen Consulting Inc,evergreen-consulting.example,Professional services,201-1000,US,San Francisco,£10m-£50m,2020,Series B,Salesforce,£5k-£25k,"[""Google Ads"", ""LinkedIn Ads""]",False,0,evergreen-consulting.example,True
Fernhill Goods Ltd,fernhill-goods.example,Retail,51-200,UK,Bristol,£10m-£50m,1996,Series B,Spreadsheet,£100k+,"[""Google Ads"", ""LinkedIn Ads"", ""Meta Ads"", ""Microsoft Ads""]",False,0,fernhillgood-group.example,False
Kelvin Systems BV,kelvin-systems.example,Software,1-10,NL,Rotterdam,under £1m,2012,Bootstrapped,HubSpot,£25k-£100k,"[""LinkedIn Ads"", ""Meta Ads"", ""Microsoft Ads""]",False,0,kelvinsyst-group.example,False
Highgate Industries GmbH,highgate-industries.example,Manufacturing,1-10,DE,Hamburg,under £1m,2012,Bootstrapped,HubSpot,under £5k,"[""Google Ads""]",True,1,highgateindu-group.example,False
Glenmoor Advisory Ltd,glenmoor-advisory.example,Professional services,201-1000,UK,Manchester,£50m-£250m,2017,Series C+,HubSpot,£25k-£100k,"[""LinkedIn Ads"", ""Meta Ads"", ""Microsoft Ads""]",True,26,glenmooradvi-group.example,False
Pinecrest Engineering Ltd,pinecrest-engineering.example,Manufacturing,51-200,UK,Birmingham,£10m-£50m,2012,Bootstrapped,Spreadsheet,£25k-£100k,"[""Google Ads"", ""LinkedIn Ads"", ""Microsoft Ads""]",True,10,pinecrest-engineering.example,True
Highgate Cloud Inc,highgate-cloud.example,Software,11-50,US,Boston,£1m-£10m,2005,Bootstrapped,Salesforce,£25k-£100k,"[""LinkedIn Ads"", ""Meta Ads"", ""TikTok Ads""]",False,0,highgate-cloud.example,True
Emberly Fabrication Inc,emberly-fabrication.example,Manufacturing,11-50,US,Austin,£1m-£10m,2009,Bootstrapped,No CRM,none,[],False,0,emberlyfabr-group.example,False
Upland Academy GmbH,upland-academy.example,Education,11-50,DE,Munich,£1m-£10m,2016,Bootstrapped,Spreadsheet,none,[],True,1,uplandacad-group.example,False
Brightwater Training Ltd,brightwater-training.example,Education,1-10,UK,Manchester,under £1m,2012,Bootstrapped,Spreadsheet,none,[],False,0,brightwatertrai-group.example,False
Kestrel Outfitters BV,kestrel-outfitters.example,Retail,1-10,NL,Eindhoven,under £1m,1995,Bootstrapped,Spreadsheet,none,[],False,0,kestreloutf-group.example,False
Quayside Couriers Inc,quayside-couriers.example,Logistics,1-10,US,Boston,under £1m,2010,Bootstrapped,No CRM,£5k-£25k,"[""Google Ads"", ""TikTok Ads""]",False,0,quaysidecour-group.example,False
Zephyr Freight SAS,zephyr-freight.example,Logistics,1-10,FR,Toulouse,under £1m,2016,Bootstrapped,Pipedrive,none,[],True,3,zephyr-freight.example,True
Evergreen Lending SAS,evergreen-lending.example,Financial services,1000+,FR,Toulouse,£250m+,2000,Public,Salesforce,£5k-£25k,"[""Google Ads"", ""Meta Ads""]",True,60,evergreen-lending.example,True
Granite Insurance Ltd,granite-insurance.example,Financial services,11-50,UK,Leeds,£1m-£10m,2010,Seed,HubSpot,none,[],True,5,granite-insurance.example,True
Nettlefield Capital SAS,nettlefield-capital.example,Financial services,201-1000,FR,Lyon,£10m-£50m,2014,Bootstrapped,Salesforce,£100k+,"[""Google Ads"", ""LinkedIn Ads"", ""Meta Ads"", ""Microsoft Ads""]",True,22,nettlefield-capital.example,True
Brightwater Software Ltd,brightwater-software.example,Software,1-10,UK,Manchester,under £1m,2018,Seed,Spreadsheet,none,[],False,0,brightwatersoft-group.example,False
Tidewater Clinics BV,tidewater-clinics.example,Healthcare,11-50,NL,Amsterdam,£1m-£10m,2008,Bootstrapped,HubSpot,£5k-£25k,"[""LinkedIn Ads"", ""Microsoft Ads""]",True,8,tidewater-clinics.example,True
Kestrel Academy SAS,kestrel-academy.example,Education,1000+,FR,Lille,£250m+,1965,Bootstrapped,Salesforce,£25k-£100k,"[""Google Ads"", ""Meta Ads"", ""TikTok Ads""]",True,67,kestrel-academy.example,True
Kestrel Training Ltd,kestrel-training.example,Education,51-200,UK,Birmingham,£10m-£50m,1996,Seed,Salesforce,under £5k,"[""Microsoft Ads""]",False,0,kestreltrai-group.example,False
Jasper Consulting Ltd,jasper-consulting.example,Professional services,1-10,UK,Edinburgh,under £1m,2021,Seed,No CRM,none,[],False,0,jaspercons-group.example,False
Bluebell Learning Ltd,bluebell-learning.example,Education,11-50,UK,Manchester,under £1m,2018,Seed,HubSpot,£25k-£100k,"[""Google Ads"", ""LinkedIn Ads"", ""Meta Ads""]",True,5,bluebell-learning.example,True
Ivywood Capital Inc,ivywood-capital.example,Financial services,11-50,US,Chicago,£1m-£10m,2015,Seed,Salesforce,under £5k,"[""Google Ads""]",False,0,ivywoodcapi-group.example,False
Yarrow Digital Ltd,yarrow-digital.example,Software,201-1000,UK,London,£10m-£50m,1987,Series A,Spreadsheet,£100k+,"[""Google Ads"", ""LinkedIn Ads"", ""Meta Ads"", ""TikTok Ads""]",False,0,yarrow-digital.example,True
Granite College GmbH,granite-college.example,Education,51-200,DE,Munich,£10m-£50m,2024,Bootstrapped,Salesforce,under £5k,"[""Google Ads""]",False,0,granite-college.example,True
Cobalt Outfitters Ltd,cobalt-outfitters.example,Retail,11-50,UK,Bristol,£1m-£10m,2013,Series A,No CRM,£5k-£25k,"[""LinkedIn Ads"", ""TikTok Ads""]",False,0,cobaltoutf-group.example,False
Umber Couriers BV,umber-couriers.example,Logistics,201-1000,NL,Eindhoven,£50m-£250m,1965,Series B,Salesforce,£5k-£25k,"[""Google Ads"", ""Meta Ads""]",True,28,umber-couriers.example,True
Cedar Market Ltd,cedar-market.example,Retail,11-50,UK,Edinburgh,£1m-£10m,2024,Bootstrapped,Spreadsheet,£5k-£25k,"[""Google Ads"", ""LinkedIn Ads""]",True,5,cedarmark-group.example,False
Granite Tutors Ltd,granite-tutors.example,Education,11-50,UK,London,£1m-£10m,2024,Seed,Pipedrive,£5k-£25k,"[""Google Ads"", ""Microsoft Ads""]",False,0,granite-tutors.example,True
Zephyr Logistics Inc,zephyr-logistics.example,Logistics,11-50,US,New York,£1m-£10m,2023,Seed,HubSpot,none,[],True,6,zephyr-logistics.example,True
Beacon Labs Ltd,beacon-labs.example,Software,51-200,UK,Birmingham,£10m-£50m,2014,Series B,HubSpot,£5k-£25k,"[""LinkedIn Ads"", ""Meta Ads""]",False,0,beacon-labs.example,True
Meridian Consulting Inc,meridian-consulting.example,Professional services,11-50,US,New York,under £1m,1995,Seed,Spreadsheet,£25k-£100k,"[""LinkedIn Ads"", ""Meta Ads"", ""Microsoft Ads""]",False,0,meridian-consulting.example,True
Highgate Trading GmbH,highgate-trading.example,Retail,11-50,DE,Berlin,£1m-£10m,1998,Series A,HubSpot,under £5k,"[""Meta Ads""]",True,6,highgate-trading.example,True
Jasper Trading SAS,jasper-trading.example,Retail,11-50,FR,Lille,£10m-£50m,1999,Series B,HubSpot,under £5k,"[""Meta Ads""]",True,3,jasper-trading.example,True
Nettlefield Lending Ltd,nettlefield-lending.example,Financial services,201-1000,UK,Bristol,£50m-£250m,2023,Private equity,Salesforce,£5k-£25k,"[""Meta Ads"", ""Microsoft Ads""]",True,26,nettlefieldlend-group.example,False
Dunmore Associates Inc,dunmore-associates.example,Professional services,51-200,US,Austin,£10m-£50m,2003,Bootstrapped,Salesforce,£25k-£100k,"[""Google Ads"", ""Meta Ads"", ""TikTok Ads""]",False,0,dunmore-associates.example,True
Nimbus Freight Inc,nimbus-freight.example,Logistics,201-1000,US,Chicago,£10m-£50m,1983,Series B,Salesforce,£100k+,"[""Google Ads"", ""LinkedIn Ads"", ""Meta Ads"", ""Microsoft Ads""]",False,0,nimbusfrei-group.example,False
Nimbus Recruitment Ltd,nimbus-recruitment.example,Professional services,11-50,UK,Leeds,£10m-£50m,2006,Series A,Spreadsheet,£5k-£25k,"[""Google Ads"", ""LinkedIn Ads""]",False,0,nimbus-recruitment.example,True
Yarrow Transport GmbH,yarrow-transport.example,Logistics,11-50,DE,Berlin,£1m-£10m,2016,Series B,HubSpot,£5k-£25k,"[""LinkedIn Ads"", ""Microsoft Ads""]",True,5,yarrow-transport.example,True
Jasper Haulage Inc,jasper-haulage.example,Logistics,11-50,US,Seattle,£10m-£50m,2005,Bootstrapped,Spreadsheet,under £5k,"[""TikTok Ads""]",False,0,jasper-haulage.example,True
Harbour Training Inc,harbour-training.example,Education,1-10,US,San Francisco,under £1m,2024,Bootstrapped,Spreadsheet,none,[],True,1,harbour-training.example,True
Larkspur Associates Ltd,larkspur-associates.example,Professional services,1000+,UK,London,£250m+,1973,Private equity,Salesforce,£100k+,"[""Google Ads"", ""LinkedIn Ads"", ""Meta Ads"", ""Microsoft Ads""]",True,71,larkspur-associates.example,True
Moorland Legal Inc,moorland-legal.example,Professional services,201-1000,US,Chicago,£50m-£250m,1990,Private equity,HubSpot,£25k-£100k,"[""Google Ads"", ""Microsoft Ads"", ""TikTok Ads""]",True,27,moorland-legal.example,True
Dovecote College Ltd,dovecote-college.example,Education,11-50,UK,London,£1m-£10m,1999,Series A,No CRM,£5k-£25k,"[""Meta Ads"", ""Microsoft Ads""]",False,0,dovecote-college.example,True
Stonebridge Freight BV,stonebridge-freight.example,Logistics,51-200,NL,Eindhoven,£10m-£50m,1995,Bootstrapped,HubSpot,£100k+,"[""Google Ads"", ""LinkedIn Ads"", ""Meta Ads"", ""Microsoft Ads""]",False,0,stonebridgefrei-group.example,False
Glenmoor Dental Ltd,glenmoor-dental.example,Healthcare,1000+,UK,Manchester,£250m+,1981,Public,Salesforce,£100k+,"[""Google Ads"", ""LinkedIn Ads"", ""Meta Ads"", ""TikTok Ads""]",False,0,glenmoor-dental.example,True
Dunmore Goods GmbH,dunmore-goods.example,Retail,1-10,DE,Frankfurt,under £1m,2018,Seed,No CRM,none,[],False,0,dunmore-goods.example,True
Redwood Medical Inc,redwood-medical.example,Healthcare,1-10,US,Austin,under £1m,2004,Seed,HubSpot,none,[],False,0,redwood-medical.example,True
Bluebell Logistics SAS,bluebell-logistics.example,Logistics,51-200,FR,Toulouse,£10m-£50m,2014,Bootstrapped,HubSpot,£5k-£25k,"[""Google Ads"", ""Meta Ads""]",False,0,bluebell-logistics.example,True
Glenmoor College Ltd,glenmoor-college.example,Education,1-10,UK,Manchester,under £1m,2011,Seed,HubSpot,under £5k,"[""LinkedIn Ads""]",True,3,glenmoor-college.example,True
Heron Market GmbH,heron-market.example,Retail,11-50,DE,Frankfurt,£1m-£10m,1997,Bootstrapped,No CRM,under £5k,"[""LinkedIn Ads""]",False,0,heron-market.example,True
Valley Academy Ltd,valley-academy.example,Education,51-200,UK,Edinburgh,£10m-£50m,1996,Series B,HubSpot,£25k-£100k,"[""Google Ads"", ""Meta Ads"", ""Microsoft Ads""]",True,10,valley-academy.example,True
Lindenwood Clinics Inc,lindenwood-clinics.example,Healthcare,201-1000,US,Boston,£50m-£250m,2016,Series B,Salesforce,£25k-£100k,"[""Google Ads"", ""LinkedIn Ads"", ""Meta Ads""]",True,22,lindenwood-clinics.example,True
Clearwater Partners Inc,clearwater-partners.example,Financial services,11-50,US,Chicago,£1m-£10m,2001,Seed,No CRM,£25k-£100k,"[""Google Ads"", ""LinkedIn Ads"", ""Meta Ads""]",True,5,clearwater-partners.example,True
Driftwood Engineering GmbH,driftwood-engineering.example,Manufacturing,1-10,DE,Berlin,under £1m,1999,Seed,No CRM,under £5k,"[""Meta Ads""]",True,2,driftwoodengi-group.example,False
Westbrook Clinics GmbH,westbrook-clinics.example,Healthcare,1-10,DE,Munich,under £1m,2024,Seed,HubSpot,under £5k,"[""Meta Ads""]",False,0,westbrook-clinics.example,True
Bluebell Market GmbH,bluebell-market.example,Retail,51-200,DE,Frankfurt,£10m-£50m,1996,Bootstrapped,Salesforce,£100k+,"[""Google Ads"", ""LinkedIn Ads"", ""Meta Ads"", ""Microsoft Ads""]",False,0,bluebellmark-group.example,False
Elmstead Lending SAS,elmstead-lending.example,Financial services,1-10,FR,Toulouse,£1m-£10m,2000,Seed,Spreadsheet,under £5k,"[""Google Ads""]",False,0,elmstead-lending.example,True
Tidewater Pharma Ltd,tidewater-pharma.example,Healthcare,51-200,UK,Bristol,£10m-£50m,2007,Series B,HubSpot,under £5k,"[""Meta Ads""]",False,0,tidewater-pharma.example,True
Silverline Accountants Inc,silverline-accountants.example,Professional services,11-50,US,Seattle,£1m-£10m,2015,Seed,Pipedrive,under £5k,"[""Meta Ads""]",False,0,silverline-accountants.example,True
Silverline Fabrication Inc,silverline-fabrication.example,Manufacturing,11-50,US,San Francisco,£1m-£10m,1996,Bootstrapped,HubSpot,£25k-£100k,"[""Google Ads"", ""Meta Ads"", ""Microsoft Ads""]",True,4,silverline-fabrication.example,True
Tidewater Retail Ltd,tidewater-retail.example,Retail,51-200,UK,Leeds,£10m-£50m,2001,Series B,Salesforce,none,[],False,0,tidewater-retail.example,True
Foxglove Shipping GmbH,foxglove-shipping.example,Logistics,201-1000,DE,Berlin,£50m-£250m,1996,Series A,Salesforce,£25k-£100k,"[""Google Ads"", ""Microsoft Ads"", ""TikTok Ads""]",False,0,foxgloveship-group.example,False
Pennine Training BV,pennine-training.example,Education,1-10,NL,Rotterdam,under £1m,2001,Bootstrapped,Pipedrive,none,[],False,0,penninetrai-group.example,False
Pennine Recruitment Ltd,pennine-recruitment.example,Professional services,51-200,UK,London,£10m-£50m,2022,Series B,Salesforce,£5k-£25k,"[""Google Ads"", ""TikTok Ads""]",True,14,pennine-recruitment.example,True
Clearwater Pharma Ltd,clearwater-pharma.example,Healthcare,51-200,UK,Manchester,£10m-£50m,2021,Series A,Spreadsheet,none,[],False,0,clearwater-pharma.example,True
Oakridge Legal Ltd,oakridge-legal.example,Professional services,11-50,UK,London,£1m-£10m,2012,Series B,HubSpot,none,[],False,0,oakridgelega-group.example,False
Redwood Tutors SAS,redwood-tutors.example,Education,11-50,FR,Lille,£1m-£10m,2001,Bootstrapped,HubSpot,under £5k,"[""Google Ads""]",False,0,redwoodtuto-group.example,False
Hawthorn Pharma Ltd,hawthorn-pharma.example,Healthcare,1-10,UK,Bristol,£1m-£10m,2008,Seed,No CRM,none,[],False,0,hawthorn-pharma.example,True
Ashford College GmbH,ashford-college.example,Education,51-200,DE,Berlin,£10m-£50m,2019,Series B,Spreadsheet,under £5k,"[""Meta Ads""]",False,0,ashford-college.example,True
Meridian Dental GmbH,meridian-dental.example,Healthcare,51-200,DE,Munich,£50m-£250m,2021,Bootstrapped,Pipedrive,under £5k,"[""LinkedIn Ads""]",False,0,meridian-dental.example,True
Westbrook Lending GmbH,westbrook-lending.example,Financial services,51-200,DE,Hamburg,£10m-£50m,2004,Series B,Salesforce,under £5k,"[""Meta Ads""]",True,11,westbrooklend-group.example,False
Lantern Legal Ltd,lantern-legal.example,Professional services,1-10,UK,Edinburgh,under £1m,2024,Bootstrapped,Spreadsheet,none,[],False,0,lanternlega-group.example,False
Marigold Manufacturing Ltd,marigold-manufacturing.example,Manufacturing,51-200,UK,Edinburgh,£10m-£50m,2007,Series B,Salesforce,under £5k,"[""Meta Ads""]",True,11,marigold-manufacturing.example,True
Orchard Freight Ltd,orchard-freight.example,Logistics,1-10,UK,Manchester,£1m-£10m,2006,Seed,HubSpot,none,[],False,0,orchard-freight.example,True
Meridian Manufacturing GmbH,meridian-manufacturing.example,Manufacturing,1000+,DE,Berlin,£250m+,2017,Bootstrapped,HubSpot,£25k-£100k,"[""Google Ads"", ""Microsoft Ads"", ""TikTok Ads""]",True,68,meridian-manufacturing.example,True
Yarrow Associates GmbH,yarrow-associates.example,Professional services,51-200,DE,Munich,£10m-£50m,2014,Series B,Salesforce,under £5k,"[""Meta Ads""]",False,0,yarrow-associates.example,True
Valley Lending Inc,valley-lending.example,Financial services,51-200,US,New York,£10m-£50m,2005,Series B,HubSpot,£5k-£25k,"[""Google Ads"", ""LinkedIn Ads""]",True,12,valley-lending.example,True
Rosewood Systems Inc,rosewood-systems.example,Software,11-50,US,Chicago,£10m-£50m,2020,Bootstrapped,HubSpot,none,[],False,0,rosewood-systems.example,True
Oldfield Stores Inc,oldfield-stores.example,Retail,201-1000,US,Boston,£50m-£250m,1981,Series C+,Salesforce,£100k+,"[""Google Ads"", ""Meta Ads"", ""Microsoft Ads"", ""TikTok Ads""]",True,13,oldfieldstor-group.example,False
Nimbus Stores BV,nimbus-stores.example,Retail,11-50,NL,Eindhoven,£1m-£10m,2019,Bootstrapped,Pipedrive,under £5k,"[""LinkedIn Ads""]",False,0,nimbusstor-group.example,False
Saltmarsh Advisory Inc,saltmarsh-advisory.example,Professional services,11-50,US,Seattle,£1m-£10m,2022,Bootstrapped,Pipedrive,under £5k,"[""LinkedIn Ads""]",False,0,saltmarsh-advisory.example,True
Jasper Components Inc,jasper-components.example,Manufacturing,201-1000,US,Chicago,£50m-£250m,1988,Bootstrapped,No CRM,£25k-£100k,"[""LinkedIn Ads"", ""Meta Ads"", ""TikTok Ads""]",True,20,jasper-components.example,True
Oakridge Couriers SAS,oakridge-couriers.example,Logistics,51-200,FR,Paris,£10m-£50m,1996,Bootstrapped,Spreadsheet,£5k-£25k,"[""LinkedIn Ads"", ""Meta Ads""]",True,5,oakridgecour-group.example,False
Willow Industries Inc,willow-industries.example,Manufacturing,201-1000,US,Boston,£50m-£250m,1971,Series C+,Salesforce,£25k-£100k,"[""Google Ads"", ""Meta Ads"", ""Microsoft Ads""]",True,18,willowindu-group.example,False
Stonebridge Engineering SAS,stonebridge-engineering.example,Manufacturing,51-200,FR,Lyon,£1m-£10m,2023,Series A,HubSpot,£5k-£25k,"[""Microsoft Ads"", ""TikTok Ads""]",False,0,stonebridge-engineering.example,True
Umber Lending Inc,umber-lending.example,Financial services,1000+,US,Seattle,£250m+,2009,Private equity,HubSpot,£25k-£100k,"[""LinkedIn Ads"", ""Meta Ads"", ""Microsoft Ads""]",True,64,umber-lending.example,True
Falcon College Ltd,falcon-college.example,Education,1-10,UK,Edinburgh,under £1m,2014,Series A,Spreadsheet,under £5k,"[""TikTok Ads""]",False,0,falcon-college.example,True
Juniper Goods Ltd,juniper-goods.example,Retail,1000+,UK,Manchester,£250m+,2013,Series C+,HubSpot,£100k+,"[""Google Ads"", ""LinkedIn Ads"", ""Meta Ads"", ""Microsoft Ads""]",True,63,juniper-goods.example,True
Orchard Digital Inc,orchard-digital.example,Software,1000+,US,Austin,£250m+,1988,Public,Salesforce,£100k+,"[""Google Ads"", ""LinkedIn Ads"", ""Meta Ads"", ""Microsoft Ads""]",False,0,orchard-digital.example,True
Tamarind Finance Inc,tamarind-finance.example,Financial services,201-1000,US,Boston,£50m-£250m,2003,Public,Salesforce,£5k-£25k,"[""Google Ads"", ""Microsoft Ads""]",False,0,tamarind-finance.example,True
Saltmarsh Wealth Inc,saltmarsh-wealth.example,Financial services,51-200,US,Seattle,£50m-£250m,2003,Series B,Spreadsheet,£5k-£25k,"[""Google Ads"", ""Meta Ads""]",True,8,saltmarshweal-group.example,False
Oakridge Engineering SAS,oakridge-engineering.example,Manufacturing,201-1000,FR,Paris,£50m-£250m,1965,Private equity,Salesforce,£5k-£25k,"[""Google Ads"", ""Microsoft Ads""]",False,0,oakridge-engineering.example,True
Pennine Industries BV,pennine-industries.example,Manufacturing,1-10,NL,Amsterdam,under £1m,2020,Bootstrapped,HubSpot,under £5k,"[""TikTok Ads""]",False,0,pennineindu-group.example,False
Dunmore Pharma Ltd,dunmore-pharma.example,Healthcare,51-200,UK,Leeds,£10m-£50m,2017,Series A,HubSpot,under £5k,"[""Google Ads""]",True,11,dunmorephar-group.example,False
Driftwood Shipping GmbH,driftwood-shipping.example,Logistics,51-200,DE,Hamburg,£10m-£50m,2010,Private equity,No CRM,under £5k,"[""Google Ads""]",True,7,driftwood-shipping.example,True
Fernhill Insurance Ltd,fernhill-insurance.example,Financial services,1000+,UK,Edinburgh,£250m+,2009,Series C+,Salesforce,£25k-£100k,"[""Google Ads"", ""Meta Ads"", ""Microsoft Ads""]",True,58,fernhillinsu-group.example,False
Pinecrest Health BV,pinecrest-health.example,Healthcare,1-10,NL,Amsterdam,under £1m,2005,Seed,Spreadsheet,under £5k,"[""Google Ads""]",False,0,pinecrest-health.example,True
Beacon Clinics Ltd,beacon-clinics.example,Healthcare,11-50,UK,Manchester,£1m-£10m,2012,Bootstrapped,Pipedrive,£5k-£25k,"[""LinkedIn Ads"", ""Meta Ads""]",True,4,beacon-clinics.example,True
Highgate Insurance Inc,highgate-insurance.example,Financial services,201-1000,US,New York,£50m-£250m,2004,Public,Salesforce,£5k-£25k,"[""Google Ads"", ""Meta Ads""]",True,25,highgate-insurance.example,True
Nimbus Couriers SAS,nimbus-couriers.example,Logistics,51-200,FR,Toulouse,£10m-£50m,2008,Series A,HubSpot,£25k-£100k,"[""Google Ads"", ""LinkedIn Ads"", ""Meta Ads""]",True,10,nimbus-couriers.example,True
Westbrook Legal Ltd,westbrook-legal.example,Professional services,11-50,UK,London,£1m-£10m,2011,Series A,Salesforce,none,[],True,3,westbrook-legal.example,True
Yarrow Cloud BV,yarrow-cloud.example,Software,201-1000,NL,Eindhoven,£50m-£250m,1970,Public,Salesforce,£25k-£100k,"[""Google Ads"", ""LinkedIn Ads"", ""Meta Ads""]",False,0,yarrow-cloud.example,True
Thornbury Cloud Inc,thornbury-cloud.example,Software,1-10,US,Austin,£1m-£10m,2004,Bootstrapped,Salesforce,none,[],True,1,thornbury-cloud.example,True
Quartz Capital SAS,quartz-capital.example,Financial services,11-50,FR,Paris,£1m-£10m,2019,Bootstrapped,No CRM,under £5k,"[""Microsoft Ads""]",False,0,quartzcapi-group.example,False
Upland Legal Ltd,upland-legal.example,Professional services,51-200,UK,Edinburgh,£10m-£50m,1999,Series B,HubSpot,under £5k,"[""Microsoft Ads""]",True,17,upland-legal.example,True
Oakridge Partners BV,oakridge-partners.example,Financial services,1-10,NL,Rotterdam,under £1m,2022,Seed,Pipedrive,£5k-£25k,"[""Google Ads"", ""LinkedIn Ads""]",False,0,oakridge-partners.example,True
Meridian Health BV,meridian-health.example,Healthcare,201-1000,NL,Utrecht,£50m-£250m,1991,Series C+,Pipedrive,£25k-£100k,"[""Meta Ads"", ""Microsoft Ads"", ""TikTok Ads""]",True,18,meridianheal-group.example,False
Yarrow Haulage Ltd,yarrow-haulage.example,Logistics,201-1000,UK,Leeds,£50m-£250m,2000,Public,Salesforce,£5k-£25k,"[""LinkedIn Ads"", ""Meta Ads""]",True,24,yarrow-haulage.example,True
Driftwood Training Ltd,driftwood-training.example,Education,201-1000,UK,Edinburgh,£50m-£250m,1977,Bootstrapped,Salesforce,£100k+,"[""Google Ads"", ""LinkedIn Ads"", ""Meta Ads"", ""TikTok Ads""]",True,23,driftwood-training.example,True
Orchard Stores Ltd,orchard-stores.example,Retail,1-10,UK,Bristol,under £1m,2015,Bootstrapped,Spreadsheet,under £5k,"[""Microsoft Ads""]",False,0,orchardstor-group.example,False
Beacon Care Inc,beacon-care.example,Healthcare,1-10,US,Seattle,under £1m,2019,Seed,Spreadsheet,under £5k,"[""Microsoft Ads""]",False,0,beaconcare-group.example,False
Yarrow Advisory Ltd,yarrow-advisory.example,Professional services,1-10,UK,Leeds,under £1m,2017,Bootstrapped,HubSpot,under £5k,"[""LinkedIn Ads""]",False,0,yarrowadvi-group.example,False
Redwood Goods Ltd,redwood-goods.example,Retail,1-10,UK,Edinburgh,under £1m,2018,Seed,Pipedrive,under £5k,"[""Meta Ads""]",False,0,redwoodgood-group.example,False
Moorland Health Ltd,moorland-health.example,Healthcare,1000+,UK,Manchester,£250m+,1990,Private equity,Salesforce,£25k-£100k,"[""Google Ads"", ""LinkedIn Ads"", ""Meta Ads""]",True,69,moorland-health.example,True
Upland Systems BV,upland-systems.example,Software,51-200,NL,Rotterdam,£10m-£50m,1995,Series B,HubSpot,£5k-£25k,"[""Google Ads"", ""Meta Ads""]",True,6,upland-systems.example,True
Beacon Stores Ltd,beacon-stores.example,Retail,1-10,UK,Birmingham,under £1m,2015,Bootstrapped,Spreadsheet,under £5k,"[""Meta Ads""]",False,0,beacon-stores.example,True
Clearwater Care Inc,clearwater-care.example,Healthcare,11-50,US,Boston,£10m-£50m,2014,Bootstrapped,Spreadsheet,under £5k,"[""Google Ads""]",True,5,clearwater-care.example,True
Tamarind Freight BV,tamarind-freight.example,Logistics,1-10,NL,Amsterdam,under £1m,2018,Seed,Spreadsheet,under £5k,"[""Google Ads""]",True,2,tamarind-freight.example,True
Hawthorn Retail GmbH,hawthorn-retail.example,Retail,1000+,DE,Berlin,£250m+,2005,Private equity,Salesforce,£25k-£100k,"[""Google Ads"", ""Microsoft Ads"", ""TikTok Ads""]",True,68,hawthorn-retail.example,True
Hawthorn Advisory Inc,hawthorn-advisory.example,Professional services,1-10,US,Boston,£1m-£10m,2001,Seed,No CRM,none,[],True,1,hawthornadvi-group.example,False
Alder Freight Ltd,alder-freight.example,Logistics,11-50,UK,Leeds,under £1m,2023,Seed,HubSpot,under £5k,"[""Google Ads""]",False,0,alder-freight.example,True
Hawthorn Accountants GmbH,hawthorn-accountants.example,Professional services,201-1000,DE,Hamburg,£50m-£250m,1999,Bootstrapped,Salesforce,£25k-£100k,"[""Google Ads"", ""Meta Ads"", ""Microsoft Ads""]",True,14,hawthorn-accountants.example,True
Quayside Shipping Ltd,quayside-shipping.example,Logistics,11-50,UK,Leeds,£1m-£10m,2002,Series A,Salesforce,none,[],False,0,quaysideship-group.example,False
Brightwater Academy Ltd,brightwater-academy.example,Education,51-200,UK,London,£10m-£50m,2018,Bootstrapped,Spreadsheet,none,[],False,0,brightwateracad-group.example,False
Foxglove Transport SAS,foxglove-transport.example,Logistics,201-1000,FR,Toulouse,£50m-£250m,1983,Bootstrapped,Pipedrive,£25k-£100k,"[""Google Ads"", ""LinkedIn Ads"", ""Meta Ads""]",True,26,foxglove-transport.example,True
Saltmarsh Lending Inc,saltmarsh-lending.example,Financial services,51-200,US,Seattle,£10m-£50m,2017,Series C+,HubSpot,none,[],False,0,saltmarsh-lending.example,True
Granite Manufacturing Inc,granite-manufacturing.example,Manufacturing,51-200,US,Seattle,£10m-£50m,1997,Bootstrapped,Salesforce,£5k-£25k,"[""LinkedIn Ads"", ""Microsoft Ads""]",False,0,granite-manufacturing.example,True
Juniper Associates SAS,juniper-associates.example,Professional services,51-200,FR,Lille,£10m-£50m,2007,Series B,HubSpot,none,[],True,5,juniper-associates.example,True
Tidewater Insurance Inc,tidewater-insurance.example,Financial services,11-50,US,San Francisco,£1m-£10m,2021,Series A,Spreadsheet,under £5k,"[""LinkedIn Ads""]",False,0,tidewaterinsu-group.example,False
Norfolk Shipping Ltd,norfolk-shipping.example,Logistics,11-50,UK,Edinburgh,£1m-£10m,2012,Series A,Pipedrive,£5k-£25k,"[""LinkedIn Ads"", ""Microsoft Ads""]",False,0,norfolkship-group.example,False
Zephyr Finance Ltd,zephyr-finance.example,Financial services,51-200,UK,Birmingham,£10m-£50m,2018,Bootstrapped,Spreadsheet,none,[],True,10,zephyrfina-group.example,False
Kingsway Cloud GmbH,kingsway-cloud.example,Software,1000+,DE,Munich,£250m+,2006,Public,Salesforce,£25k-£100k,"[""Google Ads"", ""Meta Ads"", ""Microsoft Ads""]",True,68,kingswayclou-group.example,False
Oldfield Trading Inc,oldfield-trading.example,Retail,201-1000,US,San Francisco,£50m-£250m,1974,Bootstrapped,HubSpot,£5k-£25k,"[""Google Ads"", ""Meta Ads""]",False,0,oldfield-trading.example,True
Yarrow Systems BV,yarrow-systems.example,Software,1-10,NL,Utrecht,under £1m,2004,Bootstrapped,Spreadsheet,none,[],False,0,yarrow-systems.example,True
Moorland Associates Ltd,moorland-associates.example,Professional services,201-1000,UK,Birmingham,£50m-£250m,1969,Bootstrapped,Spreadsheet,£25k-£100k,"[""Google Ads"", ""Meta Ads"", ""TikTok Ads""]",False,0,moorland-associates.example,True
Umber College GmbH,umber-college.example,Education,1-10,DE,Hamburg,under £1m,2014,Bootstrapped,HubSpot,£5k-£25k,"[""LinkedIn Ads"", ""TikTok Ads""]",False,0,umbercoll-group.example,False
Hawthorn Legal SAS,hawthorn-legal.example,Professional services,51-200,FR,Lille,£10m-£50m,2006,Bootstrapped,Spreadsheet,£5k-£25k,"[""Meta Ads"", ""Microsoft Ads""]",False,0,hawthornlega-group.example,False
Alder Pharma GmbH,alder-pharma.example,Healthcare,51-200,DE,Berlin,£10m-£50m,2019,Bootstrapped,HubSpot,none,[],True,12,alderphar-group.example,False
Juniper Digital Ltd,juniper-digital.example,Software,201-1000,UK,Leeds,£250m+,1983,Private equity,Pipedrive,£5k-£25k,"[""Google Ads"", ""Meta Ads""]",False,0,juniper-digital.example,True
Oldfield Academy Ltd,oldfield-academy.example,Education,51-200,UK,Edinburgh,£10m-£50m,2013,Series A,Pipedrive,under £5k,"[""Meta Ads""]",False,0,oldfieldacad-group.example,False
Valley Fabrication Ltd,valley-fabrication.example,Manufacturing,201-1000,UK,Edinburgh,£50m-£250m,2022,Series A,Pipedrive,£5k-£25k,"[""Google Ads"", ""LinkedIn Ads""]",True,19,valley-fabrication.example,True
Quartz Education Ltd,quartz-education.example,Education,1-10,UK,Bristol,under £1m,2019,Bootstrapped,Spreadsheet,none,[],False,0,quartz-education.example,True
Silverline Lending BV,silverline-lending.example,Financial services,51-200,NL,Utrecht,£10m-£50m,2011,Series B,HubSpot,under £5k,"[""Meta Ads""]",False,0,silverline-lending.example,True
Clearwater Education Inc,clearwater-education.example,Education,201-1000,US,New York,£10m-£50m,2005,Bootstrapped,Salesforce,£5k-£25k,"[""Meta Ads"", ""TikTok Ads""]",True,32,clearwatereduc-group.example,False
Meridian Learning GmbH,meridian-learning.example,Education,201-1000,DE,Frankfurt,£50m-£250m,2014,Series C+,Pipedrive,£25k-£100k,"[""Google Ads"", ""Meta Ads"", ""TikTok Ads""]",True,15,meridianlear-group.example,False
Ivywood Education GmbH,ivywood-education.example,Education,11-50,DE,Berlin,£1m-£10m,2023,Bootstrapped,Salesforce,£25k-£100k,"[""Google Ads"", ""LinkedIn Ads"", ""Meta Ads""]",True,3,ivywood-education.example,True
Umber Advisory Inc,umber-advisory.example,Professional services,11-50,US,New York,£1m-£10m,2021,Seed,HubSpot,under £5k,"[""TikTok Ads""]",True,4,umberadvi-group.example,False
Ironbridge Fabrication Inc,ironbridge-fabrication.example,Manufacturing,201-1000,US,Boston,£50m-£250m,1974,Series B,Salesforce,£25k-£100k,"[""LinkedIn Ads"", ""Microsoft Ads"", ""TikTok Ads""]",False,0,ironbridge-fabrication.example,True
Stonebridge Industries Inc,stonebridge-industries.example,Manufacturing,1-10,US,Seattle,£1m-£10m,2007,Seed,HubSpot,under £5k,"[""TikTok Ads""]",True,1,stonebridge-industries.example,True
Brightwater Transport BV,brightwater-transport.example,Logistics,1-10,NL,Utrecht,under £1m,2007,Bootstrapped,Pipedrive,under £5k,"[""Google Ads""]",False,0,brightwater-transport.example,True
Driftwood Industries Ltd,driftwood-industries.example,Manufacturing,1-10,UK,Edinburgh,under £1m,2001,Bootstrapped,HubSpot,none,[],False,0,driftwoodindu-group.example,False
Alder Fabrication Inc,alder-fabrication.example,Manufacturing,51-200,US,San Francisco,£10m-£50m,2000,Series C+,Salesforce,under £5k,"[""Microsoft Ads""]",True,11,alder-fabrication.example,True
Stonebridge Consulting BV,stonebridge-consulting.example,Professional services,51-200,NL,Amsterdam,£10m-£50m,2003,Private equity,Pipedrive,£25k-£100k,"[""Google Ads"", ""Meta Ads"", ""Microsoft Ads""]",True,7,stonebridgecons-group.example,False
Zephyr Tutors GmbH,zephyr-tutors.example,Education,1-10,DE,Frankfurt,under £1m,2014,Seed,HubSpot,under £5k,"[""Google Ads""]",False,0,zephyrtuto-group.example,False
Oakridge Learning Inc,oakridge-learning.example,Education,1-10,US,Seattle,under £1m,2000,Bootstrapped,Salesforce,none,[],True,4,oakridge-learning.example,True
Cobalt Fabrication Ltd,cobalt-fabrication.example,Manufacturing,51-200,UK,Bristol,£10m-£50m,2017,Series A,Salesforce,£25k-£100k,"[""LinkedIn Ads"", ""Meta Ads"", ""TikTok Ads""]",True,12,cobaltfabr-group.example,False
Zephyr Advisory Ltd,zephyr-advisory.example,Professional services,1000+,UK,Bristol,£250m+,1968,Bootstrapped,No CRM,£5k-£25k,"[""Google Ads"", ""Microsoft Ads""]",True,61,zephyr-advisory.example,True
Vantage Health Inc,vantage-health.example,Healthcare,201-1000,US,Austin,£250m+,1975,Series C+,Salesforce,£100k+,"[""Google Ads"", ""LinkedIn Ads"", ""Meta Ads"", ""Microsoft Ads""]",False,0,vantage-health.example,True
Thornbury Pharma Ltd,thornbury-pharma.example,Healthcare,11-50,UK,Bristol,£1m-£10m,2008,Bootstrapped,HubSpot,none,[],True,1,thornburyphar-group.example,False
Willow Health Inc,willow-health.example,Healthcare,11-50,US,Boston,under £1m,2015,Series A,No CRM,none,[],False,0,willow-health.example,True
Meridian Finance Inc,meridian-finance.example,Financial services,51-200,US,New York,£50m-£250m,2024,Bootstrapped,Pipedrive,£5k-£25k,"[""Google Ads"", ""TikTok Ads""]",False,0,meridianfina-group.example,False
Ironbridge Shipping Ltd,ironbridge-shipping.example,Logistics,1-10,UK,Edinburgh,£1m-£10m,2005,Bootstrapped,Pipedrive,£5k-£25k,"[""LinkedIn Ads"", ""Meta Ads""]",True,3,ironbridge-shipping.example,True
Valley Components Inc,valley-components.example,Manufacturing,1000+,US,San Francisco,£250m+,2009,Public,Salesforce,£100k+,"[""Google Ads"", ""LinkedIn Ads"", ""Meta Ads"", ""Microsoft Ads""]",True,65,valley-components.example,True
Harbour Haulage SAS,harbour-haulage.example,Logistics,11-50,FR,Lille,£1m-£10m,2020,Seed,HubSpot,£5k-£25k,"[""LinkedIn Ads"", ""Meta Ads""]",True,3,harbour-haulage.example,True
Ashford Couriers Inc,ashford-couriers.example,Logistics,51-200,US,San Francisco,£10m-£50m,1997,Bootstrapped,HubSpot,under £5k,"[""Meta Ads""]",False,0,ashfordcour-group.example,False
Dunmore College BV,dunmore-college.example,Education,1000+,NL,Eindhoven,£250m+,1974,Public,Salesforce,£25k-£100k,"[""Meta Ads"", ""Microsoft Ads"", ""TikTok Ads""]",False,0,dunmore-college.example,True
Granite Software Ltd,granite-software.example,Software,201-1000,UK,Edinburgh,£50m-£250m,1975,Series A,Pipedrive,£5k-£25k,"[""LinkedIn Ads"", ""Microsoft Ads""]",False,0,granite-software.example,True
Pebble Legal BV,pebble-legal.example,Professional services,1000+,NL,Amsterdam,£250m+,1991,Series B,Salesforce,£25k-£100k,"[""Google Ads"", ""Meta Ads"", ""TikTok Ads""]",False,0,pebble-legal.example,True
Foxglove Legal Ltd,foxglove-legal.example,Professional services,1-10,UK,Bristol,under £1m,1997,Bootstrapped,Spreadsheet,none,[],False,0,foxglove-legal.example,True
Lindenwood Manufacturing GmbH,lindenwood-manufacturing.example,Manufacturing,11-50,DE,Berlin,£10m-£50m,2014,Bootstrapped,Salesforce,£5k-£25k,"[""Google Ads"", ""Meta Ads""]",True,2,lindenwood-manufacturing.example,True
Brightwater Partners Inc,brightwater-partners.example,Financial services,1-10,US,New York,under £1m,2013,Seed,No CRM,£5k-£25k,"[""Meta Ads"", ""Microsoft Ads""]",False,0,brightwater-partners.example,True
Lantern Shipping Ltd,lantern-shipping.example,Logistics,51-200,UK,London,£10m-£50m,2017,Series B,Salesforce,£100k+,"[""Google Ads"", ""LinkedIn Ads"", ""Microsoft Ads"", ""TikTok Ads""]",True,10,lanternship-group.example,False
Willow Education Inc,willow-education.example,Education,11-50,US,New York,£1m-£10m,2016,Seed,Spreadsheet,£5k-£25k,"[""Meta Ads"", ""Microsoft Ads""]",False,0,willow-education.example,True
Driftwood Consulting BV,driftwood-consulting.example,Professional services,1-10,NL,Amsterdam,under £1m,1995,Bootstrapped,HubSpot,none,[],False,0,driftwood-consulting.example,True
Meridian Insurance Inc,meridian-insurance.example,Financial services,1-10,US,Austin,under £1m,1999,Seed,Spreadsheet,none,[],False,0,meridianinsu-group.example,False
Jasper Freight BV,jasper-freight.example,Logistics,11-50,NL,Eindhoven,£1m-£10m,1997,Series A,No CRM,under £5k,"[""Microsoft Ads""]",False,0,jasperfrei-group.example,False
Upland Wealth Inc,upland-wealth.example,Financial services,201-1000,US,New York,£50m-£250m,1987,Private equity,Salesforce,£5k-£25k,"[""Google Ads"", ""Meta Ads""]",True,19,upland-wealth.example,True
Rosewood Clinics BV,rosewood-clinics.example,Healthcare,51-200,NL,Amsterdam,£10m-£50m,2014,Bootstrapped,HubSpot,£25k-£100k,"[""Google Ads"", ""Meta Ads"", ""Microsoft Ads""]",True,7,rosewood-clinics.example,True
Vantage Software Ltd,vantage-software.example,Software,1-10,UK,Edinburgh,under £1m,2010,Bootstrapped,Spreadsheet,under £5k,"[""Google Ads""]",True,2,vantage-software.example,True
Umber Accountants Ltd,umber-accountants.example,Professional services,201-1000,UK,Leeds,£50m-£250m,1987,Bootstrapped,HubSpot,£100k+,"[""Google Ads"", ""LinkedIn Ads"", ""Meta Ads"", ""Microsoft Ads""]",False,0,umber-accountants.example,True
Vantage College Ltd,vantage-college.example,Education,51-200,UK,Edinburgh,£10m-£50m,2019,Bootstrapped,HubSpot,£5k-£25k,"[""Meta Ads"", ""TikTok Ads""]",True,6,vantage-college.example,True
Pebble Manufacturing Ltd,pebble-manufacturing.example,Manufacturing,51-200,UK,London,£10m-£50m,2002,Bootstrapped,Pipedrive,£5k-£25k,"[""Meta Ads"", ""Microsoft Ads""]",True,13,pebblemanu-group.example,False
Oakridge Tutors Ltd,oakridge-tutors.example,Education,51-200,UK,Bristol,£10m-£50m,2014,Series B,HubSpot,£5k-£25k,"[""Google Ads"", ""Microsoft Ads""]",True,11,oakridge-tutors.example,True
Cobalt Transport Ltd,cobalt-transport.example,Logistics,1-10,UK,Birmingham,under £1m,2005,Seed,Pipedrive,none,[],True,1,cobalt-transport.example,True
Marigold Learning Inc,marigold-learning.example,Education,51-200,US,San Francisco,£10m-£50m,2024,Bootstrapped,HubSpot,none,[],False,0,marigold-learning.example,True
Ironbridge Care Ltd,ironbridge-care.example,Healthcare,201-1000,UK,Manchester,£50m-£250m,1990,Private equity,HubSpot,none,[],False,0,ironbridge-care.example,True
Greystone Industries Ltd,greystone-industries.example,Manufacturing,1-10,UK,Birmingham,£1m-£10m,2004,Bootstrapped,Spreadsheet,none,[],False,0,greystoneindu-group.example,False
Juniper Shipping BV,juniper-shipping.example,Logistics,51-200,NL,Eindhoven,£10m-£50m,2015,Bootstrapped,HubSpot,£100k+,"[""Google Ads"", ""Meta Ads"", ""Microsoft Ads"", ""TikTok Ads""]",False,0,juniper-shipping.example,True
Saltmarsh Data GmbH,saltmarsh-data.example,Software,1-10,DE,Frankfurt,under £1m,2006,Bootstrapped,HubSpot,£25k-£100k,"[""Google Ads"", ""LinkedIn Ads"", ""Meta Ads""]",False,0,saltmarsh-data.example,True
Ivywood Accountants Inc,ivywood-accountants.example,Professional services,51-200,US,Boston,£10m-£50m,2020,Bootstrapped,No CRM,£5k-£25k,"[""Google Ads"", ""Meta Ads""]",False,0,ivywood-accountants.example,True
Northwind Market GmbH,northwind-market.example,Retail,11-50,DE,Frankfurt,£1m-£10m,2023,Seed,No CRM,£5k-£25k,"[""Google Ads"", ""Meta Ads""]",False,0,northwind-market.example,True
Larkspur Clinics Inc,larkspur-clinics.example,Healthcare,11-50,US,San Francisco,£1m-£10m,1997,Seed,No CRM,under £5k,"[""LinkedIn Ads""]",False,0,larkspur-clinics.example,True
Ashford Haulage SAS,ashford-haulage.example,Logistics,11-50,FR,Paris,£10m-£50m,2000,Bootstrapped,Pipedrive,none,[],True,4,ashford-haulage.example,True
Yarrow Academy Ltd,yarrow-academy.example,Education,1-10,UK,Manchester,under £1m,2008,Bootstrapped,Spreadsheet,£5k-£25k,"[""Google Ads"", ""Meta Ads""]",False,0,yarrowacad-group.example,False
Marigold Transport GmbH,marigold-transport.example,Logistics,1000+,DE,Munich,£250m+,1975,Series C+,Salesforce,under £5k,"[""LinkedIn Ads""]",True,76,marigold-transport.example,True
Falcon Systems SAS,falcon-systems.example,Software,201-1000,FR,Lille,£50m-£250m,1977,Series B,Salesforce,£100k+,"[""Google Ads"", ""LinkedIn Ads"", ""Meta Ads"", ""Microsoft Ads""]",False,0,falcon-systems.example,True
Inkwell Learning SAS,inkwell-learning.example,Education,11-50,FR,Paris,£10m-£50m,2004,Seed,No CRM,£5k-£25k,"[""Google Ads"", ""Meta Ads""]",False,0,inkwelllear-group.example,False
Kestrel Digital Inc,kestrel-digital.example,Software,51-200,US,San Francisco,£10m-£50m,2023,Series A,No CRM,under £5k,"[""Meta Ads""]",False,0,kestrel-digital.example,True
Juniper Systems Inc,juniper-systems.example,Software,11-50,US,Boston,£1m-£10m,2014,Bootstrapped,Spreadsheet,under £5k,"[""LinkedIn Ads""]",True,4,juniper-systems.example,True
Keystone Capital Ltd,keystone-capital.example,Financial services,1-10,UK,Leeds,under £1m,2014,Bootstrapped,Spreadsheet,£5k-£25k,"[""Meta Ads"", ""TikTok Ads""]",False,0,keystone-capital.example,True
Vantage Haulage Inc,vantage-haulage.example,Logistics,51-200,US,Seattle,£10m-£50m,2013,Series A,Pipedrive,£100k+,"[""Google Ads"", ""Meta Ads"", ""Microsoft Ads"", ""TikTok Ads""]",False,0,vantage-haulage.example,True
Granite Logistics BV,granite-logistics.example,Logistics,51-200,NL,Utrecht,£10m-£50m,2011,Series A,HubSpot,£25k-£100k,"[""Google Ads"", ""LinkedIn Ads"", ""Microsoft Ads""]",False,0,granite-logistics.example,True
Ironbridge Clinics Inc,ironbridge-clinics.example,Healthcare,11-50,US,Seattle,under £1m,2001,Bootstrapped,Pipedrive,none,[],False,0,ironbridgeclin-group.example,False
Driftwood Software BV,driftwood-software.example,Software,51-200,NL,Eindhoven,£10m-£50m,1997,Series B,No CRM,£5k-£25k,"[""Meta Ads"", ""TikTok Ads""]",True,14,driftwoodsoft-group.example,False
Driftwood Systems Ltd,driftwood-systems.example,Software,201-1000,UK,Leeds,£50m-£250m,1987,Series C+,HubSpot,£25k-£100k,"[""Google Ads"", ""LinkedIn Ads"", ""TikTok Ads""]",False,0,driftwood-systems.example,True
Highgate Engineering SAS,highgate-engineering.example,Manufacturing,1-10,FR,Lyon,under £1m,1995,Seed,HubSpot,under £5k,"[""TikTok Ads""]",False,0,highgate-engineering.example,True
Pennine Works Inc,pennine-works.example,Manufacturing,51-200,US,Chicago,£10m-£50m,2003,Bootstrapped,Salesforce,under £5k,"[""Google Ads""]",True,13,penninework-group.example,False
Nimbus Consulting Ltd,nimbus-consulting.example,Professional services,1-10,UK,Edinburgh,under £1m,2002,Series A,HubSpot,none,[],True,2,nimbuscons-group.example,False
Saltmarsh Fabrication Ltd,saltmarsh-fabrication.example,Manufacturing,1-10,UK,Bristol,under £1m,2013,Bootstrapped,HubSpot,under £5k,"[""Meta Ads""]",False,0,saltmarsh-fabrication.example,True
Northwind Clinics SAS,northwind-clinics.example,Healthcare,201-1000,FR,Toulouse,£50m-£250m,2007,Series C+,Salesforce,£100k+,"[""Google Ads"", ""LinkedIn Ads"", ""Meta Ads"", ""TikTok Ads""]",False,0,northwind-clinics.example,True
Thornbury Goods GmbH,thornbury-goods.example,Retail,201-1000,DE,Hamburg,£50m-£250m,1978,Bootstrapped,HubSpot,£25k-£100k,"[""Google Ads"", ""LinkedIn Ads"", ""Meta Ads""]",False,0,thornbury-goods.example,True
Kingsway Haulage Ltd,kingsway-haulage.example,Logistics,11-50,UK,Bristol,£1m-£10m,2017,Seed,Spreadsheet,under £5k,"[""Microsoft Ads""]",False,0,kingswayhaul-group.example,False
Granite Components GmbH,granite-components.example,Manufacturing,201-1000,DE,Berlin,£10m-£50m,1979,Series B,Salesforce,£5k-£25k,"[""Meta Ads"", ""Microsoft Ads""]",False,0,granite-components.example,True
Moorland Dental Inc,moorland-dental.example,Healthcare,51-200,US,Seattle,£10m-£50m,1995,Bootstrapped,HubSpot,£25k-£100k,"[""Meta Ads"", ""Microsoft Ads"", ""TikTok Ads""]",True,9,moorland-dental.example,True
Norfolk Wealth Ltd,norfolk-wealth.example,Financial services,201-1000,UK,Manchester,£50m-£250m,1974,Series B,HubSpot,£25k-£100k,"[""LinkedIn Ads"", ""Meta Ads"", ""Microsoft Ads""]",False,0,norfolk-wealth.example,True
Nimbus Cloud Inc,nimbus-cloud.example,Software,51-200,US,Chicago,£10m-£50m,2002,Bootstrapped,HubSpot,£5k-£25k,"[""Google Ads"", ""Meta Ads""]",False,0,nimbus-cloud.example,True
Elmstead Health GmbH,elmstead-health.example,Healthcare,1-10,DE,Frankfurt,under £1m,2020,Seed,HubSpot,under £5k,"[""Google Ads""]",False,0,elmstead-health.example,True
Falcon Couriers SAS,falcon-couriers.example,Logistics,1-10,FR,Lille,under £1m,2021,Bootstrapped,Spreadsheet,under £5k,"[""Google Ads""]",False,0,falconcour-group.example,False
Jasper Data Ltd,jasper-data.example,Software,201-1000,UK,Manchester,£50m-£250m,2024,Series C+,HubSpot,£25k-£100k,"[""Google Ads"", ""LinkedIn Ads"", ""Meta Ads""]",False,0,jasper-data.example,True
Quartz Works Inc,quartz-works.example,Manufacturing,201-1000,US,Austin,£50m-£250m,1969,Public,Salesforce,£25k-£100k,"[""Google Ads"", ""Meta Ads"", ""TikTok Ads""]",False,0,quartz-works.example,True
Falcon Dental Ltd,falcon-dental.example,Healthcare,11-50,UK,Bristol,£1m-£10m,1995,Bootstrapped,HubSpot,none,[],False,0,falcondent-group.example,False
Keystone Retail Ltd,keystone-retail.example,Retail,51-200,UK,Bristol,£10m-£50m,1999,Bootstrapped,HubSpot,£5k-£25k,"[""Google Ads"", ""Meta Ads""]",False,0,keystone-retail.example,True
Juniper Insurance Ltd,juniper-insurance.example,Financial services,51-200,UK,Edinburgh,£10m-£50m,2003,Series A,Pipedrive,£25k-£100k,"[""Google Ads"", ""LinkedIn Ads"", ""Meta Ads""]",True,11,juniper-insurance.example,True
Kingsway Works Ltd,kingsway-works.example,Manufacturing,1-10,UK,Edinburgh,under £1m,2020,Bootstrapped,No CRM,under £5k,"[""Google Ads""]",True,2,kingsway-works.example,True
Rosewood Legal Ltd,rosewood-legal.example,Professional services,51-200,UK,London,£10m-£50m,2012,Bootstrapped,Pipedrive,£5k-£25k,"[""LinkedIn Ads"", ""Microsoft Ads""]",True,7,rosewood-legal.example,True
Nettlefield Haulage Inc,nettlefield-haulage.example,Logistics,11-50,US,Boston,£1m-£10m,2000,Seed,Pipedrive,under £5k,"[""Meta Ads""]",False,0,nettlefield-haulage.example,True
Bramble Clinics Inc,bramble-clinics.example,Healthcare,51-200,US,New York,£10m-£50m,2019,Bootstrapped,HubSpot,under £5k,"[""Google Ads""]",False,0,bramble-clinics.example,True
Lindenwood Outfitters Inc,lindenwood-outfitters.example,Retail,1000+,US,Austin,£250m+,1981,Public,Salesforce,£25k-£100k,"[""Google Ads"", ""Meta Ads"", ""Microsoft Ads""]",True,82,lindenwood-outfitters.example,True
Foxglove College Ltd,foxglove-college.example,Education,11-50,UK,Manchester,£1m-£10m,2008,Series A,HubSpot,under £5k,"[""Google Ads""]",False,0,foxglove-college.example,True
Ivywood Haulage Ltd,ivywood-haulage.example,Logistics,51-200,UK,London,£10m-£50m,2004,Series A,Salesforce,£25k-£100k,"[""Google Ads"", ""Meta Ads"", ""Microsoft Ads""]",True,7,ivywood-haulage.example,True
Upland Manufacturing SAS,upland-manufacturing.example,Manufacturing,1-10,FR,Lille,under £1m,2006,Seed,Pipedrive,under £5k,"[""Meta Ads""]",False,0,upland-manufacturing.example,True
Dovecote Cloud Ltd,dovecote-cloud.example,Software,1-10,UK,Birmingham,under £1m,2005,Bootstrapped,Spreadsheet,none,[],True,1,dovecoteclou-group.example,False
Alder Trading Ltd,alder-trading.example,Retail,1-10,UK,Leeds,under £1m,2020,Bootstrapped,No CRM,under £5k,"[""Microsoft Ads""]",False,0,alder-trading.example,True
Glenmoor Industries GmbH,glenmoor-industries.example,Manufacturing,51-200,DE,Berlin,£10m-£50m,2020,Series A,Salesforce,none,[],True,4,glenmoor-industries.example,True
Redwood Accountants GmbH,redwood-accountants.example,Professional services,1-10,DE,Munich,under £1m,2002,Bootstrapped,HubSpot,none,[],False,0,redwood-accountants.example,True
Upland Works BV,upland-works.example,Manufacturing,11-50,NL,Amsterdam,£1m-£10m,2024,Seed,Spreadsheet,under £5k,"[""TikTok Ads""]",False,0,uplandwork-group.example,False
Saltmarsh Training Ltd,saltmarsh-training.example,Education,201-1000,UK,Manchester,£10m-£50m,2007,Series B,Salesforce,£25k-£100k,"[""Meta Ads"", ""Microsoft Ads"", ""TikTok Ads""]",True,18,saltmarsh-training.example,True
Pebble Consulting Ltd,pebble-consulting.example,Professional services,1-10,UK,Bristol,under £1m,2017,Seed,HubSpot,none,[],True,3,pebblecons-group.example,False
Granite Medical SAS,granite-medical.example,Healthcare,11-50,FR,Lille,£1m-£10m,2021,Seed,HubSpot,£5k-£25k,"[""Google Ads"", ""Meta Ads""]",False,0,granitemedi-group.example,False
Beacon Manufacturing Ltd,beacon-manufacturing.example,Manufacturing,1000+,UK,London,£250m+,2007,Public,Salesforce,£25k-£100k,"[""LinkedIn Ads"", ""Meta Ads"", ""Microsoft Ads""]",False,0,beacon-manufacturing.example,True
Evergreen Retail Inc,evergreen-retail.example,Retail,1-10,US,Seattle,£1m-£10m,2004,Bootstrapped,Pipedrive,under £5k,"[""Meta Ads""]",False,0,evergreen-retail.example,True
Riverside Lending BV,riverside-lending.example,Financial services,201-1000,NL,Utrecht,£50m-£250m,2023,Private equity,HubSpot,under £5k,"[""Google Ads""]",False,0,riverside-lending.example,True
Rosewood Components Ltd,rosewood-components.example,Manufacturing,51-200,UK,Edinburgh,£10m-£50m,2014,Series C+,No CRM,£5k-£25k,"[""Google Ads"", ""Meta Ads""]",True,9,rosewood-components.example,True
Larkspur Market Inc,larkspur-market.example,Retail,51-200,US,Chicago,£10m-£50m,2016,Seed,Spreadsheet,under £5k,"[""Google Ads""]",True,8,larkspurmark-group.example,False
Redwood Cloud Inc,redwood-cloud.example,Software,11-50,US,New York,under £1m,2018,Seed,No CRM,£5k-£25k,"[""Google Ads"", ""Microsoft Ads""]",True,7,redwood-cloud.example,True
Bramble Learning Inc,bramble-learning.example,Education,11-50,US,Seattle,£10m-£50m,2001,Bootstrapped,Spreadsheet,£25k-£100k,"[""Google Ads"", ""LinkedIn Ads"", ""Meta Ads""]",False,0,bramblelear-group.example,False
Elmstead Goods Inc,elmstead-goods.example,Retail,51-200,US,Boston,£50m-£250m,1999,Seed,Pipedrive,under £5k,"[""Meta Ads""]",True,6,elmstead-goods.example,True
Riverside Couriers BV,riverside-couriers.example,Logistics,11-50,NL,Amsterdam,£1m-£10m,2002,Bootstrapped,HubSpot,under £5k,"[""Microsoft Ads""]",False,0,riverside-couriers.example,True
Inkwell Fabrication Inc,inkwell-fabrication.example,Manufacturing,1-10,US,Boston,under £1m,2005,Bootstrapped,HubSpot,none,[],False,0,inkwell-fabrication.example,True
Saltmarsh Health BV,saltmarsh-health.example,Healthcare,1-10,NL,Utrecht,under £1m,1999,Bootstrapped,Spreadsheet,none,[],True,3,saltmarsh-health.example,True
Willow Tutors Inc,willow-tutors.example,Education,1000+,US,Boston,£250m+,1995,Series C+,Salesforce,£100k+,"[""Google Ads"", ""LinkedIn Ads"", ""Microsoft Ads"", ""TikTok Ads""]",True,52,willow-tutors.example,True
Nimbus Partners Ltd,nimbus-partners.example,Financial services,11-50,UK,Leeds,£10m-£50m,2003,Series A,HubSpot,£25k-£100k,"[""Google Ads"", ""LinkedIn Ads"", ""Meta Ads""]",False,0,nimbus-partners.example,True
Juniper Trading Inc,juniper-trading.example,Retail,11-50,US,Seattle,£1m-£10m,2017,Bootstrapped,Spreadsheet,£5k-£25k,"[""Google Ads"", ""LinkedIn Ads""]",True,6,juniper-trading.example,True
Silverline Tutors BV,silverline-tutors.example,Education,201-1000,NL,Rotterdam,£50m-£250m,1995,Bootstrapped,Pipedrive,£25k-£100k,"[""Google Ads"", ""LinkedIn Ads"", ""Microsoft Ads""]",True,14,silverline-tutors.example,True
Bramble Consulting Ltd,bramble-consulting.example,Professional services,11-50,UK,Bristol,£1m-£10m,2000,Bootstrapped,Salesforce,under £5k,"[""Google Ads""]",True,4,bramblecons-group.example,False
Elmstead Stores SAS,elmstead-stores.example,Retail,201-1000,FR,Lille,£50m-£250m,2021,Bootstrapped,Salesforce,£25k-£100k,"[""Google Ads"", ""LinkedIn Ads"", ""Meta Ads""]",False,0,elmstead-stores.example,True
Oldfield Recruitment Inc,oldfield-recruitment.example,Professional services,51-200,US,Austin,£10m-£50m,2004,Series A,HubSpot,£5k-£25k,"[""Meta Ads"", ""Microsoft Ads""]",False,0,oldfield-recruitment.example,True
Valley Cloud Ltd,valley-cloud.example,Software,11-50,UK,Leeds,£1m-£10m,2012,Seed,Spreadsheet,£5k-£25k,"[""LinkedIn Ads"", ""Meta Ads""]",False,0,valley-cloud.example,True
Larkspur Capital BV,larkspur-capital.example,Financial services,11-50,NL,Utrecht,£1m-£10m,2010,Bootstrapped,Salesforce,£5k-£25k,"[""Google Ads"", ""Meta Ads""]",False,0,larkspur-capital.example,True
Hawthorn Haulage Ltd,hawthorn-haulage.example,Logistics,11-50,UK,London,£1m-£10m,2024,Series A,Pipedrive,none,[],True,4,hawthorn-haulage.example,True
Oakridge Retail Inc,oakridge-retail.example,Retail,11-50,US,Boston,£1m-£10m,2001,Seed,HubSpot,under £5k,"[""Meta Ads""]",True,5,oakridge-retail.example,True
Nettlefield Medical GmbH,nettlefield-medical.example,Healthcare,51-200,DE,Berlin,£10m-£50m,2014,Bootstrapped,Salesforce,£5k-£25k,"[""Google Ads"", ""LinkedIn Ads""]",False,0,nettlefieldmedi-group.example,False
Kestrel Labs SAS,kestrel-labs.example,Software,1-10,FR,Lille,under £1m,2022,Bootstrapped,HubSpot,none,[],False,0,kestrel-labs.example,True
Lindenwood Consulting Inc,lindenwood-consulting.example,Professional services,1-10,US,Seattle,under £1m,2019,Seed,HubSpot,£5k-£25k,"[""Google Ads"", ""Meta Ads""]",False,0,lindenwood-consulting.example,True
Quartz Associates BV,quartz-associates.example,Professional services,11-50,NL,Amsterdam,£1m-£10m,2015,Seed,Salesforce,£5k-£25k,"[""LinkedIn Ads"", ""Microsoft Ads""]",True,3,quartz-associates.example,True
Marigold Cloud SAS,marigold-cloud.example,Software,11-50,FR,Paris,£1m-£10m,2007,Bootstrapped,HubSpot,£5k-£25k,"[""LinkedIn Ads"", ""Meta Ads""]",False,0,marigold-cloud.example,True
Saltmarsh Cloud GmbH,saltmarsh-cloud.example,Software,51-200,DE,Munich,£10m-£50m,2003,Series C+,HubSpot,£5k-£25k,"[""LinkedIn Ads"", ""Microsoft Ads""]",True,9,saltmarshclou-group.example,False
Falcon Shipping GmbH,falcon-shipping.example,Logistics,201-1000,DE,Munich,£50m-£250m,1981,Series B,Salesforce,£100k+,"[""Google Ads"", ""LinkedIn Ads"", ""Meta Ads"", ""TikTok Ads""]",False,0,falcon-shipping.example,True
Kelvin Pharma SAS,kelvin-pharma.example,Healthcare,1-10,FR,Lyon,under £1m,2020,Bootstrapped,Spreadsheet,none,[],False,0,kelvin-pharma.example,True
Meridian Works GmbH,meridian-works.example,Manufacturing,1-10,DE,Munich,under £1m,2002,Seed,Spreadsheet,none,[],False,0,meridian-works.example,True
Beacon Legal GmbH,beacon-legal.example,Professional services,1-10,DE,Berlin,under £1m,2003,Bootstrapped,HubSpot,under £5k,"[""Google Ads""]",True,2,beacon-legal.example,True
Brightwater Haulage Ltd,brightwater-haulage.example,Logistics,1-10,UK,Edinburgh,under £1m,2024,Bootstrapped,No CRM,none,[],True,3,brightwater-haulage.example,True
Pennine Data Inc,pennine-data.example,Software,1-10,US,San Francisco,under £1m,1995,Bootstrapped,No CRM,under £5k,"[""Google Ads""]",False,0,penninedata-group.example,False
Elmstead Recruitment GmbH,elmstead-recruitment.example,Professional services,1-10,DE,Munich,£1m-£10m,2022,Bootstrapped,Pipedrive,under £5k,"[""Meta Ads""]",False,0,elmstead-recruitment.example,True
Heron Legal Inc,heron-legal.example,Professional services,51-200,US,Boston,£10m-£50m,2004,Series A,HubSpot,£5k-£25k,"[""Meta Ads"", ""TikTok Ads""]",True,8,heronlega-group.example,False
Keystone Shipping Ltd,keystone-shipping.example,Logistics,201-1000,UK,Manchester,£50m-£250m,1971,Bootstrapped,Salesforce,£25k-£100k,"[""Google Ads"", ""LinkedIn Ads"", ""TikTok Ads""]",False,0,keystone-shipping.example,True
Foxglove Outfitters BV,foxglove-outfitters.example,Retail,11-50,NL,Amsterdam,under £1m,2011,Seed,Spreadsheet,under £5k,"[""Google Ads""]",False,0,foxgloveoutf-group.example,False
Tidewater Components GmbH,tidewater-components.example,Manufacturing,11-50,DE,Berlin,£1m-£10m,2011,Seed,Spreadsheet,none,[],False,0,tidewater-components.example,True
Riverside Tutors GmbH,riverside-tutors.example,Education,11-50,DE,Munich,£1m-£10m,2023,Bootstrapped,Salesforce,none,[],False,0,riverside-tutors.example,True
Upland Insurance GmbH,upland-insurance.example,Financial services,1-10,DE,Munich,under £1m,2009,Seed,Pipedrive,none,[],False,0,upland-insurance.example,True
Northwind Capital GmbH,northwind-capital.example,Financial services,11-50,DE,Berlin,£1m-£10m,2023,Series A,Spreadsheet,£5k-£25k,"[""Google Ads"", ""Meta Ads""]",True,3,northwind-capital.example,True
Riverside Wealth Ltd,riverside-wealth.example,Financial services,1-10,UK,Leeds,under £1m,2012,Seed,No CRM,under £5k,"[""Meta Ads""]",False,0,riverside-wealth.example,True
Bramble Haulage Ltd,bramble-haulage.example,Logistics,51-200,UK,Leeds,£10m-£50m,1995,Series B,HubSpot,£5k-£25k,"[""Meta Ads"", ""Microsoft Ads""]",True,9,bramble-haulage.example,True
Silverline Finance Ltd,silverline-finance.example,Financial services,1-10,UK,Leeds,£1m-£10m,2019,Bootstrapped,No CRM,under £5k,"[""LinkedIn Ads""]",False,0,silverline-finance.example,True
Glenmoor Pharma Inc,glenmoor-pharma.example,Healthcare,1-10,US,Chicago,under £1m,1996,Bootstrapped,No CRM,under £5k,"[""LinkedIn Ads""]",True,1,glenmoor-pharma.example,True
Greystone Outfitters Inc,greystone-outfitters.example,Retail,1-10,US,Chicago,under £1m,2004,Bootstrapped,HubSpot,under £5k,"[""Meta Ads""]",False,0,greystone-outfitters.example,True
Pinecrest Components Ltd,pinecrest-components.example,Manufacturing,11-50,UK,Birmingham,£1m-£10m,2010,Bootstrapped,HubSpot,£5k-£25k,"[""LinkedIn Ads"", ""Microsoft Ads""]",False,0,pinecrestcomp-group.example,False
Bluebell Trading Inc,bluebell-trading.example,Retail,11-50,US,New York,£1m-£10m,2002,Seed,No CRM,under £5k,"[""LinkedIn Ads""]",False,0,bluebell-trading.example,True
Jasper Wealth BV,jasper-wealth.example,Financial services,11-50,NL,Utrecht,£1m-£10m,2020,Seed,Spreadsheet,under £5k,"[""Meta Ads""]",False,0,jasper-wealth.example,True
Pennine Market SAS,pennine-market.example,Retail,1000+,FR,Lyon,£250m+,1993,Series C+,HubSpot,£5k-£25k,"[""Google Ads"", ""Meta Ads""]",True,50,pennine-market.example,True
Greystone Transport Inc,greystone-transport.example,Logistics,1-10,US,Boston,under £1m,2015,Bootstrapped,No CRM,under £5k,"[""Google Ads""]",False,0,greystone-transport.example,True
Cedar Recruitment Inc,cedar-recruitment.example,Professional services,1-10,US,Boston,under £1m,2021,Bootstrapped,HubSpot,£5k-£25k,"[""Google Ads"", ""Meta Ads""]",False,0,cedarrecr-group.example,False
Cobalt Dental SAS,cobalt-dental.example,Healthcare,11-50,FR,Toulouse,£1m-£10m,2002,Bootstrapped,HubSpot,under £5k,"[""Microsoft Ads""]",False,0,cobalt-dental.example,True
Vantage Tutors Ltd,vantage-tutors.example,Education,11-50,UK,Birmingham,£1m-£10m,2001,Seed,Pipedrive,none,[],False,0,vantage-tutors.example,True
Saltmarsh Medical Ltd,saltmarsh-medical.example,Healthcare,1000+,UK,Birmingham,£250m+,2001,Public,Salesforce,£5k-£25k,"[""LinkedIn Ads"", ""Meta Ads""]",True,67,saltmarshmedi-group.example,False
Oakridge Industries Ltd,oakridge-industries.example,Manufacturing,11-50,UK,Manchester,£1m-£10m,2010,Bootstrapped,Spreadsheet,under £5k,"[""Meta Ads""]",False,0,oakridge-industries.example,True
Upland Training Ltd,upland-training.example,Education,1000+,UK,Leeds,£250m+,2011,Private equity,Salesforce,£25k-£100k,"[""LinkedIn Ads"", ""Meta Ads"", ""Microsoft Ads""]",True,71,upland-training.example,True
Redwood Lending Ltd,redwood-lending.example,Financial services,201-1000,UK,London,£250m+,2021,Private equity,Salesforce,£25k-£100k,"[""Google Ads"", ""LinkedIn Ads"", ""Meta Ads""]",True,25,redwoodlend-group.example,False
Valley Engineering SAS,valley-engineering.example,Manufacturing,11-50,FR,Lille,£1m-£10m,2012,Series A,Spreadsheet,under £5k,"[""Google Ads""]",False,0,valleyengi-group.example,False
Stonebridge Health SAS,stonebridge-health.example,Healthcare,1-10,FR,Lille,under £1m,2003,Seed,HubSpot,£25k-£100k,"[""Google Ads"", ""Meta Ads"", ""Microsoft Ads""]",False,0,stonebridgeheal-group.example,False
Keystone Fabrication Inc,keystone-fabrication.example,Manufacturing,1000+,US,San Francisco,£250m+,1968,Private equity,Salesforce,£25k-£100k,"[""LinkedIn Ads"", ""Meta Ads"", ""TikTok Ads""]",False,0,keystone-fabrication.example,True
Quayside Cloud Inc,quayside-cloud.example,Software,1-10,US,Boston,under £1m,2005,Bootstrapped,HubSpot,none,[],False,0,quayside-cloud.example,True
Clearwater Insurance Inc,clearwater-insurance.example,Financial services,1-10,US,Austin,under £1m,2010,Bootstrapped,Spreadsheet,under £5k,"[""LinkedIn Ads""]",False,0,clearwaterinsu-group.example,False
Granite Advisory Ltd,granite-advisory.example,Professional services,11-50,UK,London,under £1m,2006,Series A,Salesforce,none,[],True,5,granite-advisory.example,True
Pinecrest Associates GmbH,pinecrest-associates.example,Professional services,1-10,DE,Frankfurt,under £1m,2019,Series A,Spreadsheet,under £5k,"[""Meta Ads""]",False,0,pinecrest-associates.example,True
Willow Stores Ltd,willow-stores.example,Retail,11-50,UK,Manchester,£1m-£10m,1995,Bootstrapped,HubSpot,under £5k,"[""Microsoft Ads""]",True,5,willow-stores.example,True
Silverline Advisory Ltd,silverline-advisory.example,Professional services,11-50,UK,Leeds,£1m-£10m,2011,Series A,Spreadsheet,under £5k,"[""Microsoft Ads""]",False,0,silverline-advisory.example,True
Pinecrest Transport Inc,pinecrest-transport.example,Logistics,11-50,US,Seattle,£1m-£10m,2000,Seed,HubSpot,£5k-£25k,"[""LinkedIn Ads"", ""Meta Ads""]",False,0,pinecrest-transport.example,True
Willow Finance Ltd,willow-finance.example,Financial services,11-50,UK,Birmingham,£1m-£10m,2005,Series A,Pipedrive,£5k-£25k,"[""Meta Ads"", ""TikTok Ads""]",False,0,willow-finance.example,True
Zephyr Accountants Inc,zephyr-accountants.example,Professional services,51-200,US,New York,£10m-£50m,1997,Bootstrapped,Salesforce,£5k-£25k,"[""Google Ads"", ""Meta Ads""]",False,0,zephyr-accountants.example,True
Moorland Labs GmbH,moorland-labs.example,Software,1-10,DE,Munich,under £1m,2006,Bootstrapped,Pipedrive,£5k-£25k,"[""Google Ads"", ""TikTok Ads""]",False,0,moorland-labs.example,True
Driftwood Advisory Inc,driftwood-advisory.example,Professional services,201-1000,US,San Francisco,£50m-£250m,1970,Series A,HubSpot,£25k-£100k,"[""Google Ads"", ""LinkedIn Ads"", ""Meta Ads""]",False,0,driftwood-advisory.example,True
Saltmarsh Works Ltd,saltmarsh-works.example,Manufacturing,1-10,UK,Manchester,£1m-£10m,2022,Seed,Spreadsheet,under £5k,"[""LinkedIn Ads""]",False,0,saltmarsh-works.example,True
Marigold Finance GmbH,marigold-finance.example,Financial services,11-50,DE,Frankfurt,£1m-£10m,2006,Seed,Spreadsheet,none,[],False,0,marigoldfina-group.example,False
Heron Insurance Inc,heron-insurance.example,Financial services,201-1000,US,Seattle,£50m-£250m,2004,Bootstrapped,Salesforce,£5k-£25k,"[""Meta Ads"", ""Microsoft Ads""]",True,23,heron-insurance.example,True
Hawthorn Recruitment SAS,hawthorn-recruitment.example,Professional services,201-1000,FR,Toulouse,£50m-£250m,2004,Public,Salesforce,£25k-£100k,"[""Google Ads"", ""LinkedIn Ads"", ""Microsoft Ads""]",True,24,hawthorn-recruitment.example,True
Cobalt Goods SAS,cobalt-goods.example,Retail,51-200,FR,Lille,£50m-£250m,2003,Seed,HubSpot,£25k-£100k,"[""Google Ads"", ""LinkedIn Ads"", ""TikTok Ads""]",False,0,cobalt-goods.example,True
Vantage Associates Inc,vantage-associates.example,Professional services,11-50,US,Seattle,£10m-£50m,2021,Bootstrapped,HubSpot,£5k-£25k,"[""Google Ads"", ""LinkedIn Ads""]",True,2,vantageasso-group.example,False
Umber Data GmbH,umber-data.example,Software,201-1000,DE,Berlin,£50m-£250m,2016,Bootstrapped,Salesforce,£5k-£25k,"[""Google Ads"", ""Meta Ads""]",False,0,umber-data.example,True
Oakridge Works BV,oakridge-works.example,Manufacturing,1000+,NL,Amsterdam,£50m-£250m,1968,Bootstrapped,Salesforce,£100k+,"[""Google Ads"", ""LinkedIn Ads"", ""Meta Ads"", ""TikTok Ads""]",False,0,oakridgework-group.example,False
Zephyr Partners Inc,zephyr-partners.example,Financial services,201-1000,US,New York,£50m-£250m,1992,Series C+,Salesforce,£25k-£100k,"[""Google Ads"", ""LinkedIn Ads"", ""Meta Ads""]",False,0,zephyr-partners.example,True
Thornbury Advisory Inc,thornbury-advisory.example,Professional services,51-200,US,Austin,£10m-£50m,2014,Bootstrapped,Pipedrive,£5k-£25k,"[""Google Ads"", ""Meta Ads""]",False,0,thornburyadvi-group.example,False
Valley Care Ltd,valley-care.example,Healthcare,51-200,UK,Bristol,£10m-£50m,2023,Bootstrapped,HubSpot,under £5k,"[""TikTok Ads""]",False,0,valley-care.example,True
Ivywood College Ltd,ivywood-college.example,Education,11-50,UK,Manchester,£1m-£10m,2007,Seed,Spreadsheet,£5k-£25k,"[""LinkedIn Ads"", ""Microsoft Ads""]",True,3,ivywoodcoll-group.example,False
Saltmarsh Goods Inc,saltmarsh-goods.example,Retail,11-50,US,New York,£1m-£10m,2021,Bootstrapped,HubSpot,£5k-£25k,"[""LinkedIn Ads"", ""Meta Ads""]",False,0,saltmarsh-goods.example,True
Pebble Medical BV,pebble-medical.example,Healthcare,11-50,NL,Eindhoven,£1m-£10m,2009,Seed,Spreadsheet,£25k-£100k,"[""Google Ads"", ""LinkedIn Ads"", ""Microsoft Ads""]",True,6,pebble-medical.example,True
Alder Market Inc,alder-market.example,Retail,1-10,US,Austin,under £1m,2009,Bootstrapped,HubSpot,under £5k,"[""LinkedIn Ads""]",False,0,aldermark-group.example,False
Inkwell Works Inc,inkwell-works.example,Manufacturing,201-1000,US,Austin,£50m-£250m,1974,Private equity,HubSpot,£25k-£100k,"[""LinkedIn Ads"", ""Meta Ads"", ""Microsoft Ads""]",True,19,inkwell-works.example,True
Lindenwood Tutors GmbH,lindenwood-tutors.example,Education,11-50,DE,Munich,£1m-£10m,2017,Series A,HubSpot,under £5k,"[""Meta Ads""]",False,0,lindenwood-tutors.example,True
Westbrook Capital GmbH,westbrook-capital.example,Financial services,1-10,DE,Frankfurt,under £1m,2012,Seed,HubSpot,£5k-£25k,"[""LinkedIn Ads"", ""Meta Ads""]",False,0,westbrookcapi-group.example,False
Stonebridge Capital Inc,stonebridge-capital.example,Financial services,1-10,US,San Francisco,under £1m,2010,Seed,No CRM,none,[],False,0,stonebridge-capital.example,True
Glenmoor Labs GmbH,glenmoor-labs.example,Software,11-50,DE,Munich,£1m-£10m,2017,Bootstrapped,Pipedrive,under £5k,"[""Meta Ads""]",False,0,glenmoor-labs.example,True
Heron Works Inc,heron-works.example,Manufacturing,1-10,US,Chicago,under £1m,2004,Bootstrapped,Spreadsheet,none,[],False,0,heron-works.example,True
Redwood Health Ltd,redwood-health.example,Healthcare,11-50,UK,London,£1m-£10m,2022,Bootstrapped,No CRM,£5k-£25k,"[""LinkedIn Ads"", ""Meta Ads""]",True,3,redwood-health.example,True
Kingsway Manufacturing Inc,kingsway-manufacturing.example,Manufacturing,11-50,US,New York,£1m-£10m,2018,Bootstrapped,Pipedrive,none,[],False,0,kingsway-manufacturing.example,True
Silverline Learning Ltd,silverline-learning.example,Education,51-200,UK,Birmingham,£1m-£10m,2013,Series C+,Salesforce,£5k-£25k,"[""Meta Ads"", ""TikTok Ads""]",True,5,silverline-learning.example,True
Dovecote Health Ltd,dovecote-health.example,Healthcare,51-200,UK,Bristol,£10m-£50m,2016,Series B,Salesforce,£5k-£25k,"[""Google Ads"", ""Microsoft Ads""]",True,11,dovecote-health.example,True
Dunmore Learning Ltd,dunmore-learning.example,Education,1-10,UK,Birmingham,under £1m,2019,Series A,No CRM,under £5k,"[""Meta Ads""]",False,0,dunmore-learning.example,True
Cobalt Logistics Ltd,cobalt-logistics.example,Logistics,51-200,UK,London,£10m-£50m,2003,Bootstrapped,Salesforce,none,[],False,0,cobalt-logistics.example,True
Westbrook Software SAS,westbrook-software.example,Software,1-10,FR,Toulouse,under £1m,2006,Bootstrapped,Spreadsheet,under £5k,"[""Google Ads""]",False,0,westbrook-software.example,True
Keystone Associates Ltd,keystone-associates.example,Professional services,11-50,UK,Edinburgh,£1m-£10m,2009,Series A,Spreadsheet,£25k-£100k,"[""Google Ads"", ""Meta Ads"", ""TikTok Ads""]",False,0,keystone-associates.example,True
Bramble Components Inc,bramble-components.example,Manufacturing,51-200,US,Austin,£10m-£50m,2000,Series B,Salesforce,under £5k,"[""Meta Ads""]",True,4,bramblecomp-group.example,False
Brightwater Goods Ltd,brightwater-goods.example,Retail,1-10,UK,Edinburgh,under £1m,2017,Bootstrapped,Pipedrive,none,[],True,4,brightwatergood-group.example,False
Kingsway Capital Inc,kingsway-capital.example,Financial services,1-10,US,San Francisco,under £1m,2007,Seed,HubSpot,none,[],True,1,kingsway-capital.example,True
Oakridge Shipping Inc,oakridge-shipping.example,Logistics,11-50,US,San Francisco,£1m-£10m,2024,Bootstrapped,Salesforce,£5k-£25k,"[""Google Ads"", ""Meta Ads""]",True,1,oakridge-shipping.example,True
Larkspur Haulage Ltd,larkspur-haulage.example,Logistics,1-10,UK,London,under £1m,2013,Seed,HubSpot,none,[],True,4,larkspurhaul-group.example,False
Quartz Goods Inc,quartz-goods.example,Retail,51-200,US,Chicago,£10m-£50m,2016,Bootstrapped,Pipedrive,£5k-£25k,"[""Google Ads"", ""TikTok Ads""]",True,11,quartz-goods.example,True
Stonebridge Transport SAS,stonebridge-transport.example,Logistics,1000+,FR,Lyon,£250m+,1994,Private equity,Salesforce,£100k+,"[""Google Ads"", ""LinkedIn Ads"", ""Meta Ads"", ""Microsoft Ads""]",False,0,stonebridge-transport.example,True
Driftwood Associates Inc,driftwood-associates.example,Professional services,11-50,US,Boston,£10m-£50m,2000,Seed,Pipedrive,£25k-£100k,"[""LinkedIn Ads"", ""Meta Ads"", ""TikTok Ads""]",True,5,driftwoodasso-group.example,False
Elmstead Finance Inc,elmstead-finance.example,Financial services,51-200,US,Chicago,£10m-£50m,2010,Seed,HubSpot,£5k-£25k,"[""Google Ads"", ""Meta Ads""]",True,10,elmstead-finance.example,True
Harbour Labs Inc,harbour-labs.example,Software,11-50,US,Seattle,£1m-£10m,1995,Bootstrapped,Salesforce,£5k-£25k,"[""Google Ads"", ""Meta Ads""]",False,0,harbour-labs.example,True
Glenmoor Consulting Inc,glenmoor-consulting.example,Professional services,11-50,US,Seattle,£1m-£10m,2008,Bootstrapped,HubSpot,none,[],False,0,glenmoor-consulting.example,True
Pinecrest Capital Inc,pinecrest-capital.example,Financial services,201-1000,US,San Francisco,£50m-£250m,2022,Series C+,HubSpot,£100k+,"[""LinkedIn Ads"", ""Meta Ads"", ""Microsoft Ads"", ""TikTok Ads""]",False,0,pinecrest-capital.example,True
Keystone Legal SAS,keystone-legal.example,Professional services,1-10,FR,Paris,under £1m,2022,Seed,Spreadsheet,under £5k,"[""Google Ads""]",False,0,keystone-legal.example,True
Rosewood Dental SAS,rosewood-dental.example,Healthcare,11-50,FR,Lille,£1m-£10m,1995,Seed,HubSpot,under £5k,"[""Google Ads""]",False,0,rosewood-dental.example,True
Nettlefield Market Inc,nettlefield-market.example,Retail,11-50,US,Chicago,£1m-£10m,2008,Seed,No CRM,under £5k,"[""Microsoft Ads""]",True,7,nettlefieldmark-group.example,False
Saltmarsh Components Ltd,saltmarsh-components.example,Manufacturing,51-200,UK,Birmingham,£10m-£50m,2022,Series B,HubSpot,£5k-£25k,"[""Google Ads"", ""Microsoft Ads""]",False,0,saltmarsh-components.example,True
Foxglove Fabrication SAS,foxglove-fabrication.example,Manufacturing,1-10,FR,Lyon,under £1m,2018,Bootstrapped,HubSpot,£5k-£25k,"[""LinkedIn Ads"", ""Meta Ads""]",True,2,foxglove-fabrication.example,True
Thornbury Academy GmbH,thornbury-academy.example,Education,201-1000,DE,Berlin,£50m-£250m,1977,Bootstrapped,HubSpot,£5k-£25k,"[""Google Ads"", ""Meta Ads""]",False,0,thornbury-academy.example,True
Highgate Tutors Ltd,highgate-tutors.example,Education,11-50,UK,Bristol,£1m-£10m,2013,Series A,Spreadsheet,under £5k,"[""TikTok Ads""]",True,5,highgate-tutors.example,True
Rosewood Associates Ltd,rosewood-associates.example,Professional services,1-10,UK,Manchester,under £1m,2011,Bootstrapped,HubSpot,under £5k,"[""Google Ads""]",False,0,rosewood-associates.example,True
Juniper College BV,juniper-college.example,Education,1-10,NL,Utrecht,under £1m,2015,Seed,Salesforce,£25k-£100k,"[""LinkedIn Ads"", ""Meta Ads"", ""Microsoft Ads""]",False,0,juniper-college.example,True
Emberly Digital Ltd,emberly-digital.example,Software,11-50,UK,Leeds,£1m-£10m,1999,Seed,HubSpot,£5k-£25k,"[""Google Ads"", ""LinkedIn Ads""]",True,3,emberlydigi-group.example,False
Ashford Insurance BV,ashford-insurance.example,Financial services,1-10,NL,Amsterdam,under £1m,1999,Bootstrapped,Spreadsheet,under £5k,"[""Meta Ads""]",False,0,ashfordinsu-group.example,False
Elmstead Training GmbH,elmstead-training.example,Education,51-200,DE,Hamburg,£10m-£50m,2016,Bootstrapped,Pipedrive,none,[],True,10,elmstead-training.example,True
Falcon Partners GmbH,falcon-partners.example,Financial services,1-10,DE,Frankfurt,£1m-£10m,2000,Bootstrapped,HubSpot,under £5k,"[""LinkedIn Ads""]",False,0,falcon-partners.example,True
Marigold Dental GmbH,marigold-dental.example,Healthcare,51-200,DE,Berlin,£10m-£50m,1995,Series B,HubSpot,£5k-£25k,"[""Google Ads"", ""LinkedIn Ads""]",True,3,marigolddent-group.example,False
Nettlefield Manufacturing SAS,nettlefield-manufacturing.example,Manufacturing,1000+,FR,Paris,£250m+,2017,Public,Salesforce,£100k+,"[""Google Ads"", ""LinkedIn Ads"", ""Meta Ads"", ""Microsoft Ads""]",True,60,nettlefield-manufacturing.example,True
Cobalt Data Inc,cobalt-data.example,Software,11-50,US,Seattle,£1m-£10m,2006,Series A,No CRM,under £5k,"[""Meta Ads""]",True,6,cobalt-data.example,True
Saltmarsh Engineering Inc,saltmarsh-engineering.example,Manufacturing,11-50,US,Chicago,£1m-£10m,2021,Seed,No CRM,£25k-£100k,"[""Google Ads"", ""LinkedIn Ads"", ""TikTok Ads""]",False,0,saltmarsh-engineering.example,True
Bramble Training Inc,bramble-training.example,Education,51-200,US,Seattle,£10m-£50m,2016,Bootstrapped,Salesforce,under £5k,"[""LinkedIn Ads""]",False,0,bramble-training.example,True
Heron Freight SAS,heron-freight.example,Logistics,11-50,FR,Paris,under £1m,1998,Bootstrapped,HubSpot,under £5k,"[""LinkedIn Ads""]",True,5,heronfrei-group.example,False
Meridian Capital Inc,meridian-capital.example,Financial services,1000+,US,New York,£250m+,1985,Public,Salesforce,£5k-£25k,"[""Google Ads"", ""Meta Ads""]",False,0,meridian-capital.example,True
Tamarind Consulting Ltd,tamarind-consulting.example,Professional services,1-10,UK,London,under £1m,2023,Seed,Pipedrive,under £5k,"[""LinkedIn Ads""]",False,0,tamarindcons-group.example,False
Quartz Learning BV,quartz-learning.example,Education,201-1000,NL,Amsterdam,£50m-£250m,2007,Private equity,Salesforce,£25k-£100k,"[""Google Ads"", ""LinkedIn Ads"", ""Meta Ads""]",False,0,quartz-learning.example,True
Fernhill Associates Ltd,fernhill-associates.example,Professional services,11-50,UK,Leeds,£1m-£10m,2008,Series B,Pipedrive,none,[],False,0,fernhill-associates.example,True
Oakridge Manufacturing GmbH,oakridge-manufacturing.example,Manufacturing,51-200,DE,Berlin,£10m-£50m,2003,Bootstrapped,Pipedrive,£100k+,"[""Google Ads"", ""LinkedIn Ads"", ""Meta Ads"", ""TikTok Ads""]",False,0,oakridge-manufacturing.example,True
Cedar Care Ltd,cedar-care.example,Healthcare,1-10,UK,London,under £1m,2012,Bootstrapped,Spreadsheet,under £5k,"[""Google Ads""]",False,0,cedar-care.example,True
Oakridge Fabrication Inc,oakridge-fabrication.example,Manufacturing,51-200,US,Boston,£10m-£50m,1997,Series B,Spreadsheet,£5k-£25k,"[""Meta Ads"", ""Microsoft Ads""]",False,0,oakridge-fabrication.example,True
Alder Clinics BV,alder-clinics.example,Healthcare,51-200,NL,Eindhoven,£10m-£50m,2012,Seed,HubSpot,£25k-£100k,"[""Google Ads"", ""LinkedIn Ads"", ""Meta Ads""]",True,9,alderclin-group.example,False
Redwood Couriers Ltd,redwood-couriers.example,Logistics,11-50,UK,Birmingham,£1m-£10m,2012,Bootstrapped,Spreadsheet,under £5k,"[""LinkedIn Ads""]",False,0,redwoodcour-group.example,False
Pennine College GmbH,pennine-college.example,Education,11-50,DE,Munich,£1m-£10m,2013,Bootstrapped,Pipedrive,£5k-£25k,"[""Meta Ads"", ""Microsoft Ads""]",True,4,pennine-college.example,True
Norfolk Pharma BV,norfolk-pharma.example,Healthcare,51-200,NL,Rotterdam,£50m-£250m,2005,Series B,Salesforce,£5k-£25k,"[""Meta Ads"", ""TikTok Ads""]",True,7,norfolkphar-group.example,False
Norfolk Learning Ltd,norfolk-learning.example,Education,11-50,UK,Bristol,£1m-£10m,2020,Bootstrapped,HubSpot,under £5k,"[""LinkedIn Ads""]",False,0,norfolk-learning.example,True
Kelvin Consulting BV,kelvin-consulting.example,Professional services,1-10,NL,Amsterdam,under £1m,2005,Seed,HubSpot,under £5k,"[""Meta Ads""]",True,2,kelvin-consulting.example,True
Harbour Transport Inc,harbour-transport.example,Logistics,11-50,US,Chicago,£1m-£10m,2004,Bootstrapped,Salesforce,under £5k,"[""Google Ads""]",False,0,harbourtran-group.example,False
Keystone Market BV,keystone-market.example,Retail,11-50,NL,Eindhoven,£1m-£10m,1999,Bootstrapped,No CRM,under £5k,"[""Meta Ads""]",False,0,keystonemark-group.example,False
Lantern Labs Inc,lantern-labs.example,Software,1000+,US,San Francisco,£250m+,1992,Bootstrapped,Salesforce,£100k+,"[""Google Ads"", ""LinkedIn Ads"", ""Microsoft Ads"", ""TikTok Ads""]",True,66,lanternlabs-group.example,False
Valley Insurance Inc,valley-insurance.example,Financial services,51-200,US,Austin,£10m-£50m,2024,Series A,Salesforce,£25k-£100k,"[""Google Ads"", ""Meta Ads"", ""Microsoft Ads""]",False,0,valleyinsu-group.example,False
Saltmarsh Capital Inc,saltmarsh-capital.example,Financial services,11-50,US,Austin,£1m-£10m,1999,Seed,Salesforce,£25k-£100k,"[""Google Ads"", ""Meta Ads"", ""Microsoft Ads""]",True,3,saltmarsh-capital.example,True
Riverside Manufacturing SAS,riverside-manufacturing.example,Manufacturing,51-200,FR,Paris,£10m-£50m,2020,Series B,Salesforce,£25k-£100k,"[""Google Ads"", ""Microsoft Ads"", ""TikTok Ads""]",False,0,riverside-manufacturing.example,True
Harbour Works Ltd,harbour-works.example,Manufacturing,51-200,UK,Manchester,£50m-£250m,2011,Series C+,Salesforce,£5k-£25k,"[""Google Ads"", ""Meta Ads""]",False,0,harbour-works.example,True
Harbour Medical Ltd,harbour-medical.example,Healthcare,51-200,UK,Birmingham,£10m-£50m,2002,Bootstrapped,Salesforce,under £5k,"[""LinkedIn Ads""]",True,14,harbour-medical.example,True
Glenmoor Engineering Inc,glenmoor-engineering.example,Manufacturing,1-10,US,Seattle,under £1m,2014,Bootstrapped,Spreadsheet,none,[],False,0,glenmoor-engineering.example,True
Tidewater Training Ltd,tidewater-training.example,Education,201-1000,UK,London,£50m-£250m,2011,Series C+,Salesforce,£100k+,"[""Google Ads"", ""LinkedIn Ads"", ""Meta Ads"", ""TikTok Ads""]",False,0,tidewatertrai-group.example,False
Aurora Education Inc,aurora-education.example,Education,201-1000,US,Chicago,£50m-£250m,1999,Bootstrapped,Salesforce,£100k+,"[""Google Ads"", ""Meta Ads"", ""Microsoft Ads"", ""TikTok Ads""]",True,21,aurora-education.example,True
Cobalt Shipping Ltd,cobalt-shipping.example,Logistics,51-200,UK,Birmingham,£10m-£50m,2018,Seed,HubSpot,£25k-£100k,"[""Google Ads"", ""Meta Ads"", ""TikTok Ads""]",False,0,cobalt-shipping.example,True
Riverside Digital Ltd,riverside-digital.example,Software,11-50,UK,Birmingham,£10m-£50m,1995,Series A,Pipedrive,none,[],False,0,riversidedigi-group.example,False
Oakridge Lending Inc,oakridge-lending.example,Financial services,1-10,US,Chicago,under £1m,2000,Bootstrapped,Pipedrive,under £5k,"[""Microsoft Ads""]",True,1,oakridge-lending.example,True
Beacon Medical SAS,beacon-medical.example,Healthcare,51-200,FR,Toulouse,£10m-£50m,2000,Series A,HubSpot,£5k-£25k,"[""Meta Ads"", ""Microsoft Ads""]",False,0,beacon-medical.example,True
Saltmarsh Software Ltd,saltmarsh-software.example,Software,201-1000,UK,Leeds,£50m-£250m,1990,Bootstrapped,Salesforce,£25k-£100k,"[""Google Ads"", ""Microsoft Ads"", ""TikTok Ads""]",True,22,saltmarshsoft-group.example,False
Bluebell Couriers Inc,bluebell-couriers.example,Logistics,11-50,US,Chicago,£1m-£10m,2012,Bootstrapped,Pipedrive,£5k-£25k,"[""Google Ads"", ""Microsoft Ads""]",True,2,bluebellcour-group.example,False
Oldfield Market Ltd,oldfield-market.example,Retail,11-50,UK,Bristol,£10m-£50m,2021,Bootstrapped,No CRM,none,[],True,4,oldfield-market.example,True
Northwind Care Ltd,northwind-care.example,Healthcare,201-1000,UK,Manchester,£50m-£250m,1986,Series B,Salesforce,£5k-£25k,"[""Google Ads"", ""Microsoft Ads""]",True,12,northwind-care.example,True
Ironbridge Dental Ltd,ironbridge-dental.example,Healthcare,201-1000,UK,Edinburgh,£50m-£250m,1996,Series C+,Salesforce,£5k-£25k,"[""Google Ads"", ""Meta Ads""]",True,19,ironbridge-dental.example,True
Bramble Health BV,bramble-health.example,Healthcare,1-10,NL,Utrecht,under £1m,2019,Bootstrapped,HubSpot,£5k-£25k,"[""Google Ads"", ""LinkedIn Ads""]",False,0,bramble-health.example,True
Aurora Logistics Inc,aurora-logistics.example,Logistics,51-200,US,New York,£10m-£50m,2006,Series B,Pipedrive,£25k-£100k,"[""Google Ads"", ""LinkedIn Ads"", ""Meta Ads""]",True,5,aurora-logistics.example,True
Stonebridge Care Ltd,stonebridge-care.example,Healthcare,1-10,UK,Edinburgh,under £1m,2014,Bootstrapped,HubSpot,under £5k,"[""Meta Ads""]",False,0,stonebridge-care.example,True
Foxglove Engineering Ltd,foxglove-engineering.example,Manufacturing,51-200,UK,Edinburgh,£10m-£50m,2021,Bootstrapped,Salesforce,£25k-£100k,"[""Google Ads"", ""Meta Ads"", ""TikTok Ads""]",False,0,foxglove-engineering.example,True
Aurora Market Ltd,aurora-market.example,Retail,51-200,UK,Bristol,£10m-£50m,2008,Seed,HubSpot,£5k-£25k,"[""Google Ads"", ""LinkedIn Ads""]",True,13,auroramark-group.example,False
Tamarind Learning Inc,tamarind-learning.example,Education,51-200,US,Austin,£10m-£50m,2024,Series B,No CRM,£5k-£25k,"[""LinkedIn Ads"", ""Meta Ads""]",False,0,tamarind-learning.example,True
Inkwell Cloud BV,inkwell-cloud.example,Software,1-10,NL,Rotterdam,under £1m,2022,Bootstrapped,HubSpot,under £5k,"[""Meta Ads""]",False,0,inkwellclou-group.example,False
Highgate College BV,highgate-college.example,Education,11-50,NL,Eindhoven,£10m-£50m,2021,Bootstrapped,HubSpot,under £5k,"[""Meta Ads""]",False,0,highgate-college.example,True
Falcon Stores Ltd,falcon-stores.example,Retail,1-10,UK,Birmingham,£1m-£10m,2007,Bootstrapped,HubSpot,under £5k,"[""LinkedIn Ads""]",False,0,falcon-stores.example,True
Brightwater Industries Inc,brightwater-industries.example,Manufacturing,1-10,US,San Francisco,under £1m,2020,Bootstrapped,Spreadsheet,none,[],False,0,brightwaterindu-group.example,False
Brightwater Dental BV,brightwater-dental.example,Healthcare,1-10,NL,Amsterdam,£1m-£10m,2017,Bootstrapped,Spreadsheet,under £5k,"[""Meta Ads""]",False,0,brightwater-dental.example,True
Beacon Engineering SAS,beacon-engineering.example,Manufacturing,51-200,FR,Paris,£10m-£50m,1996,Bootstrapped,HubSpot,£5k-£25k,"[""LinkedIn Ads"", ""Meta Ads""]",True,11,beacon-engineering.example,True
Elmstead Works SAS,elmstead-works.example,Manufacturing,11-50,FR,Lyon,£1m-£10m,1995,Seed,No CRM,none,[],False,0,elmstead-works.example,True
Aurora Labs GmbH,aurora-labs.example,Software,51-200,DE,Hamburg,£10m-£50m,2000,Series A,Pipedrive,under £5k,"[""Google Ads""]",False,0,aurora-labs.example,True
Falcon Consulting Ltd,falcon-consulting.example,Professional services,1-10,UK,Leeds,under £1m,2000,Bootstrapped,No CRM,none,[],False,0,falconcons-group.example,False
Beacon Freight Inc,beacon-freight.example,Logistics,1000+,US,Austin,£250m+,2016,Public,Salesforce,£5k-£25k,"[""Google Ads"", ""LinkedIn Ads""]",True,54,beacon-freight.example,True
Alder Goods BV,alder-goods.example,Retail,51-200,NL,Rotterdam,£10m-£50m,2012,Series B,Salesforce,£5k-£25k,"[""Google Ads"", ""LinkedIn Ads""]",True,10,aldergood-group.example,False
Clearwater Software Ltd,clearwater-software.example,Software,51-200,UK,Bristol,£10m-£50m,2002,Bootstrapped,No CRM,under £5k,"[""Meta Ads""]",False,0,clearwatersoft-group.example,False
Harbour Outfitters Inc,harbour-outfitters.example,Retail,11-50,US,Boston,£1m-£10m,2016,Series A,Salesforce,under £5k,"[""LinkedIn Ads""]",False,0,harbour-outfitters.example,True
Clearwater Trading Inc,clearwater-trading.example,Retail,51-200,US,Boston,£10m-£50m,2004,Series A,HubSpot,£5k-£25k,"[""LinkedIn Ads"", ""Meta Ads""]",False,0,clearwater-trading.example,True
Yarrow Health Ltd,yarrow-health.example,Healthcare,51-200,UK,Edinburgh,£10m-£50m,2005,Bootstrapped,Pipedrive,none,[],False,0,yarrow-health.example,True
Ironbridge Legal SAS,ironbridge-legal.example,Professional services,51-200,FR,Paris,£10m-£50m,2000,Series B,HubSpot,£25k-£100k,"[""Google Ads"", ""Meta Ads"", ""TikTok Ads""]",True,7,ironbridge-legal.example,True
Thornbury Shipping Ltd,thornbury-shipping.example,Logistics,1-10,UK,Manchester,£1m-£10m,2004,Seed,HubSpot,£5k-£25k,"[""Google Ads"", ""Meta Ads""]",False,0,thornburyship-group.example,False
Yarrow Retail Ltd,yarrow-retail.example,Retail,201-1000,UK,London,£50m-£250m,1969,Series B,Salesforce,£25k-£100k,"[""Google Ads"", ""Meta Ads"", ""Microsoft Ads""]",False,0,yarrow-retail.example,True
Upland Care Inc,upland-care.example,Healthcare,1-10,US,San Francisco,under £1m,2010,Bootstrapped,Salesforce,none,[],False,0,uplandcare-group.example,False
Highgate Freight Inc,highgate-freight.example,Logistics,51-200,US,Austin,£50m-£250m,2021,Series B,Salesforce,£5k-£25k,"[""Google Ads"", ""Meta Ads""]",True,6,highgate-freight.example,True
Aurora Shipping Inc,aurora-shipping.example,Logistics,11-50,US,Boston,£1m-£10m,2023,Bootstrapped,Pipedrive,£5k-£25k,"[""Google Ads"", ""Meta Ads""]",False,0,auroraship-group.example,False
Tidewater Lending Ltd,tidewater-lending.example,Financial services,1-10,UK,London,under £1m,2001,Bootstrapped,HubSpot,under £5k,"[""Meta Ads""]",False,0,tidewaterlend-group.example,False
Oldfield Haulage Ltd,oldfield-haulage.example,Logistics,201-1000,UK,London,£250m+,1999,Series C+,Salesforce,£25k-£100k,"[""Google Ads"", ""Microsoft Ads"", ""TikTok Ads""]",True,14,oldfield-haulage.example,True
Lantern Partners SAS,lantern-partners.example,Financial services,11-50,FR,Lille,£1m-£10m,2008,Series A,Spreadsheet,£25k-£100k,"[""Google Ads"", ""Meta Ads"", ""Microsoft Ads""]",False,0,lantern-partners.example,True
Northwind Advisory BV,northwind-advisory.example,Professional services,51-200,NL,Amsterdam,£10m-£50m,2017,Series A,Salesforce,under £5k,"[""Microsoft Ads""]",False,0,northwindadvi-group.example,False
Oldfield Transport Inc,oldfield-transport.example,Logistics,201-1000,US,San Francisco,£250m+,1992,Private equity,Salesforce,£5k-£25k,"[""Google Ads"", ""Microsoft Ads""]",True,17,oldfield-transport.example,True
Pebble Couriers Ltd,pebble-couriers.example,Logistics,201-1000,UK,Leeds,£10m-£50m,2018,Bootstrapped,Salesforce,£5k-£25k,"[""LinkedIn Ads"", ""Microsoft Ads""]",False,0,pebble-couriers.example,True
Lindenwood Health Inc,lindenwood-health.example,Healthcare,1-10,US,Seattle,under £1m,1995,Bootstrapped,HubSpot,£5k-£25k,"[""Google Ads"", ""Meta Ads""]",True,1,lindenwood-health.example,True
Bluebell Capital Inc,bluebell-capital.example,Financial services,11-50,US,Austin,£1m-£10m,2009,Bootstrapped,Pipedrive,none,[],False,0,bluebellcapi-group.example,False
Cobalt Pharma SAS,cobalt-pharma.example,Healthcare,1-10,FR,Lille,under £1m,2014,Bootstrapped,Pipedrive,under £5k,"[""Google Ads""]",False,0,cobalt-pharma.example,True
Pinecrest Freight SAS,pinecrest-freight.example,Logistics,1-10,FR,Toulouse,under £1m,2009,Seed,HubSpot,£5k-£25k,"[""Google Ads"", ""TikTok Ads""]",False,0,pinecrest-freight.example,True
Valley Partners GmbH,valley-partners.example,Financial services,1000+,DE,Berlin,£250m+,1998,Public,Salesforce,£25k-£100k,"[""LinkedIn Ads"", ""Meta Ads"", ""Microsoft Ads""]",False,0,valley-partners.example,True
Westbrook Education BV,westbrook-education.example,Education,1-10,NL,Utrecht,under £1m,1997,Bootstrapped,Spreadsheet,none,[],False,0,westbrook-education.example,True
Granite Learning Ltd,granite-learning.example,Education,11-50,UK,Leeds,£1m-£10m,2005,Bootstrapped,No CRM,£25k-£100k,"[""LinkedIn Ads"", ""Meta Ads"", ""Microsoft Ads""]",True,4,granite-learning.example,True
Highgate Clinics Inc,highgate-clinics.example,Healthcare,201-1000,US,Chicago,£50m-£250m,2009,Bootstrapped,Salesforce,under £5k,"[""Meta Ads""]",False,0,highgateclin-group.example,False
Rosewood Haulage Inc,rosewood-haulage.example,Logistics,51-200,US,Boston,£10m-£50m,2016,Series B,HubSpot,£5k-£25k,"[""Google Ads"", ""Meta Ads""]",False,0,rosewood-haulage.example,True
Larkspur Retail Ltd,larkspur-retail.example,Retail,11-50,UK,Bristol,£10m-£50m,2007,Bootstrapped,Salesforce,none,[],False,0,larkspur-retail.example,True
Cedar Clinics Inc,cedar-clinics.example,Healthcare,1-10,US,San Francisco,under £1m,2022,Bootstrapped,HubSpot,under £5k,"[""Meta Ads""]",True,1,cedarclin-group.example,False
Pebble Recruitment GmbH,pebble-recruitment.example,Professional services,11-50,DE,Frankfurt,£1m-£10m,2002,Seed,Pipedrive,£25k-£100k,"[""Google Ads"", ""LinkedIn Ads"", ""Meta Ads""]",True,5,pebble-recruitment.example,True
Kingsway Training GmbH,kingsway-training.example,Education,201-1000,DE,Munich,£50m-£250m,1966,Series B,Pipedrive,£5k-£25k,"[""Google Ads"", ""Meta Ads""]",True,17,kingsway-training.example,True
Nettlefield Logistics GmbH,nettlefield-logistics.example,Logistics,51-200,DE,Berlin,£10m-£50m,2021,Private equity,Salesforce,£25k-£100k,"[""Google Ads"", ""Meta Ads"", ""Microsoft Ads""]",True,8,nettlefield-logistics.example,True
Glenmoor Works Ltd,glenmoor-works.example,Manufacturing,201-1000,UK,Edinburgh,£50m-£250m,2019,Series C+,Pipedrive,£25k-£100k,"[""Google Ads"", ""LinkedIn Ads"", ""TikTok Ads""]",False,0,glenmoor-works.example,True
Valley Wealth BV,valley-wealth.example,Financial services,1-10,NL,Rotterdam,under £1m,2024,Bootstrapped,Spreadsheet,£25k-£100k,"[""Google Ads"", ""LinkedIn Ads"", ""Meta Ads""]",False,0,valleyweal-group.example,False
Glenmoor Market Inc,glenmoor-market.example,Retail,51-200,US,Seattle,£10m-£50m,2009,Series B,HubSpot,£25k-£100k,"[""Google Ads"", ""LinkedIn Ads"", ""TikTok Ads""]",False,0,glenmoor-market.example,True
Valley Outfitters BV,valley-outfitters.example,Retail,201-1000,NL,Rotterdam,£50m-£250m,1994,Private equity,Salesforce,£5k-£25k,"[""Google Ads"", ""Microsoft Ads""]",False,0,valley-outfitters.example,True
Pinecrest Shipping Inc,pinecrest-shipping.example,Logistics,51-200,US,Chicago,£1m-£10m,2013,Series B,Pipedrive,£5k-£25k,"[""Google Ads"", ""Meta Ads""]",False,0,pinecrest-shipping.example,True
Greystone Education GmbH,greystone-education.example,Education,51-200,DE,Hamburg,£50m-£250m,2010,Bootstrapped,Salesforce,£25k-£100k,"[""Google Ads"", ""LinkedIn Ads"", ""Microsoft Ads""]",True,7,greystone-education.example,True
Harbour Insurance Ltd,harbour-insurance.example,Financial services,51-200,UK,Leeds,£10m-£50m,2014,Series A,Pipedrive,£25k-£100k,"[""Google Ads"", ""Meta Ads"", ""Microsoft Ads""]",False,0,harbour-insurance.example,True
Pebble Retail SAS,pebble-retail.example,Retail,11-50,FR,Lyon,£1m-£10m,2015,Series A,Pipedrive,under £5k,"[""Google Ads""]",False,0,pebble-retail.example,True
Quartz Training GmbH,quartz-training.example,Education,11-50,DE,Munich,£1m-£10m,2001,Series A,No CRM,none,[],False,0,quartz-training.example,True
Rosewood Engineering Ltd,rosewood-engineering.example,Manufacturing,201-1000,UK,London,£50m-£250m,1977,Bootstrapped,Salesforce,£5k-£25k,"[""Meta Ads"", ""Microsoft Ads""]",False,0,rosewoodengi-group.example,False
Orchard Recruitment Inc,orchard-recruitment.example,Professional services,1-10,US,Seattle,under £1m,2024,Seed,HubSpot,none,[],False,0,orchard-recruitment.example,True
Greystone Partners BV,greystone-partners.example,Financial services,1000+,NL,Amsterdam,£250m+,1997,Series C+,No CRM,£100k+,"[""Google Ads"", ""LinkedIn Ads"", ""Meta Ads"", ""TikTok Ads""]",True,57,greystone-partners.example,True
Evergreen Academy GmbH,evergreen-academy.example,Education,1-10,DE,Berlin,under £1m,1999,Bootstrapped,Pipedrive,none,[],True,4,evergreen-academy.example,True
Ashford Tutors GmbH,ashford-tutors.example,Education,11-50,DE,Munich,£10m-£50m,1999,Bootstrapped,Spreadsheet,none,[],True,5,ashford-tutors.example,True
Orchard Labs SAS,orchard-labs.example,Software,51-200,FR,Lyon,£10m-£50m,2023,Series A,Salesforce,£25k-£100k,"[""Google Ads"", ""LinkedIn Ads"", ""Meta Ads""]",False,0,orchardlabs-group.example,False
Heron Associates Ltd,heron-associates.example,Professional services,11-50,UK,Edinburgh,£1m-£10m,2005,Series B,Pipedrive,£5k-£25k,"[""LinkedIn Ads"", ""Meta Ads""]",False,0,heronasso-group.example,False
Moorland Recruitment Inc,moorland-recruitment.example,Professional services,11-50,US,Chicago,£1m-£10m,2014,Bootstrapped,Pipedrive,under £5k,"[""LinkedIn Ads""]",False,0,moorland-recruitment.example,True
Valley Labs GmbH,valley-labs.example,Software,201-1000,DE,Frankfurt,£10m-£50m,2004,Bootstrapped,HubSpot,£25k-£100k,"[""LinkedIn Ads"", ""Meta Ads"", ""Microsoft Ads""]",False,0,valley-labs.example,True
Valley Health Inc,valley-health.example,Healthcare,51-200,US,Boston,£10m-£50m,1995,Series A,Salesforce,£5k-£25k,"[""Google Ads"", ""TikTok Ads""]",True,6,valleyheal-group.example,False
Cedar Logistics Ltd,cedar-logistics.example,Logistics,11-50,UK,Leeds,£10m-£50m,2008,Series A,No CRM,under £5k,"[""Meta Ads""]",True,4,cedar-logistics.example,True
Foxglove Digital BV,foxglove-digital.example,Software,51-200,NL,Rotterdam,£10m-£50m,2015,Series A,HubSpot,under £5k,"[""Google Ads""]",False,0,foxglove-digital.example,True
Alder Accountants Inc,alder-accountants.example,Professional services,11-50,US,Chicago,£1m-£10m,2015,Series A,No CRM,£5k-£25k,"[""LinkedIn Ads"", ""Meta Ads""]",True,4,alder-accountants.example,True
Granite Shipping GmbH,granite-shipping.example,Logistics,1-10,DE,Berlin,under £1m,2007,Bootstrapped,Pipedrive,none,[],False,0,graniteship-group.example,False
Willow Labs Ltd,willow-labs.example,Software,1-10,UK,Leeds,under £1m,2012,Bootstrapped,Pipedrive,under £5k,"[""Google Ads""]",False,0,willow-labs.example,True
Inkwell Pharma SAS,inkwell-pharma.example,Healthcare,1-10,FR,Toulouse,under £1m,1995,Bootstrapped,No CRM,under £5k,"[""Google Ads""]",False,0,inkwell-pharma.example,True
Orchard Clinics SAS,orchard-clinics.example,Healthcare,1-10,FR,Lille,under £1m,2009,Seed,Pipedrive,none,[],True,1,orchard-clinics.example,True
Juniper Tutors GmbH,juniper-tutors.example,Education,11-50,DE,Berlin,£10m-£50m,2002,Seed,No CRM,£5k-£25k,"[""Google Ads"", ""Meta Ads""]",True,7,juniper-tutors.example,True
Zephyr Wealth SAS,zephyr-wealth.example,Financial services,51-200,FR,Paris,£10m-£50m,2023,Series B,Salesforce,£25k-£100k,"[""Google Ads"", ""LinkedIn Ads"", ""Meta Ads""]",False,0,zephyr-wealth.example,True
Norfolk Medical Ltd,norfolk-medical.example,Healthcare,1-10,UK,Edinburgh,under £1m,2022,Bootstrapped,HubSpot,under £5k,"[""Google Ads""]",True,2,norfolkmedi-group.example,False
Driftwood Tutors GmbH,driftwood-tutors.example,Education,51-200,DE,Munich,£10m-£50m,2008,Bootstrapped,Salesforce,£5k-£25k,"[""Google Ads"", ""TikTok Ads""]",True,6,driftwood-tutors.example,True
Aurora Freight Ltd,aurora-freight.example,Logistics,201-1000,UK,Leeds,£50m-£250m,1973,Private equity,HubSpot,£25k-£100k,"[""LinkedIn Ads"", ""Meta Ads"", ""Microsoft Ads""]",True,20,aurora-freight.example,True
Dovecote Software Ltd,dovecote-software.example,Software,1-10,UK,Bristol,under £1m,2013,Seed,Spreadsheet,none,[],False,0,dovecote-software.example,True
Riverside Finance Ltd,riverside-finance.example,Financial services,11-50,UK,Bristol,£1m-£10m,2003,Bootstrapped,Salesforce,under £5k,"[""LinkedIn Ads""]",True,4,riverside-finance.example,True
Vantage Components Inc,vantage-components.example,Manufacturing,201-1000,US,Seattle,£10m-£50m,1992,Series B,Salesforce,£5k-£25k,"[""Google Ads"", ""Meta Ads""]",False,0,vantage-components.example,True
Marigold Engineering Inc,marigold-engineering.example,Manufacturing,201-1000,US,Chicago,£10m-£50m,2018,Series C+,Salesforce,£5k-£25k,"[""Google Ads"", ""TikTok Ads""]",False,0,marigold-engineering.example,True
Greystone Digital BV,greystone-digital.example,Software,1-10,NL,Eindhoven,under £1m,2003,Seed,HubSpot,under £5k,"[""Google Ads""]",False,0,greystone-digital.example,True
Valley Manufacturing SAS,valley-manufacturing.example,Manufacturing,11-50,FR,Toulouse,£1m-£10m,2011,Seed,Pipedrive,£5k-£25k,"[""Google Ads"", ""Meta Ads""]",True,7,valley-manufacturing.example,True
Meridian Couriers BV,meridian-couriers.example,Logistics,11-50,NL,Eindhoven,£1m-£10m,2021,Seed,Salesforce,none,[],False,0,meridian-couriers.example,True
Glenmoor Care BV,glenmoor-care.example,Healthcare,11-50,NL,Rotterdam,£1m-£10m,2002,Series B,Pipedrive,under £5k,"[""Google Ads""]",False,0,glenmoor-care.example,True
Tamarind Transport SAS,tamarind-transport.example,Logistics,1-10,FR,Lyon,under £1m,2008,Seed,Pipedrive,none,[],False,0,tamarind-transport.example,True
Beacon Insurance Ltd,beacon-insurance.example,Financial services,1-10,UK,Edinburgh,under £1m,2022,Seed,HubSpot,under £5k,"[""Meta Ads""]",False,0,beacon-insurance.example,True
Quayside Freight GmbH,quayside-freight.example,Logistics,11-50,DE,Munich,£1m-£10m,2012,Bootstrapped,Pipedrive,£5k-£25k,"[""LinkedIn Ads"", ""Meta Ads""]",False,0,quayside-freight.example,True
Oakridge Freight Ltd,oakridge-freight.example,Logistics,1-10,UK,Bristol,under £1m,2009,Seed,Spreadsheet,under £5k,"[""Google Ads""]",False,0,oakridge-freight.example,True
Quartz Pharma Inc,quartz-pharma.example,Healthcare,201-1000,US,Austin,£50m-£250m,1980,Bootstrapped,Pipedrive,£100k+,"[""Google Ads"", ""Meta Ads"", ""Microsoft Ads"", ""TikTok Ads""]",False,0,quartzphar-group.example,False
Bramble Retail BV,bramble-retail.example,Retail,1000+,NL,Amsterdam,£250m+,2006,Series B,Salesforce,£100k+,"[""Google Ads"", ""LinkedIn Ads"", ""Meta Ads"", ""Microsoft Ads""]",True,56,bramble-retail.example,True
Moorland Advisory Ltd,moorland-advisory.example,Professional services,1-10,UK,London,under £1m,2010,Bootstrapped,Spreadsheet,none,[],False,0,moorlandadvi-group.example,False
Pebble Digital Inc,pebble-digital.example,Software,11-50,US,Boston,£10m-£50m,2015,Bootstrapped,Pipedrive,under £5k,"[""Microsoft Ads""]",True,2,pebble-digital.example,True
Alder Outfitters Inc,alder-outfitters.example,Retail,11-50,US,Austin,under £1m,2016,Seed,Salesforce,under £5k,"[""TikTok Ads""]",True,6,alder-outfitters.example,True
Clearwater Learning Inc,clearwater-learning.example,Education,1-10,US,San Francisco,under £1m,2002,Seed,HubSpot,none,[],False,0,clearwaterlear-group.example,False
Moorland Engineering Ltd,moorland-engineering.example,Manufacturing,1-10,UK,Birmingham,under £1m,2015,Series A,No CRM,under £5k,"[""Google Ads""]",False,0,moorland-engineering.example,True
Nimbus Dental Ltd,nimbus-dental.example,Healthcare,1-10,UK,Manchester,under £1m,2001,Bootstrapped,Spreadsheet,none,[],False,0,nimbus-dental.example,True
Yarrow Finance Inc,yarrow-finance.example,Financial services,1-10,US,New York,under £1m,2015,Seed,No CRM,£5k-£25k,"[""Google Ads"", ""TikTok Ads""]",False,0,yarrowfina-group.example,False
Clearwater Transport Inc,clearwater-transport.example,Logistics,1-10,US,Austin,under £1m,2020,Bootstrapped,Spreadsheet,under £5k,"[""LinkedIn Ads""]",False,0,clearwater-transport.example,True
Highgate Health Inc,highgate-health.example,Healthcare,51-200,US,New York,£10m-£50m,1996,Bootstrapped,HubSpot,under £5k,"[""Meta Ads""]",False,0,highgate-health.example,True
Willow Training Inc,willow-training.example,Education,11-50,US,Boston,£1m-£10m,2024,Bootstrapped,Pipedrive,£5k-£25k,"[""Google Ads"", ""Meta Ads""]",True,3,willow-training.example,True
Highgate Recruitment Ltd,highgate-recruitment.example,Professional services,201-1000,UK,Manchester,£250m+,2006,Public,Spreadsheet,£100k+,"[""Google Ads"", ""LinkedIn Ads"", ""Meta Ads"", ""Microsoft Ads""]",True,17,highgate-recruitment.example,True
Westbrook Care GmbH,westbrook-care.example,Healthcare,11-50,DE,Berlin,£1m-£10m,2008,Bootstrapped,Spreadsheet,under £5k,"[""Google Ads""]",True,3,westbrook-care.example,True
Tidewater Cloud GmbH,tidewater-cloud.example,Software,11-50,DE,Berlin,£1m-£10m,2024,Series A,HubSpot,£5k-£25k,"[""LinkedIn Ads"", ""Meta Ads""]",False,0,tidewater-cloud.example,True
Northwind Legal Inc,northwind-legal.example,Professional services,51-200,US,Boston,£10m-£50m,2015,Private equity,Salesforce,£25k-£100k,"[""Google Ads"", ""Meta Ads"", ""Microsoft Ads""]",True,10,northwind-legal.example,True
Riverside Training BV,riverside-training.example,Education,1-10,NL,Utrecht,under £1m,2010,Seed,Pipedrive,none,[],False,0,riverside-training.example,True
Emberly Recruitment Inc,emberly-recruitment.example,Professional services,201-1000,US,Boston,£50m-£250m,1988,Private equity,HubSpot,£5k-£25k,"[""Meta Ads"", ""Microsoft Ads""]",True,22,emberly-recruitment.example,True
Ironbridge Advisory BV,ironbridge-advisory.example,Professional services,11-50,NL,Utrecht,£1m-£10m,2012,Seed,Spreadsheet,£5k-£25k,"[""Google Ads"", ""LinkedIn Ads""]",False,0,ironbridge-advisory.example,True
Glenmoor Associates Ltd,glenmoor-associates.example,Professional services,201-1000,UK,Birmingham,£50m-£250m,2000,Bootstrapped,Pipedrive,£5k-£25k,"[""LinkedIn Ads"", ""Meta Ads""]",False,0,glenmoorasso-group.example,False
Thornbury College Ltd,thornbury-college.example,Education,11-50,UK,London,£1m-£10m,2006,Bootstrapped,No CRM,£25k-£100k,"[""Google Ads"", ""LinkedIn Ads"", ""Meta Ads""]",True,2,thornbury-college.example,True
Ivywood Advisory SAS,ivywood-advisory.example,Professional services,1-10,FR,Toulouse,£1m-£10m,2011,Seed,HubSpot,under £5k,"[""Microsoft Ads""]",True,4,ivywoodadvi-group.example,False
Marigold Recruitment Inc,marigold-recruitment.example,Professional services,1-10,US,Chicago,under £1m,1996,Seed,Spreadsheet,under £5k,"[""Meta Ads""]",True,3,marigoldrecr-group.example,False
Yarrow Pharma Ltd,yarrow-pharma.example,Healthcare,51-200,UK,Leeds,£10m-£50m,2024,Series B,HubSpot,£5k-£25k,"[""LinkedIn Ads"", ""Meta Ads""]",True,10,yarrow-pharma.example,True
Rosewood Couriers BV,rosewood-couriers.example,Logistics,51-200,NL,Rotterdam,£10m-£50m,2002,Series B,Salesforce,£25k-£100k,"[""Google Ads"", ""Meta Ads"", ""Microsoft Ads""]",True,7,rosewood-couriers.example,True
Valley Retail SAS,valley-retail.example,Retail,1-10,FR,Paris,under £1m,2004,Seed,HubSpot,under £5k,"[""Google Ads""]",False,0,valley-retail.example,True
Evergreen Health Inc,evergreen-health.example,Healthcare,11-50,US,Chicago,£1m-£10m,2013,Series A,No CRM,under £5k,"[""Meta Ads""]",False,0,evergreenheal-group.example,False
Norfolk Recruitment Ltd,norfolk-recruitment.example,Professional services,201-1000,UK,Manchester,£50m-£250m,2022,Private equity,Salesforce,£25k-£100k,"[""Google Ads"", ""LinkedIn Ads"", ""Meta Ads""]",True,30,norfolk-recruitment.example,True
Jasper Logistics Ltd,jasper-logistics.example,Logistics,201-1000,UK,Manchester,£50m-£250m,2018,Private equity,Salesforce,£5k-£25k,"[""LinkedIn Ads"", ""Microsoft Ads""]",True,20,jasper-logistics.example,True
Kelvin Retail BV,kelvin-retail.example,Retail,51-200,NL,Rotterdam,£10m-£50m,2021,Bootstrapped,HubSpot,£5k-£25k,"[""LinkedIn Ads"", ""TikTok Ads""]",False,0,kelvinreta-group.example,False
Quartz Data Inc,quartz-data.example,Software,51-200,US,Boston,£10m-£50m,2017,Series C+,Spreadsheet,£5k-£25k,"[""Google Ads"", ""TikTok Ads""]",False,0,quartz-data.example,True
Alder Couriers GmbH,alder-couriers.example,Logistics,11-50,DE,Hamburg,£1m-£10m,2005,Seed,Pipedrive,under £5k,"[""Google Ads""]",True,8,alder-couriers.example,True
Yarrow Market Ltd,yarrow-market.example,Retail,1-10,UK,Bristol,under £1m,2001,Bootstrapped,No CRM,under £5k,"[""Microsoft Ads""]",False,0,yarrowmark-group.example,False
Tamarind Works Ltd,tamarind-works.example,Manufacturing,11-50,UK,London,£1m-£10m,2004,Bootstrapped,HubSpot,under £5k,"[""LinkedIn Ads""]",False,0,tamarindwork-group.example,False
Granite Dental Ltd,granite-dental.example,Healthcare,1-10,UK,Edinburgh,under £1m,2006,Bootstrapped,Pipedrive,none,[],False,0,granitedent-group.example,False
Foxglove Academy Ltd,foxglove-academy.example,Education,51-200,UK,London,£10m-£50m,1997,Private equity,Salesforce,£5k-£25k,"[""Google Ads"", ""LinkedIn Ads""]",False,0,foxgloveacad-group.example,False
Granite Freight BV,granite-freight.example,Logistics,51-200,NL,Rotterdam,£50m-£250m,2022,Series B,Salesforce,none,[],True,15,granite-freight.example,True
Oldfield Cloud Ltd,oldfield-cloud.example,Software,201-1000,UK,Bristol,£50m-£250m,2008,Series B,Salesforce,£5k-£25k,"[""LinkedIn Ads"", ""Microsoft Ads""]",False,0,oldfield-cloud.example,True
Beacon Goods Ltd,beacon-goods.example,Retail,1-10,UK,Bristol,under £1m,1997,Seed,HubSpot,under £5k,"[""Google Ads""]",False,0,beacon-goods.example,True
Moorland Retail Ltd,moorland-retail.example,Retail,1-10,UK,Edinburgh,under £1m,2000,Bootstrapped,HubSpot,under £5k,"[""Google Ads""]",False,0,moorlandreta-group.example,False
Valley Capital SAS,valley-capital.example,Financial services,51-200,FR,Lille,£10m-£50m,2003,Bootstrapped,HubSpot,£25k-£100k,"[""LinkedIn Ads"", ""Microsoft Ads"", ""TikTok Ads""]",False,0,valleycapi-group.example,False
Norfolk Industries BV,norfolk-industries.example,Manufacturing,1000+,NL,Eindhoven,£250m+,1988,Private equity,No CRM,£5k-£25k,"[""Meta Ads"", ""Microsoft Ads""]",True,60,norfolkindu-group.example,False
Harbour Legal Ltd,harbour-legal.example,Professional services,1000+,UK,Manchester,£250m+,2009,Bootstrapped,HubSpot,£25k-£100k,"[""Meta Ads"", ""Microsoft Ads"", ""TikTok Ads""]",True,59,harbourlega-group.example,False
Marigold Works Ltd,marigold-works.example,Manufacturing,1-10,UK,Edinburgh,under £1m,2021,Seed,Salesforce,none,[],False,0,marigoldwork-group.example,False
Keystone Haulage Ltd,keystone-haulage.example,Logistics,51-200,UK,Manchester,£10m-£50m,2022,Bootstrapped,HubSpot,under £5k,"[""Meta Ads""]",True,7,keystone-haulage.example,True
Foxglove Cloud BV,foxglove-cloud.example,Software,51-200,NL,Amsterdam,£50m-£250m,2020,Bootstrapped,HubSpot,£5k-£25k,"[""Meta Ads"", ""Microsoft Ads""]",True,8,foxglove-cloud.example,True
Dovecote Partners Inc,dovecote-partners.example,Financial services,1000+,US,New York,£250m+,1982,Bootstrapped,Salesforce,£5k-£25k,"[""Google Ads"", ""Meta Ads""]",True,44,dovecote-partners.example,True
Thornbury Transport Inc,thornbury-transport.example,Logistics,11-50,US,New York,£1m-£10m,2002,Seed,Spreadsheet,none,[],True,5,thornbury-transport.example,True
Fernhill Accountants Ltd,fernhill-accountants.example,Professional services,201-1000,UK,Edinburgh,£50m-£250m,1998,Public,HubSpot,£25k-£100k,"[""Google Ads"", ""Meta Ads"", ""TikTok Ads""]",False,0,fernhillacco-group.example,False
Vantage Data GmbH,vantage-data.example,Software,201-1000,DE,Frankfurt,£50m-£250m,1993,Series A,Salesforce,£5k-£25k,"[""Google Ads"", ""Meta Ads""]",False,0,vantage-data.example,True
Glenmoor Components Ltd,glenmoor-components.example,Manufacturing,201-1000,UK,Edinburgh,£50m-£250m,2004,Series B,Salesforce,£5k-£25k,"[""Google Ads"", ""TikTok Ads""]",True,19,glenmoorcomp-group.example,False
Alder Care Ltd,alder-care.example,Healthcare,1-10,UK,Manchester,under £1m,1997,Bootstrapped,Spreadsheet,none,[],True,1,alder-care.example,True
Stonebridge Training Ltd,stonebridge-training.example,Education,51-200,UK,Bristol,£10m-£50m,2012,Bootstrapped,HubSpot,£25k-£100k,"[""Google Ads"", ""LinkedIn Ads"", ""Meta Ads""]",True,11,stonebridge-training.example,True
Redwood Components GmbH,redwood-components.example,Manufacturing,11-50,DE,Berlin,£1m-£10m,2010,Seed,HubSpot,none,[],False,0,redwood-components.example,True
Larkspur Tutors Inc,larkspur-tutors.example,Education,201-1000,US,Chicago,£50m-£250m,1970,Bootstrapped,Spreadsheet,£5k-£25k,"[""Google Ads"", ""LinkedIn Ads""]",True,24,larkspurtuto-group.example,False
Fernhill Advisory Inc,fernhill-advisory.example,Professional services,11-50,US,New York,£1m-£10m,2011,Bootstrapped,Salesforce,none,[],True,5,fernhilladvi-group.example,False
Cobalt Associates BV,cobalt-associates.example,Professional services,11-50,NL,Amsterdam,£1m-£10m,2002,Bootstrapped,HubSpot,£25k-£100k,"[""Google Ads"", ""LinkedIn Ads"", ""Meta Ads""]",False,0,cobalt-associates.example,True
Harbour Clinics Ltd,harbour-clinics.example,Healthcare,201-1000,UK,Manchester,£50m-£250m,2018,Private equity,Salesforce,£25k-£100k,"[""Google Ads"", ""Meta Ads"", ""Microsoft Ads""]",False,0,harbour-clinics.example,True
Keystone Stores Ltd,keystone-stores.example,Retail,1000+,UK,Birmingham,£50m-£250m,1988,Series C+,Salesforce,£25k-£100k,"[""Google Ads"", ""Microsoft Ads"", ""TikTok Ads""]",True,67,keystonestor-group.example,False
Moorland Transport Inc,moorland-transport.example,Logistics,1-10,US,Austin,under £1m,2005,Bootstrapped,Pipedrive,none,[],False,0,moorland-transport.example,True
Riverside Market BV,riverside-market.example,Retail,201-1000,NL,Amsterdam,£50m-£250m,1968,Series A,Spreadsheet,£5k-£25k,"[""Google Ads"", ""Meta Ads""]",True,18,riversidemark-group.example,False
Juniper Health BV,juniper-health.example,Healthcare,201-1000,NL,Utrecht,£50m-£250m,1997,Series B,No CRM,£5k-£25k,"[""Google Ads"", ""Meta Ads""]",True,20,juniper-health.example,True
Kestrel Manufacturing SAS,kestrel-manufacturing.example,Manufacturing,51-200,FR,Paris,£10m-£50m,2011,Series A,Salesforce,none,[],False,0,kestrel-manufacturing.example,True
Aurora Learning SAS,aurora-learning.example,Education,11-50,FR,Lille,£1m-£10m,2006,Seed,Pipedrive,under £5k,"[""Meta Ads""]",False,0,aurora-learning.example,True
Juniper Couriers Ltd,juniper-couriers.example,Logistics,1-10,UK,Bristol,£1m-£10m,2017,Bootstrapped,Spreadsheet,under £5k,"[""Meta Ads""]",True,2,juniper-couriers.example,True
Nettlefield Legal BV,nettlefield-legal.example,Professional services,1-10,NL,Rotterdam,£1m-£10m,1998,Bootstrapped,No CRM,none,[],False,0,nettlefield-legal.example,True
Lantern Stores Inc,lantern-stores.example,Retail,51-200,US,Chicago,£10m-£50m,2023,Series A,HubSpot,under £5k,"[""Google Ads""]",False,0,lantern-stores.example,True
Keystone Industries Ltd,keystone-industries.example,Manufacturing,1000+,UK,Birmingham,£250m+,2004,Series C+,No CRM,£100k+,"[""Google Ads"", ""LinkedIn Ads"", ""Meta Ads"", ""Microsoft Ads""]",False,0,keystoneindu-group.example,False
Ironbridge Insurance Ltd,ironbridge-insurance.example,Financial services,201-1000,UK,Leeds,£50m-£250m,1975,Series A,Salesforce,£25k-£100k,"[""Google Ads"", ""Meta Ads"", ""Microsoft Ads""]",True,25,ironbridgeinsu-group.example,False
Cedar Learning Inc,cedar-learning.example,Education,1-10,US,Chicago,under £1m,2000,Bootstrapped,Spreadsheet,none,[],True,1,cedarlear-group.example,False
Driftwood Health SAS,driftwood-health.example,Healthcare,11-50,FR,Paris,under £1m,2017,Bootstrapped,Salesforce,£5k-£25k,"[""Meta Ads"", ""TikTok Ads""]",True,3,driftwood-health.example,True
Emberly Works GmbH,emberly-works.example,Manufacturing,51-200,DE,Frankfurt,£10m-£50m,2005,Bootstrapped,Salesforce,£25k-£100k,"[""Google Ads"", ""LinkedIn Ads"", ""Meta Ads""]",False,0,emberlywork-group.example,False
Umber Wealth Inc,umber-wealth.example,Financial services,51-200,US,Austin,£10m-£50m,2016,Series B,Salesforce,under £5k,"[""LinkedIn Ads""]",False,0,umber-wealth.example,True
Foxglove Data SAS,foxglove-data.example,Software,1-10,FR,Toulouse,£1m-£10m,2014,Series A,No CRM,under £5k,"[""Google Ads""]",False,0,foxglovedata-group.example,False
Keystone Advisory BV,keystone-advisory.example,Professional services,51-200,NL,Utrecht,£10m-£50m,2013,Series A,No CRM,£100k+,"[""Google Ads"", ""LinkedIn Ads"", ""Meta Ads"", ""Microsoft Ads""]",True,9,keystone-advisory.example,True
Beacon College Ltd,beacon-college.example,Education,1-10,UK,Bristol,under £1m,2003,Series A,Salesforce,none,[],False,0,beaconcoll-group.example,False
Driftwood Accountants Ltd,driftwood-accountants.example,Professional services,51-200,UK,Manchester,£10m-£50m,2005,Bootstrapped,Spreadsheet,£5k-£25k,"[""Google Ads"", ""LinkedIn Ads""]",False,0,driftwoodacco-group.example,False
Pennine Couriers Inc,pennine-couriers.example,Logistics,1-10,US,New York,under £1m,2010,Bootstrapped,HubSpot,under £5k,"[""LinkedIn Ads""]",False,0,pennine-couriers.example,True
Falcon Cloud Ltd,falcon-cloud.example,Software,1-10,UK,Edinburgh,under £1m,2018,Bootstrapped,Salesforce,under £5k,"[""Google Ads""]",True,1,falconclou-group.example,False
Emberly Dental Ltd,emberly-dental.example,Healthcare,1-10,UK,Leeds,under £1m,2000,Seed,HubSpot,none,[],False,0,emberly-dental.example,True
Ashford Cloud Inc,ashford-cloud.example,Software,1-10,US,San Francisco,under £1m,2011,Bootstrapped,Spreadsheet,under £5k,"[""TikTok Ads""]",True,2,ashford-cloud.example,True
Dunmore Consulting Inc,dunmore-consulting.example,Professional services,51-200,US,Austin,£1m-£10m,2006,Bootstrapped,HubSpot,£5k-£25k,"[""Google Ads"", ""LinkedIn Ads""]",True,7,dunmorecons-group.example,False
Vantage Industries Inc,vantage-industries.example,Manufacturing,201-1000,US,New York,£50m-£250m,1980,Private equity,Salesforce,£5k-£25k,"[""Meta Ads"", ""Microsoft Ads""]",False,0,vantage-industries.example,True
Oldfield Fabrication Ltd,oldfield-fabrication.example,Manufacturing,51-200,UK,Bristol,£10m-£50m,2010,Bootstrapped,HubSpot,£25k-£100k,"[""Google Ads"", ""LinkedIn Ads"", ""TikTok Ads""]",True,6,oldfield-fabrication.example,True
Inkwell Legal Inc,inkwell-legal.example,Professional services,11-50,US,Seattle,£1m-£10m,1998,Series B,HubSpot,£5k-£25k,"[""Google Ads"", ""Microsoft Ads""]",True,3,inkwelllega-group.example,False
Elmstead Transport Ltd,elmstead-transport.example,Logistics,51-200,UK,Edinburgh,£10m-£50m,2019,Series B,Pipedrive,£25k-£100k,"[""Google Ads"", ""Meta Ads"", ""Microsoft Ads""]",True,16,elmstead-transport.example,True
Nimbus Retail Ltd,nimbus-retail.example,Retail,51-200,UK,Birmingham,£10m-£50m,2008,Series A,Salesforce,under £5k,"[""Meta Ads""]",False,0,nimbusreta-group.example,False
Valley Dental Ltd,valley-dental.example,Healthcare,201-1000,UK,Leeds,£10m-£50m,2012,Bootstrapped,HubSpot,£25k-£100k,"[""LinkedIn Ads"", ""Meta Ads"", ""Microsoft Ads""]",True,21,valley-dental.example,True
Kelvin Haulage Inc,kelvin-haulage.example,Logistics,51-200,US,Austin,£10m-£50m,2014,Bootstrapped,Salesforce,£5k-£25k,"[""Google Ads"", ""Meta Ads""]",True,5,kelvin-haulage.example,True
Hawthorn Tutors Inc,hawthorn-tutors.example,Education,11-50,US,Chicago,under £1m,2017,Seed,HubSpot,none,[],True,3,hawthorntuto-group.example,False
Meridian Academy Ltd,meridian-academy.example,Education,1-10,UK,Bristol,under £1m,2009,Seed,Spreadsheet,under £5k,"[""Meta Ads""]",False,0,meridian-academy.example,True
Yarrow Works Inc,yarrow-works.example,Manufacturing,11-50,US,Boston,£10m-£50m,2013,Seed,No CRM,under £5k,"[""TikTok Ads""]",True,2,yarrowwork-group.example,False
Orchard Tutors Ltd,orchard-tutors.example,Education,201-1000,UK,Leeds,£50m-£250m,1975,Private equity,Salesforce,£5k-£25k,"[""Meta Ads"", ""TikTok Ads""]",False,0,orchard-tutors.example,True
Fernhill Components BV,fernhill-components.example,Manufacturing,11-50,NL,Utrecht,under £1m,2003,Bootstrapped,No CRM,£25k-£100k,"[""Google Ads"", ""LinkedIn Ads"", ""Meta Ads""]",False,0,fernhill-components.example,True
Thornbury Components Ltd,thornbury-components.example,Manufacturing,201-1000,UK,Bristol,£50m-£250m,2004,Private equity,Spreadsheet,£5k-£25k,"[""Meta Ads"", ""Microsoft Ads""]",True,20,thornbury-components.example,True
Greystone Tutors BV,greystone-tutors.example,Education,11-50,NL,Eindhoven,£1m-£10m,2006,Series B,Spreadsheet,£25k-£100k,"[""Google Ads"", ""Meta Ads"", ""Microsoft Ads""]",True,5,greystone-tutors.example,True
Beacon Industries Ltd,beacon-industries.example,Manufacturing,201-1000,UK,Bristol,£250m+,1975,Series B,Salesforce,£5k-£25k,"[""Meta Ads"", ""TikTok Ads""]",True,27,beacon-industries.example,True
Larkspur Medical GmbH,larkspur-medical.example,Healthcare,1-10,DE,Hamburg,under £1m,2003,Seed,No CRM,none,[],True,1,larkspurmedi-group.example,False
Nimbus Lending Ltd,nimbus-lending.example,Financial services,1-10,UK,Birmingham,under £1m,2004,Seed,No CRM,under £5k,"[""Google Ads""]",True,1,nimbus-lending.example,True
Beacon Cloud BV,beacon-cloud.example,Software,1000+,NL,Rotterdam,£250m+,1979,Private equity,Salesforce,£5k-£25k,"[""Meta Ads"", ""Microsoft Ads""]",False,0,beaconclou-group.example,False
Kelvin Lending BV,kelvin-lending.example,Financial services,11-50,NL,Utrecht,£1m-£10m,2020,Series A,HubSpot,none,[],False,0,kelvin-lending.example,True
Pennine Care GmbH,pennine-care.example,Healthcare,1-10,DE,Munich,under £1m,2004,Bootstrapped,No CRM,under £5k,"[""Google Ads""]",False,0,pennine-care.example,True
Norfolk Lending GmbH,norfolk-lending.example,Financial services,1-10,DE,Frankfurt,under £1m,2018,Bootstrapped,Pipedrive,under £5k,"[""TikTok Ads""]",False,0,norfolklend-group.example,False
Quayside Health GmbH,quayside-health.example,Healthcare,1000+,DE,Munich,£50m-£250m,2006,Bootstrapped,Salesforce,£5k-£25k,"[""LinkedIn Ads"", ""Meta Ads""]",True,69,quayside-health.example,True
Silverline Partners Inc,silverline-partners.example,Financial services,51-200,US,Seattle,£10m-£50m,1997,Series A,Pipedrive,none,[],False,0,silverline-partners.example,True
Pennine Medical Ltd,pennine-medical.example,Healthcare,11-50,UK,Birmingham,£1m-£10m,2014,Series A,Pipedrive,£5k-£25k,"[""Google Ads"", ""Meta Ads""]",False,0,penninemedi-group.example,False
Marigold Advisory SAS,marigold-advisory.example,Professional services,11-50,FR,Paris,£1m-£10m,2000,Series B,Salesforce,£25k-£100k,"[""Google Ads"", ""LinkedIn Ads"", ""TikTok Ads""]",False,0,marigold-advisory.example,True
Beacon Learning Inc,beacon-learning.example,Education,51-200,US,Boston,£10m-£50m,2018,Series B,Salesforce,£5k-£25k,"[""Google Ads"", ""Meta Ads""]",True,9,beacon-learning.example,True
Ironbridge Trading Inc,ironbridge-trading.example,Retail,201-1000,US,New York,£50m-£250m,1988,Series C+,Salesforce,£25k-£100k,"[""LinkedIn Ads"", ""Meta Ads"", ""TikTok Ads""]",False,0,ironbridgetrad-group.example,False
Orchard Learning BV,orchard-learning.example,Education,201-1000,NL,Amsterdam,£50m-£250m,2004,Bootstrapped,Pipedrive,£25k-£100k,"[""Google Ads"", ""Meta Ads"", ""TikTok Ads""]",True,21,orchard-learning.example,True
Stonebridge Software Inc,stonebridge-software.example,Software,201-1000,US,New York,£50m-£250m,2001,Bootstrapped,Salesforce,£25k-£100k,"[""Google Ads"", ""LinkedIn Ads"", ""Meta Ads""]",False,0,stonebridge-software.example,True
Brightwater Tutors Inc,brightwater-tutors.example,Education,1-10,US,Austin,under £1m,2018,Seed,Spreadsheet,none,[],False,0,brightwater-tutors.example,True
Heron Fabrication SAS,heron-fabrication.example,Manufacturing,11-50,FR,Lille,£1m-£10m,2024,Seed,Pipedrive,none,[],False,0,heron-fabrication.example,True
Hawthorn Finance Ltd,hawthorn-finance.example,Financial services,11-50,UK,Leeds,£1m-£10m,2002,Bootstrapped,Spreadsheet,£25k-£100k,"[""Google Ads"", ""LinkedIn Ads"", ""Meta Ads""]",False,0,hawthornfina-group.example,False
Vantage Academy GmbH,vantage-academy.example,Education,1000+,DE,Frankfurt,£250m+,2011,Private equity,HubSpot,£5k-£25k,"[""Google Ads"", ""LinkedIn Ads""]",False,0,vantageacad-group.example,False
Beacon Systems Ltd,beacon-systems.example,Software,51-200,UK,Birmingham,£10m-£50m,2004,Series B,Spreadsheet,£5k-£25k,"[""Google Ads"", ""Microsoft Ads""]",False,0,beacon-systems.example,True
Orchard Consulting Ltd,orchard-consulting.example,Professional services,11-50,UK,Bristol,£1m-£10m,2011,Bootstrapped,No CRM,£5k-£25k,"[""LinkedIn Ads"", ""Meta Ads""]",True,2,orchard-consulting.example,True
Beacon Works Ltd,beacon-works.example,Manufacturing,1-10,UK,Edinburgh,under £1m,2016,Bootstrapped,Spreadsheet,none,[],False,0,beacon-works.example,True
Rosewood Transport Ltd,rosewood-transport.example,Logistics,51-200,UK,Manchester,£50m-£250m,2003,Series B,HubSpot,under £5k,"[""LinkedIn Ads""]",True,14,rosewood-transport.example,True
Stonebridge Recruitment Inc,stonebridge-recruitment.example,Professional services,201-1000,US,Seattle,£10m-£50m,1967,Series B,Spreadsheet,£5k-£25k,"[""Meta Ads"", ""Microsoft Ads""]",True,19,stonebridgerecr-group.example,False
Nettlefield Software Ltd,nettlefield-software.example,Software,201-1000,UK,Bristol,£50m-£250m,2016,Series B,HubSpot,£5k-£25k,"[""Google Ads"", ""Meta Ads""]",False,0,nettlefield-software.example,True
Emberly Systems Ltd,emberly-systems.example,Software,11-50,UK,Birmingham,£1m-£10m,2021,Bootstrapped,Spreadsheet,under £5k,"[""Google Ads""]",True,1,emberly-systems.example,True
Dovecote Accountants Ltd,dovecote-accountants.example,Professional services,11-50,UK,London,£1m-£10m,2024,Bootstrapped,HubSpot,none,[],True,5,dovecoteacco-group.example,False
Northwind Software Ltd,northwind-software.example,Software,51-200,UK,Edinburgh,£10m-£50m,1999,Bootstrapped,HubSpot,£25k-£100k,"[""Google Ads"", ""LinkedIn Ads"", ""Meta Ads""]",False,0,northwindsoft-group.example,False
Bramble Industries Inc,bramble-industries.example,Manufacturing,1-10,US,Seattle,under £1m,2024,Bootstrapped,No CRM,none,[],False,0,brambleindu-group.example,False
Quartz Components Ltd,quartz-components.example,Manufacturing,11-50,UK,Bristol,£1m-£10m,2013,Bootstrapped,Spreadsheet,none,[],False,0,quartz-components.example,True
Juniper Accountants GmbH,juniper-accountants.example,Professional services,11-50,DE,Frankfurt,£1m-£10m,1995,Seed,HubSpot,under £5k,"[""Google Ads""]",False,0,juniper-accountants.example,True
Yarrow Components Inc,yarrow-components.example,Manufacturing,201-1000,US,Austin,£50m-£250m,2010,Series C+,Salesforce,£25k-£100k,"[""LinkedIn Ads"", ""Meta Ads"", ""Microsoft Ads""]",True,21,yarrowcomp-group.example,False
Granite Care SAS,granite-care.example,Healthcare,51-200,FR,Lyon,£10m-£50m,2004,Series A,HubSpot,£5k-£25k,"[""Meta Ads"", ""TikTok Ads""]",True,6,granite-care.example,True
Pinecrest Works Inc,pinecrest-works.example,Manufacturing,51-200,US,Seattle,£10m-£50m,2020,Series B,HubSpot,£25k-£100k,"[""Google Ads"", ""Meta Ads"", ""Microsoft Ads""]",False,0,pinecrestwork-group.example,False
Ironbridge Health BV,ironbridge-health.example,Healthcare,1-10,NL,Eindhoven,under £1m,2008,Bootstrapped,Spreadsheet,£5k-£25k,"[""Google Ads"", ""Microsoft Ads""]",True,2,ironbridgeheal-group.example,False
Stonebridge Components GmbH,stonebridge-components.example,Manufacturing,11-50,DE,Frankfurt,£1m-£10m,2001,Bootstrapped,No CRM,under £5k,"[""Google Ads""]",False,0,stonebridge-components.example,True
Oldfield Couriers Ltd,oldfield-couriers.example,Logistics,11-50,UK,Leeds,£1m-£10m,2013,Bootstrapped,Spreadsheet,under £5k,"[""LinkedIn Ads""]",True,5,oldfield-couriers.example,True
Larkspur Pharma Inc,larkspur-pharma.example,Healthcare,51-200,US,Boston,£10m-£50m,1995,Private equity,Salesforce,£5k-£25k,"[""Google Ads"", ""Meta Ads""]",False,0,larkspurphar-group.example,False
Norfolk Stores Inc,norfolk-stores.example,Retail,51-200,US,New York,£10m-£50m,1996,Seed,Salesforce,under £5k,"[""Google Ads""]",False,0,norfolkstor-group.example,False
Orchard Legal BV,orchard-legal.example,Professional services,1-10,NL,Amsterdam,under £1m,2007,Seed,No CRM,none,[],False,0,orchardlega-group.example,False
Dovecote Haulage BV,dovecote-haulage.example,Logistics,11-50,NL,Utrecht,£1m-£10m,2021,Seed,Salesforce,£25k-£100k,"[""LinkedIn Ads"", ""Meta Ads"", ""Microsoft Ads""]",True,2,dovecote-haulage.example,True
Lantern Components Inc,lantern-components.example,Manufacturing,1-10,US,Chicago,under £1m,2010,Bootstrapped,HubSpot,under £5k,"[""LinkedIn Ads""]",False,0,lantern-components.example,True
Bluebell Components SAS,bluebell-components.example,Manufacturing,11-50,FR,Lyon,£10m-£50m,2011,Bootstrapped,Salesforce,£5k-£25k,"[""Meta Ads"", ""Microsoft Ads""]",False,0,bluebell-components.example,True
Quartz Industries SAS,quartz-industries.example,Manufacturing,11-50,FR,Lyon,£1m-£10m,2018,Series B,No CRM,none,[],False,0,quartz-industries.example,True
Granite Works Inc,granite-works.example,Manufacturing,51-200,US,Boston,£10m-£50m,2024,Series A,HubSpot,£25k-£100k,"[""Meta Ads"", ""Microsoft Ads"", ""TikTok Ads""]",True,6,granitework-group.example,False
Vantage Dental Inc,vantage-dental.example,Healthcare,201-1000,US,Seattle,£50m-£250m,1982,Private equity,Salesforce,£25k-£100k,"[""Google Ads"", ""LinkedIn Ads"", ""Meta Ads""]",False,0,vantagedent-group.example,False
Kingsway Transport SAS,kingsway-transport.example,Logistics,51-200,FR,Toulouse,£10m-£50m,2019,Seed,Spreadsheet,£5k-£25k,"[""Google Ads"", ""Microsoft Ads""]",False,0,kingsway-transport.example,True
Pinecrest Couriers Ltd,pinecrest-couriers.example,Logistics,1000+,UK,Edinburgh,£250m+,1996,Series C+,Salesforce,£100k+,"[""Google Ads"", ""LinkedIn Ads"", ""Meta Ads"", ""TikTok Ads""]",True,68,pinecrest-couriers.example,True
Jasper Market Ltd,jasper-market.example,Retail,51-200,UK,Birmingham,£10m-£50m,2000,Series C+,Spreadsheet,£5k-£25k,"[""LinkedIn Ads"", ""Meta Ads""]",True,9,jasper-market.example,True
Keystone Freight Ltd,keystone-freight.example,Logistics,51-200,UK,Edinburgh,£10m-£50m,2006,Series A,HubSpot,£25k-£100k,"[""Google Ads"", ""LinkedIn Ads"", ""Meta Ads""]",False,0,keystone-freight.example,True
Keystone Lending BV,keystone-lending.example,Financial services,51-200,NL,Eindhoven,£10m-£50m,2023,Series A,Salesforce,£5k-£25k,"[""LinkedIn Ads"", ""Microsoft Ads""]",False,0,keystone-lending.example,True
Dovecote Freight Inc,dovecote-freight.example,Logistics,201-1000,US,Boston,£50m-£250m,1977,Bootstrapped,Salesforce,£25k-£100k,"[""Meta Ads"", ""Microsoft Ads"", ""TikTok Ads""]",False,0,dovecote-freight.example,True
Quayside Goods Inc,quayside-goods.example,Retail,201-1000,US,Austin,£50m-£250m,1997,Series C+,Salesforce,£5k-£25k,"[""Google Ads"", ""Meta Ads""]",True,17,quayside-goods.example,True
Emberly Software Ltd,emberly-software.example,Software,201-1000,UK,Edinburgh,£50m-£250m,1982,Series B,HubSpot,£5k-£25k,"[""Meta Ads"", ""TikTok Ads""]",True,23,emberly-software.example,True
Ironbridge Goods Ltd,ironbridge-goods.example,Retail,51-200,UK,Manchester,£10m-£50m,1996,Private equity,No CRM,under £5k,"[""Meta Ads""]",False,0,ironbridge-goods.example,True
Westbrook Haulage SAS,westbrook-haulage.example,Logistics,11-50,FR,Lille,£1m-£10m,2023,Bootstrapped,HubSpot,£5k-£25k,"[""Google Ads"", ""Meta Ads""]",False,0,westbrook-haulage.example,True
Moorland Education Ltd,moorland-education.example,Education,201-1000,UK,Leeds,£50m-£250m,2015,Series C+,Salesforce,£25k-£100k,"[""Google Ads"", ""LinkedIn Ads"", ""Microsoft Ads""]",False,0,moorlandeduc-group.example,False
Zephyr Engineering Inc,zephyr-engineering.example,Manufacturing,1-10,US,Austin,under £1m,2019,Seed,HubSpot,none,[],True,1,zephyr-engineering.example,True
Dovecote Works GmbH,dovecote-works.example,Manufacturing,201-1000,DE,Hamburg,£50m-£250m,1993,Bootstrapped,Salesforce,£25k-£100k,"[""Google Ads"", ""Meta Ads"", ""Microsoft Ads""]",True,16,dovecote-works.example,True
Oakridge Outfitters Ltd,oakridge-outfitters.example,Retail,1-10,UK,London,under £1m,2013,Bootstrapped,Spreadsheet,under £5k,"[""LinkedIn Ads""]",False,0,oakridgeoutf-group.example,False
Foxglove Training Inc,foxglove-training.example,Education,201-1000,US,San Francisco,£10m-£50m,1976,Bootstrapped,HubSpot,under £5k,"[""LinkedIn Ads""]",True,24,foxglove-training.example,True
Oldfield Industries Ltd,oldfield-industries.example,Manufacturing,11-50,UK,Manchester,£1m-£10m,2021,Series A,Spreadsheet,none,[],True,2,oldfield-industries.example,True
Jasper Retail Inc,jasper-retail.example,Retail,51-200,US,Chicago,£50m-£250m,2003,Series C+,Pipedrive,under £5k,"[""Meta Ads""]",True,8,jasper-retail.example,True
Alder Recruitment Inc,alder-recruitment.example,Professional services,1-10,US,New York,under £1m,2020,Bootstrapped,HubSpot,none,[],False,0,alder-recruitment.example,True
Ivywood Finance SAS,ivywood-finance.example,Financial services,1000+,FR,Lyon,£250m+,2020,Bootstrapped,Salesforce,£25k-£100k,"[""Google Ads"", ""LinkedIn Ads"", ""TikTok Ads""]",True,74,ivywood-finance.example,True
Clearwater Shipping Ltd,clearwater-shipping.example,Logistics,51-200,UK,London,£10m-£50m,1996,Series B,Spreadsheet,none,[],False,0,clearwater-shipping.example,True
Riverside Engineering Ltd,riverside-engineering.example,Manufacturing,11-50,UK,Birmingham,£1m-£10m,2005,Bootstrapped,No CRM,£5k-£25k,"[""Google Ads"", ""Microsoft Ads""]",False,0,riverside-engineering.example,True
Keystone Labs Inc,keystone-labs.example,Software,11-50,US,Boston,£1m-£10m,2009,Bootstrapped,HubSpot,under £5k,"[""Google Ads""]",True,1,keystone-labs.example,True
Inkwell Stores Inc,inkwell-stores.example,Retail,51-200,US,New York,£50m-£250m,2008,Bootstrapped,No CRM,£25k-£100k,"[""Google Ads"", ""Meta Ads"", ""Microsoft Ads""]",True,6,inkwell-stores.example,True
Evergreen Cloud Ltd,evergreen-cloud.example,Software,201-1000,UK,Manchester,£50m-£250m,1985,Series C+,Pipedrive,£25k-£100k,"[""Google Ads"", ""LinkedIn Ads"", ""Meta Ads""]",True,24,evergreen-cloud.example,True
Ashford Dental Ltd,ashford-dental.example,Healthcare,1-10,UK,London,under £1m,2023,Seed,No CRM,under £5k,"[""Google Ads""]",False,0,ashford-dental.example,True
Marigold Freight BV,marigold-freight.example,Logistics,1-10,NL,Amsterdam,under £1m,2005,Bootstrapped,HubSpot,none,[],True,1,marigoldfrei-group.example,False
Clearwater Cloud Inc,clearwater-cloud.example,Software,201-1000,US,Boston,£50m-£250m,1996,Series C+,No CRM,£100k+,"[""Google Ads"", ""LinkedIn Ads"", ""Meta Ads"", ""Microsoft Ads""]",False,0,clearwaterclou-group.example,False
Bluebell Care Ltd,bluebell-care.example,Healthcare,11-50,UK,Bristol,£1m-£10m,2007,Bootstrapped,Salesforce,£5k-£25k,"[""Microsoft Ads"", ""TikTok Ads""]",True,5,bluebellcare-group.example,False
Umber Outfitters Inc,umber-outfitters.example,Retail,1-10,US,Seattle,under £1m,2010,Seed,HubSpot,under £5k,"[""Microsoft Ads""]",False,0,umber-outfitters.example,True
Heron Cloud Ltd,heron-cloud.example,Software,11-50,UK,Edinburgh,£1m-£10m,2005,Seed,Spreadsheet,under £5k,"[""Meta Ads""]",True,2,heron-cloud.example,True
Quartz College SAS,quartz-college.example,Education,1-10,FR,Toulouse,under £1m,2008,Bootstrapped,HubSpot,under £5k,"[""Google Ads""]",False,0,quartzcoll-group.example,False
Hawthorn Academy Ltd,hawthorn-academy.example,Education,1-10,UK,Leeds,under £1m,1996,Seed,HubSpot,£5k-£25k,"[""Google Ads"", ""Meta Ads""]",False,0,hawthorn-academy.example,True
Harbour Care Ltd,harbour-care.example,Healthcare,1-10,UK,Bristol,under £1m,2003,Bootstrapped,Pipedrive,under £5k,"[""Google Ads""]",True,1,harbour-care.example,True
Saltmarsh Couriers GmbH,saltmarsh-couriers.example,Logistics,201-1000,DE,Frankfurt,£50m-£250m,2006,Series A,Pipedrive,£5k-£25k,"[""LinkedIn Ads"", ""Meta Ads""]",True,19,saltmarsh-couriers.example,True
Kelvin Training Ltd,kelvin-training.example,Education,1-10,UK,London,under £1m,1999,Bootstrapped,Spreadsheet,none,[],False,0,kelvintrai-group.example,False
Orchard Data GmbH,orchard-data.example,Software,1-10,DE,Munich,under £1m,2004,Bootstrapped,HubSpot,under £5k,"[""LinkedIn Ads""]",False,0,orchard-data.example,True
Clearwater Freight Ltd,clearwater-freight.example,Logistics,1-10,UK,Leeds,under £1m,2023,Bootstrapped,Pipedrive,none,[],True,1,clearwater-freight.example,True
Juniper Logistics Inc,juniper-logistics.example,Logistics,11-50,US,Boston,£1m-£10m,1995,Bootstrapped,No CRM,none,[],True,6,juniper-logistics.example,True
Kingsway Insurance GmbH,kingsway-insurance.example,Financial services,1-10,DE,Berlin,under £1m,2005,Seed,Spreadsheet,none,[],False,0,kingswayinsu-group.example,False
Granite Data GmbH,granite-data.example,Software,51-200,DE,Berlin,£10m-£50m,2002,Seed,Salesforce,£5k-£25k,"[""Google Ads"", ""Microsoft Ads""]",False,0,granitedata-group.example,False
Stonebridge Digital SAS,stonebridge-digital.example,Software,11-50,FR,Lille,£1m-£10m,2017,Bootstrapped,Salesforce,under £5k,"[""Google Ads""]",False,0,stonebridge-digital.example,True
Hawthorn College Inc,hawthorn-college.example,Education,1-10,US,New York,under £1m,2001,Bootstrapped,HubSpot,none,[],False,0,hawthorncoll-group.example,False
Evergreen Recruitment SAS,evergreen-recruitment.example,Professional services,11-50,FR,Lille,£1m-£10m,2000,Series A,HubSpot,under £5k,"[""LinkedIn Ads""]",True,3,evergreen-recruitment.example,True
Cedar Stores Inc,cedar-stores.example,Retail,11-50,US,Boston,£1m-£10m,2008,Seed,Pipedrive,under £5k,"[""Google Ads""]",False,0,cedarstor-group.example,False
Kelvin Market Inc,kelvin-market.example,Retail,11-50,US,Boston,£1m-£10m,1997,Seed,HubSpot,under £5k,"[""Meta Ads""]",True,4,kelvin-market.example,True
Lantern Industries BV,lantern-industries.example,Manufacturing,11-50,NL,Eindhoven,£1m-£10m,2014,Series A,Salesforce,£5k-£25k,"[""Meta Ads"", ""Microsoft Ads""]",True,3,lantern-industries.example,True
Glenmoor Accountants Ltd,glenmoor-accountants.example,Professional services,11-50,UK,Birmingham,£1m-£10m,2018,Bootstrapped,No CRM,none,[],True,7,glenmoor-accountants.example,True
Emberly Wealth BV,emberly-wealth.example,Financial services,1-10,NL,Amsterdam,under £1m,2003,Bootstrapped,HubSpot,£25k-£100k,"[""Google Ads"", ""Meta Ads"", ""TikTok Ads""]",False,0,emberly-wealth.example,True
Tamarind Legal Ltd,tamarind-legal.example,Professional services,201-1000,UK,Birmingham,£50m-£250m,2018,Series B,Salesforce,£100k+,"[""Google Ads"", ""Meta Ads"", ""Microsoft Ads"", ""TikTok Ads""]",True,14,tamarindlega-group.example,False
Zephyr Shipping Inc,zephyr-shipping.example,Logistics,51-200,US,New York,£10m-£50m,2013,Series B,Pipedrive,£25k-£100k,"[""Google Ads"", ""LinkedIn Ads"", ""Microsoft Ads""]",False,0,zephyrship-group.example,False
Bramble Advisory Inc,bramble-advisory.example,Professional services,11-50,US,Seattle,£1m-£10m,1999,Bootstrapped,Spreadsheet,£25k-£100k,"[""Google Ads"", ""LinkedIn Ads"", ""Meta Ads""]",False,0,bramble-advisory.example,True
Upland Advisory SAS,upland-advisory.example,Professional services,1-10,FR,Paris,under £1m,2003,Bootstrapped,No CRM,under £5k,"[""Google Ads""]",False,0,upland-advisory.example,True
Oldfield College Ltd,oldfield-college.example,Education,11-50,UK,Bristol,under £1m,2012,Bootstrapped,HubSpot,£5k-£25k,"[""LinkedIn Ads"", ""Meta Ads""]",False,0,oldfield-college.example,True
Riverside Dental GmbH,riverside-dental.example,Healthcare,1000+,DE,Munich,£250m+,2005,Bootstrapped,Salesforce,£100k+,"[""Google Ads"", ""LinkedIn Ads"", ""Meta Ads"", ""Microsoft Ads""]",False,0,riverside-dental.example,True
Stonebridge Education Inc,stonebridge-education.example,Education,11-50,US,New York,£1m-£10m,2004,Seed,Spreadsheet,under £5k,"[""Google Ads""]",False,0,stonebridge-education.example,True
Driftwood Manufacturing Ltd,driftwood-manufacturing.example,Manufacturing,11-50,UK,Bristol,£1m-£10m,2014,Seed,Spreadsheet,£5k-£25k,"[""LinkedIn Ads"", ""Microsoft Ads""]",True,4,driftwood-manufacturing.example,True
Marigold Insurance GmbH,marigold-insurance.example,Financial services,51-200,DE,Frankfurt,£1m-£10m,2015,Seed,HubSpot,£5k-£25k,"[""LinkedIn Ads"", ""TikTok Ads""]",True,13,marigold-insurance.example,True
Silverline Digital Ltd,silverline-digital.example,Software,201-1000,UK,Leeds,£50m-£250m,2005,Bootstrapped,Salesforce,£25k-£100k,"[""Google Ads"", ""LinkedIn Ads"", ""Microsoft Ads""]",False,0,silverline-digital.example,True
Westbrook Couriers Inc,westbrook-couriers.example,Logistics,1-10,US,Chicago,under £1m,2012,Seed,Spreadsheet,under £5k,"[""Meta Ads""]",True,2,westbrook-couriers.example,True
Inkwell Health Ltd,inkwell-health.example,Healthcare,1-10,UK,Manchester,under £1m,2015,Bootstrapped,Spreadsheet,under £5k,"[""LinkedIn Ads""]",False,0,inkwell-health.example,True
Evergreen Insurance Ltd,evergreen-insurance.example,Financial services,51-200,UK,Manchester,£10m-£50m,1997,Series A,Salesforce,under £5k,"[""LinkedIn Ads""]",False,0,evergreen-insurance.example,True
Riverside Consulting Inc,riverside-consulting.example,Professional services,51-200,US,Seattle,£10m-£50m,2004,Series A,Salesforce,£5k-£25k,"[""Google Ads"", ""Microsoft Ads""]",True,9,riversidecons-group.example,False
Tamarind Capital Ltd,tamarind-capital.example,Financial services,1-10,UK,Bristol,under £1m,2007,Bootstrapped,Pipedrive,under £5k,"[""Google Ads""]",True,1,tamarind-capital.example,True
Bluebell Works Ltd,bluebell-works.example,Manufacturing,1-10,UK,Edinburgh,under £1m,2017,Bootstrapped,Spreadsheet,under £5k,"[""LinkedIn Ads""]",False,0,bluebellwork-group.example,False
Rosewood Data Ltd,rosewood-data.example,Software,51-200,UK,Edinburgh,£1m-£10m,1995,Series C+,HubSpot,under £5k,"[""Meta Ads""]",True,14,rosewood-data.example,True
Pebble Insurance GmbH,pebble-insurance.example,Financial services,51-200,DE,Berlin,£10m-£50m,2011,Seed,HubSpot,£5k-£25k,"[""Google Ads"", ""LinkedIn Ads""]",True,9,pebbleinsu-group.example,False
Tamarind Data Inc,tamarind-data.example,Software,1-10,US,Seattle,under £1m,2009,Seed,No CRM,£5k-£25k,"[""Google Ads"", ""Meta Ads""]",False,0,tamarind-data.example,True
Greystone College SAS,greystone-college.example,Education,1-10,FR,Lyon,under £1m,2008,Seed,Spreadsheet,none,[],False,0,greystone-college.example,True
Foxglove Labs GmbH,foxglove-labs.example,Software,11-50,DE,Frankfurt,£10m-£50m,2023,Seed,HubSpot,under £5k,"[""Meta Ads""]",True,6,foxglovelabs-group.example,False
Jasper Health SAS,jasper-health.example,Healthcare,1-10,FR,Lyon,under £1m,2005,Bootstrapped,HubSpot,under £5k,"[""LinkedIn Ads""]",False,0,jasper-health.example,True
Tidewater Fabrication Ltd,tidewater-fabrication.example,Manufacturing,51-200,UK,London,£10m-£50m,2008,Series A,HubSpot,none,[],True,6,tidewaterfabr-group.example,False
Westbrook Retail Ltd,westbrook-retail.example,Retail,1000+,UK,Birmingham,£250m+,2012,Public,Salesforce,£25k-£100k,"[""Meta Ads"", ""Microsoft Ads"", ""TikTok Ads""]",True,66,westbrook-retail.example,True
Quartz Shipping Ltd,quartz-shipping.example,Logistics,11-50,UK,Manchester,£1m-£10m,2001,Bootstrapped,Salesforce,£5k-£25k,"[""Meta Ads"", ""Microsoft Ads""]",True,4,quartz-shipping.example,True
Pinecrest Academy SAS,pinecrest-academy.example,Education,51-200,FR,Lyon,£10m-£50m,1998,Bootstrapped,HubSpot,£25k-£100k,"[""Google Ads"", ""Meta Ads"", ""Microsoft Ads""]",True,7,pinecrest-academy.example,True
Lindenwood Freight SAS,lindenwood-freight.example,Logistics,51-200,FR,Paris,£10m-£50m,1997,Bootstrapped,Salesforce,£5k-£25k,"[""Google Ads"", ""Microsoft Ads""]",False,0,lindenwoodfrei-group.example,False
Greystone Haulage GmbH,greystone-haulage.example,Logistics,1-10,DE,Berlin,£1m-£10m,2007,Seed,No CRM,none,[],False,0,greystone-haulage.example,True
Redwood Care Ltd,redwood-care.example,Healthcare,11-50,UK,Manchester,£1m-£10m,2020,Bootstrapped,Salesforce,£5k-£25k,"[""Google Ads"", ""Meta Ads""]",True,2,redwood-care.example,True
Granite Engineering Ltd,granite-engineering.example,Manufacturing,1-10,UK,London,under £1m,1996,Seed,Spreadsheet,none,[],False,0,granite-engineering.example,True
Saltmarsh Freight Inc,saltmarsh-freight.example,Logistics,1-10,US,Chicago,under £1m,2003,Seed,Pipedrive,none,[],False,0,saltmarsh-freight.example,True
Hawthorn Data BV,hawthorn-data.example,Software,11-50,NL,Eindhoven,£1m-£10m,2005,Series A,HubSpot,under £5k,"[""Meta Ads""]",True,5,hawthorndata-group.example,False
Stonebridge Market Inc,stonebridge-market.example,Retail,51-200,US,San Francisco,£10m-£50m,2002,Series B,Salesforce,none,[],False,0,stonebridge-market.example,True
Upland Accountants Ltd,upland-accountants.example,Professional services,51-200,UK,Bristol,£10m-£50m,2017,Bootstrapped,HubSpot,£5k-£25k,"[""Microsoft Ads"", ""TikTok Ads""]",True,11,uplandacco-group.example,False
Yarrow Stores Inc,yarrow-stores.example,Retail,1-10,US,San Francisco,£1m-£10m,2019,Seed,No CRM,£25k-£100k,"[""Google Ads"", ""LinkedIn Ads"", ""Microsoft Ads""]",False,0,yarrow-stores.example,True
Kelvin Engineering Ltd,kelvin-engineering.example,Manufacturing,1-10,UK,London,under £1m,2002,Bootstrapped,Spreadsheet,none,[],False,0,kelvinengi-group.example,False
Highgate Fabrication Ltd,highgate-fabrication.example,Manufacturing,11-50,UK,Leeds,£1m-£10m,2015,Series A,Spreadsheet,£5k-£25k,"[""Google Ads"", ""LinkedIn Ads""]",True,4,highgate-fabrication.example,True
Aurora Manufacturing GmbH,aurora-manufacturing.example,Manufacturing,51-200,DE,Hamburg,£10m-£50m,2019,Bootstrapped,Salesforce,£5k-£25k,"[""Google Ads"", ""LinkedIn Ads""]",True,7,auroramanu-group.example,False
Highgate Accountants Inc,highgate-accountants.example,Professional services,201-1000,US,San Francisco,£50m-£250m,2006,Bootstrapped,Salesforce,£25k-£100k,"[""Google Ads"", ""LinkedIn Ads"", ""Meta Ads""]",False,0,highgate-accountants.example,True
Foxglove Manufacturing Inc,foxglove-manufacturing.example,Manufacturing,1-10,US,Chicago,under £1m,2003,Seed,HubSpot,£5k-£25k,"[""Meta Ads"", ""Microsoft Ads""]",True,2,foxglove-manufacturing.example,True
Foxglove Retail Ltd,foxglove-retail.example,Retail,201-1000,UK,Bristol,£50m-£250m,2007,Public,HubSpot,£100k+,"[""Google Ads"", ""LinkedIn Ads"", ""Meta Ads"", ""TikTok Ads""]",True,23,foxglovereta-group.example,False
Quartz Transport Ltd,quartz-transport.example,Logistics,11-50,UK,Birmingham,£1m-£10m,2008,Seed,Spreadsheet,£5k-£25k,"[""Meta Ads"", ""Microsoft Ads""]",False,0,quartz-transport.example,True
Moorland Consulting Inc,moorland-consulting.example,Professional services,51-200,US,San Francisco,£10m-£50m,2018,Series B,Salesforce,none,[],True,11,moorlandcons-group.example,False
Ashford Digital Ltd,ashford-digital.example,Software,11-50,UK,Bristol,£1m-£10m,2022,Series A,Salesforce,£5k-£25k,"[""Google Ads"", ""LinkedIn Ads""]",False,0,ashforddigi-group.example,False
Cedar Labs BV,cedar-labs.example,Software,1-10,NL,Amsterdam,under £1m,2013,Seed,No CRM,£25k-£100k,"[""LinkedIn Ads"", ""Meta Ads"", ""Microsoft Ads""]",True,3,cedarlabs-group.example,False
Larkspur Lending GmbH,larkspur-lending.example,Financial services,1-10,DE,Hamburg,under £1m,2004,Seed,No CRM,under £5k,"[""Microsoft Ads""]",True,1,larkspur-lending.example,True
Cobalt Capital SAS,cobalt-capital.example,Financial services,1-10,FR,Toulouse,under £1m,2000,Bootstrapped,HubSpot,£5k-£25k,"[""Google Ads"", ""LinkedIn Ads""]",True,3,cobalt-capital.example,True
Northwind Outfitters BV,northwind-outfitters.example,Retail,51-200,NL,Amsterdam,£10m-£50m,2023,Private equity,Salesforce,£5k-£25k,"[""Google Ads"", ""Meta Ads""]",True,7,northwind-outfitters.example,True
Cedar Accountants GmbH,cedar-accountants.example,Professional services,11-50,DE,Berlin,£1m-£10m,2002,Series A,Spreadsheet,under £5k,"[""TikTok Ads""]",False,0,cedar-accountants.example,True
Larkspur Logistics Inc,larkspur-logistics.example,Logistics,51-200,US,Chicago,£10m-£50m,2002,Series A,Salesforce,£25k-£100k,"[""Google Ads"", ""LinkedIn Ads"", ""Microsoft Ads""]",False,0,larkspurlogi-group.example,False
Alder Academy Ltd,alder-academy.example,Education,51-200,UK,Manchester,£10m-£50m,1995,Private equity,HubSpot,£5k-£25k,"[""LinkedIn Ads"", ""Meta Ads""]",True,6,alderacad-group.example,False
Kestrel Pharma SAS,kestrel-pharma.example,Healthcare,11-50,FR,Lyon,£1m-£10m,2021,Bootstrapped,Salesforce,under £5k,"[""Meta Ads""]",True,9,kestrel-pharma.example,True
Inkwell Tutors Inc,inkwell-tutors.example,Education,51-200,US,San Francisco,£10m-£50m,2013,Series C+,Salesforce,£5k-£25k,"[""LinkedIn Ads"", ""Meta Ads""]",True,10,inkwell-tutors.example,True
Ironbridge Stores Ltd,ironbridge-stores.example,Retail,11-50,UK,Leeds,£1m-£10m,2002,Series A,HubSpot,£5k-£25k,"[""Meta Ads"", ""Microsoft Ads""]",False,0,ironbridge-stores.example,True
