email,age_band,household_income_band,country,region,city,job_title,seniority,department,years_in_role,is_homeowner,match_confidence
a.anderson@ironbridge-insurance.example,25-34,£25k-£50k,UK,South West,Bristol,Assistant,Individual contributor,Operations,1,False,0.82
a.baker@harbour-training.example,35-44,£50k-£100k,US,Washington,Seattle,Operations Manager,Manager,Operations,2,True,0.72
a.baker@tidewater-cloud.example,25-34,£50k-£100k,DE,Hesse,Frankfurt,Head of Marketing,Manager,Marketing,5,True,0.72
a.bakker@cedar-data.example,45-54,£100k-£150k,UK,North West,Manchester,Operations Manager,Manager,Operations,1,True,0.81
a.bakker@cobalt-education.example,25-34,£100k-£150k,UK,Scotland,Edinburgh,VP Marketing,Director or above,Marketing,14,True,0.9
a.bakker@dunmore-software.example,25-34,£50k-£100k,US,Massachusetts,Boston,Analyst,Individual contributor,Operations,0,False,0.72
a.bakker@glenmoor-transport.example,25-34,£25k-£50k,UK,Scotland,Edinburgh,Sales Rep,Individual contributor,Sales,4,False,0.83
a.bakker@juniper-fabrication.example,25-34,under £25k,UK,South West,Bristol,Marketing Coordinator,Individual contributor,Marketing,4,False,0.89
a.bakker@nettlefield-market.example,25-34,under £25k,US,Massachusetts,Boston,Marketing Executive,Individual contributor,Marketing,2,False,0.7
a.bakker@quartz-digital.example,25-34,£100k-£150k,US,Illinois,Chicago,Operations Manager,Manager,Operations,4,False,0.81
a.bakker@upland-data.example,35-44,£50k-£100k,FR,Auvergne-Rhone-Alpes,Lyon,Founder,Director or above,Executive,1,True,0.87
a.bernard@moorland-care.example,45-54,under £25k,UK,London,London,Assistant,Individual contributor,Operations,8,True,0.71
a.bernard@oldfield-advisory.example,25-34,£25k-£50k,US,California,San Francisco,Marketing Executive,Individual contributor,Marketing,2,True,0.62
a.bernard@upland-manufacturing.example,35-44,£50k-£100k,FR,Auvergne-Rhone-Alpes,Lyon,Marketing Manager,Manager,Marketing,9,False,0.9
a.brown@glenmoor-advisory.example,25-34,under £25k,UK,London,London,Marketing Coordinator,Individual contributor,Marketing,4,True,0.87
a.brown@kestrel-retail.example,25-34,under £25k,UK,South West,Bristol,Sales Rep,Individual contributor,Sales,0,False,0.73
a.brown@keystone-capital.example,35-44,£100k-£150k,UK,South West,Bristol,Director of Sales,Director or above,Sales,0,True,0.84
a.brown@rosewood-advisory.example,25-34,£50k-£100k,FR,Occitanie,Toulouse,Sales Manager,Manager,Sales,7,False,0.77
a.clarke@alder-components.example,45-54,£100k-£150k,NL,North Holland,Amsterdam,Head of Growth,Manager,Marketing,2,True,0.62
a.clarke@bramble-recruitment.example,45-54,£50k-£100k,FR,Occitanie,Toulouse,Analyst,Individual contributor,Operations,10,False,0.63
a.clarke@northwind-dental.example,45-54,£100k-£150k,US,Texas,Austin,Sales Manager,Manager,Sales,1,True,0.7
a.clarke@redwood-outfitters.example,25-34,£25k-£50k,UK,Yorkshire,Leeds,Marketing Coordinator,Individual contributor,Marketing,2,False,0.71
a.clarke@stonebridge-dental.example,35-44,£100k-£150k,UK,London,London,CEO,Director or above,Executive,1,True,0.78
a.davies@dunmore-cloud.example,25-34,£25k-£50k,US,Illinois,Chicago,Marketing Executive,Individual contributor,Marketing,2,False,0.73
a.davies@dunmore-digital.example,45-54,£100k-£150k,US,Illinois,Chicago,Head of Growth,Manager,Marketing,2,False,0.7
a.davies@foxglove-outfitters.example,35-44,£25k-£50k,NL,Utrecht,Utrecht,Operations Manager,Manager,Operations,2,False,0.69
a.devries@brightwater-advisory.example,18-24,£50k-£100k,UK,Scotland,Edinburgh,Marketing Executive,Individual contributor,Marketing,2,False,0.84
a.devries@inkwell-training.example,25-34,£50k-£100k,UK,London,London,Analyst,Individual contributor,Operations,1,False,0.69
a.devries@jasper-haulage.example,25-34,£100k-£150k,US,Massachusetts,Boston,Analyst,Individual contributor,Operations,0,True,0.81
a.devries@kelvin-industries.example,18-24,£25k-£50k,DE,Hesse,Frankfurt,Sales Rep,Individual contributor,Sales,2,False,0.97
a.devries@kingsway-college.example,25-34,£50k-£100k,US,Illinois,Chicago,Marketing Executive,Individual contributor,Marketing,0,False,0.8
a.devries@larkspur-engineering.example,35-44,£50k-£100k,UK,North West,Manchester,Head of Growth,Manager,Marketing,2,False,0.79
a.devries@norfolk-lending.example,45-54,under £25k,DE,Berlin,Berlin,Demand Gen Manager,Manager,Marketing,0,False,0.99
a.devries@oakridge-legal.example,18-24,£25k-£50k,UK,South West,Bristol,Marketing Executive,Individual contributor,Marketing,5,False,0.88
a.devries@saltmarsh-data.example,45-54,£25k-£50k,DE,Hamburg,Hamburg,Marketing Director,Director or above,Marketing,2,True,0.64
a.dubois@northwind-trading.example,25-34,£25k-£50k,UK,Yorkshire,Leeds,Operations Manager,Manager,Operations,1,True,0.84
a.evans@emberly-associates.example,35-44,£100k-£150k,US,New York,New York,Sales Manager,Manager,Sales,6,True,0.77
a.evans@foxglove-digital.example,45-54,£50k-£100k,NL,South Holland,Rotterdam,Head of Marketing,Manager,Marketing,4,True,0.73
a.evans@oakridge-systems.example,25-34,£25k-£50k,DE,Hamburg,Hamburg,Sales Rep,Individual contributor,Sales,2,False,0.65
a.garcia@bluebell-learning.example,18-24,under £25k,UK,Yorkshire,Leeds,Analyst,Individual contributor,Operations,2,False,0.82
a.garcia@emberly-stores.example,25-34,£50k-£100k,DE,Hamburg,Hamburg,Operations Manager,Manager,Operations,2,False,0.61
a.garcia@keystone-freight.example,18-24,£50k-£100k,UK,South West,Bristol,Analyst,Individual contributor,Operations,0,False,0.76
a.garcia@oldfield-tutors.example,25-34,£100k-£150k,US,Illinois,Chicago,Head of Marketing,Manager,Marketing,3,False,0.88
a.garcia@pennine-training.example,25-34,£25k-£50k,NL,North Holland,Amsterdam,Analyst,Individual contributor,Operations,5,True,0.74
a.garcia@westbrook-care.example,45-54,£50k-£100k,DE,Hesse,Frankfurt,Founder,Director or above,Executive,1,False,0.62
a.garcia@willow-training.example,35-44,£100k-£150k,US,Texas,Austin,Head of Marketing,Manager,Marketing,3,False,0.86
a.green@bluebell-outfitters.example,25-34,£25k-£50k,FR,Occitanie,Toulouse,Assistant,Individual contributor,Operations,1,False,0.7
a.green@bramble-training.example,25-34,£50k-£100k,US,New York,New York,Marketing Executive,Individual contributor,Marketing,0,False,0.84
a.green@pennine-data.example,25-34,£25k-£50k,US,Illinois,Chicago,Assistant,Individual contributor,Operations,2,False,0.93
a.green@silverline-partners.example,25-34,£100k-£150k,US,Massachusetts,Boston,Sales Manager,Manager,Sales,7,False,0.69
a.hughes@ashford-partners.example,25-34,£50k-£100k,DE,Berlin,Berlin,Head of Growth,Manager,Marketing,1,False,0.6
a.hughes@foxglove-cloud.example,25-34,£50k-£100k,NL,Utrecht,Utrecht,Sales Manager,Manager,Sales,2,False,0.83
a.hughes@lindenwood-software.example,25-34,£100k-£150k,UK,West Midlands,Birmingham,Managing Director,Director or above,Executive,0,False,0.78
a.hughes@rosewood-manufacturing.example,18-24,£25k-£50k,US,Massachusetts,Boston,Analyst,Individual contributor,Operations,0,False,0.75
a.hughes@tamarind-trading.example,25-34,under £25k,FR,Hauts-de-France,Lille,Marketing Coordinator,Individual contributor,Marketing,2,True,0.94
a.jansen@kingsway-college.example,18-24,under £25k,US,Massachusetts,Boston,Student,Student,Student,0,False,0.71
a.jansen@marigold-logistics.example,35-44,£25k-£50k,NL,South Holland,Rotterdam,Marketing Executive,Individual contributor,Marketing,4,False,0.86
a.jansen@norfolk-software.example,18-24,£25k-£50k,UK,Scotland,Edinburgh,Marketing Executive,Individual contributor,Marketing,6,True,0.89
a.johnson@foxglove-couriers.example,25-34,£50k-£100k,FR,Hauts-de-France,Lille,Head of Marketing,Manager,Marketing,0,False,0.83
a.johnson@jasper-tutors.example,35-44,£100k-£150k,US,New York,New York,Demand Gen Manager,Manager,Marketing,2,False,0.82
a.johnson@lantern-legal.example,25-34,£25k-£50k,UK,London,London,Analyst,Individual contributor,Operations,5,False,0.62
a.johnson@redwood-wealth.example,35-44,£50k-£100k,FR,Occitanie,Toulouse,Managing Director,Director or above,Executive,3,True,0.64
a.johnson@zephyr-outfitters.example,25-34,£25k-£50k,US,Massachusetts,Boston,Analyst,Individual contributor,Operations,0,False,0.91
a.jones@aurora-logistics.example,35-44,£50k-£100k,US,New York,New York,Analyst,Individual contributor,Operations,1,True,0.94
a.jones@ironbridge-care.example,35-44,£50k-£100k,UK,Scotland,Edinburgh,Operations Manager,Manager,Operations,1,True,0.99
a.jones@valley-fabrication.example,35-44,£50k-£100k,UK,Scotland,Edinburgh,Marketing Director,Director or above,Marketing,5,False,0.74
a.khan@greystone-advisory.example,45-54,£50k-£100k,UK,South West,Bristol,Marketing Coordinator,Individual contributor,Marketing,1,True,0.74
a.khan@juniper-accountants.example,35-44,£100k-£150k,DE,Bavaria,Munich,Director of Sales,Director or above,Sales,6,True,0.73
a.khan@nettlefield-fabrication.example,18-24,£25k-£50k,UK,South West,Bristol,Analyst,Individual contributor,Operations,3,True,0.85
a.king@stonebridge-partners.example,45-54,£100k-£150k,UK,Scotland,Edinburgh,VP Marketing,Director or above,Marketing,0,False,0.93
a.lewis@brightwater-industries.example,25-34,under £25k,US,Illinois,Chicago,Sales Rep,Individual contributor,Sales,2,False,0.89
a.lewis@evergreen-cloud.example,25-34,under £25k,UK,West Midlands,Birmingham,Assistant,Individual contributor,Operations,3,True,0.66
a.lewis@meridian-finance.example,35-44,£50k-£100k,US,New York,New York,Marketing Manager,Manager,Marketing,4,True,0.87
a.lewis@quayside-retail.example,25-34,£50k-£100k,UK,Scotland,Edinburgh,Head of Marketing,Manager,Marketing,1,False,0.82
a.lewis@willow-care.example,35-44,£50k-£100k,UK,South West,Bristol,Head of Marketing,Manager,Marketing,4,False,0.67
a.martin@brightwater-consulting.example,25-34,under £25k,NL,Utrecht,Utrecht,Marketing Executive,Individual contributor,Marketing,8,False,0.98
a.martin@cobalt-dental.example,25-34,£100k-£150k,FR,Hauts-de-France,Lille,Marketing Manager,Manager,Marketing,2,False,0.66
a.martin@moorland-care.example,35-44,£100k-£150k,UK,West Midlands,Birmingham,Sales Manager,Manager,Sales,5,False,0.74
a.martin@orchard-education.example,18-24,under £25k,NL,North Holland,Amsterdam,Analyst,Individual contributor,Operations,4,False,0.83
a.martin@riverside-retail.example,18-24,£50k-£100k,UK,West Midlands,Birmingham,Analyst,Individual contributor,Operations,2,True,0.87
a.miller@ashford-components.example,35-44,£50k-£100k,FR,Occitanie,Toulouse,Marketing Manager,Manager,Marketing,0,False,0.67
a.miller@ivywood-partners.example,35-44,£50k-£100k,UK,London,London,Sales Manager,Manager,Sales,5,True,0.74
a.miller@lantern-legal.example,25-34,£50k-£100k,UK,North West,Manchester,Operations Manager,Manager,Operations,0,True,0.9
a.miller@vantage-training.example,18-24,£25k-£50k,US,New York,New York,Marketing Executive,Individual contributor,Marketing,3,True,0.98
a.moore@beacon-labs.example,25-34,under £25k,UK,West Midlands,Birmingham,Sales Rep,Individual contributor,Sales,2,True,0.69
a.moore@rosewood-couriers.example,35-44,£50k-£100k,NL,South Holland,Rotterdam,Demand Gen Manager,Manager,Marketing,3,True,0.86
a.moore@stonebridge-advisory.example,55-64,£100k-£150k,NL,North Holland,Amsterdam,Director of Sales,Director or above,Sales,2,False,0.9
a.muller@ashford-clinics.example,45-54,£150k+,UK,North West,Manchester,Marketing Director,Director or above,Marketing,3,False,0.91
a.muller@harbour-care.example,45-54,£50k-£100k,UK,North West,Manchester,Managing Director,Director or above,Executive,3,False,0.65
a.muller@pebble-logistics.example,18-24,under £25k,DE,Hamburg,Hamburg,Marketing Executive,Individual contributor,Marketing,4,False,0.96
a.muller@stonebridge-health.example,45-54,£25k-£50k,FR,Auvergne-Rhone-Alpes,Lyon,Analyst,Individual contributor,Operations,6,True,0.98
a.muller@stonebridge-training.example,25-34,£25k-£50k,UK,Scotland,Edinburgh,Sales Rep,Individual contributor,Sales,4,True,0.94
a.murphy@beacon-goods.example,25-34,£50k-£100k,UK,London,London,Head of Growth,Manager,Marketing,4,False,0.65
a.murphy@bramble-medical.example,35-44,£50k-£100k,UK,South West,Bristol,Director of Sales,Director or above,Sales,1,True,0.6
a.murphy@evergreen-insurance.example,25-34,£50k-£100k,UK,South West,Bristol,Head of Marketing,Manager,Marketing,0,False,0.75
a.murphy@silverline-engineering.example,25-34,under £25k,UK,South West,Bristol,Marketing Executive,Individual contributor,Marketing,7,False,0.61
a.murphy@zephyr-goods.example,45-54,£50k-£100k,US,Washington,Seattle,Marketing Coordinator,Individual contributor,Marketing,11,False,0.61
a.patel@alder-works.example,35-44,£50k-£100k,DE,Berlin,Berlin,Operations Manager,Manager,Operations,7,True,0.77
a.patel@ashford-accountants.example,35-44,£50k-£100k,NL,Utrecht,Utrecht,Marketing Manager,Manager,Marketing,1,True,0.94
a.patel@evergreen-consulting.example,25-34,£50k-£100k,US,Texas,Austin,Analyst,Individual contributor,Operations,3,True,0.94
a.patel@thornbury-dental.example,35-44,£25k-£50k,US,California,San Francisco,Operations Manager,Manager,Operations,2,True,0.86
a.patel@tidewater-cloud.example,25-34,£50k-£100k,DE,Bavaria,Munich,Marketing Coordinator,Individual contributor,Marketing,3,True,0.74
a.roberts@bramble-shipping.example,35-44,£50k-£100k,NL,Utrecht,Utrecht,Demand Gen Manager,Manager,Marketing,16,True,0.8
a.roberts@granite-academy.example,35-44,£25k-£50k,US,Texas,Austin,Marketing Executive,Individual contributor,Marketing,0,True,0.66
a.roberts@riverside-associates.example,35-44,£50k-£100k,UK,North West,Manchester,Managing Director,Director or above,Executive,8,False,0.77
a.roberts@saltmarsh-medical.example,25-34,under £25k,UK,Scotland,Edinburgh,Sales Rep,Individual contributor,Sales,4,True,0.69
a.schmidt@ashford-care.example,55-64,£50k-£100k,FR,Hauts-de-France,Lille,CEO,Director or above,Executive,7,True,0.83
a.schmidt@emberly-software.example,35-44,£150k+,UK,South West,Bristol,Chief Revenue Officer,Director or above,Executive,3,True,0.76
a.schmidt@quartz-industries.example,25-34,£50k-£100k,FR,Auvergne-Rhone-Alpes,Lyon,Marketing Executive,Individual contributor,Marketing,5,False,0.97
a.schmidt@rosewood-shipping.example,35-44,£150k+,US,California,San Francisco,Marketing Director,Director or above,Marketing,3,True,0.9
a.scott@quartz-market.example,45-54,£50k-£100k,US,Massachusetts,Boston,VP Marketing,Director or above,Marketing,13,True,0.88
a.scott@riverside-finance.example,35-44,£50k-£100k,UK,Scotland,Edinburgh,Demand Gen Manager,Manager,Marketing,5,True,0.87
a.scott@tidewater-retail.example,35-44,£50k-£100k,UK,Yorkshire,Leeds,Head of Growth,Manager,Marketing,2,True,0.6
a.smith@elmstead-lending.example,35-44,£50k-£100k,FR,Occitanie,Toulouse,Demand Gen Manager,Manager,Marketing,7,False,0.95
a.smith@emberly-partners.example,55-64,£100k-£150k,NL,North Holland,Amsterdam,Director of Sales,Director or above,Sales,0,False,0.68
a.smith@fernhill-college.example,25-34,£50k-£100k,US,California,San Francisco,Analyst,Individual contributor,Operations,4,True,0.74
a.smith@harbour-works.example,35-44,£25k-£50k,UK,London,London,Assistant,Individual contributor,Operations,1,True,0.86
a.smith@kestrel-manufacturing.example,45-54,£150k+,FR,Ile-de-France,Paris,Managing Director,Director or above,Executive,5,True,0.74
a.smith@lantern-retail.example,35-44,£50k-£100k,DE,Berlin,Berlin,Head of Marketing,Manager,Marketing,3,True,0.71
a.smith@silverline-accountants.example,35-44,£50k-£100k,US,California,San Francisco,Marketing Manager,Manager,Marketing,1,False,0.63
a.taylor@hawthorn-medical.example,18-24,£25k-£50k,US,California,San Francisco,Marketing Executive,Individual contributor,Marketing,4,False,0.87
a.taylor@northwind-consulting.example,35-44,£50k-£100k,UK,South West,Bristol,Head of Marketing,Manager,Marketing,3,False,0.83
a.taylor@oldfield-retail.example,25-34,£50k-£100k,UK,Scotland,Edinburgh,Sales Manager,Manager,Sales,0,False,0.99
a.thompson@kelvin-works.example,45-54,£50k-£100k,US,California,San Francisco,Head of Marketing,Manager,Marketing,3,True,0.86
a.thompson@lindenwood-freight.example,25-34,£50k-£100k,FR,Ile-de-France,Paris,Sales Rep,Individual contributor,Sales,1,False,0.87
a.thompson@northwind-clinics.example,45-54,£100k-£150k,FR,Ile-de-France,Paris,Chief Revenue Officer,Director or above,Executive,5,True,0.68
a.thompson@upland-insurance.example,25-34,£50k-£100k,DE,Bavaria,Munich,Sales Rep,Individual contributor,Sales,2,True,0.83
a.thompson@yarrow-components.example,35-44,£100k-£150k,US,Massachusetts,Boston,Founder,Director or above,Executive,0,False,0.79
a.walker@ivywood-cloud.example,25-34,£25k-£50k,UK,Scotland,Edinburgh,Marketing Executive,Individual contributor,Marketing,6,True,0.98
a.walker@keystone-lending.example,25-34,£25k-£50k,NL,Utrecht,Utrecht,Assistant,Individual contributor,Operations,0,False,0.92
a.walker@pebble-stores.example,45-54,£100k-£150k,US,Texas,Austin,Founder,Director or above,Executive,0,True,0.64
a.walker@willow-lending.example,25-34,£25k-£50k,DE,Hesse,Frankfurt,Operations Manager,Manager,Operations,9,False,0.89
a.weber@glenmoor-cloud.example,25-34,under £25k,US,Illinois,Chicago,Student,Student,Student,0,True,0.72
a.weber@kelvin-dental.example,25-34,£100k-£150k,DE,Berlin,Berlin,Marketing Manager,Manager,Marketing,5,False,0.61
a.white@foxglove-health.example,45-54,£50k-£100k,UK,Scotland,Edinburgh,Sales Manager,Manager,Sales,5,False,0.73
a.white@glenmoor-systems.example,45-54,£100k-£150k,FR,Auvergne-Rhone-Alpes,Lyon,Director of Sales,Director or above,Sales,0,True,0.69
a.white@hawthorn-legal.example,35-44,£50k-£100k,FR,Ile-de-France,Paris,Sales Manager,Manager,Sales,7,True,0.64
a.white@lantern-education.example,25-34,£50k-£100k,UK,North West,Manchester,Sales Rep,Individual contributor,Sales,1,False,0.9
a.white@saltmarsh-advisory.example,25-34,£25k-£50k,US,Illinois,Chicago,Sales Rep,Individual contributor,Sales,10,False,0.61
a.white@vantage-cloud.example,35-44,under £25k,UK,Scotland,Edinburgh,Marketing Executive,Individual contributor,Marketing,2,False,0.92
a.williams@glenmoor-college.example,45-54,£150k+,UK,West Midlands,Birmingham,Managing Director,Director or above,Executive,2,False,0.76
a.williams@greystone-market.example,35-44,£150k+,UK,South West,Bristol,Director of Sales,Director or above,Sales,1,False,0.92
a.williams@norfolk-software.example,25-34,£50k-£100k,UK,London,London,Assistant,Individual contributor,Operations,1,True,0.77
a.williams@oldfield-academy.example,18-24,under £25k,UK,London,London,Assistant,Individual contributor,Operations,3,False,0.68
a.williams@upland-couriers.example,25-34,£25k-£50k,NL,North Holland,Amsterdam,Marketing Executive,Individual contributor,Marketing,1,False,0.77
a.wilson@glenmoor-works.example,35-44,£100k-£150k,UK,Yorkshire,Leeds,Head of Growth,Manager,Marketing,4,True,0.89
a.wilson@granite-associates.example,45-54,£100k-£150k,DE,Hesse,Frankfurt,Director of Sales,Director or above,Sales,1,False,0.69
a.wilson@pinecrest-manufacturing.example,25-34,£25k-£50k,UK,South West,Bristol,Assistant,Individual contributor,Operations,9,False,0.72
a.wood@cobalt-insurance.example,25-34,£50k-£100k,FR,Occitanie,Toulouse,Operations Manager,Manager,Operations,3,False,0.9
a.wood@foxglove-wealth.example,18-24,£25k-£50k,US,New York,New York,Marketing Coordinator,Individual contributor,Marketing,2,False,0.78
a.wood@harbour-college.example,25-34,£50k-£100k,UK,Yorkshire,Leeds,Sales Manager,Manager,Sales,9,False,0.69
a.wood@redwood-labs.example,35-44,£100k-£150k,US,California,San Francisco,Chief Revenue Officer,Director or above,Executive,6,True,0.82
a.wright@nettlefield-labs.example,18-24,under £25k,NL,North Holland,Amsterdam,Assistant,Individual contributor,Operations,1,False,0.69
a.wright@orchard-shipping.example,35-44,£50k-£100k,UK,West Midlands,Birmingham,Demand Gen Manager,Manager,Marketing,1,True,0.81
a.wright@quartz-trading.example,18-24,£50k-£100k,UK,West Midlands,Birmingham,Demand Gen Manager,Manager,Marketing,7,False,0.7
a.young@emberly-trading.example,18-24,£25k-£50k,UK,South West,Bristol,Marketing Coordinator,Individual contributor,Marketing,4,False,0.93
a.young@jasper-market.example,25-34,£50k-£100k,UK,North West,Manchester,Demand Gen Manager,Manager,Marketing,2,False,0.62
a.young@rosewood-couriers.example,45-54,£100k-£150k,NL,Utrecht,Utrecht,Managing Director,Director or above,Executive,0,True,0.67
aanderson507@icloud.example,45-54,£100k-£150k,US,Illinois,Chicago,Managing Director,Director or above,Executive,8,True,0.72
abaker039@outlook.example,35-44,£25k-£50k,FR,Occitanie,Toulouse,Head of Growth,Manager,Marketing,4,False,0.91
abaker545@yahoo.example,25-34,£25k-£50k,DE,Bavaria,Munich,Sales Rep,Individual contributor,Sales,2,False,0.66
abakker620@yahoo.example,35-44,£100k-£150k,NL,Utrecht,Utrecht,Marketing Director,Director or above,Marketing,0,False,0.82
abakker968@gmail.example,35-44,£50k-£100k,FR,Auvergne-Rhone-Alpes,Lyon,Founder,Director or above,Executive,2,True,0.81
abernard124@icloud.example,18-24,under £25k,UK,South West,Bristol,Student,Student,Student,0,False,0.9
abernard313@outlook.example,25-34,£50k-£100k,UK,South West,Bristol,Analyst,Individual contributor,Operations,6,True,0.75
abrown325@icloud.example,45-54,£100k-£150k,US,Massachusetts,Boston,Operations Manager,Manager,Operations,2,False,0.63
abrown659@yahoo.example,35-44,£50k-£100k,DE,Hesse,Frankfurt,Sales Rep,Individual contributor,Sales,5,True,0.75
adam.anderson@dovecote-wealth.example,35-44,£25k-£50k,UK,West Midlands,Birmingham,Assistant,Individual contributor,Operations,0,True,0.71
adam.anderson@glenmoor-labs.example,35-44,£50k-£100k,DE,Berlin,Berlin,Marketing Manager,Manager,Marketing,4,False,0.66
adam.anderson@gmail.example,25-34,£100k-£150k,DE,Hamburg,Hamburg,Marketing Director,Director or above,Marketing,2,False,0.8
adam.anderson@kelvin-freight.example,35-44,£50k-£100k,FR,Hauts-de-France,Lille,Demand Gen Manager,Manager,Marketing,2,False,0.74
adam.baker@cedar-works.example,25-34,£100k-£150k,US,Texas,Austin,Demand Gen Manager,Manager,Marketing,4,False,0.78
adam.baker@ironbridge-couriers.example,45-54,£100k-£150k,US,New York,New York,Managing Director,Director or above,Executive,2,True,0.79
adam.bakker@aurora-accountants.example,55-64,£100k-£150k,UK,London,London,VP Marketing,Director or above,Marketing,1,True,0.65
adam.bernard@fernhill-goods.example,35-44,£50k-£100k,UK,North West,Manchester,Head of Growth,Manager,Marketing,0,True,0.67
adam.bernard@willow-care.example,45-54,£25k-£50k,UK,Scotland,Edinburgh,Marketing Coordinator,Individual contributor,Marketing,1,True,0.91
adam.brown@dovecote-insurance.example,18-24,£50k-£100k,UK,West Midlands,Birmingham,Marketing Coordinator,Individual contributor,Marketing,11,False,0.89
adam.brown@glenmoor-transport.example,25-34,£50k-£100k,UK,Scotland,Edinburgh,Head of Marketing,Manager,Marketing,3,False,0.77
adam.brown@meridian-associates.example,35-44,£50k-£100k,NL,North Brabant,Eindhoven,Head of Marketing,Manager,Marketing,4,False,0.86
adam.brown@yarrow-fabrication.example,35-44,£150k+,US,New York,New York,CEO,Director or above,Executive,0,True,0.63
adam.clarke@evergreen-insurance.example,25-34,under £25k,UK,South West,Bristol,Analyst,Individual contributor,Operations,0,True,0.67
adam.clarke@yahoo.example,18-24,under £25k,UK,South West,Bristol,Student,Student,Student,0,False,0.71
adam.davies@riverside-health.example,35-44,£100k-£150k,US,Massachusetts,Boston,Sales Manager,Manager,Sales,7,True,0.87
adam.evans@yarrow-tutors.example,35-44,£50k-£100k,UK,South West,Bristol,Head of Marketing,Manager,Marketing,0,True,0.96
adam.garcia@cedar-capital.example,18-24,£25k-£50k,NL,North Holland,Amsterdam,Assistant,Individual contributor,Operations,6,False,0.61
adam.garcia@meridian-data.example,45-54,£100k-£150k,US,Illinois,Chicago,VP Marketing,Director or above,Marketing,0,True,0.84
adam.garcia@stonebridge-care.example,18-24,£50k-£100k,UK,South West,Bristol,Marketing Executive,Individual contributor,Marketing,1,False,0.93
adam.hall@foxglove-retail.example,35-44,£100k-£150k,UK,Yorkshire,Leeds,Operations Manager,Manager,Operations,6,True,0.61
adam.jansen@cobalt-goods.example,25-34,£25k-£50k,FR,Ile-de-France,Paris,Sales Rep,Individual contributor,Sales,0,True,0.84
adam.jansen@quartz-outfitters.example,45-54,£150k+,US,Texas,Austin,Managing Director,Director or above,Executive,3,False,0.81
adam.johnson@vantage-components.example,45-54,£100k-£150k,US,New York,New York,Chief Revenue Officer,Director or above,Executive,6,False,0.83
adam.king@valley-components.example,45-54,under £25k,US,Texas,Austin,Analyst,Individual contributor,Operations,1,True,0.64
adam.martin@thornbury-tutors.example,25-34,£25k-£50k,NL,South Holland,Rotterdam,Marketing Executive,Individual contributor,Marketing,4,False,0.66
adam.miller@tidewater-consulting.example,35-44,£150k+,DE,Bavaria,Munich,Director of Sales,Director or above,Sales,5,False,0.85
adam.miller@yahoo.example,18-24,£100k-£150k,FR,Hauts-de-France,Lille,Operations Manager,Manager,Operations,5,False,0.64
adam.moore@bramble-consulting.example,25-34,£25k-£50k,UK,North West,Manchester,Operations Manager,Manager,Operations,8,False,0.75
adam.moore@harbour-market.example,35-44,£50k-£100k,UK,London,London,Sales Manager,Manager,Sales,3,True,0.74
adam.muller@brightwater-associates.example,35-44,£50k-£100k,UK,West Midlands,Birmingham,Head of Growth,Manager,Marketing,1,False,0.65
adam.muller@yahoo.example,25-34,£25k-£50k,UK,North West,Manchester,Head of Marketing,Manager,Marketing,2,True,0.83
adam.murphy@cedar-cloud.example,25-34,£25k-£50k,UK,West Midlands,Birmingham,Marketing Coordinator,Individual contributor,Marketing,2,True,0.82
adam.murphy@clearwater-insurance.example,45-54,£150k+,US,Massachusetts,Boston,VP Marketing,Director or above,Marketing,3,True,0.62
adam.murphy@ivywood-health.example,45-54,£100k-£150k,US,California,San Francisco,Marketing Director,Director or above,Marketing,0,True,0.64
adam.murphy@northwind-advisory.example,45-54,£25k-£50k,NL,North Holland,Amsterdam,Sales Rep,Individual contributor,Sales,7,False,0.76
adam.murphy@pebble-wealth.example,25-34,under £25k,UK,South West,Bristol,Assistant,Individual contributor,Operations,2,True,0.79
adam.patel@yahoo.example,45-54,£50k-£100k,FR,Ile-de-France,Paris,Marketing Coordinator,Individual contributor,Marketing,8,False,0.96
adam.roberts@stonebridge-education.example,25-34,£100k-£150k,US,Massachusetts,Boston,Assistant,Individual contributor,Operations,7,True,0.78
adam.schmidt@alder-academy.example,25-34,£50k-£100k,UK,North West,Manchester,Demand Gen Manager,Manager,Marketing,0,True,0.94
adam.schmidt@pinecrest-couriers.example,25-34,£25k-£50k,UK,South West,Bristol,Marketing Executive,Individual contributor,Marketing,1,False,0.79
adam.scott@foxglove-pharma.example,35-44,£25k-£50k,NL,Utrecht,Utrecht,Marketing Manager,Manager,Marketing,5,False,0.84
adam.weber@meridian-tutors.example,45-54,£100k-£150k,UK,London,London,Director of Sales,Director or above,Sales,1,True,0.92
adam.weber@yahoo.example,25-34,under £25k,UK,South West,Bristol,Sales Rep,Individual contributor,Sales,6,True,0.75
adam.white@zephyr-dental.example,35-44,£50k-£100k,FR,Occitanie,Toulouse,Founder,Director or above,Executive,0,True,0.7
adam.wilson@foxglove-medical.example,55-64,£50k-£100k,NL,Utrecht,Utrecht,Marketing Director,Director or above,Marketing,3,True,0.94
adam.wilson@glenmoor-fabrication.example,45-54,£50k-£100k,UK,London,London,Sales Manager,Manager,Sales,5,True,0.92
adam.wood@ironbridge-tutors.example,25-34,£100k-£150k,US,California,San Francisco,Marketing Coordinator,Individual contributor,Marketing,3,False,0.82
adam.wright@gmail.example,18-24,under £25k,DE,Berlin,Berlin,Student,Student,Student,0,False,0.65
adam.young@hotmail.example,18-24,£25k-£50k,US,Washington,Seattle,Student,Student,Student,0,False,0.81
adam.young@larkspur-clinics.example,25-34,£50k-£100k,US,Massachusetts,Boston,Sales Manager,Manager,Sales,2,True,0.79
adam@bluebell-capital.example,35-44,£100k-£150k,US,Washington,Seattle,Marketing Manager,Manager,Marketing,2,False,0.75
adam@cedar-legal.example,45-54,£100k-£150k,UK,Yorkshire,Leeds,CEO,Director or above,Executive,3,False,0.82
adam@clearwater-industries.example,25-34,£25k-£50k,US,Massachusetts,Boston,Marketing Executive,Individual contributor,Marketing,6,False,0.95
adam@clearwater-shipping.example,65+,£100k-£150k,UK,London,London,Chief Revenue Officer,Director or above,Executive,1,True,0.65
adam@clearwater-wealth.example,25-34,under £25k,NL,North Brabant,Eindhoven,Analyst,Individual contributor,Operations,1,False,0.91
adam@dovecote-digital.example,25-34,under £25k,UK,Yorkshire,Leeds,Marketing Coordinator,Individual contributor,Marketing,3,True,0.78
adam@dunmore-learning.example,55-64,£100k-£150k,UK,London,London,Marketing Director,Director or above,Marketing,7,False,0.94
adam@emberly-pharma.example,35-44,£50k-£100k,UK,North West,Manchester,Marketing Manager,Manager,Marketing,2,True,0.62
adam@falcon-care.example,35-44,£50k-£100k,NL,Utrecht,Utrecht,Operations Manager,Manager,Operations,2,False,0.78
adam@fernhill-college.example,25-34,under £25k,US,New York,New York,Marketing Executive,Individual contributor,Marketing,0,False,0.83
adam@foxglove-market.example,25-34,£100k-£150k,DE,Hamburg,Hamburg,Sales Manager,Manager,Sales,3,False,0.99
adam@foxglove-medical.example,45-54,£50k-£100k,NL,South Holland,Rotterdam,Head of Growth,Manager,Marketing,0,True,0.88
adam@hawthorn-accountants.example,35-44,£25k-£50k,DE,Hesse,Frankfurt,Marketing Executive,Individual contributor,Marketing,1,True,0.65
adam@highgate-health.example,35-44,£100k-£150k,US,New York,New York,Head of Marketing,Manager,Marketing,1,False,0.68
adam@highgate-lending.example,45-54,£50k-£100k,FR,Ile-de-France,Paris,Managing Director,Director or above,Executive,4,False,0.76
adam@ironbridge-digital.example,25-34,£50k-£100k,UK,North West,Manchester,Marketing Executive,Individual contributor,Marketing,5,False,0.7
adam@jasper-fabrication.example,25-34,£50k-£100k,UK,London,London,Demand Gen Manager,Manager,Marketing,7,False,0.73
adam@kelvin-works.example,25-34,£100k-£150k,US,Massachusetts,Boston,Marketing Executive,Individual contributor,Marketing,3,False,0.66
adam@larkspur-learning.example,25-34,£50k-£100k,FR,Hauts-de-France,Lille,Sales Manager,Manager,Sales,1,False,0.82
adam@marigold-lending.example,45-54,£100k-£150k,DE,Berlin,Berlin,Director of Sales,Director or above,Sales,1,True,0.96
adam@meridian-consulting.example,35-44,£50k-£100k,US,Washington,Seattle,Operations Manager,Manager,Operations,1,False,0.83
adam@nimbus-haulage.example,55-64,£100k-£150k,US,Texas,Austin,VP Marketing,Director or above,Marketing,0,True,0.71
adam@norfolk-dental.example,25-34,£25k-£50k,UK,London,London,Marketing Executive,Individual contributor,Marketing,0,False,0.68
adam@pennine-legal.example,45-54,£50k-£100k,US,Illinois,Chicago,Sales Manager,Manager,Sales,0,True,0.94
adam@pinecrest-college.example,25-34,under £25k,UK,Yorkshire,Leeds,Analyst,Individual contributor,Operations,2,False,0.94
adam@silverline-learning.example,45-54,£100k-£150k,UK,London,London,VP Marketing,Director or above,Marketing,1,True,0.97
adam@tamarind-academy.example,35-44,£50k-£100k,US,California,San Francisco,Sales Manager,Manager,Sales,3,False,0.95
adam@thornbury-academy.example,35-44,£25k-£50k,DE,Berlin,Berlin,Head of Marketing,Manager,Marketing,6,False,0.73
adam@tidewater-works.example,18-24,under £25k,FR,Auvergne-Rhone-Alpes,Lyon,Sales Rep,Individual contributor,Sales,10,True,0.63
adam@upland-capital.example,45-54,£50k-£100k,US,Massachusetts,Boston,Head of Marketing,Manager,Marketing,8,True,0.96
adam@upland-cloud.example,55-64,£50k-£100k,UK,Scotland,Edinburgh,Demand Gen Manager,Manager,Marketing,4,True,0.76
adam@valley-industries.example,25-34,£50k-£100k,US,California,San Francisco,Sales Rep,Individual contributor,Sales,3,True,0.94
adam@zephyr-labs.example,35-44,£50k-£100k,UK,Yorkshire,Leeds,Head of Growth,Manager,Marketing,2,True,0.96
adamanderson45@hotmail.example,25-34,£25k-£50k,US,Illinois,Chicago,Marketing Executive,Individual contributor,Marketing,7,True,0.73
adambakker27@icloud.example,35-44,£50k-£100k,UK,West Midlands,Birmingham,Head of Marketing,Manager,Marketing,4,True,0.78
adamdevries86@icloud.example,35-44,under £25k,UK,Yorkshire,Leeds,Analyst,Individual contributor,Operations,1,False,0.69
adamevans87@hotmail.example,25-34,£25k-£50k,DE,Hamburg,Hamburg,Demand Gen Manager,Manager,Marketing,0,True,0.87
adammurphy74@yahoo.example,18-24,under £25k,UK,London,London,Student,Student,Student,0,False,0.93
adamwilliams65@gmail.example,35-44,£50k-£100k,UK,Yorkshire,Leeds,Operations Manager,Manager,Operations,7,False,0.77
adubois316@hotmail.example,35-44,£50k-£100k,NL,North Brabant,Eindhoven,Sales Manager,Manager,Sales,0,False,0.61
agreen169@gmail.example,18-24,£25k-£50k,US,Illinois,Chicago,Marketing Coordinator,Individual contributor,Marketing,3,False,0.62
ahall568@outlook.example,35-44,£100k-£150k,FR,Occitanie,Toulouse,Marketing Manager,Manager,Marketing,4,False,0.63
ahall832@gmail.example,25-34,£50k-£100k,UK,Scotland,Edinburgh,Sales Rep,Individual contributor,Sales,4,True,0.97
ahughes551@outlook.example,45-54,£25k-£50k,US,Massachusetts,Boston,Demand Gen Manager,Manager,Marketing,2,True,0.74
akhan268@hotmail.example,25-34,£25k-£50k,US,Washington,Seattle,Sales Rep,Individual contributor,Sales,1,False,0.62
akhan975@outlook.example,35-44,£25k-£50k,US,New York,New York,Sales Manager,Manager,Sales,6,False,0.84
amartin668@outlook.example,45-54,£50k-£100k,UK,North West,Manchester,Sales Manager,Manager,Sales,0,False,0.89
amelia.anderson@tamarind-transport.example,45-54,£100k-£150k,FR,Auvergne-Rhone-Alpes,Lyon,Marketing Director,Director or above,Marketing,7,True,0.9
amelia.anderson@zephyr-tutors.example,25-34,£25k-£50k,DE,Hamburg,Hamburg,Sales Rep,Individual contributor,Sales,2,False,0.97
amelia.baker@hotmail.example,45-54,£150k+,UK,South West,Bristol,Chief Revenue Officer,Director or above,Executive,0,False,0.7
amelia.baker@ivywood-labs.example,35-44,£25k-£50k,DE,Hamburg,Hamburg,Head of Growth,Manager,Marketing,13,False,0.74
amelia.bakker@hotmail.example,45-54,£25k-£50k,UK,London,London,Assistant,Individual contributor,Operations,5,False,0.71
amelia.bakker@kelvin-recruitment.example,25-34,£50k-£100k,FR,Auvergne-Rhone-Alpes,Lyon,Head of Marketing,Manager,Marketing,6,False,0.6
amelia.bakker@thornbury-cloud.example,35-44,£25k-£50k,US,Washington,Seattle,Sales Manager,Manager,Sales,0,True,0.78
amelia.bernard@gmail.example,18-24,under £25k,DE,Bavaria,Munich,Student,Student,Student,0,False,0.84
amelia.bernard@harbour-haulage.example,35-44,under £25k,FR,Hauts-de-France,Lille,Assistant,Individual contributor,Operations,3,False,0.84
amelia.bernard@lantern-associates.example,35-44,£100k-£150k,UK,North West,Manchester,Director of Sales,Director or above,Sales,3,True,0.84
amelia.clarke@pinecrest-data.example,45-54,£100k-£150k,UK,West Midlands,Birmingham,Founder,Director or above,Executive,9,True,0.79
amelia.clarke@valley-lending.example,35-44,£100k-£150k,US,Illinois,Chicago,CEO,Director or above,Executive,2,True,0.87
amelia.devries@bramble-logistics.example,35-44,£50k-£100k,US,New York,New York,Head of Marketing,Manager,Marketing,2,True,0.85
amelia.devries@cobalt-dental.example,35-44,£50k-£100k,FR,Auvergne-Rhone-Alpes,Lyon,Operations Manager,Manager,Operations,5,True,0.75
amelia.devries@emberly-software.example,45-54,£50k-£100k,UK,Scotland,Edinburgh,Operations Manager,Manager,Operations,3,True,0.93
amelia.devries@kestrel-labs.example,35-44,under £25k,FR,Ile-de-France,Paris,Analyst,Individual contributor,Operations,5,True,0.74
amelia.dubois@pebble-shipping.example,45-54,£50k-£100k,UK,South West,Bristol,Sales Manager,Manager,Sales,10,True,0.64
amelia.garcia@juniper-care.example,25-34,£50k-£100k,UK,South West,Bristol,Marketing Director,Director or above,Marketing,1,True,0.76
amelia.garcia@lantern-labs.example,35-44,£100k-£150k,US,Texas,Austin,Head of Growth,Manager,Marketing,0,True,0.99
amelia.garcia@vantage-transport.example,35-44,£50k-£100k,DE,Bavaria,Munich,Head of Growth,Manager,Marketing,7,True,0.81
amelia.green@vantage-health.example,35-44,£100k-£150k,US,California,San Francisco,Head of Growth,Manager,Marketing,5,True,0.91
amelia.jansen@northwind-clinics.example,25-34,£25k-£50k,FR,Auvergne-Rhone-Alpes,Lyon,Head of Marketing,Manager,Marketing,4,True,0.97
amelia.johnson@bluebell-insurance.example,55-64,£100k-£150k,UK,West Midlands,Birmingham,Director of Sales,Director or above,Sales,3,False,0.77
amelia.johnson@ivywood-finance.example,25-34,£25k-£50k,FR,Hauts-de-France,Lille,Head of Marketing,Manager,Marketing,2,True,0.94
amelia.johnson@orchard-data.example,25-34,£25k-£50k,DE,Bavaria,Munich,Analyst,Individual contributor,Operations,5,True,0.81
amelia.jones@nimbus-pharma.example,25-34,£100k-£150k,US,New York,New York,Operations Manager,Manager,Operations,3,False,0.84
amelia.lewis@elmstead-care.example,45-54,£25k-£50k,DE,Hamburg,Hamburg,Sales Rep,Individual contributor,Sales,2,False,0.95
amelia.lewis@marigold-academy.example,25-34,£25k-£50k,FR,Ile-de-France,Paris,Marketing Coordinator,Individual contributor,Marketing,1,True,0.85
amelia.martin@orchard-recruitment.example,35-44,£100k-£150k,US,New York,New York,Demand Gen Manager,Manager,Marketing,0,True,0.77
amelia.martin@upland-academy.example,45-54,£150k+,DE,Hamburg,Hamburg,Managing Director,Director or above,Executive,4,True,0.85
amelia.miller@lindenwood-components.example,18-24,£25k-£50k,UK,London,London,Student,Student,Student,0,False,0.78
amelia.miller@thornbury-college.example,25-34,under £25k,UK,West Midlands,Birmingham,Sales Rep,Individual contributor,Sales,6,False,0.85
amelia.moore@outlook.example,35-44,£25k-£50k,DE,Berlin,Berlin,Head of Growth,Manager,Marketing,4,True,0.96
amelia.muller@falcon-accountants.example,18-24,£25k-£50k,US,Illinois,Chicago,Assistant,Individual contributor,Operations,1,True,0.73
amelia.murphy52@icloud.example,25-34,£25k-£50k,DE,Berlin,Berlin,Head of Marketing,Manager,Marketing,2,False,0.81
amelia.roberts@vantage-components.example,45-54,£150k+,US,Massachusetts,Boston,Founder,Director or above,Executive,4,True,0.9
amelia.schmidt@norfolk-shipping.example,18-24,£50k-£100k,UK,Yorkshire,Leeds,Operations Manager,Manager,Operations,1,False,0.61
amelia.schmidt@orchard-tutors.example,25-34,under £25k,UK,Yorkshire,Leeds,Sales Manager,Manager,Sales,0,True,0.73
amelia.schmidt@silverline-care.example,45-54,£100k-£150k,FR,Auvergne-Rhone-Alpes,Lyon,CEO,Director or above,Executive,3,False,0.62
amelia.scott@bramble-manufacturing.example,25-34,£50k-£100k,UK,Scotland,Edinburgh,Head of Growth,Manager,Marketing,3,True,0.77
amelia.scott@pebble-consulting.example,55-64,£100k-£150k,UK,West Midlands,Birmingham,Marketing Manager,Manager,Marketing,1,True,0.99
amelia.scott@redwood-dental.example,25-34,£100k-£150k,US,California,San Francisco,Marketing Manager,Manager,Marketing,2,True,0.7
amelia.smith12@icloud.example,25-34,under £25k,UK,London,London,Student,Student,Student,0,False,0.74
amelia.smith@redwood-dental.example,25-34,£25k-£50k,US,California,San Francisco,Marketing Executive,Individual contributor,Marketing,1,True,0.73
amelia.thompson@kelvin-cloud.example,35-44,£100k-£150k,US,Illinois,Chicago,Marketing Director,Director or above,Marketing,4,False,0.95
amelia.thompson@outlook.example,25-34,£50k-£100k,DE,Hesse,Frankfurt,Sales Manager,Manager,Sales,1,True,0.84
amelia.walker@icloud.example,25-34,£25k-£50k,NL,North Brabant,Eindhoven,Marketing Coordinator,Individual contributor,Marketing,4,True,0.74
amelia.weber@harbour-accountants.example,25-34,under £25k,UK,Yorkshire,Leeds,Marketing Coordinator,Individual contributor,Marketing,7,True,0.7
amelia.weber@icloud.example,45-54,£25k-£50k,US,Texas,Austin,Demand Gen Manager,Manager,Marketing,2,False,0.73
amelia.white@yahoo.example,25-34,£50k-£100k,UK,London,London,Assistant,Individual contributor,Operations,3,False,0.64
amelia.wilson@ivywood-associates.example,35-44,£50k-£100k,NL,North Brabant,Eindhoven,Head of Marketing,Manager,Marketing,0,True,0.75
amelia.wilson@yahoo.example,45-54,£100k-£150k,DE,Hamburg,Hamburg,Sales Manager,Manager,Sales,5,False,0.86
amelia.wood@juniper-wealth.example,25-34,£150k+,US,Washington,Seattle,Demand Gen Manager,Manager,Marketing,4,False,0.95
amelia.wood@kelvin-manufacturing.example,45-54,£100k-£150k,FR,Ile-de-France,Paris,Director of Sales,Director or above,Sales,2,False,0.7
amelia.wright@dunmore-market.example,18-24,£25k-£50k,FR,Ile-de-France,Paris,Analyst,Individual contributor,Operations,0,False,0.62
amelia.wright@outlook.example,45-54,£50k-£100k,DE,Berlin,Berlin,Director of Sales,Director or above,Sales,5,True,0.7
amelia.wright@valley-systems.example,18-24,£50k-£100k,US,Illinois,Chicago,Analyst,Individual contributor,Operations,1,False,0.62
amelia.young@orchard-health.example,35-44,£25k-£50k,FR,Occitanie,Toulouse,Demand Gen Manager,Manager,Marketing,1,False,0.92
amelia@aurora-retail.example,25-34,£100k-£150k,NL,South Holland,Rotterdam,CEO,Director or above,Executive,2,True,0.63
amelia@aurora-stores.example,25-34,£100k-£150k,US,New York,New York,Head of Growth,Manager,Marketing,8,False,0.75
amelia@clearwater-finance.example,35-44,£150k+,FR,Auvergne-Rhone-Alpes,Lyon,VP Marketing,Director or above,Marketing,3,True,0.89
amelia@cobalt-pharma.example,25-34,£100k-£150k,FR,Occitanie,Toulouse,Head of Growth,Manager,Marketing,2,True,0.87
amelia@driftwood-accountants.example,35-44,£25k-£50k,UK,South West,Bristol,Operations Manager,Manager,Operations,10,False,0.82
amelia@dunmore-recruitment.example,35-44,£25k-£50k,UK,Scotland,Edinburgh,Marketing Manager,Manager,Marketing,10,True,0.65
amelia@elmstead-software.example,35-44,£50k-£100k,US,Massachusetts,Boston,Marketing Manager,Manager,Marketing,4,True,0.97
amelia@evergreen-retail.example,45-54,£50k-£100k,US,New York,New York,Demand Gen Manager,Manager,Marketing,2,True,0.96
amelia@foxglove-transport.example,35-44,£25k-£50k,FR,Occitanie,Toulouse,Head of Growth,Manager,Marketing,5,False,0.8
amelia@glenmoor-clinics.example,18-24,under £25k,UK,West Midlands,Birmingham,Marketing Coordinator,Individual contributor,Marketing,2,False,0.8
amelia@glenmoor-transport.example,18-24,£25k-£50k,UK,South West,Bristol,Sales Rep,Individual contributor,Sales,4,False,0.71
amelia@granite-capital.example,55-64,£100k-£150k,UK,South West,Bristol,Sales Manager,Manager,Sales,2,True,0.83
amelia@heron-clinics.example,25-34,under £25k,US,Massachusetts,Boston,Assistant,Individual contributor,Operations,0,True,0.77
amelia@inkwell-legal.example,35-44,£150k+,US,Texas,Austin,Marketing Director,Director or above,Marketing,8,True,0.83
amelia@ironbridge-legal.example,25-34,£50k-£100k,FR,Ile-de-France,Paris,Analyst,Individual contributor,Operations,0,True,0.65
amelia@juniper-associates.example,25-34,£25k-£50k,FR,Occitanie,Toulouse,Marketing Executive,Individual contributor,Marketing,1,True,0.71
amelia@kelvin-dental.example,25-34,£100k-£150k,DE,Hamburg,Hamburg,Marketing Manager,Manager,Marketing,2,False,0.91
amelia@lindenwood-outfitters.example,25-34,£25k-£50k,US,Massachusetts,Boston,Marketing Coordinator,Individual contributor,Marketing,2,True,0.69
amelia@meridian-dental.example,25-34,under £25k,DE,Bavaria,Munich,Analyst,Individual contributor,Operations,1,False,0.81
amelia@nimbus-cloud.example,35-44,£50k-£100k,US,California,San Francisco,Head of Marketing,Manager,Marketing,0,True,0.93
amelia@nimbus-partners.example,45-54,£150k+,UK,London,London,Founder,Director or above,Executive,5,True,0.7
amelia@oldfield-learning.example,55-64,£100k-£150k,DE,Hesse,Frankfurt,Founder,Director or above,Executive,4,True,0.63
amelia@pinecrest-capital.example,35-44,£100k-£150k,US,Massachusetts,Boston,Head of Marketing,Manager,Marketing,6,True,0.81
amelia@pinecrest-logistics.example,18-24,£25k-£50k,FR,Occitanie,Toulouse,Analyst,Individual contributor,Operations,2,False,0.96
amelia@pinecrest-recruitment.example,45-54,£50k-£100k,UK,Yorkshire,Leeds,Marketing Manager,Manager,Marketing,0,True,0.88
amelia@quartz-cloud.example,25-34,£100k-£150k,US,Washington,Seattle,Head of Marketing,Manager,Marketing,1,False,0.71
amelia@redwood-medical.example,25-34,under £25k,US,Illinois,Chicago,Marketing Coordinator,Individual contributor,Marketing,6,False,0.72
amelia@rosewood-college.example,18-24,under £25k,DE,Bavaria,Munich,Student,Student,Student,0,False,0.9
amelia@silverline-insurance.example,35-44,£25k-£50k,US,Illinois,Chicago,Sales Manager,Manager,Sales,0,True,0.89
amelia@umber-wealth.example,45-54,£25k-£50k,US,Washington,Seattle,VP Marketing,Director or above,Marketing,5,True,0.69
amelia@upland-couriers.example,35-44,£50k-£100k,NL,South Holland,Rotterdam,Demand Gen Manager,Manager,Marketing,0,False,0.66
amelia@valley-industries.example,25-34,under £25k,US,New York,New York,Analyst,Individual contributor,Operations,4,True,0.9
amelia@vantage-accountants.example,35-44,£50k-£100k,FR,Occitanie,Toulouse,Operations Manager,Manager,Operations,0,True,0.99
amelia@westbrook-health.example,35-44,£25k-£50k,US,California,San Francisco,Marketing Coordinator,Individual contributor,Marketing,19,True,0.9
ameliaanderson07@gmail.example,25-34,£25k-£50k,FR,Occitanie,Toulouse,Analyst,Individual contributor,Operations,2,False,0.8
ameliaanderson17@icloud.example,25-34,£25k-£50k,US,Massachusetts,Boston,Assistant,Individual contributor,Operations,2,True,0.86
ameliabaker12@yahoo.example,35-44,£100k-£150k,US,Illinois,Chicago,Head of Growth,Manager,Marketing,1,True,0.89
ameliaclarke77@icloud.example,35-44,£50k-£100k,US,Washington,Seattle,Operations Manager,Manager,Operations,2,True,0.79
ameliagarcia43@gmail.example,55-64,£25k-£50k,US,Texas,Austin,Sales Manager,Manager,Sales,0,True,0.98
ameliahall54@gmail.example,45-54,£25k-£50k,US,Illinois,Chicago,Operations Manager,Manager,Operations,2,False,0.82
ameliamartin13@hotmail.example,25-34,£25k-£50k,UK,Scotland,Edinburgh,Analyst,Individual contributor,Operations,3,True,0.82
ameliamoore20@outlook.example,25-34,£100k-£150k,US,New York,New York,Marketing Manager,Manager,Marketing,2,False,0.67
ameliamoore85@gmail.example,35-44,£100k-£150k,UK,London,London,Founder,Director or above,Executive,5,False,0.82
ameliascott41@icloud.example,18-24,under £25k,DE,Bavaria,Munich,Student,Student,Student,0,False,0.71
ameliascott47@outlook.example,18-24,under £25k,US,Illinois,Chicago,Assistant,Individual contributor,Operations,4,False,0.77
ameliawilson20@gmail.example,25-34,£25k-£50k,UK,South West,Bristol,Marketing Coordinator,Individual contributor,Marketing,0,False,0.85
amiller366@hotmail.example,45-54,£25k-£50k,DE,Bavaria,Munich,Head of Growth,Manager,Marketing,0,True,0.61
amiller824@hotmail.example,25-34,£50k-£100k,NL,South Holland,Rotterdam,Operations Manager,Manager,Operations,8,True,0.75
amoore245@yahoo.example,55-64,£100k-£150k,NL,North Holland,Amsterdam,Marketing Director,Director or above,Marketing,7,True,0.97
amuller175@hotmail.example,35-44,£50k-£100k,US,New York,New York,Analyst,Individual contributor,Operations,3,True,0.98
amurphy393@yahoo.example,35-44,£50k-£100k,US,Washington,Seattle,Demand Gen Manager,Manager,Marketing,6,False,0.95
amurphy686@icloud.example,25-34,£25k-£50k,UK,Yorkshire,Leeds,Marketing Manager,Manager,Marketing,1,False,0.95
apatel445@outlook.example,18-24,£25k-£50k,NL,Utrecht,Utrecht,Student,Student,Student,0,False,0.92
apatel836@yahoo.example,35-44,£100k-£150k,UK,North West,Manchester,VP Marketing,Director or above,Marketing,2,False,0.85
arjun.anderson@pebble-cloud.example,55-64,£150k+,DE,Hamburg,Hamburg,CEO,Director or above,Executive,6,True,0.7
arjun.anderson@stonebridge-learning.example,25-34,£100k-£150k,US,New York,New York,Sales Manager,Manager,Sales,0,False,0.72
arjun.anderson@upland-components.example,25-34,£50k-£100k,FR,Hauts-de-France,Lille,Sales Manager,Manager,Sales,3,False,0.7
arjun.baker@icloud.example,45-54,£25k-£50k,FR,Ile-de-France,Paris,Sales Rep,Individual contributor,Sales,2,False,0.85
arjun.bernard@hawthorn-lending.example,45-54,£50k-£100k,UK,Scotland,Edinburgh,Head of Marketing,Manager,Marketing,1,True,0.73
arjun.brown@icloud.example,25-34,under £25k,NL,Utrecht,Utrecht,Student,Student,Student,0,False,0.75
arjun.brown@yahoo.example,25-34,£50k-£100k,US,Massachusetts,Boston,Marketing Manager,Manager,Marketing,3,False,0.6
arjun.clarke@granite-accountants.example,45-54,£100k-£150k,UK,West Midlands,Birmingham,Managing Director,Director or above,Executive,0,False,0.93
arjun.clarke@kelvin-engineering.example,25-34,£50k-£100k,UK,South West,Bristol,Head of Marketing,Manager,Marketing,7,True,0.96
arjun.davies@quartz-digital.example,25-34,£25k-£50k,US,Illinois,Chicago,Sales Rep,Individual contributor,Sales,4,False,0.87
arjun.devries@umber-manufacturing.example,45-54,£50k-£100k,UK,Scotland,Edinburgh,Operations Manager,Manager,Operations,1,True,0.74
arjun.dubois@cedar-capital.example,45-54,£50k-£100k,NL,South Holland,Rotterdam,Marketing Director,Director or above,Marketing,4,False,0.62
arjun.dubois@kestrel-market.example,25-34,£25k-£50k,UK,South West,Bristol,Operations Manager,Manager,Operations,5,True,0.82
arjun.evans@westbrook-stores.example,25-34,£50k-£100k,DE,Hamburg,Hamburg,Marketing Manager,Manager,Marketing,7,False,0.7
arjun.garcia@alder-clinics.example,25-34,£25k-£50k,NL,North Holland,Amsterdam,Assistant,Individual contributor,Operations,4,False,0.95
arjun.green@ivywood-pharma.example,45-54,under £25k,FR,Hauts-de-France,Lille,Assistant,Individual contributor,Operations,1,False,0.8
arjun.jansen@brightwater-legal.example,25-34,£100k-£150k,US,California,San Francisco,Head of Marketing,Manager,Marketing,2,False,0.92
arjun.johnson@icloud.example,35-44,£150k+,US,New York,New York,Demand Gen Manager,Manager,Marketing,3,True,0.7
arjun.jones@nimbus-fabrication.example,25-34,£50k-£100k,UK,North West,Manchester,Demand Gen Manager,Manager,Marketing,6,True,0.85
arjun.khan@kingsway-finance.example,25-34,£25k-£50k,US,California,San Francisco,Marketing Executive,Individual contributor,Marketing,2,False,0.74
arjun.king@norfolk-training.example,45-54,£100k-£150k,UK,North West,Manchester,Marketing Director,Director or above,Marketing,4,True,0.6
arjun.lewis@yahoo.example,45-54,£50k-£100k,NL,North Brabant,Eindhoven,Chief Revenue Officer,Director or above,Executive,5,True,0.93
arjun.miller@thornbury-dental.example,25-34,£50k-£100k,US,Texas,Austin,Assistant,Individual contributor,Operations,2,True,0.61
arjun.muller@meridian-software.example,25-34,£25k-£50k,UK,Yorkshire,Leeds,Marketing Executive,Individual contributor,Marketing,1,True,0.94
arjun.murphy32@gmail.example,35-44,£100k-£150k,DE,Hamburg,Hamburg,Sales Manager,Manager,Sales,3,True,0.81
arjun.murphy@cedar-engineering.example,35-44,£150k+,DE,Hamburg,Hamburg,Founder,Director or above,Executive,2,False,0.87
arjun.murphy@elmstead-clinics.example,18-24,£25k-£50k,FR,Hauts-de-France,Lille,Assistant,Individual contributor,Operations,7,False,0.86
arjun.roberts@lindenwood-retail.example,35-44,£150k+,US,Texas,Austin,VP Marketing,Director or above,Marketing,2,False,0.64
arjun.schmidt@dunmore-software.example,25-34,£50k-£100k,US,Massachusetts,Boston,Operations Manager,Manager,Operations,0,False,0.97
arjun.schmidt@upland-data.example,18-24,£25k-£50k,FR,Occitanie,Toulouse,Marketing Executive,Individual contributor,Marketing,5,False,0.92
arjun.smith@kestrel-health.example,25-34,£25k-£50k,UK,South West,Bristol,Student,Student,Student,0,False,0.83
arjun.taylor@highgate-market.example,35-44,£25k-£50k,DE,Hesse,Frankfurt,Marketing Manager,Manager,Marketing,3,False,0.91
arjun.taylor@kestrel-works.example,35-44,£100k-£150k,UK,West Midlands,Birmingham,Founder,Director or above,Executive,9,True,0.64
arjun.thompson@gmail.example,25-34,under £25k,UK,South West,Bristol,Marketing Coordinator,Individual contributor,Marketing,6,True,0.88
arjun.walker51@icloud.example,25-34,£50k-£100k,US,Texas,Austin,Sales Manager,Manager,Sales,2,False,0.95
arjun.weber@glenmoor-components.example,45-54,£100k-£150k,UK,Scotland,Edinburgh,Chief Revenue Officer,Director or above,Executive,3,True,0.68
arjun.white@inkwell-pharma.example,35-44,£50k-£100k,FR,Ile-de-France,Paris,Operations Manager,Manager,Operations,4,True,0.95
arjun.williams@gmail.example,25-34,£25k-£50k,US,New York,New York,Analyst,Individual contributor,Operations,2,False,0.94
arjun.williams@pinecrest-digital.example,25-34,£100k-£150k,DE,Hamburg,Hamburg,CEO,Director or above,Executive,1,False,0.76
arjun.williams@thornbury-industries.example,35-44,£150k+,US,Texas,Austin,Operations Manager,Manager,Operations,8,True,0.79
arjun.williams@zephyr-software.example,25-34,£50k-£100k,US,Texas,Austin,Marketing Executive,Individual contributor,Marketing,2,False,0.63
arjun.wilson@nimbus-logistics.example,25-34,£25k-£50k,US,Washington,Seattle,Marketing Executive,Individual contributor,Marketing,1,True,0.91
arjun.wood@icloud.example,18-24,under £25k,UK,Scotland,Edinburgh,Student,Student,Student,0,True,0.71
arjun.wright@tidewater-finance.example,25-34,under £25k,UK,North West,Manchester,Sales Rep,Individual contributor,Sales,5,False,0.67
arjun.wright@tidewater-pharma.example,25-34,£100k-£150k,UK,Scotland,Edinburgh,Head of Growth,Manager,Marketing,1,False,0.82
arjun.young@lindenwood-tutors.example,35-44,£50k-£100k,DE,Hesse,Frankfurt,CEO,Director or above,Executive,3,False,0.75
arjun24@meridian-shipping.example,35-44,£25k-£50k,NL,South Holland,Rotterdam,Marketing Coordinator,Individual contributor,Marketing,1,False,0.88
arjun@alder-advisory.example,18-24,£25k-£50k,FR,Auvergne-Rhone-Alpes,Lyon,Marketing Coordinator,Individual contributor,Marketing,9,False,0.86
arjun@brightwater-goods.example,35-44,£25k-£50k,UK,Yorkshire,Leeds,Sales Rep,Individual contributor,Sales,5,False,0.66
arjun@brightwater-manufacturing.example,25-34,under £25k,UK,Yorkshire,Leeds,Marketing Coordinator,Individual contributor,Marketing,2,False,0.66
arjun@cedar-consulting.example,25-34,£150k+,US,Massachusetts,Boston,Operations Manager,Manager,Operations,6,False,0.7
arjun@cedar-trading.example,25-34,£25k-£50k,UK,South West,Bristol,Marketing Manager,Manager,Marketing,9,False,0.87
arjun@clearwater-shipping.example,35-44,£50k-£100k,UK,West Midlands,Birmingham,Demand Gen Manager,Manager,Marketing,1,True,0.7
arjun@cobalt-clinics.example,35-44,£150k+,US,California,San Francisco,Director of Sales,Director or above,Sales,4,False,0.69
arjun@dovecote-partners.example,18-24,£100k-£150k,US,Washington,Seattle,Sales Rep,Individual contributor,Sales,0,False,0.74
arjun@dunmore-goods.example,45-54,£50k-£100k,DE,Berlin,Berlin,Marketing Director,Director or above,Marketing,0,True,0.94
arjun@evergreen-systems.example,45-54,£150k+,UK,Scotland,Edinburgh,Marketing Director,Director or above,Marketing,6,False,0.74
arjun@falcon-consulting.example,18-24,£25k-£50k,UK,Yorkshire,Leeds,Analyst,Individual contributor,Operations,0,False,0.69
arjun@falcon-wealth.example,45-54,£100k-£150k,US,Texas,Austin,Chief Revenue Officer,Director or above,Executive,0,True,0.75
arjun@foxglove-fabrication.example,25-34,under £25k,FR,Ile-de-France,Paris,Assistant,Individual contributor,Operations,2,False,0.94
arjun@granite-advisory.example,45-54,£100k-£150k,UK,London,London,CEO,Director or above,Executive,5,True,0.98
arjun@greystone-logistics.example,35-44,£100k-£150k,UK,North West,Manchester,CEO,Director or above,Executive,8,True,0.99
arjun@harbour-medical.example,35-44,£50k-£100k,UK,South West,Bristol,Operations Manager,Manager,Operations,5,False,0.89
arjun@heron-associates.example,45-54,£50k-£100k,UK,West Midlands,Birmingham,Head of Growth,Manager,Marketing,3,False,0.64
arjun@heron-cloud.example,35-44,£50k-£100k,UK,Yorkshire,Leeds,Demand Gen Manager,Manager,Marketing,1,False,0.9
arjun@highgate-dental.example,35-44,£150k+,US,New York,New York,Managing Director,Director or above,Executive,1,False,0.84
arjun@highgate-engineering.example,25-34,£50k-£100k,FR,Occitanie,Toulouse,Marketing Coordinator,Individual contributor,Marketing,4,False,0.68
arjun@ironbridge-dental.example,55-64,£150k+,UK,South West,Bristol,CEO,Director or above,Executive,4,False,0.82
arjun@ironbridge-lending.example,18-24,£25k-£50k,US,California,San Francisco,Marketing Executive,Individual contributor,Marketing,4,False,0.78
arjun@ironbridge-medical.example,35-44,£25k-£50k,UK,London,London,Demand Gen Manager,Manager,Marketing,7,True,0.95
arjun@kelvin-goods.example,35-44,£100k-£150k,DE,Hesse,Frankfurt,Marketing Manager,Manager,Marketing,2,True,0.98
arjun@kingsway-cloud.example,35-44,£50k-£100k,DE,Hamburg,Hamburg,Sales Manager,Manager,Sales,8,True,0.95
arjun@nettlefield-manufacturing.example,35-44,£25k-£50k,FR,Auvergne-Rhone-Alpes,Lyon,Sales Manager,Manager,Sales,12,True,0.63
arjun@nettlefield-outfitters.example,45-54,£50k-£100k,US,New York,New York,Managing Director,Director or above,Executive,2,True,0.87
arjun@norfolk-software.example,35-44,£100k-£150k,UK,Yorkshire,Leeds,Director of Sales,Director or above,Sales,8,True,0.71
arjun@northwind-pharma.example,35-44,£100k-£150k,US,New York,New York,Chief Revenue Officer,Director or above,Executive,1,True,0.98
arjun@oldfield-digital.example,25-34,£50k-£100k,UK,South West,Bristol,Head of Marketing,Manager,Marketing,6,False,0.95
arjun@oldfield-industries.example,45-54,£150k+,UK,West Midlands,Birmingham,Managing Director,Director or above,Executive,2,True,0.78
arjun@quayside-labs.example,25-34,£100k-£150k,US,California,San Francisco,Marketing Executive,Individual contributor,Marketing,1,False,0.8
arjun@riverside-health.example,35-44,£25k-£50k,US,Massachusetts,Boston,Analyst,Individual contributor,Operations,4,True,0.81
arjun@saltmarsh-consulting.example,25-34,£50k-£100k,NL,North Holland,Amsterdam,Head of Growth,Manager,Marketing,2,False,0.69
arjun@tamarind-legal.example,25-34,£25k-£50k,UK,South West,Bristol,Marketing Executive,Individual contributor,Marketing,6,False,0.64
arjun@upland-data.example,35-44,£25k-£50k,FR,Ile-de-France,Paris,Marketing Manager,Manager,Marketing,3,False,0.75
arjun@vantage-cloud.example,35-44,£50k-£100k,UK,North West,Manchester,Sales Manager,Manager,Sales,2,True,0.77
arjun@vantage-lending.example,45-54,£50k-£100k,FR,Hauts-de-France,Lille,Operations Manager,Manager,Operations,4,True,0.99
arjun@westbrook-logistics.example,35-44,£50k-£100k,FR,Occitanie,Toulouse,Head of Marketing,Manager,Marketing,5,True,0.77
arjun@yarrow-industries.example,18-24,£25k-£50k,US,Illinois,Chicago,Analyst,Individual contributor,Operations,5,False,0.61
arjunbernard24@outlook.example,18-24,£50k-£100k,US,Washington,Seattle,Student,Student,Student,0,False,0.99
arjunbernard85@outlook.example,45-54,£25k-£50k,UK,West Midlands,Birmingham,Assistant,Individual contributor,Operations,3,False,0.83
arjunhughes98@outlook.example,25-34,£25k-£50k,FR,Auvergne-Rhone-Alpes,Lyon,Sales Manager,Manager,Sales,4,False,0.99
arjunkhan60@gmail.example,18-24,£25k-£50k,US,Texas,Austin,Student,Student,Student,0,True,0.97
arjunlewis91@hotmail.example,18-24,£25k-£50k,US,California,San Francisco,Student,Student,Student,0,True,0.74
arjunmiller77@icloud.example,35-44,£50k-£100k,UK,North West,Manchester,Head of Growth,Manager,Marketing,10,False,0.7
arjunmiller86@hotmail.example,35-44,£50k-£100k,UK,Yorkshire,Leeds,Head of Marketing,Manager,Marketing,0,True,0.97
arjunpatel81@icloud.example,25-34,£50k-£100k,UK,Scotland,Edinburgh,Marketing Executive,Individual contributor,Marketing,3,False,0.85
arjunscott33@hotmail.example,25-34,£25k-£50k,FR,Hauts-de-France,Lille,Marketing Executive,Individual contributor,Marketing,1,False,0.83
aroberts974@outlook.example,35-44,£25k-£50k,US,New York,New York,Marketing Manager,Manager,Marketing,6,False,0.73
ascott747@outlook.example,18-24,£50k-£100k,US,California,San Francisco,Assistant,Individual contributor,Operations,0,False,0.78
ataylor054@yahoo.example,45-54,£50k-£100k,US,California,San Francisco,Head of Growth,Manager,Marketing,3,True,0.95
athompson099@icloud.example,18-24,£25k-£50k,UK,South West,Bristol,Marketing Executive,Individual contributor,Marketing,0,True,0.75
ava.anderson@dovecote-haulage.example,25-34,£50k-£100k,NL,North Holland,Amsterdam,Operations Manager,Manager,Operations,8,True,0.61
ava.bernard@nettlefield-data.example,18-24,£25k-£50k,FR,Auvergne-Rhone-Alpes,Lyon,Marketing Executive,Individual contributor,Marketing,0,False,0.62
ava.bernard@tidewater-digital.example,35-44,£50k-£100k,UK,London,London,Sales Manager,Manager,Sales,5,True,0.78
ava.bernard@westbrook-care.example,25-34,£25k-£50k,DE,Hesse,Frankfurt,Analyst,Individual contributor,Operations,3,True,0.8
ava.brown@hotmail.example,25-34,£25k-£50k,UK,Scotland,Edinburgh,Sales Rep,Individual contributor,Sales,7,True,0.79
ava.brown@pebble-tutors.example,18-24,under £25k,FR,Occitanie,Toulouse,Student,Student,Student,0,False,0.8
ava.clarke@quartz-finance.example,25-34,under £25k,NL,South Holland,Rotterdam,Marketing Executive,Individual contributor,Marketing,0,False,0.89
ava.davies@dovecote-health.example,55-64,£100k-£150k,UK,Scotland,Edinburgh,Managing Director,Director or above,Executive,4,False,0.86
ava.devries@bluebell-retail.example,55-64,£100k-£150k,US,Texas,Austin,Founder,Director or above,Executive,8,True,0.93
ava.devries@greystone-systems.example,45-54,£150k+,US,Texas,Austin,Director of Sales,Director or above,Sales,0,True,0.76
ava.dubois@jasper-capital.example,35-44,£100k-£150k,US,Texas,Austin,Marketing Director,Director or above,Marketing,2,False,0.8
ava.dubois@juniper-accountants.example,35-44,£150k+,DE,Hamburg,Hamburg,VP Marketing,Director or above,Marketing,1,False,0.81
ava.dubois@moorland-data.example,35-44,£100k-£150k,UK,London,London,Founder,Director or above,Executive,5,False,0.66
ava.evans@riverside-accountants.example,35-44,£150k+,US,Massachusetts,Boston,VP Marketing,Director or above,Marketing,1,False,0.61
ava.garcia@rosewood-legal.example,45-54,£25k-£50k,UK,North West,Manchester,Marketing Executive,Individual contributor,Marketing,4,True,0.62
ava.green@gmail.example,35-44,£25k-£50k,UK,London,London,Sales Rep,Individual contributor,Sales,3,True,0.98
ava.johnson@gmail.example,18-24,£25k-£50k,UK,West Midlands,Birmingham,Marketing Executive,Individual contributor,Marketing,5,False,0.97
ava.johnson@yahoo.example,35-44,£100k-£150k,FR,Auvergne-Rhone-Alpes,Lyon,Marketing Director,Director or above,Marketing,0,True,0.83
ava.jones@jasper-health.example,25-34,£25k-£50k,FR,Auvergne-Rhone-Alpes,Lyon,Marketing Coordinator,Individual contributor,Marketing,1,False,0.73
ava.jones@quayside-legal.example,25-34,£25k-£50k,US,Illinois,Chicago,Sales Rep,Individual contributor,Sales,1,False,0.84
ava.khan@nimbus-advisory.example,25-34,£25k-£50k,UK,Scotland,Edinburgh,Assistant,Individual contributor,Operations,1,False,0.93
ava.king@alder-freight.example,25-34,£100k-£150k,UK,Yorkshire,Leeds,Head of Growth,Manager,Marketing,0,True,0.82
ava.king@aurora-fabrication.example,35-44,£150k+,DE,Berlin,Berlin,Chief Revenue Officer,Director or above,Executive,5,False,0.84
ava.king@bramble-dental.example,35-44,£50k-£100k,US,Massachusetts,Boston,VP Marketing,Director or above,Marketing,3,False,0.89
ava.lewis@hotmail.example,25-34,£25k-£50k,US,Illinois,Chicago,Marketing Coordinator,Individual contributor,Marketing,0,False,0.76
ava.moore@icloud.example,25-34,under £25k,NL,South Holland,Rotterdam,Sales Rep,Individual contributor,Sales,2,False,0.81
ava.muller@icloud.example,35-44,£50k-£100k,UK,South West,Bristol,Marketing Manager,Manager,Marketing,1,False,0.76
ava.muller@yarrow-works.example,25-34,£50k-£100k,US,Texas,Austin,Sales Rep,Individual contributor,Sales,0,False,0.68
ava.muller@zephyr-goods.example,45-54,£150k+,US,Illinois,Chicago,CEO,Director or above,Executive,1,True,0.96
ava.murphy@oldfield-industries.example,35-44,£100k-£150k,UK,Yorkshire,Leeds,Head of Marketing,Manager,Marketing,1,True,0.78
ava.patel85@hotmail.example,35-44,£150k+,US,Massachusetts,Boston,Demand Gen Manager,Manager,Marketing,0,False,0.81
ava.patel@hotmail.example,35-44,£25k-£50k,DE,Hamburg,Hamburg,Demand Gen Manager,Manager,Marketing,0,True,0.72
ava.patel@norfolk-partners.example,45-54,£100k-£150k,UK,South West,Bristol,Managing Director,Director or above,Executive,5,True,0.92
ava.roberts@greystone-systems.example,25-34,£25k-£50k,US,Washington,Seattle,Analyst,Individual contributor,Operations,3,True,0.84
ava.schmidt@granite-manufacturing.example,45-54,£25k-£50k,US,California,San Francisco,Sales Manager,Manager,Sales,5,True,0.79
ava.scott@highgate-stores.example,35-44,£150k+,US,California,San Francisco,Chief Revenue Officer,Director or above,Executive,0,True,0.89
ava.scott@yahoo.example,25-34,£50k-£100k,UK,North West,Manchester,Operations Manager,Manager,Operations,0,True,0.67
ava.taylor@greystone-accountants.example,18-24,under £25k,UK,North West,Manchester,Marketing Coordinator,Individual contributor,Marketing,5,True,0.95
ava.taylor@juniper-tutors.example,25-34,£25k-£50k,DE,Bavaria,Munich,Marketing Coordinator,Individual contributor,Marketing,3,False,0.67
ava.thompson@juniper-capital.example,25-34,£50k-£100k,UK,North West,Manchester,Demand Gen Manager,Manager,Marketing,1,False,0.61
ava.thompson@keystone-care.example,35-44,£150k+,DE,Hesse,Frankfurt,CEO,Director or above,Executive,9,True,0.74
ava.walker@gmail.example,25-34,£50k-£100k,DE,Hesse,Frankfurt,Head of Growth,Manager,Marketing,3,False,0.71
ava.weber@bluebell-components.example,35-44,£50k-£100k,FR,Auvergne-Rhone-Alpes,Lyon,Sales Manager,Manager,Sales,1,False,0.79
ava.weber@hotmail.example,18-24,under £25k,US,Massachusetts,Boston,Student,Student,Student,0,True,0.81
ava.white@hotmail.example,55-64,£50k-£100k,FR,Auvergne-Rhone-Alpes,Lyon,Director of Sales,Director or above,Sales,0,True,0.7
ava.white@jasper-goods.example,18-24,under £25k,US,Texas,Austin,Assistant,Individual contributor,Operations,1,False,0.86
ava.williams@riverside-consulting.example,18-24,£25k-£50k,US,Washington,Seattle,Marketing Executive,Individual contributor,Marketing,3,False,0.8
ava.williams@saltmarsh-medical.example,25-34,£50k-£100k,UK,Yorkshire,Leeds,Marketing Coordinator,Individual contributor,Marketing,4,False,0.66
ava.wilson@highgate-fabrication.example,35-44,£50k-£100k,UK,Scotland,Edinburgh,Head of Growth,Manager,Marketing,8,False,0.79
ava.wilson@larkspur-retail.example,25-34,£25k-£50k,UK,North West,Manchester,Sales Rep,Individual contributor,Sales,0,True,0.7
ava.wilson@yarrow-data.example,45-54,£25k-£50k,FR,Hauts-de-France,Lille,Sales Rep,Individual contributor,Sales,0,True,0.93
ava.wright@outlook.example,25-34,£150k+,UK,West Midlands,Birmingham,CEO,Director or above,Executive,8,True,0.86
ava9@ironbridge-medical.example,35-44,£25k-£50k,UK,West Midlands,Birmingham,Sales Manager,Manager,Sales,3,False,0.61
ava@alder-clinics.example,18-24,under £25k,NL,Utrecht,Utrecht,Student,Student,Student,0,False,0.95
ava@bluebell-components.example,55-64,£100k-£150k,FR,Ile-de-France,Paris,Chief Revenue Officer,Director or above,Executive,1,True,0.78
ava@bluebell-industries.example,35-44,£25k-£50k,UK,North West,Manchester,Marketing Coordinator,Individual contributor,Marketing,5,False,0.99
ava@bramble-learning.example,35-44,£25k-£50k,US,California,San Francisco,Head of Growth,Manager,Marketing,3,True,0.61
ava@brightwater-haulage.example,18-24,£25k-£50k,UK,Yorkshire,Leeds,Sales Rep,Individual contributor,Sales,0,False,0.96
ava@brightwater-market.example,25-34,£50k-£100k,US,California,San Francisco,Marketing Manager,Manager,Marketing,5,False,0.93
ava@cedar-learning.example,45-54,£150k+,US,Massachusetts,Boston,CEO,Director or above,Executive,4,True,0.7
ava@clearwater-insurance.example,25-34,£50k-£100k,US,Washington,Seattle,Sales Rep,Individual contributor,Sales,3,False,0.78
ava@elmstead-cloud.example,45-54,£100k-£150k,UK,West Midlands,Birmingham,Chief Revenue Officer,Director or above,Executive,2,True,0.8
ava@emberly-digital.example,55-64,£100k-£150k,UK,North West,Manchester,CEO,Director or above,Executive,0,True,0.74
ava@evergreen-logistics.example,18-24,£25k-£50k,UK,Yorkshire,Leeds,Marketing Executive,Individual contributor,Marketing,1,False,0.77
ava@falcon-cloud.example,35-44,£50k-£100k,UK,Scotland,Edinburgh,Sales Manager,Manager,Sales,0,True,0.78
ava@fernhill-associates.example,45-54,£100k-£150k,UK,Scotland,Edinburgh,VP Marketing,Director or above,Marketing,4,True,0.64
ava@granite-advisory.example,18-24,£25k-£50k,UK,Yorkshire,Leeds,Marketing Coordinator,Individual contributor,Marketing,2,False,0.75
ava@granite-care.example,25-34,£100k-£150k,FR,Auvergne-Rhone-Alpes,Lyon,Head of Marketing,Manager,Marketing,1,False,0.75
ava@greystone-associates.example,45-54,£150k+,US,Massachusetts,Boston,CEO,Director or above,Executive,6,True,0.76
ava@greystone-retail.example,25-34,£25k-£50k,NL,South Holland,Rotterdam,Head of Growth,Manager,Marketing,3,False,0.71
ava@ironbridge-clinics.example,25-34,£25k-£50k,US,Illinois,Chicago,Sales Manager,Manager,Sales,0,True,0.85
ava@ironbridge-medical.example,45-54,£100k-£150k,UK,West Midlands,Birmingham,CEO,Director or above,Executive,6,True,0.93
ava@kestrel-engineering.example,25-34,£100k-£150k,US,New York,New York,Managing Director,Director or above,Executive,2,False,0.85
ava@kingsway-college.example,25-34,£50k-£100k,US,New York,New York,Analyst,Individual contributor,Operations,1,False,0.6
ava@lindenwood-components.example,25-34,£50k-£100k,UK,Scotland,Edinburgh,Head of Growth,Manager,Marketing,10,True,0.72
ava@nimbus-freight.example,25-34,£50k-£100k,US,Texas,Austin,Sales Rep,Individual contributor,Sales,5,False,0.72
ava@norfolk-digital.example,45-54,£50k-£100k,DE,Berlin,Berlin,Sales Manager,Manager,Sales,7,False,0.83
ava@northwind-market.example,35-44,£25k-£50k,DE,Berlin,Berlin,Assistant,Individual contributor,Operations,1,False,0.84
ava@pebble-dental.example,35-44,£100k-£150k,US,Illinois,Chicago,CEO,Director or above,Executive,6,True,0.64
ava@quartz-stores.example,35-44,£50k-£100k,US,New York,New York,Analyst,Individual contributor,Operations,2,False,0.69
ava@redwood-components.example,35-44,£50k-£100k,DE,Hamburg,Hamburg,Head of Marketing,Manager,Marketing,0,False,0.84
ava@riverside-associates.example,35-44,£25k-£50k,UK,Yorkshire,Leeds,Head of Growth,Manager,Marketing,5,False,0.74
ava@saltmarsh-cloud.example,25-34,under £25k,DE,Bavaria,Munich,Marketing Coordinator,Individual contributor,Marketing,5,True,0.81
ava@saltmarsh-engineering.example,35-44,£150k+,US,Washington,Seattle,Chief Revenue Officer,Director or above,Executive,4,True,0.66
ava@tamarind-digital.example,45-54,£150k+,US,New York,New York,Founder,Director or above,Executive,1,True,0.95
ava@thornbury-haulage.example,25-34,£50k-£100k,UK,Yorkshire,Leeds,Head of Growth,Manager,Marketing,0,False,0.78
ava@thornbury-transport.example,45-54,£150k+,US,Texas,Austin,Director of Sales,Director or above,Sales,2,True,0.7
ava@willow-learning.example,18-24,£100k-£150k,UK,Yorkshire,Leeds,Head of Growth,Manager,Marketing,1,False,0.92
ava@yarrow-digital.example,18-24,£25k-£50k,UK,West Midlands,Birmingham,Sales Rep,Individual contributor,Sales,1,True,0.84
avadubois96@icloud.example,35-44,£25k-£50k,US,Washington,Seattle,Operations Manager,Manager,Operations,4,True,0.84
avagreen68@hotmail.example,18-24,£25k-£50k,UK,London,London,Analyst,Individual contributor,Operations,3,False,0.86
avalewis88@gmail.example,25-34,£100k-£150k,DE,Berlin,Berlin,Operations Manager,Manager,Operations,0,True,0.69
avaroberts97@icloud.example,35-44,£100k-£150k,DE,Bavaria,Munich,Marketing Director,Director or above,Marketing,3,False,0.71
avasmith58@hotmail.example,25-34,£25k-£50k,NL,North Brabant,Eindhoven,Marketing Executive,Individual contributor,Marketing,3,False,0.89
avataylor77@gmail.example,35-44,£100k-£150k,FR,Ile-de-France,Paris,Managing Director,Director or above,Executive,3,False,0.76
avathompson44@icloud.example,45-54,£25k-£50k,FR,Hauts-de-France,Lille,Sales Manager,Manager,Sales,7,True,0.86
avawhite43@outlook.example,25-34,£50k-£100k,UK,West Midlands,Birmingham,Operations Manager,Manager,Operations,5,False,0.84
avawhite45@gmail.example,45-54,£25k-£50k,UK,Yorkshire,Leeds,Marketing Executive,Individual contributor,Marketing,6,True,0.67
avawhite60@icloud.example,35-44,£100k-£150k,UK,South West,Bristol,VP Marketing,Director or above,Marketing,4,False,0.96
avawilson87@icloud.example,25-34,£50k-£100k,UK,West Midlands,Birmingham,Demand Gen Manager,Manager,Marketing,5,False,0.68
awalker177@hotmail.example,18-24,£25k-£50k,FR,Auvergne-Rhone-Alpes,Lyon,Assistant,Individual contributor,Operations,7,False,0.87
aweber115@yahoo.example,25-34,£25k-£50k,UK,London,London,Assistant,Individual contributor,Operations,3,False,0.84
aweber577@hotmail.example,25-34,under £25k,US,Massachusetts,Boston,Assistant,Individual contributor,Operations,8,True,0.73
aweber966@gmail.example,45-54,£50k-£100k,UK,Scotland,Edinburgh,Marketing Manager,Manager,Marketing,0,False,0.95
awilliams895@icloud.example,25-34,under £25k,FR,Hauts-de-France,Lille,Student,Student,Student,0,False,0.83
awood158@yahoo.example,25-34,£150k+,DE,Hamburg,Hamburg,Managing Director,Director or above,Executive,6,False,0.77
awood651@icloud.example,45-54,£25k-£50k,UK,London,London,Sales Rep,Individual contributor,Sales,6,False,0.95
awright204@outlook.example,25-34,£25k-£50k,US,California,San Francisco,Sales Rep,Individual contributor,Sales,1,False,0.93
ayoung025@yahoo.example,25-34,£50k-£100k,US,Washington,Seattle,Assistant,Individual contributor,Operations,2,True,0.6
b.anderson@jasper-shipping.example,25-34,£25k-£50k,US,Illinois,Chicago,Analyst,Individual contributor,Operations,4,False,0.86
b.anderson@oldfield-tutors.example,18-24,£50k-£100k,US,Illinois,Chicago,Analyst,Individual contributor,Operations,0,False,0.63
b.baker@bluebell-care.example,18-24,£25k-£50k,UK,London,London,Analyst,Individual contributor,Operations,7,False,0.72
b.baker@brightwater-engineering.example,45-54,£50k-£100k,US,Massachusetts,Boston,Marketing Manager,Manager,Marketing,2,False,0.98
b.brown@clearwater-pharma.example,35-44,£100k-£150k,UK,London,London,Operations Manager,Manager,Operations,2,False,0.76
b.brown@moorland-digital.example,55-64,£50k-£100k,UK,North West,Manchester,Managing Director,Director or above,Executive,5,True,0.88
b.clarke@emberly-industries.example,35-44,£100k-£150k,FR,Auvergne-Rhone-Alpes,Lyon,Director of Sales,Director or above,Sales,0,False,0.69
b.devries@ivywood-systems.example,25-34,£25k-£50k,UK,Scotland,Edinburgh,Sales Rep,Individual contributor,Sales,4,False,0.94
b.dubois@orchard-retail.example,25-34,£50k-£100k,NL,Utrecht,Utrecht,Operations Manager,Manager,Operations,0,False,0.9
b.garcia@greystone-accountants.example,25-34,£25k-£50k,UK,West Midlands,Birmingham,Demand Gen Manager,Manager,Marketing,3,True,0.83
b.garcia@nettlefield-manufacturing.example,25-34,under £25k,FR,Auvergne-Rhone-Alpes,Lyon,Sales Rep,Individual contributor,Sales,3,False,0.85
b.green@fernhill-trading.example,25-34,£50k-£100k,NL,North Holland,Amsterdam,Demand Gen Manager,Manager,Marketing,1,False,0.66
b.hall@driftwood-haulage.example,35-44,£50k-£100k,US,Texas,Austin,CEO,Director or above,Executive,2,True,0.94
b.hall@yarrow-couriers.example,25-34,£50k-£100k,NL,South Holland,Rotterdam,Head of Marketing,Manager,Marketing,0,False,0.69
b.hughes@redwood-associates.example,45-54,£150k+,FR,Ile-de-France,Paris,Founder,Director or above,Executive,1,True,0.69
b.hughes@riverside-digital.example,35-44,£100k-£150k,UK,North West,Manchester,Head of Growth,Manager,Marketing,0,False,0.95
b.jansen@lindenwood-clinics.example,35-44,£50k-£100k,US,Texas,Austin,Sales Manager,Manager,Sales,7,True,0.64
b.johnson@alder-labs.example,25-34,£50k-£100k,UK,Scotland,Edinburgh,Marketing Executive,Individual contributor,Marketing,3,False,0.62
b.khan@stonebridge-labs.example,18-24,£25k-£50k,FR,Ile-de-France,Paris,Sales Rep,Individual contributor,Sales,6,False,0.8
b.lewis@kelvin-software.example,55-64,£100k-£150k,UK,South West,Bristol,Chief Revenue Officer,Director or above,Executive,1,True,0.83
b.martin@oakridge-market.example,35-44,under £25k,DE,Berlin,Berlin,Sales Rep,Individual contributor,Sales,1,True,0.73
b.moore@westbrook-systems.example,35-44,£50k-£100k,UK,South West,Bristol,Head of Marketing,Manager,Marketing,0,True,0.75
b.murphy@umber-manufacturing.example,25-34,£100k-£150k,UK,South West,Bristol,Chief Revenue Officer,Director or above,Executive,5,False,0.77
b.roberts@kingsway-cloud.example,35-44,£25k-£50k,DE,Berlin,Berlin,Analyst,Individual contributor,Operations,0,True,0.94
b.schmidt@glenmoor-fabrication.example,25-34,£25k-£50k,UK,Scotland,Edinburgh,Assistant,Individual contributor,Operations,1,False,0.62
b.schmidt@riverside-dental.example,18-24,£25k-£50k,DE,Hesse,Frankfurt,Assistant,Individual contributor,Operations,7,False,0.71
b.scott@driftwood-learning.example,45-54,£100k-£150k,FR,Auvergne-Rhone-Alpes,Lyon,Chief Revenue Officer,Director or above,Executive,0,True,0.86
b.smith@emberly-systems.example,45-54,£50k-£100k,UK,Yorkshire,Leeds,Director of Sales,Director or above,Sales,9,False,0.94
b.smith@falcon-components.example,25-34,£50k-£100k,US,Texas,Austin,Sales Rep,Individual contributor,Sales,2,False,0.62
b.thompson@dovecote-software.example,25-34,£50k-£100k,UK,South West,Bristol,Operations Manager,Manager,Operations,10,True,0.69
b.thompson@orchard-finance.example,35-44,£25k-£50k,UK,South West,Bristol,Marketing Coordinator,Individual contributor,Marketing,3,False,0.7
b.thompson@pebble-logistics.example,25-34,under £25k,DE,Berlin,Berlin,Sales Rep,Individual contributor,Sales,2,True,0.87
b.wood@redwood-lending.example,35-44,£25k-£50k,UK,North West,Manchester,Sales Rep,Individual contributor,Sales,2,False,0.78
b.wood@tidewater-finance.example,25-34,under £25k,UK,Yorkshire,Leeds,Marketing Coordinator,Individual contributor,Marketing,1,False,0.94
b.wright@willow-transport.example,25-34,£50k-£100k,FR,Auvergne-Rhone-Alpes,Lyon,Head of Growth,Manager,Marketing,5,True,0.68
b.wright@zephyr-associates.example,25-34,£100k-£150k,UK,South West,Bristol,CEO,Director or above,Executive,2,True,0.66
b.young@kelvin-wealth.example,25-34,under £25k,NL,North Holland,Amsterdam,Analyst,Individual contributor,Operations,1,True,0.83
b.young@upland-stores.example,35-44,£50k-£100k,UK,South West,Bristol,Demand Gen Manager,Manager,Marketing,8,True,0.61
bbaker956@hotmail.example,55-64,£25k-£50k,US,Massachusetts,Boston,Sales Manager,Manager,Sales,7,True,0.81
bbernard477@icloud.example,25-34,£50k-£100k,UK,Scotland,Edinburgh,Marketing Coordinator,Individual contributor,Marketing,0,True,0.6
bbrown941@hotmail.example,25-34,£50k-£100k,FR,Ile-de-France,Paris,Sales Manager,Manager,Sales,2,True,0.68
ben.anderson@oldfield-insurance.example,35-44,£100k-£150k,NL,North Brabant,Eindhoven,Demand Gen Manager,Manager,Marketing,7,True,0.82
ben.bakker@juniper-wealth.example,35-44,£25k-£50k,US,Massachusetts,Boston,Marketing Coordinator,Individual contributor,Marketing,5,False,0.85
ben.bakker@pebble-lending.example,35-44,£25k-£50k,UK,South West,Bristol,Sales Manager,Manager,Sales,4,True,0.71
ben.bernard@cedar-legal.example,45-54,£100k-£150k,UK,South West,Bristol,Chief Revenue Officer,Director or above,Executive,1,True,0.69
ben.brown@kingsway-market.example,35-44,£25k-£50k,UK,Yorkshire,Leeds,Marketing Coordinator,Individual contributor,Marketing,1,False,0.79
ben.davies@dovecote-health.example,25-34,£50k-£100k,UK,South West,Bristol,Managing Director,Director or above,Executive,1,False,0.83
ben.davies@juniper-finance.example,25-34,£100k-£150k,US,California,San Francisco,Assistant,Individual contributor,Operations,9,False,0.76
ben.devries95@outlook.example,35-44,£50k-£100k,US,Washington,Seattle,Operations Manager,Manager,Operations,5,True,0.9
ben.devries@gmail.example,35-44,£100k-£150k,US,Massachusetts,Boston,Managing Director,Director or above,Executive,5,False,0.83
ben.evans@brightwater-learning.example,45-54,£100k-£150k,FR,Auvergne-Rhone-Alpes,Lyon,Director of Sales,Director or above,Sales,2,True,0.6
ben.evans@granite-shipping.example,45-54,£100k-£150k,DE,Bavaria,Munich,Director of Sales,Director or above,Sales,9,True,0.75
ben.evans@stonebridge-training.example,35-44,£50k-£100k,UK,Scotland,Edinburgh,CEO,Director or above,Executive,1,True,0.99
ben.garcia@aurora-trading.example,45-54,£50k-£100k,UK,South West,Bristol,Marketing Director,Director or above,Marketing,3,True,0.96
ben.green@stonebridge-industries.example,55-64,£100k-£150k,US,New York,New York,Head of Growth,Manager,Marketing,13,True,0.78
ben.johnson@juniper-tutors.example,55-64,£100k-£150k,DE,Bavaria,Munich,Founder,Director or above,Executive,10,True,0.7
ben.jones@granite-recruitment.example,35-44,£150k+,US,California,San Francisco,Sales Manager,Manager,Sales,4,False,0.84
ben.jones@larkspur-recruitment.example,18-24,under £25k,FR,Auvergne-Rhone-Alpes,Lyon,Student,Student,Student,0,False,0.87
ben.jones@meridian-tutors.example,25-34,£25k-£50k,UK,South West,Bristol,Analyst,Individual contributor,Operations,0,True,0.68
ben.khan@bluebell-college.example,25-34,£50k-£100k,US,Washington,Seattle,Marketing Coordinator,Individual contributor,Marketing,9,True,0.99
ben.khan@willow-medical.example,55-64,£100k-£150k,FR,Occitanie,Toulouse,Head of Marketing,Manager,Marketing,2,False,0.67
ben.lewis@outlook.example,35-44,£50k-£100k,US,Massachusetts,Boston,Operations Manager,Manager,Operations,0,False,0.64
ben.martin@thornbury-data.example,35-44,£100k-£150k,US,Massachusetts,Boston,Sales Manager,Manager,Sales,6,True,0.99
ben.moore@northwind-systems.example,25-34,£25k-£50k,UK,London,London,Head of Growth,Manager,Marketing,3,False,0.98
ben.muller@outlook.example,55-64,£25k-£50k,UK,London,London,Operations Manager,Manager,Operations,7,True,0.68
ben.murphy@yahoo.example,25-34,£50k-£100k,DE,Hesse,Frankfurt,Head of Growth,Manager,Marketing,1,True,0.96
ben.patel@tidewater-recruitment.example,25-34,£25k-£50k,UK,West Midlands,Birmingham,Sales Rep,Individual contributor,Sales,2,True,0.8
ben.roberts@gmail.example,18-24,under £25k,FR,Ile-de-France,Paris,Student,Student,Student,0,False,0.62
ben.roberts@harbour-wealth.example,45-54,£100k-£150k,DE,Bavaria,Munich,Head of Marketing,Manager,Marketing,5,True,0.62
ben.schmidt@quartz-trading.example,35-44,£25k-£50k,UK,South West,Bristol,Assistant,Individual contributor,Operations,1,False,0.79
ben.scott@pennine-training.example,45-54,£100k-£150k,NL,Utrecht,Utrecht,Head of Marketing,Manager,Marketing,0,True,0.6
ben.scott@stonebridge-advisory.example,35-44,£50k-£100k,NL,North Brabant,Eindhoven,Operations Manager,Manager,Operations,4,True,0.96
ben.smith@greystone-tutors.example,25-34,£25k-£50k,NL,North Brabant,Eindhoven,Marketing Coordinator,Individual contributor,Marketing,3,True,0.67
ben.taylor@alder-outfitters.example,25-34,£150k+,US,Illinois,Chicago,VP Marketing,Director or above,Marketing,4,False,0.84
ben.taylor@bramble-recruitment.example,25-34,under £25k,FR,Ile-de-France,Paris,Marketing Coordinator,Individual contributor,Marketing,3,True,0.76
ben.taylor@clearwater-education.example,35-44,£50k-£100k,US,New York,New York,Marketing Manager,Manager,Marketing,4,True,0.61
ben.thompson@westbrook-college.example,18-24,£50k-£100k,US,Washington,Seattle,Sales Rep,Individual contributor,Sales,7,False,0.61
ben.weber@heron-academy.example,25-34,£50k-£100k,UK,London,London,Head of Marketing,Manager,Marketing,7,False,0.61
ben.white@dunmore-capital.example,18-24,£25k-£50k,FR,Ile-de-France,Paris,Sales Rep,Individual contributor,Sales,4,False,0.68
ben.williams@vantage-health.example,25-34,£25k-£50k,US,Washington,Seattle,Analyst,Individual contributor,Operations,2,False,0.77
ben.williams@yahoo.example,55-64,£50k-£100k,UK,North West,Manchester,VP Marketing,Director or above,Marketing,0,True,0.72
ben.wilson@yahoo.example,35-44,£150k+,UK,West Midlands,Birmingham,Director of Sales,Director or above,Sales,1,False,0.62
ben.wood@glenmoor-outfitters.example,25-34,£50k-£100k,NL,South Holland,Rotterdam,Sales Rep,Individual contributor,Sales,2,True,0.68
ben.wood@greystone-training.example,65+,£100k-£150k,NL,North Brabant,Eindhoven,Founder,Director or above,Executive,3,False,0.73
ben.wood@nettlefield-medical.example,35-44,£150k+,DE,Hesse,Frankfurt,Director of Sales,Director or above,Sales,4,False,0.84
ben.wright@nimbus-works.example,25-34,£150k+,US,Illinois,Chicago,Marketing Director,Director or above,Marketing,2,False,0.85
ben@alder-clinics.example,25-34,£50k-£100k,NL,Utrecht,Utrecht,Head of Growth,Manager,Marketing,4,False,0.78
ben@aurora-systems.example,35-44,£100k-£150k,US,Washington,Seattle,Founder,Director or above,Executive,6,True,0.67
ben@beacon-wealth.example,35-44,£50k-£100k,UK,North West,Manchester,Head of Growth,Manager,Marketing,1,False,0.74
ben@cedar-associates.example,25-34,£25k-£50k,UK,Yorkshire,Leeds,Marketing Manager,Manager,Marketing,1,False,0.86
ben@elmstead-stores.example,25-34,£25k-£50k,FR,Occitanie,Toulouse,Marketing Manager,Manager,Marketing,2,False,0.66
ben@emberly-dental.example,45-54,£50k-£100k,UK,West Midlands,Birmingham,Managing Director,Director or above,Executive,1,True,0.6
ben@evergreen-logistics.example,45-54,£50k-£100k,UK,Yorkshire,Leeds,Marketing Manager,Manager,Marketing,1,False,0.91
ben@foxglove-training.example,25-34,£25k-£50k,US,Washington,Seattle,Sales Rep,Individual contributor,Sales,4,False,0.64
ben@glenmoor-components.example,25-34,£100k-£150k,UK,North West,Manchester,Managing Director,Director or above,Executive,1,True,0.71
ben@greystone-medical.example,55-64,£100k-£150k,UK,Scotland,Edinburgh,VP Marketing,Director or above,Marketing,1,True,0.87
ben@harbour-recruitment.example,35-44,£50k-£100k,UK,Yorkshire,Leeds,Chief Revenue Officer,Director or above,Executive,4,True,0.96
ben@ironbridge-manufacturing.example,45-54,£25k-£50k,UK,South West,Bristol,Demand Gen Manager,Manager,Marketing,1,True,0.92
ben@ivywood-works.example,45-54,£100k-£150k,UK,North West,Manchester,Marketing Director,Director or above,Marketing,4,True,0.98
ben@jasper-lending.example,25-34,£100k-£150k,US,Washington,Seattle,Operations Manager,Manager,Operations,0,False,0.71
ben@jasper-tutors.example,18-24,under £25k,US,Texas,Austin,Student,Student,Student,0,False,0.99
ben@juniper-lending.example,25-34,£100k-£150k,UK,North West,Manchester,Head of Growth,Manager,Marketing,2,False,0.73
ben@kelvin-retail.example,25-34,£50k-£100k,NL,Utrecht,Utrecht,Marketing Coordinator,Individual contributor,Marketing,3,True,0.76
ben@keystone-advisory.example,35-44,£100k-£150k,NL,North Brabant,Eindhoven,CEO,Director or above,Executive,0,True,0.72
ben@keystone-digital.example,35-44,£50k-£100k,US,California,San Francisco,Operations Manager,Manager,Operations,1,False,0.61
ben@kingsway-finance.example,18-24,£25k-£50k,US,Texas,Austin,Marketing Coordinator,Individual contributor,Marketing,4,False,0.69
ben@lantern-medical.example,25-34,£25k-£50k,UK,Scotland,Edinburgh,Marketing Manager,Manager,Marketing,3,True,0.61
ben@moorland-health.example,25-34,£100k-£150k,UK,South West,Bristol,Head of Growth,Manager,Marketing,0,False,0.95
ben@moorland-legal.example,25-34,£100k-£150k,US,Texas,Austin,CEO,Director or above,Executive,4,False,0.79
ben@nettlefield-finance.example,45-54,£50k-£100k,NL,North Holland,Amsterdam,Sales Manager,Manager,Sales,0,True,0.61
ben@nettlefield-health.example,35-44,£50k-£100k,UK,North West,Manchester,Marketing Coordinator,Individual contributor,Marketing,3,False,0.69
ben@pennine-finance.example,35-44,£50k-£100k,UK,Scotland,Edinburgh,Demand Gen Manager,Manager,Marketing,5,False,0.88
ben@quartz-outfitters.example,35-44,£100k-£150k,US,Texas,Austin,Marketing Director,Director or above,Marketing,3,True,0.74
ben@redwood-education.example,35-44,under £25k,NL,North Holland,Amsterdam,Analyst,Individual contributor,Operations,5,False,0.96
ben@riverside-training.example,35-44,£25k-£50k,NL,Utrecht,Utrecht,Analyst,Individual contributor,Operations,7,False,0.74
ben@rosewood-couriers.example,55-64,£100k-£150k,NL,South Holland,Rotterdam,Founder,Director or above,Executive,0,False,0.7
ben@rosewood-learning.example,55-64,£150k+,NL,South Holland,Rotterdam,Founder,Director or above,Executive,3,True,0.71
ben@saltmarsh-medical.example,35-44,£50k-£100k,UK,North West,Manchester,Head of Marketing,Manager,Marketing,7,True,0.75
ben@saltmarsh-software.example,25-34,£25k-£50k,UK,South West,Bristol,Head of Growth,Manager,Marketing,10,False,0.82
ben@tamarind-fabrication.example,25-34,£50k-£100k,UK,North West,Manchester,Assistant,Individual contributor,Operations,6,False,0.7
ben@umber-data.example,35-44,£50k-£100k,DE,Berlin,Berlin,Head of Growth,Manager,Marketing,8,True,0.92
ben@umber-manufacturing.example,25-34,£50k-£100k,UK,North West,Manchester,Assistant,Individual contributor,Operations,4,True,0.6
ben@upland-software.example,25-34,£25k-£50k,US,Illinois,Chicago,Analyst,Individual contributor,Operations,1,False,0.83
ben@vantage-academy.example,25-34,under £25k,DE,Hesse,Frankfurt,Analyst,Individual contributor,Operations,4,False,0.86
ben@yarrow-industries.example,25-34,£50k-£100k,US,Texas,Austin,Marketing Executive,Individual contributor,Marketing,1,True,0.83
bengarcia09@gmail.example,35-44,£50k-£100k,UK,Yorkshire,Leeds,Demand Gen Manager,Manager,Marketing,0,False,0.6
bengreen51@gmail.example,35-44,£25k-£50k,US,Texas,Austin,Marketing Coordinator,Individual contributor,Marketing,0,True,0.98
benmurphy34@icloud.example,35-44,£50k-£100k,FR,Occitanie,Toulouse,Sales Manager,Manager,Sales,3,True,0.62
benpatel20@yahoo.example,25-34,£50k-£100k,US,Illinois,Chicago,Demand Gen Manager,Manager,Marketing,2,True,0.98
benscott93@icloud.example,18-24,under £25k,DE,Hesse,Frankfurt,Student,Student,Student,0,False,0.94
benthompson36@yahoo.example,25-34,£100k-£150k,UK,North West,Manchester,Founder,Director or above,Executive,2,False,0.82
benwalker66@gmail.example,35-44,£150k+,US,California,San Francisco,Operations Manager,Manager,Operations,2,True,0.7
benweber76@gmail.example,35-44,£50k-£100k,US,Texas,Austin,Operations Manager,Manager,Operations,4,True,0.63
benwhite21@gmail.example,25-34,£50k-£100k,FR,Hauts-de-France,Lille,Head of Marketing,Manager,Marketing,2,False,0.66
benwright97@hotmail.example,25-34,£25k-£50k,UK,Yorkshire,Leeds,Marketing Executive,Individual contributor,Marketing,0,False,0.93
bgarcia391@hotmail.example,25-34,£25k-£50k,US,Washington,Seattle,Analyst,Individual contributor,Operations,1,False,0.95
bhughes942@hotmail.example,25-34,£100k-£150k,DE,Berlin,Berlin,Demand Gen Manager,Manager,Marketing,2,False,0.71
bjones936@yahoo.example,45-54,£100k-£150k,UK,Yorkshire,Leeds,Demand Gen Manager,Manager,Marketing,7,False,0.63
bkhan864@yahoo.example,45-54,£100k-£150k,UK,Scotland,Edinburgh,CEO,Director or above,Executive,0,False,0.8
bthompson513@hotmail.example,35-44,£25k-£50k,FR,Occitanie,Toulouse,Head of Growth,Manager,Marketing,1,False,0.78
bwalker600@icloud.example,35-44,£50k-£100k,UK,North West,Manchester,Marketing Manager,Manager,Marketing,4,True,0.82
bwilliams735@outlook.example,18-24,under £25k,FR,Occitanie,Toulouse,Student,Student,Student,0,True,0.6
c.anderson@greystone-care.example,25-34,£50k-£100k,NL,South Holland,Rotterdam,Operations Manager,Manager,Operations,2,False,0.89
c.baker@bluebell-training.example,35-44,£100k-£150k,UK,London,London,Marketing Director,Director or above,Marketing,6,False,0.84
c.baker@brightwater-engineering.example,18-24,under £25k,US,Washington,Seattle,Marketing Executive,Individual contributor,Marketing,1,False,0.98
c.baker@glenmoor-advisory.example,25-34,£50k-£100k,UK,London,London,Operations Manager,Manager,Operations,10,True,0.98
c.baker@hawthorn-fabrication.example,65+,£150k+,UK,Scotland,Edinburgh,Chief Revenue Officer,Director or above,Executive,3,False,0.97
c.bernard@glenmoor-recruitment.example,45-54,£100k-£150k,UK,Scotland,Edinburgh,Founder,Director or above,Executive,3,False,0.9
c.bernard@granite-accountants.example,35-44,£50k-£100k,UK,Scotland,Edinburgh,Head of Growth,Manager,Marketing,13,False,0.89
c.bernard@ironbridge-finance.example,45-54,£100k-£150k,US,Massachusetts,Boston,Marketing Director,Director or above,Marketing,2,True,0.85
c.bernard@jasper-accountants.example,18-24,£25k-£50k,DE,Bavaria,Munich,Analyst,Individual contributor,Operations,2,True,0.88
c.bernard@redwood-education.example,25-34,£50k-£100k,NL,South Holland,Rotterdam,Head of Marketing,Manager,Marketing,3,True,0.81
c.bernard@yarrow-goods.example,18-24,£25k-£50k,UK,London,London,Analyst,Individual contributor,Operations,0,False,0.87
c.brown@aurora-software.example,25-34,under £25k,DE,Hamburg,Hamburg,Marketing Executive,Individual contributor,Marketing,0,False,0.71
c.brown@cedar-cloud.example,25-34,£50k-£100k,UK,Yorkshire,Leeds,Marketing Manager,Manager,Marketing,0,False,0.62
c.clarke@bramble-partners.example,25-34,£100k-£150k,US,New York,New York,Operations Manager,Manager,Operations,5,True,0.95
c.davies@keystone-medical.example,35-44,£100k-£150k,UK,London,London,Founder,Director or above,Executive,4,True,0.73
c.devries@brightwater-couriers.example,55-64,£100k-£150k,UK,Scotland,Edinburgh,Marketing Director,Director or above,Marketing,2,True,0.98
c.dubois@falcon-retail.example,35-44,£50k-£100k,UK,South West,Bristol,Head of Growth,Manager,Marketing,2,True,0.91
c.dubois@vantage-software.example,35-44,£25k-£50k,UK,South West,Bristol,Head of Marketing,Manager,Marketing,3,True,0.62
c.dubois@yarrow-outfitters.example,35-44,£25k-£50k,US,Texas,Austin,Assistant,Individual contributor,Operations,2,True,0.81
c.dubois@zephyr-tutors.example,25-34,under £25k,DE,Bavaria,Munich,Assistant,Individual contributor,Operations,3,False,0.84
c.garcia@driftwood-labs.example,35-44,£50k-£100k,NL,South Holland,Rotterdam,VP Marketing,Director or above,Marketing,1,False,0.87
c.garcia@norfolk-accountants.example,45-54,£100k-£150k,NL,Utrecht,Utrecht,Head of Marketing,Manager,Marketing,1,False,0.66
c.garcia@zephyr-medical.example,35-44,£25k-£50k,DE,Bavaria,Munich,Marketing Manager,Manager,Marketing,0,True,0.63
c.green@ashford-insurance.example,55-64,£100k-£150k,NL,South Holland,Rotterdam,Managing Director,Director or above,Executive,12,True,0.65
c.green@orchard-learning.example,25-34,£25k-£50k,NL,South Holland,Rotterdam,Assistant,Individual contributor,Operations,0,False,0.62
c.hall@kingsway-dental.example,25-34,£50k-£100k,FR,Occitanie,Toulouse,Analyst,Individual contributor,Operations,0,True,0.62
c.hall@lantern-education.example,45-54,£50k-£100k,UK,West Midlands,Birmingham,Head of Growth,Manager,Marketing,4,True,0.61
c.hall@vantage-components.example,25-34,£25k-£50k,US,Illinois,Chicago,Sales Rep,Individual contributor,Sales,0,True,0.78
c.hughes@bluebell-market.example,18-24,£25k-£50k,DE,Bavaria,Munich,Sales Rep,Individual contributor,Sales,0,False,0.65
c.hughes@upland-data.example,18-24,£25k-£50k,FR,Hauts-de-France,Lille,Demand Gen Manager,Manager,Marketing,2,False,0.88
c.hughes@willow-consulting.example,25-34,£50k-£100k,UK,London,London,Marketing Executive,Individual contributor,Marketing,6,True,0.64
c.hughes@willow-recruitment.example,25-34,£100k-£150k,US,New York,New York,Sales Rep,Individual contributor,Sales,3,False,0.64
c.jansen@norfolk-dental.example,35-44,£50k-£100k,UK,Yorkshire,Leeds,Marketing Manager,Manager,Marketing,15,False,0.92
c.jansen@quayside-pharma.example,35-44,£25k-£50k,FR,Auvergne-Rhone-Alpes,Lyon,Sales Manager,Manager,Sales,6,False,0.92
c.jones@driftwood-couriers.example,35-44,£100k-£150k,US,California,San Francisco,Operations Manager,Manager,Operations,3,False,0.73
c.jones@harbour-labs.example,35-44,£100k-£150k,US,Illinois,Chicago,Head of Growth,Manager,Marketing,0,False,0.67
c.jones@lantern-fabrication.example,45-54,£50k-£100k,NL,North Brabant,Eindhoven,Marketing Manager,Manager,Marketing,1,False,0.9
c.jones@moorland-recruitment.example,25-34,£50k-£100k,US,California,San Francisco,Operations Manager,Manager,Operations,5,False,0.76
c.jones@pinecrest-partners.example,18-24,£25k-£50k,FR,Ile-de-France,Paris,Marketing Executive,Individual contributor,Marketing,6,False,0.69
c.king@marigold-stores.example,55-64,£100k-£150k,DE,Hamburg,Hamburg,Founder,Director or above,Executive,2,False,0.67
c.king@meridian-capital.example,25-34,£100k-£150k,US,New York,New York,Marketing Coordinator,Individual contributor,Marketing,3,False,0.78
c.king@oakridge-learning.example,25-34,£50k-£100k,US,Illinois,Chicago,Marketing Executive,Individual contributor,Marketing,1,True,0.92
c.lewis@stonebridge-care.example,35-44,£25k-£50k,UK,London,London,Analyst,Individual contributor,Operations,10,True,0.96
c.martin@oldfield-medical.example,35-44,£150k+,NL,South Holland,Rotterdam,Marketing Director,Director or above,Marketing,3,True,0.72
c.martin@redwood-goods.example,35-44,£50k-£100k,UK,West Midlands,Birmingham,Marketing Executive,Individual contributor,Marketing,0,False,0.94
c.miller@ivywood-clinics.example,35-44,£50k-£100k,US,California,San Francisco,Analyst,Individual contributor,Operations,3,True,0.99
c.miller@pennine-pharma.example,45-54,£50k-£100k,UK,London,London,Director of Sales,Director or above,Sales,4,False,0.86
c.miller@quartz-accountants.example,35-44,£150k+,UK,Yorkshire,Leeds,Director of Sales,Director or above,Sales,1,False,0.63
c.moore@driftwood-shipping.example,25-34,under £25k,DE,Hamburg,Hamburg,Marketing Coordinator,Individual contributor,Marketing,3,False,0.9
c.moore@hawthorn-wealth.example,35-44,£100k-£150k,US,Illinois,Chicago,Head of Marketing,Manager,Marketing,0,False,0.64
c.moore@keystone-associates.example,35-44,£100k-£150k,UK,London,London,Operations Manager,Manager,Operations,0,True,0.72
c.moore@kingsway-freight.example,35-44,£100k-£150k,UK,Scotland,Edinburgh,Demand Gen Manager,Manager,Marketing,3,False,0.75
c.moore@meridian-finance.example,55-64,£100k-£150k,US,Illinois,Chicago,Director of Sales,Director or above,Sales,1,True,0.72
c.moore@pennine-recruitment.example,35-44,£50k-£100k,UK,South West,Bristol,Demand Gen Manager,Manager,Marketing,2,True,0.63
c.muller@hawthorn-stores.example,45-54,£25k-£50k,NL,North Brabant,Eindhoven,Marketing Manager,Manager,Marketing,6,True,0.82
c.murphy@upland-capital.example,35-44,£100k-£150k,US,Massachusetts,Boston,Demand Gen Manager,Manager,Marketing,2,True,0.8
c.murphy@upland-insurance.example,45-54,£150k+,DE,Hesse,Frankfurt,CEO,Director or above,Executive,4,True,0.7
c.patel@pennine-college.example,25-34,£25k-£50k,DE,Hamburg,Hamburg,Marketing Coordinator,Individual contributor,Marketing,1,False,0.81
c.roberts@lantern-education.example,35-44,£25k-£50k,UK,London,London,Head of Growth,Manager,Marketing,3,True,0.89
c.schmidt@ironbridge-care.example,25-34,£25k-£50k,UK,Yorkshire,Leeds,Sales Rep,Individual contributor,Sales,2,False,0.82
c.schmidt@ivywood-finance.example,18-24,£25k-£50k,FR,Occitanie,Toulouse,Assistant,Individual contributor,Operations,6,True,0.73
c.schmidt@northwind-associates.example,25-34,under £25k,DE,Hesse,Frankfurt,Assistant,Individual contributor,Operations,5,True,0.73
c.schmidt@riverside-legal.example,25-34,£25k-£50k,FR,Occitanie,Toulouse,Analyst,Individual contributor,Operations,1,False,0.86
c.smith@ironbridge-couriers.example,35-44,£150k+,US,Washington,Seattle,Founder,Director or above,Executive,6,True,0.88
c.smith@moorland-care.example,35-44,£100k-£150k,UK,North West,Manchester,Chief Revenue Officer,Director or above,Executive,1,False,0.93
c.taylor@kestrel-outfitters.example,25-34,£25k-£50k,NL,South Holland,Rotterdam,Analyst,Individual contributor,Operations,5,True,0.95
c.taylor@oldfield-digital.example,45-54,£50k-£100k,UK,South West,Bristol,Demand Gen Manager,Manager,Marketing,0,False,0.61
c.taylor@vantage-accountants.example,25-34,£50k-£100k,FR,Hauts-de-France,Lille,Chief Revenue Officer,Director or above,Executive,7,True,0.69
c.walker@bramble-components.example,25-34,£50k-£100k,US,New York,New York,Marketing Coordinator,Individual contributor,Marketing,7,True,0.86
c.walker@stonebridge-consulting.example,18-24,£25k-£50k,NL,South Holland,Rotterdam,Marketing Executive,Individual contributor,Marketing,0,False,0.95
c.weber@clearwater-market.example,45-54,£100k-£150k,DE,Berlin,Berlin,Head of Growth,Manager,Marketing,6,False,0.97
c.weber@kestrel-finance.example,18-24,£50k-£100k,US,New York,New York,Marketing Executive,Individual contributor,Marketing,1,False,0.78
c.weber@lantern-stores.example,18-24,£25k-£50k,US,Washington,Seattle,Student,Student,Student,0,True,0.67
c.white@larkspur-logistics.example,18-24,£50k-£100k,US,Texas,Austin,Analyst,Individual contributor,Operations,1,True,0.95
c.white@moorland-education.example,35-44,£50k-£100k,UK,South West,Bristol,Head of Growth,Manager,Marketing,11,True,0.67
c.white@pebble-wealth.example,18-24,under £25k,UK,South West,Bristol,Analyst,Individual contributor,Operations,0,True,0.68
c.white@zephyr-finance.example,35-44,£25k-£50k,UK,South West,Bristol,Head of Marketing,Manager,Marketing,2,False,0.82
c.wilson@elmstead-clinics.example,35-44,£50k-£100k,FR,Occitanie,Toulouse,Marketing Manager,Manager,Marketing,5,True,0.79
c.wilson@yarrow-manufacturing.example,35-44,£50k-£100k,UK,South West,Bristol,Operations Manager,Manager,Operations,3,False,0.63
c.wright@elmstead-health.example,18-24,£50k-£100k,DE,Berlin,Berlin,Demand Gen Manager,Manager,Marketing,1,False,0.86
c.wright@juniper-trading.example,35-44,£150k+,US,Massachusetts,Boston,Director of Sales,Director or above,Sales,3,False,0.61
c.wright@meridian-shipping.example,35-44,£150k+,NL,South Holland,Rotterdam,Managing Director,Director or above,Executive,3,True,0.99
c.wright@nimbus-haulage.example,25-34,£150k+,US,New York,New York,Marketing Director,Director or above,Marketing,3,False,0.61
c.wright@rosewood-couriers.example,45-54,£100k-£150k,NL,Utrecht,Utrecht,Demand Gen Manager,Manager,Marketing,1,False,0.82
c.young@kingsway-market.example,25-34,£25k-£50k,UK,Scotland,Edinburgh,Assistant,Individual contributor,Operations,2,True,0.86
camille.anderson@fernhill-recruitment.example,35-44,£50k-£100k,UK,North West,Manchester,Head of Growth,Manager,Marketing,5,True,0.87
camille.baker@greystone-medical.example,18-24,under £25k,UK,London,London,Student,Student,Student,0,False,0.67
camille.baker@keystone-academy.example,25-34,£100k-£150k,UK,West Midlands,Birmingham,VP Marketing,Director or above,Marketing,0,True,0.86
camille.bakker@yahoo.example,25-34,£25k-£50k,US,Washington,Seattle,Demand Gen Manager,Manager,Marketing,4,False,0.83
camille.bernard@gmail.example,25-34,£50k-£100k,UK,North West,Manchester,Marketing Coordinator,Individual contributor,Marketing,3,False,0.84
camille.bernard@greystone-industries.example,35-44,£100k-£150k,UK,West Midlands,Birmingham,Founder,Director or above,Executive,0,False,0.7
camille.bernard@yarrow-outfitters.example,25-34,£25k-£50k,US,Illinois,Chicago,Assistant,Individual contributor,Operations,3,True,0.73
camille.brown@ivywood-industries.example,25-34,under £25k,NL,Utrecht,Utrecht,Sales Rep,Individual contributor,Sales,7,False,0.68
camille.brown@kestrel-works.example,35-44,£100k-£150k,UK,Scotland,Edinburgh,Managing Director,Director or above,Executive,1,False,0.73
camille.brown@redwood-finance.example,25-34,£50k-£100k,US,Illinois,Chicago,Head of Marketing,Manager,Marketing,1,False,0.93
camille.clarke@ashford-freight.example,45-54,£100k-£150k,FR,Ile-de-France,Paris,Marketing Director,Director or above,Marketing,5,False,0.76
camille.clarke@icloud.example,45-54,£50k-£100k,US,Illinois,Chicago,Sales Manager,Manager,Sales,1,True,0.73
camille.davies@falcon-components.example,18-24,£25k-£50k,US,California,San Francisco,Marketing Coordinator,Individual contributor,Marketing,2,False,0.73
camille.davies@kelvin-digital.example,45-54,£50k-£100k,NL,North Holland,Amsterdam,Head of Marketing,Manager,Marketing,2,False,0.73
camille.devries@kelvin-tutors.example,25-34,£25k-£50k,NL,South Holland,Rotterdam,Sales Rep,Individual contributor,Sales,2,False,0.69
camille.devries@westbrook-outfitters.example,25-34,under £25k,FR,Occitanie,Toulouse,Analyst,Individual contributor,Operations,6,True,0.84
camille.dubois@dovecote-labs.example,25-34,£100k-£150k,US,Washington,Seattle,Managing Director,Director or above,Executive,5,False,0.8
camille.garcia@larkspur-data.example,25-34,under £25k,US,Texas,Austin,Sales Rep,Individual contributor,Sales,2,True,0.8
camille.green@oakridge-outfitters.example,25-34,£25k-£50k,UK,North West,Manchester,Analyst,Individual contributor,Operations,9,True,0.69
camille.green@pinecrest-health.example,25-34,under £25k,NL,North Holland,Amsterdam,Marketing Coordinator,Individual contributor,Marketing,6,True,0.67
camille.hall@elmstead-college.example,55-64,£100k-£150k,US,Illinois,Chicago,VP Marketing,Director or above,Marketing,0,True,0.98
camille.hughes@marigold-finance.example,25-34,£100k-£150k,DE,Hesse,Frankfurt,Demand Gen Manager,Manager,Marketing,0,False,0.91
camille.hughes@yahoo.example,25-34,£25k-£50k,FR,Ile-de-France,Paris,Sales Rep,Individual contributor,Sales,2,False,0.94
camille.jansen@vantage-manufacturing.example,25-34,£25k-£50k,US,Washington,Seattle,Operations Manager,Manager,Operations,1,True,0.77
camille.johnson@ashford-fabrication.example,35-44,£50k-£100k,UK,London,London,Sales Manager,Manager,Sales,5,False,0.97
camille.jones@ashford-logistics.example,45-54,£50k-£100k,DE,Hamburg,Hamburg,Demand Gen Manager,Manager,Marketing,5,True,0.93
camille.khan@cedar-works.example,35-44,£100k-£150k,US,California,San Francisco,Marketing Manager,Manager,Marketing,11,True,0.72
camille.king@kingsway-capital.example,25-34,£50k-£100k,US,Illinois,Chicago,Head of Marketing,Manager,Marketing,3,False,0.78
camille.muller@foxglove-transport.example,35-44,£25k-£50k,FR,Auvergne-Rhone-Alpes,Lyon,Marketing Executive,Individual contributor,Marketing,3,True,0.65
camille.muller@stonebridge-industries.example,55-64,£100k-£150k,US,Illinois,Chicago,Chief Revenue Officer,Director or above,Executive,2,True,0.67
camille.muller@upland-advisory.example,25-34,£25k-£50k,FR,Ile-de-France,Paris,Marketing Coordinator,Individual contributor,Marketing,2,False,0.61
camille.murphy@saltmarsh-transport.example,35-44,£100k-£150k,FR,Auvergne-Rhone-Alpes,Lyon,Marketing Director,Director or above,Marketing,3,True,0.86
camille.patel@silverline-manufacturing.example,45-54,£100k-£150k,UK,North West,Manchester,Director of Sales,Director or above,Sales,6,True,0.77
camille.roberts@stonebridge-dental.example,25-34,£50k-£100k,UK,London,London,Head of Growth,Manager,Marketing,1,False,0.66
camille.roberts@upland-haulage.example,45-54,£50k-£100k,UK,Scotland,Edinburgh,Head of Marketing,Manager,Marketing,6,True,0.89
camille.schmidt@driftwood-learning.example,45-54,£50k-£100k,FR,Ile-de-France,Paris,Sales Manager,Manager,Sales,3,False,0.99
camille.schmidt@evergreen-college.example,45-54,£100k-£150k,FR,Hauts-de-France,Lille,Founder,Director or above,Executive,0,False,0.76
camille.schmidt@hotmail.example,25-34,under £25k,US,Illinois,Chicago,Student,Student,Student,0,False,0.89
camille.schmidt@quartz-stores.example,25-34,£25k-£50k,US,Illinois,Chicago,Marketing Coordinator,Individual contributor,Marketing,2,False,0.9
camille.schmidt@silverline-freight.example,45-54,£50k-£100k,FR,Auvergne-Rhone-Alpes,Lyon,Sales Manager,Manager,Sales,2,False,0.96
camille.scott@kelvin-market.example,35-44,£150k+,US,Massachusetts,Boston,Director of Sales,Director or above,Sales,2,False,0.93
camille.scott@kingsway-finance.example,18-24,£25k-£50k,US,Washington,Seattle,Student,Student,Student,0,False,0.97
camille.smith@clearwater-wealth.example,25-34,£50k-£100k,NL,South Holland,Rotterdam,Marketing Executive,Individual contributor,Marketing,4,False,0.61
camille.smith@quartz-goods.example,35-44,£150k+,US,New York,New York,Demand Gen Manager,Manager,Marketing,1,True,0.75
camille.taylor@foxglove-digital.example,35-44,£25k-£50k,NL,North Holland,Amsterdam,Head of Growth,Manager,Marketing,3,False,0.64
camille.thompson@nettlefield-haulage.example,25-34,£25k-£50k,US,Texas,Austin,Marketing Executive,Individual contributor,Marketing,8,True,0.95
camille.thompson@pennine-couriers.example,25-34,£50k-£100k,US,California,San Francisco,Assistant,Individual contributor,Operations,2,False,0.8
camille.weber@quartz-outfitters.example,25-34,£25k-£50k,US,Illinois,Chicago,Sales Rep,Individual contributor,Sales,3,False,0.77
camille.white@foxglove-fabrication.example,25-34,£50k-£100k,FR,Auvergne-Rhone-Alpes,Lyon,Demand Gen Manager,Manager,Marketing,6,True,0.68
camille.williams@dunmore-trading.example,35-44,£100k-£150k,UK,West Midlands,Birmingham,Chief Revenue Officer,Director or above,Executive,0,True,0.88
camille.williams@keystone-labs.example,35-44,£100k-£150k,US,Illinois,Chicago,Head of Marketing,Manager,Marketing,2,False,0.84
camille.wilson@juniper-couriers.example,25-34,under £25k,UK,London,London,Sales Rep,Individual contributor,Sales,3,True,0.74
camille.wright@zephyr-freight.example,35-44,£50k-£100k,FR,Hauts-de-France,Lille,Demand Gen Manager,Manager,Marketing,11,True,0.9
camille.young@northwind-clinics.example,35-44,£100k-£150k,FR,Hauts-de-France,Lille,Head of Growth,Manager,Marketing,5,True,0.8
camille.young@yahoo.example,18-24,£50k-£100k,FR,Ile-de-France,Paris,Demand Gen Manager,Manager,Marketing,2,False,0.78
camille@alder-legal.example,45-54,£50k-£100k,NL,North Holland,Amsterdam,Marketing Manager,Manager,Marketing,2,True,0.91
camille@aurora-partners.example,35-44,£100k-£150k,UK,South West,Bristol,Chief Revenue Officer,Director or above,Executive,7,False,0.67
camille@bluebell-components.example,35-44,£100k-£150k,FR,Ile-de-France,Paris,Head of Marketing,Manager,Marketing,6,True,0.92
camille@bramble-health.example,18-24,£25k-£50k,NL,Utrecht,Utrecht,Marketing Executive,Individual contributor,Marketing,2,False,0.96
camille@dovecote-freight.example,25-34,£100k-£150k,US,Washington,Seattle,Operations Manager,Manager,Operations,2,False,0.82
camille@driftwood-components.example,25-34,£50k-£100k,DE,Hamburg,Hamburg,Head of Marketing,Manager,Marketing,1,True,0.97
camille@elmstead-capital.example,25-34,£50k-£100k,DE,Hesse,Frankfurt,Sales Rep,Individual contributor,Sales,0,False,0.8
camille@falcon-freight.example,25-34,£25k-£50k,UK,Scotland,Edinburgh,Demand Gen Manager,Manager,Marketing,2,True,0.63
camille@falcon-outfitters.example,18-24,£25k-£50k,US,New York,New York,Marketing Coordinator,Individual contributor,Marketing,4,False,0.69
camille@falcon-shipping.example,18-24,£25k-£50k,DE,Berlin,Berlin,Assistant,Individual contributor,Operations,1,False,0.6
camille@falcon-wealth.example,35-44,£150k+,US,Illinois,Chicago,Operations Manager,Manager,Operations,3,True,0.73
camille@highgate-goods.example,45-54,£50k-£100k,NL,Utrecht,Utrecht,Assistant,Individual contributor,Operations,1,True,0.96
camille@ironbridge-insurance.example,25-34,£25k-£50k,UK,West Midlands,Birmingham,Marketing Manager,Manager,Marketing,2,False,0.87
camille@kestrel-learning.example,45-54,£25k-£50k,DE,Bavaria,Munich,Marketing Manager,Manager,Marketing,2,True,0.7
camille@kingsway-engineering.example,18-24,under £25k,FR,Hauts-de-France,Lille,Sales Rep,Individual contributor,Sales,2,False,0.88
camille@lantern-academy.example,25-34,£50k-£100k,US,Texas,Austin,Assistant,Individual contributor,Operations,3,True,0.7
camille@lantern-freight.example,25-34,£50k-£100k,NL,South Holland,Rotterdam,Sales Manager,Manager,Sales,4,True,0.65
camille@lantern-manufacturing.example,45-54,£100k-£150k,US,Illinois,Chicago,Marketing Manager,Manager,Marketing,4,False,0.94
camille@meridian-finance.example,45-54,£100k-£150k,US,New York,New York,Sales Manager,Manager,Sales,10,True,0.99
camille@meridian-industries.example,25-34,£50k-£100k,UK,London,London,VP Marketing,Director or above,Marketing,7,False,0.68
camille@nettlefield-training.example,35-44,£100k-£150k,DE,Berlin,Berlin,Marketing Director,Director or above,Marketing,2,True,0.75
camille@nimbus-partners.example,18-24,£25k-£50k,UK,Scotland,Edinburgh,Marketing Executive,Individual contributor,Marketing,2,False,0.9
camille@norfolk-lending.example,45-54,£100k-£150k,DE,Hesse,Frankfurt,Marketing Manager,Manager,Marketing,4,False,0.67
camille@norfolk-training.example,45-54,£100k-£150k,UK,London,London,VP Marketing,Director or above,Marketing,2,False,0.97
camille@orchard-digital.example,45-54,£50k-£100k,US,Illinois,Chicago,Demand Gen Manager,Manager,Marketing,0,True,0.78
camille@pebble-data.example,25-34,£25k-£50k,US,California,San Francisco,Marketing Executive,Individual contributor,Marketing,3,False,0.95
camille@pebble-fabrication.example,45-54,£100k-£150k,FR,Hauts-de-France,Lille,Director of Sales,Director or above,Sales,4,True,0.93
camille@pinecrest-manufacturing.example,25-34,£25k-£50k,UK,South West,Bristol,Operations Manager,Manager,Operations,3,False,0.85
camille@pinecrest-shipping.example,25-34,£100k-£150k,US,Illinois,Chicago,Marketing Director,Director or above,Marketing,9,True,0.87
camille@quartz-college.example,18-24,£25k-£50k,FR,Occitanie,Toulouse,Student,Student,Student,0,False,0.86
camille@quartz-tutors.example,45-54,£50k-£100k,NL,North Brabant,Eindhoven,Sales Manager,Manager,Sales,5,False,0.83
camille@rosewood-clinics.example,35-44,£25k-£50k,NL,Utrecht,Utrecht,Sales Manager,Manager,Sales,4,True,0.82
camille@saltmarsh-manufacturing.example,55-64,£100k-£150k,UK,Scotland,Edinburgh,Director of Sales,Director or above,Sales,0,False,0.62
camille@silverline-engineering.example,18-24,£25k-£50k,UK,Yorkshire,Leeds,Marketing Coordinator,Individual contributor,Marketing,3,False,0.95
camille@silverline-industries.example,25-34,£50k-£100k,US,California,San Francisco,Marketing Executive,Individual contributor,Marketing,8,False,0.96
camille@silverline-stores.example,35-44,£50k-£100k,UK,South West,Bristol,Head of Marketing,Manager,Marketing,2,True,0.68
camille@stonebridge-capital.example,35-44,£100k-£150k,US,Texas,Austin,Sales Manager,Manager,Sales,7,True,0.68
camille@umber-stores.example,25-34,£25k-£50k,UK,North West,Manchester,Head of Marketing,Manager,Marketing,4,False,0.96
camille@upland-academy.example,35-44,£50k-£100k,DE,Hamburg,Hamburg,Demand Gen Manager,Manager,Marketing,3,False,0.6
camille@westbrook-haulage.example,25-34,£50k-£100k,FR,Auvergne-Rhone-Alpes,Lyon,Head of Growth,Manager,Marketing,2,True,0.98
camille@willow-engineering.example,18-24,£25k-£50k,FR,Auvergne-Rhone-Alpes,Lyon,Marketing Coordinator,Individual contributor,Marketing,5,False,0.61
camille@yarrow-clinics.example,18-24,£25k-£50k,UK,Scotland,Edinburgh,Analyst,Individual contributor,Operations,5,False,0.78
camille@yarrow-labs.example,25-34,under £25k,UK,London,London,Analyst,Individual contributor,Operations,6,True,0.89
camilleanderson90@gmail.example,55-64,£50k-£100k,UK,West Midlands,Birmingham,Managing Director,Director or above,Executive,0,False,0.68
camillebaker45@yahoo.example,55-64,£100k-£150k,UK,West Midlands,Birmingham,VP Marketing,Director or above,Marketing,3,True,0.88
camilleclarke26@outlook.example,45-54,£100k-£150k,UK,Scotland,Edinburgh,Sales Manager,Manager,Sales,0,True,0.63
camilledavies31@yahoo.example,35-44,£50k-£100k,UK,North West,Manchester,Assistant,Individual contributor,Operations,4,False,0.85
camilleking24@hotmail.example,35-44,£100k-£150k,US,Washington,Seattle,Sales Manager,Manager,Sales,2,False,0.81
camillemartin22@gmail.example,35-44,£100k-£150k,US,Washington,Seattle,Director of Sales,Director or above,Sales,3,False,0.82
camillemoore37@yahoo.example,35-44,£50k-£100k,DE,Bavaria,Munich,Head of Marketing,Manager,Marketing,1,True,0.92
camillemoore91@yahoo.example,25-34,£25k-£50k,US,Texas,Austin,Student,Student,Student,0,True,0.75
camillemuller57@icloud.example,25-34,under £25k,UK,Scotland,Edinburgh,Marketing Coordinator,Individual contributor,Marketing,4,False,0.78
camillemuller89@yahoo.example,25-34,£25k-£50k,UK,London,London,Marketing Executive,Individual contributor,Marketing,3,False,0.69
camillewalker92@gmail.example,25-34,under £25k,DE,Hesse,Frankfurt,Student,Student,Student,0,True,0.98
camillewhite74@yahoo.example,25-34,£50k-£100k,DE,Hamburg,Hamburg,Sales Rep,Individual contributor,Sales,5,True,0.88
cbakker943@gmail.example,25-34,£100k-£150k,FR,Hauts-de-France,Lille,Marketing Director,Director or above,Marketing,2,True,0.98
cdubois504@gmail.example,25-34,£50k-£100k,US,California,San Francisco,Analyst,Individual contributor,Operations,0,True,0.85
cgarcia211@outlook.example,25-34,£50k-£100k,US,Illinois,Chicago,Analyst,Individual contributor,Operations,1,True,0.92
cgarcia437@outlook.example,25-34,under £25k,UK,London,London,Student,Student,Student,0,False,0.63
cgarcia541@gmail.example,25-34,£50k-£100k,FR,Hauts-de-France,Lille,Marketing Manager,Manager,Marketing,0,False,0.76
chall466@icloud.example,25-34,£25k-£50k,UK,South West,Bristol,Marketing Coordinator,Individual contributor,Marketing,1,False,0.93
chall829@icloud.example,18-24,£50k-£100k,DE,Bavaria,Munich,Head of Growth,Manager,Marketing,0,False,0.99
chloe.baker@emberly-digital.example,25-34,£25k-£50k,UK,South West,Bristol,Marketing Coordinator,Individual contributor,Marketing,2,False,0.69
chloe.baker@meridian-haulage.example,45-54,£100k-£150k,FR,Hauts-de-France,Lille,Founder,Director or above,Executive,1,True,0.6
chloe.baker@pinecrest-systems.example,25-34,£50k-£100k,DE,Hesse,Frankfurt,Head of Marketing,Manager,Marketing,1,False,0.91
chloe.bakker@ashford-education.example,25-34,£25k-£50k,UK,West Midlands,Birmingham,Assistant,Individual contributor,Operations,4,False,0.92
chloe.bakker@jasper-market.example,25-34,£25k-£50k,UK,North West,Manchester,Assistant,Individual contributor,Operations,12,False,0.67
chloe.bernard@beacon-systems.example,25-34,under £25k,UK,West Midlands,Birmingham,Marketing Executive,Individual contributor,Marketing,2,True,0.86
chloe.bernard@kelvin-training.example,25-34,£25k-£50k,UK,South West,Bristol,Sales Manager,Manager,Sales,3,True,0.61
chloe.brown@bramble-recruitment.example,18-24,£50k-£100k,FR,Hauts-de-France,Lille,Analyst,Individual contributor,Operations,2,False,0.72
chloe.clarke@beacon-medical.example,35-44,£50k-£100k,FR,Occitanie,Toulouse,Sales Manager,Manager,Sales,1,True,0.83
chloe.clarke@icloud.example,25-34,£25k-£50k,FR,Hauts-de-France,Lille,Marketing Executive,Individual contributor,Marketing,2,False,0.6
chloe.clarke@pinecrest-haulage.example,18-24,£50k-£100k,US,New York,New York,Sales Rep,Individual contributor,Sales,6,False,0.83
chloe.davies@ivywood-accountants.example,25-34,£100k-£150k,US,California,San Francisco,Sales Rep,Individual contributor,Sales,2,True,0.98
chloe.davies@kingsway-engineering.example,25-34,£50k-£100k,FR,Ile-de-France,Paris,Operations Manager,Manager,Operations,2,False,0.64
chloe.davies@nimbus-logistics.example,25-34,£150k+,US,California,San Francisco,Sales Manager,Manager,Sales,4,False,0.79
chloe.devries@granite-advisory.example,25-34,under £25k,UK,West Midlands,Birmingham,Assistant,Individual contributor,Operations,0,True,0.83
chloe.devries@hotmail.example,45-54,under £25k,NL,North Brabant,Eindhoven,Marketing Coordinator,Individual contributor,Marketing,0,False,0.94
chloe.dubois@ashford-freight.example,25-34,£100k-£150k,FR,Occitanie,Toulouse,Marketing Manager,Manager,Marketing,2,False,0.67
chloe.dubois@ironbridge-manufacturing.example,25-34,£25k-£50k,UK,Scotland,Edinburgh,Analyst,Individual contributor,Operations,0,False,0.68
chloe.dubois@nettlefield-legal.example,45-54,£100k-£150k,NL,North Brabant,Eindhoven,Director of Sales,Director or above,Sales,0,True,0.86
chloe.evans@elmstead-stores.example,45-54,£100k-£150k,FR,Auvergne-Rhone-Alpes,Lyon,Head of Marketing,Manager,Marketing,9,True,0.69
chloe.green@hawthorn-fabrication.example,45-54,£25k-£50k,UK,North West,Manchester,Marketing Manager,Manager,Marketing,5,True,0.87
chloe.hall@jasper-engineering.example,35-44,£25k-£50k,DE,Hamburg,Hamburg,Sales Manager,Manager,Sales,6,False,0.94
chloe.hall@upland-college.example,45-54,£150k+,US,Washington,Seattle,Chief Revenue Officer,Director or above,Executive,5,True,0.8
chloe.hughes@outlook.example,35-44,£50k-£100k,NL,North Holland,Amsterdam,Demand Gen Manager,Manager,Marketing,3,False,0.6
chloe.hughes@thornbury-advisory.example,45-54,£25k-£50k,US,Illinois,Chicago,Assistant,Individual contributor,Operations,3,True,0.72
chloe.jansen@pinecrest-engineering.example,35-44,£50k-£100k,UK,North West,Manchester,Head of Growth,Manager,Marketing,10,True,0.99
chloe.jansen@yahoo.example,35-44,£100k-£150k,NL,North Holland,Amsterdam,Managing Director,Director or above,Executive,1,True,0.81
chloe.johnson@outlook.example,45-54,£150k+,FR,Occitanie,Toulouse,Founder,Director or above,Executive,2,True,0.79
chloe.jones@granite-associates.example,25-34,£150k+,DE,Bavaria,Munich,Marketing Director,Director or above,Marketing,4,True,0.94
chloe.jones@pinecrest-academy.example,25-34,£25k-£50k,FR,Ile-de-France,Paris,Marketing Coordinator,Individual contributor,Marketing,7,False,0.65
chloe.khan@aurora-partners.example,35-44,£50k-£100k,UK,West Midlands,Birmingham,VP Marketing,Director or above,Marketing,7,False,0.7
chloe.king@hotmail.example,25-34,£25k-£50k,UK,Yorkshire,Leeds,Marketing Executive,Individual contributor,Marketing,3,True,0.98
chloe.lewis@oldfield-medical.example,25-34,£25k-£50k,NL,Utrecht,Utrecht,Marketing Coordinator,Individual contributor,Marketing,14,True,0.75
chloe.lewis@thornbury-insurance.example,18-24,£25k-£50k,US,California,San Francisco,Student,Student,Student,0,False,0.95
chloe.martin@cedar-software.example,25-34,£50k-£100k,FR,Hauts-de-France,Lille,Head of Marketing,Manager,Marketing,4,True,0.89
chloe.martin@elmstead-health.example,35-44,£150k+,DE,Berlin,Berlin,Founder,Director or above,Executive,1,False,0.95
chloe.martin@norfolk-clinics.example,25-34,£25k-£50k,UK,North West,Manchester,Demand Gen Manager,Manager,Marketing,2,False,0.78
chloe.martin@silverline-college.example,35-44,£100k-£150k,US,Massachusetts,Boston,Demand Gen Manager,Manager,Marketing,1,False,0.96
chloe.moore@gmail.example,25-34,under £25k,UK,South West,Bristol,Marketing Executive,Individual contributor,Marketing,1,False,0.91
chloe.murphy@alder-academy.example,25-34,£50k-£100k,UK,West Midlands,Birmingham,Marketing Coordinator,Individual contributor,Marketing,5,False,0.65
chloe.murphy@beacon-cloud.example,25-34,£50k-£100k,NL,North Brabant,Eindhoven,Marketing Manager,Manager,Marketing,2,False,0.96
chloe.patel@glenmoor-goods.example,45-54,£150k+,US,Washington,Seattle,Founder,Director or above,Executive,7,True,0.8
chloe.schmidt@tamarind-trading.example,35-44,£25k-£50k,FR,Occitanie,Toulouse,Demand Gen Manager,Manager,Marketing,0,False,0.8
chloe.schmidt@zephyr-software.example,35-44,£50k-£100k,US,Massachusetts,Boston,CEO,Director or above,Executive,5,True,0.69
chloe.smith@gmail.example,35-44,£50k-£100k,US,Illinois,Chicago,Sales Manager,Manager,Sales,0,False,0.92
chloe.thompson@clearwater-logistics.example,35-44,£150k+,US,Massachusetts,Boston,Founder,Director or above,Executive,0,True,0.64
chloe.thompson@saltmarsh-education.example,35-44,£25k-£50k,UK,London,London,Marketing Coordinator,Individual contributor,Marketing,2,False,0.91
chloe.walker@bramble-industries.example,35-44,£25k-£50k,US,Illinois,Chicago,Founder,Director or above,Executive,1,True,0.88
chloe.walker@keystone-tutors.example,45-54,£100k-£150k,US,Washington,Seattle,Managing Director,Director or above,Executive,4,True,0.91
chloe.walker@northwind-accountants.example,55-64,£100k-£150k,UK,Scotland,Edinburgh,VP Marketing,Director or above,Marketing,4,True,0.84
chloe.weber@nimbus-labs.example,25-34,£25k-£50k,US,Texas,Austin,Marketing Coordinator,Individual contributor,Marketing,1,False,0.96
chloe.weber@vantage-learning.example,18-24,£50k-£100k,FR,Auvergne-Rhone-Alpes,Lyon,Head of Growth,Manager,Marketing,0,False,0.79
chloe.williams@glenmoor-associates.example,35-44,£25k-£50k,UK,London,London,Sales Manager,Manager,Sales,5,True,0.87
chloe.williams@gmail.example,25-34,£100k-£150k,UK,Scotland,Edinburgh,Sales Manager,Manager,Sales,1,True,0.81
chloe.williams@hawthorn-pharma.example,25-34,£25k-£50k,UK,London,London,Assistant,Individual contributor,Operations,5,True,0.75
chloe.wilson@alder-pharma.example,25-34,£100k-£150k,DE,Hesse,Frankfurt,CEO,Director or above,Executive,3,True,0.66
chloe.wood@jasper-fabrication.example,18-24,under £25k,UK,London,London,Marketing Coordinator,Individual contributor,Marketing,0,False,0.62
chloe.wright@fernhill-market.example,25-34,£50k-£100k,US,Washington,Seattle,Operations Manager,Manager,Operations,1,True,0.63
chloe.young30@yahoo.example,35-44,£50k-£100k,US,New York,New York,Marketing Director,Director or above,Marketing,12,False,0.78
chloe.young@hotmail.example,45-54,£100k-£150k,DE,Hesse,Frankfurt,Managing Director,Director or above,Executive,3,True,0.97
chloe.young@yahoo.example,55-64,£100k-£150k,UK,North West,Manchester,Director of Sales,Director or above,Sales,1,True,0.77
chloe21@thornbury-tutors.example,35-44,£50k-£100k,NL,South Holland,Rotterdam,Demand Gen Manager,Manager,Marketing,4,False,0.79
chloe33@lantern-engineering.example,35-44,£25k-£50k,DE,Hesse,Frankfurt,Marketing Coordinator,Individual contributor,Marketing,2,True,0.63
chloe@ashford-dental.example,25-34,£25k-£50k,UK,Scotland,Edinburgh,Head of Growth,Manager,Marketing,9,False,0.89
chloe@aurora-manufacturing.example,35-44,£25k-£50k,DE,Hesse,Frankfurt,Operations Manager,Manager,Operations,5,True,0.91
chloe@aurora-systems.example,25-34,under £25k,US,New York,New York,Marketing Coordinator,Individual contributor,Marketing,5,True,0.63
chloe@beacon-training.example,25-34,under £25k,UK,West Midlands,Birmingham,Sales Rep,Individual contributor,Sales,0,True,0.83
chloe@brightwater-software.example,35-44,£50k-£100k,UK,West Midlands,Birmingham,Head of Growth,Manager,Marketing,3,False,0.64
chloe@cedar-software.example,35-44,£25k-£50k,FR,Hauts-de-France,Lille,Marketing Manager,Manager,Marketing,7,True,0.62
chloe@cedar-trading.example,25-34,£25k-£50k,UK,Scotland,Edinburgh,Head of Marketing,Manager,Marketing,0,True,0.75
chloe@elmstead-software.example,45-54,£100k-£150k,US,Massachusetts,Boston,VP Marketing,Director or above,Marketing,3,True,0.73
chloe@falcon-freight.example,45-54,£100k-£150k,UK,South West,Bristol,Marketing Manager,Manager,Marketing,1,True,0.94
chloe@fernhill-consulting.example,35-44,£25k-£50k,UK,Yorkshire,Leeds,Sales Manager,Manager,Sales,2,False,0.93
chloe@greystone-industries.example,35-44,£150k+,UK,Scotland,Edinburgh,Chief Revenue Officer,Director or above,Executive,3,True,0.98
chloe@harbour-software.example,25-34,under £25k,FR,Occitanie,Toulouse,Marketing Executive,Individual contributor,Marketing,1,True,0.87
chloe@ivywood-legal.example,25-34,£100k-£150k,UK,South West,Bristol,Sales Manager,Manager,Sales,4,False,0.88
chloe@jasper-wealth.example,25-34,£25k-£50k,NL,North Holland,Amsterdam,Marketing Manager,Manager,Marketing,1,False,0.74
chloe@kelvin-legal.example,25-34,£25k-£50k,US,Washington,Seattle,Sales Rep,Individual contributor,Sales,6,False,0.85
chloe@kestrel-engineering.example,35-44,£100k-£150k,US,California,San Francisco,Demand Gen Manager,Manager,Marketing,3,True,0.72
chloe@lantern-engineering.example,18-24,£25k-£50k,DE,Berlin,Berlin,Marketing Executive,Individual contributor,Marketing,1,True,0.6
chloe@larkspur-accountants.example,35-44,£100k-£150k,DE,Hamburg,Hamburg,Operations Manager,Manager,Operations,1,False,0.76
chloe@larkspur-systems.example,35-44,£150k+,US,New York,New York,Head of Growth,Manager,Marketing,1,False,0.7
chloe@moorland-digital.example,25-34,under £25k,UK,London,London,Sales Rep,Individual contributor,Sales,5,True,0.73
chloe@nettlefield-market.example,45-54,£100k-£150k,US,Massachusetts,Boston,Director of Sales,Director or above,Sales,3,True,0.89
chloe@nettlefield-outfitters.example,25-34,£50k-£100k,US,Illinois,Chicago,Analyst,Individual contributor,Operations,4,True,0.73
chloe@nimbus-retail.example,35-44,£25k-£50k,UK,London,London,Head of Marketing,Manager,Marketing,3,False,0.65
chloe@oakridge-health.example,45-54,£150k+,US,New York,New York,CEO,Director or above,Executive,6,True,0.77
chloe@pennine-insurance.example,45-54,£50k-£100k,DE,Hamburg,Hamburg,Demand Gen Manager,Manager,Marketing,7,False,0.64
chloe@quartz-components.example,25-34,£25k-£50k,UK,Scotland,Edinburgh,Assistant,Individual contributor,Operations,1,False,0.9
chloe@quayside-legal.example,35-44,£50k-£100k,US,Illinois,Chicago,Chief Revenue Officer,Director or above,Executive,2,True,0.89
chloe@stonebridge-outfitters.example,25-34,£50k-£100k,UK,South West,Bristol,Operations Manager,Manager,Operations,2,False,0.63
chloe@tamarind-health.example,35-44,£50k-£100k,UK,Yorkshire,Leeds,CEO,Director or above,Executive,2,False,0.9
chloe@thornbury-outfitters.example,25-34,£150k+,US,Illinois,Chicago,Director of Sales,Director or above,Sales,7,True,0.73
chloe@thornbury-tutors.example,35-44,£25k-£50k,NL,North Brabant,Eindhoven,Head of Growth,Manager,Marketing,0,False,0.92
chloe@upland-dental.example,45-54,£150k+,US,Massachusetts,Boston,VP Marketing,Director or above,Marketing,2,True,0.62
chloe@valley-insurance.example,35-44,£50k-£100k,US,Texas,Austin,Operations Manager,Manager,Operations,2,True,0.63
chloe@willow-couriers.example,45-54,£25k-£50k,NL,South Holland,Rotterdam,Marketing Manager,Manager,Marketing,2,True,0.62
chloe@yarrow-manufacturing.example,18-24,under £25k,UK,West Midlands,Birmingham,Marketing Coordinator,Individual contributor,Marketing,5,False,0.87
chloe@zephyr-dental.example,35-44,£25k-£50k,FR,Ile-de-France,Paris,Demand Gen Manager,Manager,Marketing,3,True,0.6
chloeking75@hotmail.example,18-24,under £25k,NL,South Holland,Rotterdam,Student,Student,Student,0,False,0.74
chloelewis43@yahoo.example,25-34,£50k-£100k,FR,Auvergne-Rhone-Alpes,Lyon,Head of Marketing,Manager,Marketing,3,False,0.85
chloemuller71@outlook.example,25-34,£25k-£50k,DE,Berlin,Berlin,Sales Rep,Individual contributor,Sales,7,True,0.97
chloewhite72@icloud.example,45-54,£100k-£150k,UK,West Midlands,Birmingham,VP Marketing,Director or above,Marketing,11,False,0.9
chloewilliams27@gmail.example,18-24,£100k-£150k,US,New York,New York,Demand Gen Manager,Manager,Marketing,0,False,0.63
cjansen844@hotmail.example,18-24,£25k-£50k,UK,London,London,Marketing Executive,Individual contributor,Marketing,4,False,0.91
cjones928@gmail.example,35-44,£100k-£150k,US,Massachusetts,Boston,Sales Manager,Manager,Sales,1,False,0.91
ckhan226@gmail.example,55-64,£100k-£150k,UK,North West,Manchester,VP Marketing,Director or above,Marketing,0,True,0.74
cking964@hotmail.example,25-34,£100k-£150k,US,Massachusetts,Boston,Marketing Manager,Manager,Marketing,2,True,0.92
clewis188@hotmail.example,35-44,£25k-£50k,NL,North Holland,Amsterdam,Marketing Coordinator,Individual contributor,Marketing,0,True,0.7
cmoore057@hotmail.example,35-44,£25k-£50k,FR,Hauts-de-France,Lille,Assistant,Individual contributor,Operations,4,False,0.75
cmoore990@icloud.example,25-34,£50k-£100k,UK,South West,Bristol,Head of Growth,Manager,Marketing,2,False,0.72
cmurphy496@outlook.example,18-24,under £25k,US,California,San Francisco,Student,Student,Student,0,False,0.94
cpatel475@outlook.example,18-24,£50k-£100k,US,Illinois,Chicago,Student,Student,Student,0,False,0.84
ctaylor028@icloud.example,35-44,£50k-£100k,UK,London,London,Head of Growth,Manager,Marketing,1,True,0.66
ctaylor347@gmail.example,45-54,£50k-£100k,UK,Scotland,Edinburgh,Marketing Director,Director or above,Marketing,0,False,0.85
cthompson439@yahoo.example,35-44,£50k-£100k,UK,South West,Bristol,Demand Gen Manager,Manager,Marketing,8,True,0.71
cweber908@outlook.example,35-44,£100k-£150k,US,Massachusetts,Boston,VP Marketing,Director or above,Marketing,3,True,0.78
cwhite765@hotmail.example,25-34,£50k-£100k,UK,South West,Bristol,Marketing Executive,Individual contributor,Marketing,0,True,0.9
d.anderson@riverside-dental.example,35-44,£100k-£150k,DE,Hesse,Frankfurt,Demand Gen Manager,Manager,Marketing,14,True,0.68
d.baker@emberly-shipping.example,35-44,£50k-£100k,UK,West Midlands,Birmingham,Operations Manager,Manager,Operations,1,True,0.6
d.baker@jasper-shipping.example,25-34,£100k-£150k,US,Illinois,Chicago,Marketing Manager,Manager,Marketing,1,True,0.89
d.bakker@bramble-medical.example,25-34,£100k-£150k,UK,London,London,Head of Growth,Manager,Marketing,3,False,0.94
d.bakker@hawthorn-pharma.example,18-24,under £25k,UK,London,London,Marketing Executive,Individual contributor,Marketing,16,False,0.9
d.bakker@saltmarsh-cloud.example,25-34,£50k-£100k,DE,Berlin,Berlin,Marketing Manager,Manager,Marketing,0,True,0.83
d.bernard@ashford-care.example,35-44,£50k-£100k,FR,Occitanie,Toulouse,Marketing Manager,Manager,Marketing,7,False,0.86
d.bernard@bramble-shipping.example,35-44,£25k-£50k,NL,Utrecht,Utrecht,Head of Growth,Manager,Marketing,1,True,0.78
d.bernard@highgate-market.example,18-24,£50k-£100k,DE,Hamburg,Hamburg,Assistant,Individual contributor,Operations,3,False,0.82
d.bernard@juniper-finance.example,65+,£100k-£150k,US,California,San Francisco,Marketing Director,Director or above,Marketing,2,True,0.94
d.brown@stonebridge-shipping.example,35-44,£50k-£100k,FR,Occitanie,Toulouse,Head of Marketing,Manager,Marketing,1,False,0.76
d.clarke@elmstead-capital.example,18-24,£50k-£100k,DE,Bavaria,Munich,Marketing Coordinator,Individual contributor,Marketing,4,False,0.91
d.davies@cobalt-advisory.example,55-64,£150k+,UK,Yorkshire,Leeds,Chief Revenue Officer,Director or above,Executive,5,True,0.63
d.davies@nettlefield-systems.example,25-34,£25k-£50k,UK,Scotland,Edinburgh,Sales Rep,Individual contributor,Sales,0,True,0.78
d.devries@valley-goods.example,35-44,£100k-£150k,US,Washington,Seattle,CEO,Director or above,Executive,1,True,0.97
d.devries@yarrow-manufacturing.example,25-34,£25k-£50k,UK,North West,Manchester,Analyst,Individual contributor,Operations,7,False,0.84
d.dubois@westbrook-accountants.example,35-44,£100k-£150k,US,Illinois,Chicago,Marketing Manager,Manager,Marketing,3,True,0.85
d.evans@cedar-pharma.example,18-24,under £25k,NL,North Brabant,Eindhoven,Student,Student,Student,0,False,0.8
d.evans@dovecote-medical.example,18-24,under £25k,DE,Hesse,Frankfurt,Marketing Executive,Individual contributor,Marketing,9,False,0.65
d.evans@harbour-labs.example,35-44,£100k-£150k,US,New York,New York,Head of Growth,Manager,Marketing,1,True,0.97
d.evans@tamarind-legal.example,18-24,under £25k,UK,London,London,Assistant,Individual contributor,Operations,3,False,0.86
d.garcia@driftwood-consulting.example,25-34,£50k-£100k,NL,South Holland,Rotterdam,Sales Manager,Manager,Sales,1,True,0.88
d.green@redwood-industries.example,35-44,£50k-£100k,UK,West Midlands,Birmingham,Sales Manager,Manager,Sales,4,True,0.98
d.hall@cedar-labs.example,35-44,£50k-£100k,NL,North Brabant,Eindhoven,Head of Marketing,Manager,Marketing,7,False,0.79
d.hall@kingsway-labs.example,55-64,£100k-£150k,US,Washington,Seattle,Founder,Director or above,Executive,0,True,0.84
d.hall@rosewood-stores.example,18-24,£25k-£50k,US,California,San Francisco,Assistant,Individual contributor,Operations,4,True,0.83
d.hall@yarrow-haulage.example,55-64,£100k-£150k,UK,London,London,CEO,Director or above,Executive,10,False,0.79
d.hughes@quayside-college.example,45-54,£50k-£100k,UK,South West,Bristol,Marketing Coordinator,Individual contributor,Marketing,8,True,0.76
d.hughes@riverside-college.example,25-34,£100k-£150k,DE,Berlin,Berlin,Marketing Director,Director or above,Marketing,1,False,0.97
d.jansen@westbrook-advisory.example,18-24,£50k-£100k,DE,Hesse,Frankfurt,Assistant,Individual contributor,Operations,1,False,0.91
d.johnson@elmstead-recruitment.example,55-64,£100k-£150k,DE,Bavaria,Munich,VP Marketing,Director or above,Marketing,4,False,0.73
d.johnson@inkwell-partners.example,35-44,£50k-£100k,UK,London,London,Demand Gen Manager,Manager,Marketing,1,True,0.93
d.johnson@silverline-digital.example,25-34,£25k-£50k,UK,Scotland,Edinburgh,Head of Marketing,Manager,Marketing,0,False,0.92
d.jones@alder-advisory.example,25-34,£25k-£50k,FR,Ile-de-France,Paris,Marketing Executive,Individual contributor,Marketing,4,True,0.98
d.jones@oldfield-works.example,45-54,£50k-£100k,US,Massachusetts,Boston,Marketing Director,Director or above,Marketing,1,False,0.69
d.khan@beacon-manufacturing.example,45-54,£100k-£150k,UK,Scotland,Edinburgh,Director of Sales,Director or above,Sales,2,True,0.81
d.khan@glenmoor-pharma.example,25-34,£25k-£50k,US,New York,New York,Marketing Executive,Individual contributor,Marketing,6,False,0.76
d.khan@vantage-college.example,35-44,£50k-£100k,UK,Scotland,Edinburgh,Head of Growth,Manager,Marketing,1,False,0.81
d.king@larkspur-systems.example,45-54,£100k-£150k,US,Illinois,Chicago,Demand Gen Manager,Manager,Marketing,2,False,0.92
d.lewis@ashford-learning.example,25-34,£25k-£50k,UK,West Midlands,Birmingham,Assistant,Individual contributor,Operations,3,True,0.85
d.lewis@harbour-care.example,18-24,under £25k,UK,North West,Manchester,Student,Student,Student,0,False,0.62
d.lewis@keystone-wealth.example,25-34,£25k-£50k,NL,North Holland,Amsterdam,Sales Rep,Individual contributor,Sales,6,False,0.74
d.martin@bluebell-capital.example,55-64,£100k-£150k,US,Massachusetts,Boston,Marketing Director,Director or above,Marketing,3,True,0.65
d.martin@oakridge-stores.example,45-54,£25k-£50k,US,Washington,Seattle,Head of Growth,Manager,Marketing,6,True,0.75
d.martin@orchard-health.example,35-44,£50k-£100k,FR,Auvergne-Rhone-Alpes,Lyon,Head of Growth,Manager,Marketing,6,True,0.62
d.martin@vantage-industries.example,35-44,£25k-£50k,US,Massachusetts,Boston,Assistant,Individual contributor,Operations,7,True,0.9
d.miller@granite-care.example,25-34,under £25k,FR,Occitanie,Toulouse,Analyst,Individual contributor,Operations,7,True,0.84
d.muller@cedar-wealth.example,45-54,£100k-£150k,UK,London,London,Managing Director,Director or above,Executive,2,True,0.7
d.muller@dunmore-digital.example,45-54,£100k-£150k,US,Illinois,Chicago,Marketing Director,Director or above,Marketing,1,True,0.6
d.muller@granite-manufacturing.example,18-24,£50k-£100k,US,Massachusetts,Boston,Sales Rep,Individual contributor,Sales,3,False,0.62
d.muller@oldfield-medical.example,55-64,£100k-£150k,NL,North Brabant,Eindhoven,Director of Sales,Director or above,Sales,3,True,0.74
d.muller@pinecrest-capital.example,45-54,£50k-£100k,US,Massachusetts,Boston,Head of Growth,Manager,Marketing,1,True,0.93
d.murphy@cedar-learning.example,25-34,£50k-£100k,US,Washington,Seattle,Marketing Director,Director or above,Marketing,1,False,0.96
d.murphy@rosewood-couriers.example,25-34,£25k-£50k,NL,Utrecht,Utrecht,Sales Rep,Individual contributor,Sales,3,True,0.91
d.murphy@tidewater-digital.example,35-44,under £25k,UK,Scotland,Edinburgh,Sales Rep,Individual contributor,Sales,0,False,0.93
d.patel@clearwater-transport.example,65+,£150k+,US,Washington,Seattle,VP Marketing,Director or above,Marketing,5,False,0.99
d.roberts@alder-learning.example,35-44,£50k-£100k,UK,Yorkshire,Leeds,Marketing Manager,Manager,Marketing,1,True,0.93
d.roberts@keystone-tutors.example,25-34,£25k-£50k,US,New York,New York,Operations Manager,Manager,Operations,0,False,0.92
d.roberts@nettlefield-fabrication.example,25-34,£25k-£50k,UK,London,London,Marketing Executive,Individual contributor,Marketing,1,False,0.98
d.roberts@stonebridge-education.example,25-34,£25k-£50k,US,New York,New York,Sales Rep,Individual contributor,Sales,1,False,0.91
d.schmidt@hawthorn-lending.example,25-34,£25k-£50k,UK,London,London,Marketing Executive,Individual contributor,Marketing,2,False,0.89
d.scott@bramble-dental.example,25-34,£25k-£50k,US,Illinois,Chicago,Analyst,Individual contributor,Operations,5,False,0.83
d.scott@driftwood-pharma.example,25-34,£25k-£50k,US,Texas,Austin,Marketing Coordinator,Individual contributor,Marketing,5,True,0.9
d.scott@heron-market.example,25-34,£25k-£50k,DE,Hamburg,Hamburg,Analyst,Individual contributor,Operations,4,False,0.62
d.smith@nettlefield-training.example,18-24,£25k-£50k,DE,Hamburg,Hamburg,Sales Rep,Individual contributor,Sales,1,False,0.94
d.smith@vantage-cloud.example,25-34,£25k-£50k,UK,North West,Manchester,Sales Rep,Individual contributor,Sales,0,False,0.88
d.taylor@oakridge-manufacturing.example,45-54,£150k+,DE,Bavaria,Munich,Managing Director,Director or above,Executive,0,False,0.72
d.thompson@westbrook-couriers.example,45-54,£150k+,US,California,San Francisco,Marketing Director,Director or above,Marketing,3,False,0.84
d.walker@quartz-freight.example,45-54,£100k-£150k,UK,North West,Manchester,Marketing Director,Director or above,Marketing,4,True,0.8
d.weber@brightwater-accountants.example,25-34,£25k-£50k,US,Massachusetts,Boston,Analyst,Individual contributor,Operations,3,True,0.88
d.weber@inkwell-manufacturing.example,45-54,£100k-£150k,NL,North Holland,Amsterdam,Chief Revenue Officer,Director or above,Executive,0,False,0.65
d.weber@oldfield-trading.example,45-54,£50k-£100k,US,Illinois,Chicago,Marketing Manager,Manager,Marketing,4,True,0.82
d.weber@vantage-academy.example,18-24,under £25k,DE,Hamburg,Hamburg,Student,Student,Student,0,False,0.72
d.weber@zephyr-consulting.example,18-24,£25k-£50k,FR,Auvergne-Rhone-Alpes,Lyon,Marketing Executive,Individual contributor,Marketing,2,True,0.61
d.white@northwind-accountants.example,25-34,£100k-£150k,UK,West Midlands,Birmingham,Founder,Director or above,Executive,2,False,0.66
d.white@pennine-couriers.example,18-24,£50k-£100k,US,California,San Francisco,Assistant,Individual contributor,Operations,7,False,0.98
d.white@redwood-couriers.example,35-44,£100k-£150k,UK,Yorkshire,Leeds,Head of Growth,Manager,Marketing,3,True,0.64
d.williams@falcon-couriers.example,25-34,£50k-£100k,FR,Ile-de-France,Paris,CEO,Director or above,Executive,2,True,0.94
d.williams@kestrel-manufacturing.example,35-44,£100k-£150k,FR,Hauts-de-France,Lille,VP Marketing,Director or above,Marketing,5,True,0.87
d.williams@moorland-wealth.example,35-44,£50k-£100k,UK,Yorkshire,Leeds,Operations Manager,Manager,Operations,6,False,0.71
d.williams@umber-accountants.example,45-54,£100k-£150k,UK,Scotland,Edinburgh,VP Marketing,Director or above,Marketing,1,False,0.85
d.williams@upland-stores.example,45-54,£100k-£150k,UK,West Midlands,Birmingham,Marketing Director,Director or above,Marketing,5,True,0.72
d.wilson@tamarind-health.example,25-34,£25k-£50k,UK,South West,Bristol,Assistant,Individual contributor,Operations,1,True,0.74
d.wilson@upland-freight.example,25-34,£25k-£50k,FR,Hauts-de-France,Lille,Sales Rep,Individual contributor,Sales,0,False,0.62
d.wood@keystone-academy.example,35-44,£150k+,UK,Yorkshire,Leeds,CEO,Director or above,Executive,4,True,0.61
d.wood@silverline-stores.example,45-54,£100k-£150k,UK,West Midlands,Birmingham,Director of Sales,Director or above,Sales,2,True,0.86
d.wright@dunmore-recruitment.example,25-34,under £25k,UK,West Midlands,Birmingham,Sales Rep,Individual contributor,Sales,0,True,0.74
d.wright@harbour-training.example,35-44,£100k-£150k,US,California,San Francisco,Chief Revenue Officer,Director or above,Executive,2,True,0.83
d.young@dovecote-college.example,45-54,£50k-£100k,UK,South West,Bristol,Sales Manager,Manager,Sales,11,True,0.67
d.young@harbour-legal.example,55-64,£100k-£150k,UK,Yorkshire,Leeds,VP Marketing,Director or above,Marketing,3,True,0.8
d.young@hawthorn-tutors.example,35-44,£50k-£100k,US,New York,New York,Founder,Director or above,Executive,1,True,0.83
d.young@northwind-stores.example,35-44,£150k+,NL,South Holland,Rotterdam,Marketing Director,Director or above,Marketing,2,True,0.78
d.young@silverline-legal.example,35-44,£100k-£150k,DE,Hamburg,Hamburg,Sales Manager,Manager,Sales,2,False,0.68
daan.anderson7@outlook.example,18-24,£25k-£50k,UK,West Midlands,Birmingham,Student,Student,Student,0,False,0.87
daan.anderson@bramble-software.example,35-44,£100k-£150k,US,Texas,Austin,Head of Marketing,Manager,Marketing,2,False,0.86
daan.anderson@heron-finance.example,45-54,£25k-£50k,FR,Occitanie,Toulouse,Analyst,Individual contributor,Operations,5,False,0.75
daan.anderson@marigold-outfitters.example,25-34,under £25k,NL,South Holland,Rotterdam,Assistant,Individual contributor,Operations,5,False,0.7
daan.anderson@outlook.example,35-44,£50k-£100k,US,New York,New York,Demand Gen Manager,Manager,Marketing,1,True,0.71
daan.bakker@hotmail.example,35-44,£50k-£100k,FR,Auvergne-Rhone-Alpes,Lyon,Head of Growth,Manager,Marketing,3,False,0.92
daan.bakker@meridian-consulting.example,45-54,£100k-£150k,US,Texas,Austin,Founder,Director or above,Executive,4,False,0.7
daan.bernard@brightwater-accountants.example,18-24,£100k-£150k,US,California,San Francisco,Sales Manager,Manager,Sales,2,False,0.73
daan.bernard@dovecote-care.example,25-34,£50k-£100k,DE,Bavaria,Munich,Operations Manager,Manager,Operations,0,False,0.6
daan.clarke@ashford-dental.example,45-54,£100k-£150k,UK,London,London,Founder,Director or above,Executive,6,True,0.84
daan.davies@aurora-market.example,45-54,£150k+,UK,North West,Manchester,Managing Director,Director or above,Executive,4,True,0.88
daan.davies@cobalt-dental.example,35-44,£50k-£100k,FR,Ile-de-France,Paris,Sales Manager,Manager,Sales,1,True,0.76
daan.davies@thornbury-finance.example,35-44,£25k-£50k,UK,Scotland,Edinburgh,Head of Marketing,Manager,Marketing,9,True,0.68
daan.davies@yahoo.example,25-34,£25k-£50k,UK,Scotland,Edinburgh,Marketing Executive,Individual contributor,Marketing,14,True,0.86
daan.dubois@granite-couriers.example,35-44,£50k-£100k,UK,London,London,Operations Manager,Manager,Operations,2,True,0.93
daan.dubois@ivywood-works.example,18-24,£25k-£50k,UK,North West,Manchester,Marketing Coordinator,Individual contributor,Marketing,3,False,0.84
daan.dubois@redwood-education.example,35-44,£50k-£100k,NL,North Holland,Amsterdam,Sales Rep,Individual contributor,Sales,7,False,0.77
daan.dubois@redwood-goods.example,35-44,£25k-£50k,UK,London,London,Sales Rep,Individual contributor,Sales,5,False,0.6
daan.evans@alder-fabrication.example,45-54,£25k-£50k,US,New York,New York,Marketing Manager,Manager,Marketing,15,False,0.64
daan.evans@evergreen-logistics.example,35-44,£100k-£150k,UK,Yorkshire,Leeds,Founder,Director or above,Executive,0,True,0.84
daan.garcia@aurora-partners.example,35-44,£100k-£150k,UK,North West,Manchester,Demand Gen Manager,Manager,Marketing,4,True,0.96
daan.garcia@brightwater-haulage.example,35-44,£100k-£150k,UK,Scotland,Edinburgh,Head of Marketing,Manager,Marketing,3,True,0.86
daan.garcia@hawthorn-recruitment.example,55-64,£100k-£150k,FR,Ile-de-France,Paris,Operations Manager,Manager,Operations,8,True,0.92
daan.garcia@thornbury-haulage.example,25-34,£50k-£100k,UK,London,London,Marketing Manager,Manager,Marketing,2,False,0.8
daan.green@glenmoor-associates.example,55-64,£25k-£50k,UK,North West,Manchester,Sales Manager,Manager,Sales,6,True,0.85
daan.green@icloud.example,18-24,under £25k,DE,Bavaria,Munich,Student,Student,Student,0,False,0.69
daan.green@outlook.example,35-44,£50k-£100k,DE,Bavaria,Munich,Chief Revenue Officer,Director or above,Executive,0,True,0.61
daan.hall@bluebell-industries.example,35-44,£100k-£150k,UK,West Midlands,Birmingham,Operations Manager,Manager,Operations,3,False,0.99
daan.jones32@icloud.example,45-54,£25k-£50k,DE,Hesse,Frankfurt,Demand Gen Manager,Manager,Marketing,1,False,0.76
daan.jones@oakridge-health.example,35-44,£50k-£100k,US,Illinois,Chicago,Assistant,Individual contributor,Operations,1,True,0.9
daan.jones@yahoo.example,25-34,under £25k,US,New York,New York,Student,Student,Student,0,True,0.81
daan.khan@icloud.example,18-24,£25k-£50k,US,Illinois,Chicago,Student,Student,Student,0,False,0.92
daan.khan@quayside-cloud.example,25-34,£50k-£100k,US,Illinois,Chicago,Head of Growth,Manager,Marketing,7,False,0.76
daan.king@dunmore-retail.example,45-54,£100k-£150k,FR,Hauts-de-France,Lille,Chief Revenue Officer,Director or above,Executive,0,False,0.63
daan.king@willow-capital.example,25-34,£25k-£50k,US,Illinois,Chicago,Analyst,Individual contributor,Operations,7,True,0.85
daan.lewis@gmail.example,35-44,£100k-£150k,US,Texas,Austin,Chief Revenue Officer,Director or above,Executive,0,False,0.63
daan.lewis@ironbridge-dental.example,45-54,£25k-£50k,UK,Scotland,Edinburgh,Assistant,Individual contributor,Operations,3,True,0.67
daan.muller@dunmore-couriers.example,35-44,£50k-£100k,NL,Utrecht,Utrecht,Head of Growth,Manager,Marketing,5,True,0.99
daan.muller@inkwell-engineering.example,35-44,£100k-£150k,US,California,San Francisco,Founder,Director or above,Executive,5,False,0.78
daan.muller@westbrook-cloud.example,45-54,£100k-£150k,DE,Hamburg,Hamburg,Operations Manager,Manager,Operations,2,True,0.7
daan.patel@driftwood-health.example,35-44,£50k-£100k,FR,Hauts-de-France,Lille,Marketing Manager,Manager,Marketing,4,True,0.74
daan.patel@gmail.example,45-54,£100k-£150k,US,California,San Francisco,Marketing Director,Director or above,Marketing,4,True,0.68
daan.patel@highgate-transport.example,45-54,£150k+,UK,London,London,VP Marketing,Director or above,Marketing,5,False,0.63
daan.patel@icloud.example,18-24,under £25k,DE,Bavaria,Munich,Student,Student,Student,0,True,0.7
daan.patel@oldfield-goods.example,45-54,£50k-£100k,DE,Bavaria,Munich,Chief Revenue Officer,Director or above,Executive,0,True,0.74
daan.schmidt@icloud.example,18-24,£25k-£50k,US,New York,New York,Student,Student,Student,0,False,0.86
daan.schmidt@nimbus-manufacturing.example,35-44,£100k-£150k,DE,Hesse,Frankfurt,VP Marketing,Director or above,Marketing,0,False,0.9
daan.scott@kestrel-training.example,25-34,under £25k,UK,Yorkshire,Leeds,Analyst,Individual contributor,Operations,1,False,0.74
daan.smith@tamarind-market.example,45-54,£100k-£150k,FR,Hauts-de-France,Lille,VP Marketing,Director or above,Marketing,1,False,0.8
daan.smith@yarrow-training.example,35-44,£100k-£150k,US,Texas,Austin,Operations Manager,Manager,Operations,4,True,0.73
daan.taylor@heron-accountants.example,35-44,£50k-£100k,FR,Hauts-de-France,Lille,Marketing Executive,Individual contributor,Marketing,1,True,0.74
daan.taylor@stonebridge-consulting.example,25-34,£25k-£50k,NL,North Brabant,Eindhoven,Marketing Coordinator,Individual contributor,Marketing,1,False,0.88
daan.thompson96@gmail.example,18-24,under £25k,DE,Hesse,Frankfurt,Student,Student,Student,0,True,0.77
daan.thompson@gmail.example,25-34,£25k-£50k,UK,West Midlands,Birmingham,Sales Rep,Individual contributor,Sales,3,False,0.97
daan.thompson@oldfield-partners.example,25-34,£25k-£50k,FR,Occitanie,Toulouse,Marketing Manager,Manager,Marketing,3,True,0.88
daan.thompson@outlook.example,35-44,£100k-£150k,UK,North West,Manchester,Chief Revenue Officer,Director or above,Executive,2,False,0.9
daan.thompson@quartz-dental.example,18-24,£25k-£50k,UK,London,London,Student,Student,Student,0,True,0.6
daan.walker@upland-cloud.example,18-24,£25k-£50k,UK,North West,Manchester,Student,Student,Student,0,False,0.74
daan.walker@yahoo.example,18-24,£25k-£50k,DE,Hamburg,Hamburg,Marketing Coordinator,Individual contributor,Marketing,5,True,0.73
daan.white@oldfield-trading.example,45-54,£25k-£50k,US,Illinois,Chicago,Operations Manager,Manager,Operations,3,False,0.79
daan.wilson@pinecrest-couriers.example,25-34,£25k-£50k,UK,Scotland,Edinburgh,Assistant,Individual contributor,Operations,10,False,0.79
daan.wright@nimbus-consulting.example,35-44,£50k-£100k,UK,Scotland,Edinburgh,Sales Manager,Manager,Sales,2,False,0.69
daan.wright@yahoo.example,18-24,under £25k,NL,Utrecht,Utrecht,Sales Rep,Individual contributor,Sales,0,False,0.67
daan.young@brightwater-training.example,35-44,£100k-£150k,UK,South West,Bristol,Operations Manager,Manager,Operations,1,True,0.67
daan60@umber-digital.example,25-34,£100k-£150k,FR,Hauts-de-France,Lille,Marketing Manager,Manager,Marketing,0,False,0.89
daan@alder-recruitment.example,18-24,£100k-£150k,US,California,San Francisco,Marketing Coordinator,Individual contributor,Marketing,1,True,0.86
daan@ashford-haulage.example,25-34,£25k-£50k,FR,Occitanie,Toulouse,Analyst,Individual contributor,Operations,4,False,0.96
daan@ashford-recruitment.example,18-24,under £25k,US,New York,New York,Analyst,Individual contributor,Operations,7,True,0.65
daan@ashford-software.example,45-54,£100k-£150k,NL,North Brabant,Eindhoven,Marketing Director,Director or above,Marketing,2,False,0.82
daan@beacon-dental.example,35-44,under £25k,FR,Auvergne-Rhone-Alpes,Lyon,Marketing Executive,Individual contributor,Marketing,4,True,0.8
daan@cobalt-academy.example,35-44,£50k-£100k,UK,North West,Manchester,Marketing Manager,Manager,Marketing,3,False,0.76
daan@dovecote-care.example,18-24,£25k-£50k,DE,Berlin,Berlin,Marketing Executive,Individual contributor,Marketing,2,False,0.95
daan@dunmore-trading.example,45-54,£25k-£50k,UK,Scotland,Edinburgh,Sales Manager,Manager,Sales,5,True,0.71
daan@elmstead-shipping.example,25-34,£25k-£50k,UK,Scotland,Edinburgh,Head of Marketing,Manager,Marketing,3,False,0.77
daan@fernhill-education.example,45-54,£25k-£50k,US,California,San Francisco,Sales Manager,Manager,Sales,2,False,0.95
daan@harbour-haulage.example,35-44,£25k-£50k,FR,Auvergne-Rhone-Alpes,Lyon,Sales Rep,Individual contributor,Sales,3,True,0.79
daan@harbour-legal.example,25-34,under £25k,UK,North West,Manchester,Marketing Coordinator,Individual contributor,Marketing,5,False,0.75
daan@hawthorn-recruitment.example,35-44,£100k-£150k,FR,Ile-de-France,Paris,Head of Marketing,Manager,Marketing,2,True,0.66
daan@highgate-dental.example,35-44,£100k-£150k,US,Illinois,Chicago,Founder,Director or above,Executive,2,False,0.92
daan@highgate-legal.example,25-34,£25k-£50k,UK,North West,Manchester,Sales Manager,Manager,Sales,7,True,0.84
daan@highgate-trading.example,35-44,£100k-£150k,DE,Berlin,Berlin,Sales Manager,Manager,Sales,1,False,0.89
daan@inkwell-wealth.example,35-44,under £25k,UK,North West,Manchester,Marketing Manager,Manager,Marketing,2,False,0.73
daan@kelvin-care.example,25-34,under £25k,FR,Hauts-de-France,Lille,Analyst,Individual contributor,Operations,3,True,0.67
daan@kelvin-haulage.example,45-54,£25k-£50k,US,Illinois,Chicago,Chief Revenue Officer,Director or above,Executive,14,False,0.77
daan@kingsway-systems.example,35-44,£25k-£50k,DE,Hamburg,Hamburg,Sales Manager,Manager,Sales,0,False,0.98
daan@lindenwood-learning.example,45-54,£50k-£100k,UK,London,London,Marketing Manager,Manager,Marketing,0,False,0.91
daan@lindenwood-outfitters.example,45-54,£150k+,US,Illinois,Chicago,Director of Sales,Director or above,Sales,0,True,0.85
daan@marigold-tutors.example,35-44,£50k-£100k,UK,Scotland,Edinburgh,Chief Revenue Officer,Director or above,Executive,4,True,0.71
daan@oldfield-software.example,35-44,£50k-£100k,DE,Hesse,Frankfurt,Head of Growth,Manager,Marketing,4,False,0.87
daan@pebble-wealth.example,25-34,£50k-£100k,UK,London,London,Operations Manager,Manager,Operations,6,True,0.7
daan@pinecrest-engineering.example,35-44,£50k-£100k,UK,Yorkshire,Leeds,Head of Growth,Manager,Marketing,0,False,0.74
daan@quayside-software.example,35-44,£100k-£150k,NL,North Holland,Amsterdam,Operations Manager,Manager,Operations,0,True,0.79
daan@silverline-digital.example,25-34,£100k-£150k,UK,London,London,Head of Growth,Manager,Marketing,1,True,0.63
daan@tidewater-lending.example,55-64,£100k-£150k,UK,North West,Manchester,VP Marketing,Director or above,Marketing,3,True,0.66
daan@umber-data.example,25-34,£50k-£100k,DE,Bavaria,Munich,Operations Manager,Manager,Operations,8,True,0.6
daan@umber-fabrication.example,45-54,£100k-£150k,US,Illinois,Chicago,CEO,Director or above,Executive,5,False,0.93
daan@umber-recruitment.example,18-24,£100k-£150k,US,Illinois,Chicago,Demand Gen Manager,Manager,Marketing,3,False,0.66
daan@valley-capital.example,25-34,£25k-£50k,FR,Hauts-de-France,Lille,Marketing Manager,Manager,Marketing,1,False,0.83
daan@valley-care.example,65+,£50k-£100k,UK,London,London,CEO,Director or above,Executive,1,True,0.98
daan@valley-partners.example,25-34,£25k-£50k,DE,Hamburg,Hamburg,Assistant,Individual contributor,Operations,5,False,0.88
daan@yarrow-medical.example,25-34,£50k-£100k,DE,Hamburg,Hamburg,Operations Manager,Manager,Operations,7,False,0.73
daan@yarrow-outfitters.example,45-54,£100k-£150k,US,California,San Francisco,Managing Director,Director or above,Executive,2,False,0.76
daan@zephyr-software.example,35-44,£50k-£100k,US,Massachusetts,Boston,Head of Marketing,Manager,Marketing,5,True,0.76
daanbrown09@outlook.example,18-24,£25k-£50k,FR,Auvergne-Rhone-Alpes,Lyon,Marketing Coordinator,Individual contributor,Marketing,7,True,0.78
daangarcia08@icloud.example,25-34,under £25k,UK,London,London,Marketing Executive,Individual contributor,Marketing,4,True,0.77
daanpatel88@outlook.example,25-34,£50k-£100k,US,Illinois,Chicago,Assistant,Individual contributor,Operations,6,False,0.99
daanroberts39@icloud.example,35-44,£25k-£50k,DE,Bavaria,Munich,Sales Manager,Manager,Sales,4,True,0.64
daanthompson80@yahoo.example,18-24,under £25k,UK,Scotland,Edinburgh,Student,Student,Student,0,False,0.67
daanwhite58@gmail.example,18-24,under £25k,UK,South West,Bristol,Student,Student,Student,0,True,0.93
danderson773@yahoo.example,18-24,£25k-£50k,DE,Bavaria,Munich,Marketing Coordinator,Individual contributor,Marketing,3,False,0.88
daniel.baker@granite-care.example,45-54,£100k-£150k,FR,Occitanie,Toulouse,Managing Director,Director or above,Executive,3,True,0.82
daniel.baker@nimbus-labs.example,35-44,£100k-£150k,US,California,San Francisco,Head of Growth,Manager,Marketing,5,True,0.81
daniel.baker@rosewood-legal.example,25-34,£50k-£100k,UK,South West,Bristol,Assistant,Individual contributor,Operations,1,False,0.67
daniel.baker@stonebridge-capital.example,25-34,£25k-£50k,US,Illinois,Chicago,Analyst,Individual contributor,Operations,6,False,0.94
daniel.bakker@quartz-insurance.example,35-44,£100k-£150k,US,California,San Francisco,CEO,Director or above,Executive,0,False,0.79
daniel.bernard@heron-accountants.example,25-34,£25k-£50k,FR,Occitanie,Toulouse,Marketing Coordinator,Individual contributor,Marketing,1,False,0.92
daniel.brown@oldfield-industries.example,25-34,£25k-£50k,UK,North West,Manchester,Demand Gen Manager,Manager,Marketing,6,True,0.63
daniel.davies@icloud.example,18-24,£25k-£50k,UK,North West,Manchester,Sales Rep,Individual contributor,Sales,3,True,0.61
daniel.devries@ashford-haulage.example,18-24,£25k-£50k,FR,Occitanie,Toulouse,Student,Student,Student,0,False,0.7
daniel.devries@gmail.example,35-44,£50k-£100k,UK,Yorkshire,Leeds,Marketing Director,Director or above,Marketing,3,False,0.89
daniel.evans@juniper-software.example,35-44,£25k-£50k,UK,Scotland,Edinburgh,Marketing Coordinator,Individual contributor,Marketing,5,False,0.87
daniel.evans@redwood-cloud.example,35-44,£25k-£50k,US,Texas,Austin,Head of Growth,Manager,Marketing,2,False,0.72
daniel.evans@tamarind-digital.example,45-54,£150k+,US,Illinois,Chicago,Director of Sales,Director or above,Sales,5,True,0.71
daniel.garcia@hawthorn-industries.example,35-44,£50k-£100k,US,Texas,Austin,Marketing Coordinator,Individual contributor,Marketing,3,False,0.68
daniel.green@hotmail.example,25-34,£25k-£50k,UK,Yorkshire,Leeds,Assistant,Individual contributor,Operations,4,False,0.86
daniel.hall@brightwater-medical.example,35-44,£100k-£150k,US,Massachusetts,Boston,Marketing Manager,Manager,Marketing,0,True,0.97
daniel.hughes@fernhill-trading.example,55-64,£150k+,NL,North Holland,Amsterdam,VP Marketing,Director or above,Marketing,2,True,0.81
daniel.hughes@highgate-education.example,25-34,£100k-£150k,US,New York,New York,Demand Gen Manager,Manager,Marketing,5,False,0.83
daniel.hughes@quartz-goods.example,35-44,£25k-£50k,US,Illinois,Chicago,Analyst,Individual contributor,Operations,4,True,0.95
daniel.jansen@lantern-labs.example,35-44,£100k-£150k,US,Illinois,Chicago,Head of Marketing,Manager,Marketing,7,True,0.68
daniel.jones@greystone-digital.example,45-54,£150k+,NL,Utrecht,Utrecht,Managing Director,Director or above,Executive,1,False,0.99
daniel.khan@rosewood-transport.example,45-54,£50k-£100k,UK,Scotland,Edinburgh,Operations Manager,Manager,Operations,0,True,0.73
daniel.king@falcon-digital.example,35-44,£25k-£50k,FR,Occitanie,Toulouse,Demand Gen Manager,Manager,Marketing,4,False,0.79
daniel.king@heron-data.example,35-44,£150k+,US,Washington,Seattle,Founder,Director or above,Executive,3,True,0.83
daniel.king@icloud.example,25-34,£50k-£100k,US,Illinois,Chicago,Sales Manager,Manager,Sales,5,True,0.97
daniel.lewis@ironbridge-digital.example,45-54,£100k-£150k,UK,North West,Manchester,Operations Manager,Manager,Operations,0,False,0.87
daniel.lewis@northwind-legal.example,25-34,£100k-£150k,US,Massachusetts,Boston,Head of Growth,Manager,Marketing,12,False,0.66
daniel.lewis@willow-retail.example,25-34,£25k-£50k,US,Illinois,Chicago,Marketing Executive,Individual contributor,Marketing,4,False,0.79
daniel.miller@falcon-partners.example,35-44,£25k-£50k,DE,Bavaria,Munich,Marketing Executive,Individual contributor,Marketing,3,True,0.81
daniel.miller@ivywood-accountants.example,35-44,£25k-£50k,US,Illinois,Chicago,Assistant,Individual contributor,Operations,0,False,0.89
daniel.muller@bramble-accountants.example,35-44,£100k-£150k,FR,Occitanie,Toulouse,Demand Gen Manager,Manager,Marketing,1,True,0.88
daniel.muller@hotmail.example,18-24,£25k-£50k,UK,North West,Manchester,Student,Student,Student,0,False,0.65
daniel.patel@redwood-couriers.example,18-24,£25k-£50k,UK,South West,Bristol,Student,Student,Student,0,True,0.9
daniel.patel@tidewater-fabrication.example,35-44,£50k-£100k,UK,West Midlands,Birmingham,Marketing Manager,Manager,Marketing,3,True,0.76
daniel.patel@valley-pharma.example,35-44,£100k-£150k,NL,North Brabant,Eindhoven,VP Marketing,Director or above,Marketing,4,False,0.86
daniel.roberts@dunmore-stores.example,45-54,£100k-£150k,US,Massachusetts,Boston,Director of Sales,Director or above,Sales,4,False,0.78
daniel.roberts@yahoo.example,25-34,£50k-£100k,NL,North Brabant,Eindhoven,Marketing Manager,Manager,Marketing,0,False,0.99
daniel.scott@beacon-systems.example,35-44,£50k-£100k,UK,South West,Bristol,Operations Manager,Manager,Operations,2,True,0.84
daniel.scott@evergreen-wealth.example,45-54,£100k-£150k,US,Texas,Austin,VP Marketing,Director or above,Marketing,4,False,0.71
daniel.scott@nimbus-advisory.example,18-24,£25k-£50k,UK,West Midlands,Birmingham,Sales Rep,Individual contributor,Sales,5,False,0.73
daniel.scott@oldfield-transport.example,55-64,£100k-£150k,US,Massachusetts,Boston,Demand Gen Manager,Manager,Marketing,2,True,0.81
daniel.taylor@emberly-stores.example,25-34,£50k-£100k,DE,Hesse,Frankfurt,Head of Growth,Manager,Marketing,2,False,0.99
daniel.taylor@meridian-engineering.example,18-24,£25k-£50k,FR,Ile-de-France,Paris,Sales Rep,Individual contributor,Sales,3,False,0.97
daniel.thompson@ironbridge-legal.example,45-54,£25k-£50k,FR,Occitanie,Toulouse,Assistant,Individual contributor,Operations,0,True,0.82
daniel.walker@bramble-digital.example,35-44,£25k-£50k,US,Massachusetts,Boston,Sales Rep,Individual contributor,Sales,0,True,0.76
daniel.white@jasper-engineering.example,25-34,under £25k,DE,Berlin,Berlin,Analyst,Individual contributor,Operations,0,False,0.66
daniel.white@meridian-engineering.example,45-54,£25k-£50k,FR,Hauts-de-France,Lille,Assistant,Individual contributor,Operations,0,True,0.81
daniel.wright@gmail.example,35-44,£50k-£100k,NL,South Holland,Rotterdam,Founder,Director or above,Executive,3,False,0.88
daniel.wright@quartz-cloud.example,55-64,£150k+,US,Massachusetts,Boston,Chief Revenue Officer,Director or above,Executive,2,True,0.77
daniel.young@clearwater-finance.example,45-54,£50k-£100k,FR,Ile-de-France,Paris,Operations Manager,Manager,Operations,7,False,0.94
daniel@ashford-freight.example,35-44,£100k-£150k,FR,Occitanie,Toulouse,VP Marketing,Director or above,Marketing,4,True,0.83
daniel@aurora-training.example,35-44,£25k-£50k,NL,North Brabant,Eindhoven,Analyst,Individual contributor,Operations,0,True,0.62
daniel@brightwater-learning.example,25-34,£25k-£50k,FR,Occitanie,Toulouse,Sales Rep,Individual contributor,Sales,6,True,0.85
daniel@cobalt-accountants.example,35-44,£50k-£100k,FR,Auvergne-Rhone-Alpes,Lyon,Founder,Director or above,Executive,1,True,0.65
daniel@driftwood-software.example,35-44,£25k-£50k,NL,North Brabant,Eindhoven,Marketing Manager,Manager,Marketing,1,True,0.84
daniel@elmstead-clinics.example,45-54,£50k-£100k,FR,Ile-de-France,Paris,Sales Manager,Manager,Sales,5,True,0.96
daniel@emberly-couriers.example,25-34,£25k-£50k,UK,London,London,Assistant,Individual contributor,Operations,9,True,0.66
daniel@emberly-freight.example,45-54,£50k-£100k,FR,Hauts-de-France,Lille,Marketing Coordinator,Individual contributor,Marketing,4,False,0.9
daniel@evergreen-finance.example,45-54,£150k+,US,Massachusetts,Boston,Founder,Director or above,Executive,4,True,0.79
daniel@evergreen-wealth.example,35-44,£50k-£100k,US,Illinois,Chicago,Marketing Manager,Manager,Marketing,0,False,0.62
daniel@foxglove-manufacturing.example,35-44,£150k+,US,California,San Francisco,VP Marketing,Director or above,Marketing,1,True,0.86
daniel@granite-outfitters.example,18-24,£25k-£50k,US,Texas,Austin,Assistant,Individual contributor,Operations,14,False,0.78
daniel@harbour-accountants.example,25-34,£25k-£50k,UK,Yorkshire,Leeds,Sales Rep,Individual contributor,Sales,5,False,0.81
daniel@hawthorn-digital.example,45-54,£50k-£100k,UK,South West,Bristol,Demand Gen Manager,Manager,Marketing,2,True,0.65
daniel@highgate-transport.example,35-44,£100k-£150k,UK,Yorkshire,Leeds,Marketing Director,Director or above,Marketing,1,True,0.77
daniel@inkwell-labs.example,55-64,£50k-£100k,US,Washington,Seattle,Marketing Manager,Manager,Marketing,5,True,0.91
daniel@ironbridge-outfitters.example,25-34,£25k-£50k,DE,Bavaria,Munich,Analyst,Individual contributor,Operations,4,False,0.95
daniel@ivywood-education.example,45-54,£50k-£100k,DE,Berlin,Berlin,Head of Marketing,Manager,Marketing,0,False,0.85
daniel@ivywood-partners.example,45-54,£50k-£100k,UK,Yorkshire,Leeds,Demand Gen Manager,Manager,Marketing,2,False,0.73
daniel@juniper-capital.example,25-34,£50k-£100k,UK,London,London,Head of Marketing,Manager,Marketing,3,False,0.85
daniel@juniper-wealth.example,35-44,£100k-£150k,US,Washington,Seattle,VP Marketing,Director or above,Marketing,1,True,0.77
daniel@kestrel-stores.example,35-44,£100k-£150k,UK,London,London,Marketing Director,Director or above,Marketing,4,False,0.9
daniel@kingsway-associates.example,25-34,£25k-£50k,DE,Hesse,Frankfurt,Assistant,Individual contributor,Operations,8,False,0.96
daniel@meridian-consulting.example,25-34,£25k-£50k,US,New York,New York,Marketing Executive,Individual contributor,Marketing,3,False,0.79
daniel@northwind-pharma.example,35-44,£100k-£150k,US,Illinois,Chicago,Operations Manager,Manager,Operations,2,False,0.63
daniel@oakridge-stores.example,35-44,£100k-£150k,US,Massachusetts,Boston,Founder,Director or above,Executive,5,False,0.68
daniel@pinecrest-freight.example,45-54,£50k-£100k,FR,Occitanie,Toulouse,Head of Growth,Manager,Marketing,2,True,0.93
daniel@riverside-training.example,45-54,£100k-£150k,NL,North Brabant,Eindhoven,Director of Sales,Director or above,Sales,0,False,0.93
daniel@silverline-college.example,18-24,under £25k,US,Massachusetts,Boston,Student,Student,Student,0,False,0.92
daniel@stonebridge-couriers.example,25-34,£100k-£150k,US,New York,New York,Marketing Manager,Manager,Marketing,1,True,0.88
daniel@stonebridge-learning.example,25-34,£50k-£100k,US,New York,New York,Marketing Manager,Manager,Marketing,3,True,0.91
daniel@umber-academy.example,35-44,£50k-£100k,US,New York,New York,Marketing Manager,Manager,Marketing,3,True,0.7
daniel@valley-fabrication.example,18-24,£25k-£50k,UK,South West,Bristol,Marketing Coordinator,Individual contributor,Marketing,5,True,0.98
daniel@valley-transport.example,18-24,under £25k,UK,Yorkshire,Leeds,Student,Student,Student,0,False,0.8
daniel@valley-wealth.example,25-34,£50k-£100k,NL,Utrecht,Utrecht,CEO,Director or above,Executive,0,False,0.88
daniel@vantage-couriers.example,45-54,under £25k,UK,Yorkshire,Leeds,Marketing Executive,Individual contributor,Marketing,0,False,0.67
daniel@vantage-health.example,25-34,£25k-£50k,US,Illinois,Chicago,Analyst,Individual contributor,Operations,3,False,0.89
daniel@westbrook-college.example,25-34,£25k-£50k,US,New York,New York,Assistant,Individual contributor,Operations,0,False,0.64
daniel@yarrow-manufacturing.example,55-64,£100k-£150k,UK,West Midlands,Birmingham,Chief Revenue Officer,Director or above,Executive,4,True,0.68
danielbakker26@icloud.example,25-34,£25k-£50k,DE,Berlin,Berlin,Sales Rep,Individual contributor,Sales,3,True,0.94
danielgreen65@gmail.example,45-54,£150k+,US,Washington,Seattle,Chief Revenue Officer,Director or above,Executive,5,False,0.85
danieljohnson90@yahoo.example,25-34,£50k-£100k,FR,Auvergne-Rhone-Alpes,Lyon,Marketing Manager,Manager,Marketing,3,False,0.83
danielking19@gmail.example,25-34,£25k-£50k,DE,Hesse,Frankfurt,Marketing Executive,Individual contributor,Marketing,3,False,0.69
danielking19@outlook.example,25-34,£50k-£100k,UK,Scotland,Edinburgh,Marketing Manager,Manager,Marketing,3,False,0.97
danielmoore69@outlook.example,45-54,£50k-£100k,US,Massachusetts,Boston,Marketing Manager,Manager,Marketing,7,True,0.61
danielmurphy55@icloud.example,45-54,£100k-£150k,NL,Utrecht,Utrecht,Founder,Director or above,Executive,10,True,0.85
danielweber96@hotmail.example,45-54,£25k-£50k,US,New York,New York,Sales Rep,Individual contributor,Sales,1,True,0.6
danielwilliams68@gmail.example,35-44,£50k-£100k,UK,Yorkshire,Leeds,Demand Gen Manager,Manager,Marketing,7,False,0.7
dbrown203@hotmail.example,25-34,£50k-£100k,UK,Scotland,Edinburgh,Sales Manager,Manager,Sales,3,False,0.66
ddavies563@hotmail.example,45-54,£50k-£100k,UK,Yorkshire,Leeds,Marketing Director,Director or above,Marketing,6,True,0.7
devans248@yahoo.example,35-44,£50k-£100k,FR,Occitanie,Toulouse,Sales Manager,Manager,Sales,0,True,0.81
dhall269@outlook.example,25-34,£50k-£100k,DE,Bavaria,Munich,Operations Manager,Manager,Operations,3,True,0.84
djones447@yahoo.example,25-34,£25k-£50k,US,Texas,Austin,Assistant,Individual contributor,Operations,1,False,0.73
djones659@outlook.example,25-34,under £25k,US,California,San Francisco,Sales Rep,Individual contributor,Sales,2,False,0.84
djones826@icloud.example,35-44,£100k-£150k,NL,Utrecht,Utrecht,Chief Revenue Officer,Director or above,Executive,3,False,0.92
dkhan457@yahoo.example,35-44,£25k-£50k,FR,Ile-de-France,Paris,Assistant,Individual contributor,Operations,2,True,0.65
dking669@outlook.example,25-34,£50k-£100k,DE,Hesse,Frankfurt,Head of Marketing,Manager,Marketing,2,True,0.81
dmiller989@hotmail.example,25-34,£50k-£100k,UK,North West,Manchester,Operations Manager,Manager,Operations,2,True,0.74
dsmith046@gmail.example,35-44,£50k-£100k,US,Illinois,Chicago,Marketing Director,Director or above,Marketing,3,False,0.6
dsmith980@hotmail.example,25-34,£25k-£50k,US,New York,New York,Assistant,Individual contributor,Operations,7,False,0.9
dtaylor225@outlook.example,18-24,under £25k,DE,Bavaria,Munich,Student,Student,Student,0,False,0.68
dtaylor387@yahoo.example,25-34,under £25k,DE,Hesse,Frankfurt,Analyst,Individual contributor,Operations,11,True,0.79
dweber389@hotmail.example,25-34,£100k-£150k,UK,London,London,Operations Manager,Manager,Operations,11,False,0.95
dwhite613@gmail.example,25-34,£100k-£150k,FR,Auvergne-Rhone-Alpes,Lyon,Sales Manager,Manager,Sales,1,True,0.88
dwhite795@hotmail.example,18-24,under £25k,UK,Yorkshire,Leeds,Student,Student,Student,0,False,0.68
dwilliams848@yahoo.example,25-34,£50k-£100k,US,Illinois,Chicago,Marketing Manager,Manager,Marketing,3,True,0.77
dwood591@gmail.example,25-34,£25k-£50k,FR,Ile-de-France,Paris,Assistant,Individual contributor,Operations,0,False,0.87
e.baker@kingsway-capital.example,35-44,£150k+,US,Texas,Austin,Founder,Director or above,Executive,7,True,0.72
e.bakker@highgate-training.example,45-54,£50k-£100k,UK,Yorkshire,Leeds,Chief Revenue Officer,Director or above,Executive,1,True,0.63
e.bakker@zephyr-shipping.example,45-54,£50k-£100k,US,Texas,Austin,Head of Growth,Manager,Marketing,17,False,0.99
e.bernard@lantern-industries.example,25-34,under £25k,NL,North Brabant,Eindhoven,Assistant,Individual contributor,Operations,3,True,0.86
e.bernard@upland-finance.example,18-24,under £25k,DE,Hesse,Frankfurt,Marketing Coordinator,Individual contributor,Marketing,1,False,0.64
e.bernard@westbrook-couriers.example,45-54,£100k-£150k,US,New York,New York,VP Marketing,Director or above,Marketing,3,True,0.86
e.brown@highgate-tutors.example,35-44,£50k-£100k,UK,South West,Bristol,Head of Marketing,Manager,Marketing,9,False,0.82
e.brown@inkwell-learning.example,45-54,£100k-£150k,FR,Hauts-de-France,Lille,Marketing Director,Director or above,Marketing,1,True,0.68
e.clarke@tidewater-logistics.example,25-34,£100k-£150k,FR,Hauts-de-France,Lille,Founder,Director or above,Executive,0,False,0.92
e.davies@inkwell-college.example,55-64,£100k-£150k,DE,Bavaria,Munich,Marketing Director,Director or above,Marketing,2,False,0.92
e.davies@nettlefield-dental.example,25-34,£50k-£100k,FR,Auvergne-Rhone-Alpes,Lyon,Sales Rep,Individual contributor,Sales,7,True,0.92
e.davies@yarrow-stores.example,25-34,£50k-£100k,US,Massachusetts,Boston,Marketing Coordinator,Individual contributor,Marketing,0,True,0.99
e.devries@granite-clinics.example,55-64,£100k-£150k,US,Massachusetts,Boston,Marketing Director,Director or above,Marketing,5,True,0.8
e.dubois@pennine-industries.example,18-24,under £25k,NL,North Brabant,Eindhoven,Sales Rep,Individual contributor,Sales,0,True,0.63
e.evans@dunmore-consulting.example,45-54,£50k-£100k,US,Washington,Seattle,Operations Manager,Manager,Operations,5,True,0.97
e.evans@norfolk-finance.example,45-54,£50k-£100k,NL,North Holland,Amsterdam,Marketing Manager,Manager,Marketing,6,True,0.72
e.garcia@beacon-legal.example,18-24,£25k-£50k,DE,Berlin,Berlin,Assistant,Individual contributor,Operations,2,False,0.87
e.garcia@bluebell-engineering.example,18-24,£25k-£50k,UK,West Midlands,Birmingham,Student,Student,Student,0,False,0.9
e.garcia@pinecrest-stores.example,45-54,£25k-£50k,FR,Ile-de-France,Paris,Founder,Director or above,Executive,3,True,0.86
e.hall@cedar-systems.example,25-34,£25k-£50k,UK,North West,Manchester,Marketing Coordinator,Individual contributor,Marketing,1,True,0.64
e.hall@quartz-data.example,35-44,£50k-£100k,US,Illinois,Chicago,Demand Gen Manager,Manager,Marketing,4,False,0.83
e.hall@upland-training.example,18-24,£25k-£50k,UK,West Midlands,Birmingham,Analyst,Individual contributor,Operations,3,False,0.81
e.hughes@granite-engineering.example,18-24,£25k-£50k,UK,Scotland,Edinburgh,Marketing Manager,Manager,Marketing,5,False,0.75
e.hughes@juniper-college.example,35-44,under £25k,NL,North Holland,Amsterdam,Marketing Coordinator,Individual contributor,Marketing,8,True,0.66
e.jansen@thornbury-trading.example,25-34,£100k-£150k,US,Massachusetts,Boston,Head of Marketing,Manager,Marketing,1,False,0.94
e.johnson@keystone-pharma.example,35-44,£25k-£50k,US,California,San Francisco,Sales Rep,Individual contributor,Sales,3,True,0.66
e.johnson@tidewater-clinics.example,18-24,£25k-£50k,NL,South Holland,Rotterdam,Marketing Coordinator,Individual contributor,Marketing,1,False,0.97
e.jones@driftwood-haulage.example,65+,£150k+,US,Texas,Austin,Managing Director,Director or above,Executive,11,False,0.84
e.jones@rosewood-outfitters.example,35-44,£150k+,UK,Scotland,Edinburgh,Founder,Director or above,Executive,2,True,0.77
e.jones@silverline-college.example,25-34,£25k-£50k,US,Illinois,Chicago,Assistant,Individual contributor,Operations,1,False,0.7
e.khan@fernhill-pharma.example,35-44,£100k-£150k,US,Illinois,Chicago,Marketing Manager,Manager,Marketing,1,True,0.7
e.khan@granite-partners.example,25-34,£25k-£50k,FR,Ile-de-France,Paris,Assistant,Individual contributor,Operations,4,False,0.68
e.khan@upland-manufacturing.example,25-34,£25k-£50k,FR,Auvergne-Rhone-Alpes,Lyon,Marketing Executive,Individual contributor,Marketing,5,True,0.96
e.khan@westbrook-couriers.example,45-54,£100k-£150k,US,Texas,Austin,Founder,Director or above,Executive,2,True,0.85
e.king@moorland-haulage.example,45-54,£25k-£50k,NL,North Holland,Amsterdam,Operations Manager,Manager,Operations,1,True,0.82
e.lewis@thornbury-care.example,35-44,£150k+,FR,Hauts-de-France,Lille,Managing Director,Director or above,Executive,2,False,0.85
e.martin@hawthorn-industries.example,35-44,£50k-£100k,US,Washington,Seattle,Marketing Manager,Manager,Marketing,0,True,0.67
e.martin@keystone-education.example,35-44,£25k-£50k,UK,London,London,Marketing Manager,Manager,Marketing,4,True,0.89
e.miller@riverside-dental.example,35-44,£100k-£150k,DE,Hamburg,Hamburg,Head of Growth,Manager,Marketing,6,True,0.98
e.moore@kingsway-medical.example,25-34,£50k-£100k,UK,Yorkshire,Leeds,Sales Manager,Manager,Sales,1,True,0.62
e.muller@inkwell-partners.example,25-34,£25k-£50k,UK,London,London,Sales Rep,Individual contributor,Sales,8,False,0.87
e.muller@moorland-legal.example,25-34,£25k-£50k,US,Texas,Austin,Marketing Executive,Individual contributor,Marketing,7,False,0.87
e.murphy@jasper-logistics.example,45-54,£100k-£150k,UK,London,London,Director of Sales,Director or above,Sales,2,False,0.87
e.murphy@juniper-care.example,25-34,£50k-£100k,UK,Yorkshire,Leeds,Managing Director,Director or above,Executive,3,True,0.67
e.patel@granite-medical.example,25-34,£25k-£50k,FR,Auvergne-Rhone-Alpes,Lyon,Sales Manager,Manager,Sales,2,False,0.81
e.patel@inkwell-wealth.example,25-34,£50k-£100k,UK,West Midlands,Birmingham,Demand Gen Manager,Manager,Marketing,1,False,0.99
e.patel@larkspur-haulage.example,35-44,£25k-£50k,UK,West Midlands,Birmingham,Demand Gen Manager,Manager,Marketing,1,True,0.62
e.roberts@inkwell-consulting.example,35-44,£50k-£100k,UK,London,London,Head of Growth,Manager,Marketing,7,False,0.78
e.schmidt@driftwood-components.example,25-34,£25k-£50k,DE,Berlin,Berlin,Marketing Executive,Individual contributor,Marketing,12,False,0.96
e.schmidt@marigold-legal.example,25-34,£50k-£100k,UK,Scotland,Edinburgh,Marketing Executive,Individual contributor,Marketing,0,False,0.72
e.schmidt@nimbus-clinics.example,45-54,£150k+,US,Illinois,Chicago,Managing Director,Director or above,Executive,5,True,0.98
e.schmidt@nimbus-outfitters.example,25-34,£25k-£50k,US,Texas,Austin,Sales Rep,Individual contributor,Sales,0,False,0.72
e.scott@keystone-stores.example,45-54,£100k-£150k,UK,West Midlands,Birmingham,Founder,Director or above,Executive,7,True,0.85
e.smith@pebble-retail.example,25-34,£25k-£50k,FR,Hauts-de-France,Lille,Analyst,Individual contributor,Operations,7,True,0.98
e.taylor@oldfield-accountants.example,25-34,£100k-£150k,US,Washington,Seattle,Marketing Coordinator,Individual contributor,Marketing,2,True,0.6
e.thompson@lantern-pharma.example,25-34,£25k-£50k,UK,Scotland,Edinburgh,Demand Gen Manager,Manager,Marketing,4,True,0.6
e.walker@ashford-consulting.example,35-44,£50k-£100k,US,Illinois,Chicago,VP Marketing,Director or above,Marketing,9,True,0.82
e.weber@nettlefield-manufacturing.example,18-24,£25k-£50k,FR,Occitanie,Toulouse,Assistant,Individual contributor,Operations,2,True,0.99
e.weber@westbrook-logistics.example,25-34,under £25k,FR,Ile-de-France,Paris,Marketing Coordinator,Individual contributor,Marketing,0,True,0.84
e.white@greystone-medical.example,25-34,£25k-£50k,UK,Scotland,Edinburgh,Marketing Coordinator,Individual contributor,Marketing,1,False,0.65
e.white@oakridge-transport.example,45-54,£100k-£150k,UK,London,London,Director of Sales,Director or above,Sales,7,False,0.69
e.white@tamarind-data.example,25-34,£50k-£100k,US,Washington,Seattle,Demand Gen Manager,Manager,Marketing,8,False,0.61
e.williams@beacon-outfitters.example,35-44,£50k-£100k,UK,West Midlands,Birmingham,Marketing Manager,Manager,Marketing,2,False,0.82
e.williams@greystone-medical.example,45-54,£25k-£50k,UK,Scotland,Edinburgh,Marketing Coordinator,Individual contributor,Marketing,3,True,0.71
e.williams@oakridge-couriers.example,55-64,£50k-£100k,FR,Occitanie,Toulouse,Founder,Director or above,Executive,5,False,0.84
e.wilson@riverside-advisory.example,35-44,£50k-£100k,DE,Berlin,Berlin,Sales Manager,Manager,Sales,1,True,0.68
e.wood@stonebridge-digital.example,45-54,£50k-£100k,FR,Ile-de-France,Paris,Head of Growth,Manager,Marketing,5,False,0.91
e.wright@juniper-accountants.example,35-44,£100k-£150k,DE,Hesse,Frankfurt,Marketing Manager,Manager,Marketing,2,False,0.85
e.young@norfolk-systems.example,45-54,£25k-£50k,FR,Ile-de-France,Paris,Head of Marketing,Manager,Marketing,0,True,0.61
e.young@yarrow-industries.example,18-24,under £25k,US,Washington,Seattle,Sales Rep,Individual contributor,Sales,6,False,0.71
eanderson082@icloud.example,35-44,£50k-£100k,US,New York,New York,Head of Marketing,Manager,Marketing,4,False,0.98
ebakker809@outlook.example,25-34,£25k-£50k,FR,Hauts-de-France,Lille,Sales Rep,Individual contributor,Sales,6,False,0.81
ebrown991@icloud.example,25-34,£50k-£100k,US,California,San Francisco,Marketing Executive,Individual contributor,Marketing,5,False,0.93
edevries099@yahoo.example,25-34,£25k-£50k,UK,Yorkshire,Leeds,Analyst,Individual contributor,Operations,0,True,0.92
edubois089@icloud.example,35-44,£50k-£100k,US,California,San Francisco,Marketing Manager,Manager,Marketing,1,True,0.75
eevans294@gmail.example,18-24,under £25k,DE,Hesse,Frankfurt,Student,Student,Student,0,True,0.84
eevans644@hotmail.example,18-24,under £25k,UK,North West,Manchester,Student,Student,Student,0,True,0.86
eevans742@outlook.example,25-34,£50k-£100k,US,Texas,Austin,Operations Manager,Manager,Operations,1,True,0.64
egreen686@outlook.example,35-44,£50k-£100k,US,California,San Francisco,Head of Growth,Manager,Marketing,1,False,0.92
ejansen885@icloud.example,45-54,£25k-£50k,NL,Utrecht,Utrecht,Sales Manager,Manager,Sales,7,False,0.86
ejones983@gmail.example,45-54,£100k-£150k,DE,Hamburg,Hamburg,Founder,Director or above,Executive,5,True,0.89
eking832@gmail.example,25-34,£50k-£100k,UK,North West,Manchester,Demand Gen Manager,Manager,Marketing,7,True,0.9
emartin272@icloud.example,25-34,£25k-£50k,UK,London,London,Marketing Executive,Individual contributor,Marketing,1,False,0.7
emily.anderson@heron-data.example,45-54,£25k-£50k,US,California,San Francisco,Sales Rep,Individual contributor,Sales,2,True,0.89
emily.bakker@quartz-insurance.example,45-54,£150k+,US,Massachusetts,Boston,CEO,Director or above,Executive,3,False,0.69
emily.bernard@elmstead-health.example,25-34,£25k-£50k,DE,Bavaria,Munich,Marketing Coordinator,Individual contributor,Marketing,2,False,0.86
emily.bernard@upland-software.example,25-34,£100k-£150k,US,New York,New York,Head of Growth,Manager,Marketing,6,False,0.73
emily.clarke@emberly-fabrication.example,25-34,£25k-£50k,US,Massachusetts,Boston,Assistant,Individual contributor,Operations,4,True,0.96
emily.davies@clearwater-education.example,35-44,£50k-£100k,US,Illinois,Chicago,Sales Manager,Manager,Sales,6,True,0.63
emily.davies@yahoo.example,25-34,£50k-£100k,NL,South Holland,Rotterdam,Analyst,Individual contributor,Operations,5,False,0.61
emily.hall@norfolk-learning.example,18-24,£25k-£50k,UK,Scotland,Edinburgh,Assistant,Individual contributor,Operations,3,False,0.93
emily.hughes@outlook.example,35-44,£50k-£100k,FR,Hauts-de-France,Lille,Marketing Manager,Manager,Marketing,3,False,0.98
emily.jansen@dunmore-recruitment.example,25-34,£50k-£100k,UK,Yorkshire,Leeds,Marketing Manager,Manager,Marketing,7,True,0.64
emily.johnson@pennine-capital.example,18-24,£25k-£50k,US,New York,New York,Marketing Coordinator,Individual contributor,Marketing,2,False,0.94
emily.johnson@valley-couriers.example,35-44,£50k-£100k,UK,South West,Bristol,Head of Growth,Manager,Marketing,7,True,0.69
emily.khan@alder-education.example,35-44,£25k-£50k,FR,Hauts-de-France,Lille,Analyst,Individual contributor,Operations,2,True,0.76
emily.lewis@moorland-clinics.example,35-44,£150k+,US,Texas,Austin,Head of Growth,Manager,Marketing,5,True,0.74
emily.martin@gmail.example,25-34,£50k-£100k,DE,Hesse,Frankfurt,Assistant,Individual contributor,Operations,2,True,0.77
emily.miller@oldfield-partners.example,35-44,£50k-£100k,FR,Hauts-de-France,Lille,Marketing Coordinator,Individual contributor,Marketing,1,True,0.77
emily.miller@outlook.example,35-44,£100k-£150k,FR,Occitanie,Toulouse,CEO,Director or above,Executive,1,False,0.88
emily.miller@willow-engineering.example,45-54,£100k-£150k,FR,Ile-de-France,Paris,Demand Gen Manager,Manager,Marketing,0,True,0.87
emily.moore@gmail.example,45-54,£100k-£150k,US,California,San Francisco,Marketing Director,Director or above,Marketing,0,True,0.72
emily.moore@heron-freight.example,25-34,£100k-£150k,FR,Ile-de-France,Paris,Chief Revenue Officer,Director or above,Executive,2,True,0.65
emily.moore@yahoo.example,35-44,£50k-£100k,US,Illinois,Chicago,Head of Growth,Manager,Marketing,4,True,0.84
emily.murphy@saltmarsh-finance.example,35-44,£50k-£100k,UK,South West,Bristol,Director of Sales,Director or above,Sales,2,True,0.69
emily.patel@nimbus-capital.example,35-44,£50k-£100k,FR,Hauts-de-France,Lille,Head of Marketing,Manager,Marketing,1,False,0.63
emily.patel@valley-capital.example,45-54,£50k-£100k,FR,Auvergne-Rhone-Alpes,Lyon,Head of Marketing,Manager,Marketing,6,True,0.76
emily.roberts@riverside-accountants.example,25-34,£25k-£50k,US,California,San Francisco,Head of Growth,Manager,Marketing,1,False,0.78
emily.schmidt@valley-tutors.example,45-54,£50k-£100k,DE,Bavaria,Munich,Chief Revenue Officer,Director or above,Executive,1,False,0.94
emily.scott@aurora-academy.example,35-44,£100k-£150k,US,Texas,Austin,Marketing Manager,Manager,Marketing,2,True,0.97
emily.scott@valley-lending.example,25-34,£50k-£100k,US,New York,New York,Marketing Executive,Individual contributor,Marketing,2,False,0.93
emily.taylor@greystone-retail.example,35-44,£50k-£100k,NL,South Holland,Rotterdam,Marketing Executive,Individual contributor,Marketing,13,True,0.61
emily.thompson@heron-legal.example,55-64,£100k-£150k,US,Massachusetts,Boston,VP Marketing,Director or above,Marketing,0,True,0.99
emily.thompson@tamarind-fabrication.example,45-54,£50k-£100k,UK,North West,Manchester,Managing Director,Director or above,Executive,2,False,0.71
emily.thompson@yahoo.example,35-44,£50k-£100k,NL,North Brabant,Eindhoven,Marketing Manager,Manager,Marketing,3,True,0.62
emily.walker@fernhill-insurance.example,35-44,£25k-£50k,UK,Yorkshire,Leeds,Demand Gen Manager,Manager,Marketing,9,True,0.84
emily.walker@hotmail.example,25-34,£50k-£100k,NL,South Holland,Rotterdam,Sales Manager,Manager,Sales,3,False,0.93
emily.weber@ashford-academy.example,55-64,£25k-£50k,FR,Auvergne-Rhone-Alpes,Lyon,Demand Gen Manager,Manager,Marketing,1,True,0.84
emily.weber@brightwater-haulage.example,25-34,£25k-£50k,UK,South West,Bristol,Marketing Manager,Manager,Marketing,2,True,0.7
emily.weber@hotmail.example,45-54,£25k-£50k,UK,North West,Manchester,Marketing Coordinator,Individual contributor,Marketing,3,True,0.66
emily.weber@stonebridge-market.example,25-34,£100k-£150k,US,Illinois,Chicago,Operations Manager,Manager,Operations,1,False,0.99
emily.white@elmstead-components.example,25-34,£50k-£100k,US,New York,New York,Marketing Manager,Manager,Marketing,2,False,0.69
emily.white@oldfield-industries.example,45-54,£100k-£150k,UK,North West,Manchester,Chief Revenue Officer,Director or above,Executive,4,True,0.69
emily.white@rosewood-data.example,35-44,£50k-£100k,UK,Scotland,Edinburgh,VP Marketing,Director or above,Marketing,3,False,0.6
emily.williams@riverside-engineering.example,18-24,£50k-£100k,UK,West Midlands,Birmingham,Analyst,Individual contributor,Operations,19,False,0.76
emily.wilson@dovecote-components.example,18-24,£25k-£50k,US,Illinois,Chicago,Assistant,Individual contributor,Operations,4,True,0.72
emily.wilson@stonebridge-dental.example,45-54,£150k+,UK,West Midlands,Birmingham,Director of Sales,Director or above,Sales,3,True,0.75
emily.wilson@tamarind-wealth.example,35-44,£50k-£100k,UK,Scotland,Edinburgh,Chief Revenue Officer,Director or above,Executive,1,False,0.8
emily.wood@oldfield-tutors.example,25-34,£50k-£100k,US,California,San Francisco,Operations Manager,Manager,Operations,1,True,0.99
emily@bramble-health.example,35-44,£50k-£100k,NL,North Holland,Amsterdam,Head of Marketing,Manager,Marketing,1,False,0.79
emily@cedar-accountants.example,18-24,£25k-£50k,DE,Berlin,Berlin,Sales Rep,Individual contributor,Sales,1,True,0.63
emily@clearwater-engineering.example,18-24,£25k-£50k,DE,Hesse,Frankfurt,Assistant,Individual contributor,Operations,1,False,0.78
emily@dovecote-care.example,18-24,under £25k,DE,Hamburg,Hamburg,Student,Student,Student,0,True,0.84
emily@dovecote-goods.example,45-54,under £25k,UK,Scotland,Edinburgh,Marketing Coordinator,Individual contributor,Marketing,1,True,0.89
emily@emberly-dental.example,45-54,£150k+,UK,North West,Manchester,CEO,Director or above,Executive,11,True,0.81
emily@evergreen-education.example,35-44,£25k-£50k,UK,Yorkshire,Leeds,Marketing Executive,Individual contributor,Marketing,3,True,0.91
emily@foxglove-outfitters.example,45-54,£100k-£150k,NL,South Holland,Rotterdam,VP Marketing,Director or above,Marketing,2,True,0.73
emily@granite-digital.example,25-34,under £25k,UK,London,London,Marketing Executive,Individual contributor,Marketing,1,True,0.89
emily@heron-legal.example,25-34,£50k-£100k,US,Texas,Austin,Demand Gen Manager,Manager,Marketing,3,False,0.96
emily@highgate-tutors.example,45-54,£25k-£50k,UK,London,London,Marketing Manager,Manager,Marketing,1,False,0.78
emily@inkwell-couriers.example,25-34,£50k-£100k,UK,South West,Bristol,Sales Manager,Manager,Sales,4,True,0.66
emily@inkwell-data.example,25-34,£50k-£100k,US,Massachusetts,Boston,Sales Manager,Manager,Sales,1,True,0.77
emily@inkwell-legal.example,35-44,£100k-£150k,US,New York,New York,Demand Gen Manager,Manager,Marketing,5,False,0.61
emily@ironbridge-care.example,45-54,£50k-£100k,UK,Yorkshire,Leeds,Head of Marketing,Manager,Marketing,12,False,0.85
emily@ironbridge-wealth.example,18-24,£25k-£50k,UK,Yorkshire,Leeds,Assistant,Individual contributor,Operations,3,False,0.92
emily@keystone-partners.example,25-34,£25k-£50k,UK,North West,Manchester,Demand Gen Manager,Manager,Marketing,2,False,0.77
emily@kingsway-couriers.example,35-44,£100k-£150k,DE,Berlin,Berlin,Operations Manager,Manager,Operations,1,False,0.85
emily@kingsway-dental.example,18-24,under £25k,FR,Occitanie,Toulouse,Sales Rep,Individual contributor,Sales,3,False,0.72
emily@lindenwood-logistics.example,25-34,£50k-£100k,UK,West Midlands,Birmingham,Head of Growth,Manager,Marketing,2,False,0.77
emily@meridian-software.example,25-34,£25k-£50k,UK,South West,Bristol,Assistant,Individual contributor,Operations,8,False,0.87
emily@norfolk-haulage.example,35-44,£100k-£150k,US,Texas,Austin,Marketing Coordinator,Individual contributor,Marketing,0,True,0.75
emily@norfolk-systems.example,45-54,£25k-£50k,FR,Auvergne-Rhone-Alpes,Lyon,Head of Growth,Manager,Marketing,9,False,0.78
emily@oakridge-associates.example,35-44,£50k-£100k,FR,Occitanie,Toulouse,Sales Manager,Manager,Sales,0,True,0.93
emily@oakridge-learning.example,25-34,£100k-£150k,US,Texas,Austin,VP Marketing,Director or above,Marketing,2,False,0.68
emily@oldfield-partners.example,35-44,£50k-£100k,FR,Auvergne-Rhone-Alpes,Lyon,Head of Growth,Manager,Marketing,7,False,0.69
emily@orchard-works.example,18-24,£25k-£50k,UK,North West,Manchester,Marketing Executive,Individual contributor,Marketing,0,False,0.64
emily@pennine-dental.example,35-44,£50k-£100k,US,Illinois,Chicago,Sales Manager,Manager,Sales,10,True,0.88
emily@pennine-learning.example,55-64,£25k-£50k,UK,London,London,Marketing Manager,Manager,Marketing,6,False,0.76
emily@quartz-trading.example,18-24,£25k-£50k,UK,London,London,Analyst,Individual contributor,Operations,3,False,0.64
emily@redwood-dental.example,35-44,£50k-£100k,US,Illinois,Chicago,Marketing Manager,Manager,Marketing,1,False,0.65
emily@saltmarsh-dental.example,25-34,£50k-£100k,US,Texas,Austin,Demand Gen Manager,Manager,Marketing,0,False,0.66
emily@saltmarsh-works.example,25-34,£50k-£100k,UK,Yorkshire,Leeds,Demand Gen Manager,Manager,Marketing,6,False,0.61
emily@umber-academy.example,35-44,£25k-£50k,US,Washington,Seattle,Assistant,Individual contributor,Operations,3,True,0.84
emily@valley-tutors.example,25-34,£100k-£150k,DE,Hamburg,Hamburg,Sales Manager,Manager,Sales,4,True,0.74
emily@westbrook-insurance.example,35-44,£25k-£50k,NL,South Holland,Rotterdam,Sales Rep,Individual contributor,Sales,5,True,0.94
emily@westbrook-logistics.example,35-44,£50k-£100k,FR,Auvergne-Rhone-Alpes,Lyon,Marketing Manager,Manager,Marketing,3,False,0.99
emily@westbrook-medical.example,35-44,£50k-£100k,FR,Occitanie,Toulouse,Sales Manager,Manager,Sales,0,True,0.93
emily@yarrow-education.example,25-34,£25k-£50k,US,California,San Francisco,Operations Manager,Manager,Operations,2,False,0.86
emily@yarrow-freight.example,25-34,£100k-£150k,US,New York,New York,Head of Growth,Manager,Marketing,2,True,0.8
emily@zephyr-medical.example,45-54,£100k-£150k,DE,Hesse,Frankfurt,VP Marketing,Director or above,Marketing,2,False,0.68
emilyanderson33@yahoo.example,18-24,£25k-£50k,UK,West Midlands,Birmingham,Marketing Coordinator,Individual contributor,Marketing,2,True,0.92
emilybaker09@gmail.example,35-44,£100k-£150k,FR,Occitanie,Toulouse,Head of Growth,Manager,Marketing,3,False,0.95
emilybakker64@hotmail.example,25-34,£50k-£100k,US,Washington,Seattle,Head of Growth,Manager,Marketing,3,False,0.79
emilygarcia50@hotmail.example,35-44,£50k-£100k,UK,West Midlands,Birmingham,Operations Manager,Manager,Operations,11,True,0.79
emilygreen72@outlook.example,18-24,£25k-£50k,UK,London,London,Analyst,Individual contributor,Operations,8,False,0.78
emilyjansen82@hotmail.example,25-34,£100k-£150k,US,California,San Francisco,Demand Gen Manager,Manager,Marketing,0,False,0.64
emilykhan85@outlook.example,25-34,£25k-£50k,US,Washington,Seattle,Marketing Coordinator,Individual contributor,Marketing,2,False,0.76
emilymiller20@yahoo.example,25-34,£50k-£100k,UK,London,London,Demand Gen Manager,Manager,Marketing,3,True,0.89
emilythompson48@hotmail.example,35-44,£50k-£100k,DE,Hamburg,Hamburg,Managing Director,Director or above,Executive,0,True,0.6
emilywalker42@gmail.example,35-44,£100k-£150k,US,Illinois,Chicago,VP Marketing,Director or above,Marketing,11,True,0.78
emilywhite06@icloud.example,25-34,£25k-£50k,US,New York,New York,Analyst,Individual contributor,Operations,8,False,0.6
emilywhite76@outlook.example,25-34,£50k-£100k,US,Texas,Austin,Head of Growth,Manager,Marketing,0,True,0.68
emilywright04@outlook.example,25-34,£25k-£50k,NL,Utrecht,Utrecht,Marketing Executive,Individual contributor,Marketing,4,True,0.77
emilywright90@outlook.example,45-54,£50k-£100k,UK,South West,Bristol,Head of Growth,Manager,Marketing,2,True,0.65
emoore015@icloud.example,45-54,£50k-£100k,UK,South West,Bristol,VP Marketing,Director or above,Marketing,1,True,0.96
etaylor654@outlook.example,35-44,£50k-£100k,DE,Hesse,Frankfurt,Marketing Director,Director or above,Marketing,5,True,0.81
ethan.bernard@heron-trading.example,35-44,£50k-£100k,UK,Yorkshire,Leeds,Operations Manager,Manager,Operations,5,False,0.74
ethan.bernard@saltmarsh-legal.example,25-34,£50k-£100k,DE,Bavaria,Munich,Operations Manager,Manager,Operations,2,False,0.8
ethan.brown@harbour-care.example,18-24,£25k-£50k,UK,West Midlands,Birmingham,Analyst,Individual contributor,Operations,9,True,0.74
ethan.brown@kelvin-engineering.example,35-44,£50k-£100k,UK,Scotland,Edinburgh,Demand Gen Manager,Manager,Marketing,10,False,0.6
ethan.clarke@cedar-legal.example,35-44,£50k-£100k,UK,Scotland,Edinburgh,Head of Marketing,Manager,Marketing,3,False,0.87
ethan.clarke@upland-recruitment.example,35-44,£50k-£100k,DE,Bavaria,Munich,Marketing Manager,Manager,Marketing,13,True,0.76
ethan.davies@silverline-trading.example,25-34,under £25k,UK,Yorkshire,Leeds,Sales Rep,Individual contributor,Sales,6,False,0.7
ethan.devries@clearwater-finance.example,25-34,£50k-£100k,FR,Hauts-de-France,Lille,Assistant,Individual contributor,Operations,4,False,0.74
ethan.dubois@redwood-goods.example,35-44,£50k-£100k,UK,Yorkshire,Leeds,Sales Manager,Manager,Sales,2,False,0.77
ethan.evans@gmail.example,35-44,£100k-£150k,US,Washington,Seattle,Demand Gen Manager,Manager,Marketing,14,True,0.84
ethan.evans@marigold-works.example,55-64,£50k-£100k,UK,London,London,Operations Manager,Manager,Operations,2,True,0.82
ethan.garcia@hotmail.example,45-54,£150k+,UK,North West,Manchester,Chief Revenue Officer,Director or above,Executive,2,False,0.83
ethan.green@evergreen-cloud.example,25-34,£25k-£50k,UK,London,London,Sales Rep,Individual contributor,Sales,3,False,0.89
ethan.green@inkwell-partners.example,35-44,£50k-£100k,UK,North West,Manchester,Operations Manager,Manager,Operations,2,False,0.75
ethan.green@moorland-fabrication.example,35-44,£50k-£100k,US,Illinois,Chicago,Sales Manager,Manager,Sales,1,False,0.75
ethan.green@yahoo.example,45-54,£100k-£150k,FR,Ile-de-France,Paris,CEO,Director or above,Executive,2,True,0.77
ethan.hall@meridian-wealth.example,25-34,£25k-£50k,DE,Bavaria,Munich,Marketing Executive,Individual contributor,Marketing,2,False,0.76
ethan.hall@norfolk-finance.example,25-34,under £25k,NL,Utrecht,Utrecht,Analyst,Individual contributor,Operations,7,True,0.94
ethan.hall@tamarind-fabrication.example,25-34,£25k-£50k,UK,West Midlands,Birmingham,Marketing Executive,Individual contributor,Marketing,3,True,0.76
ethan.jansen@hotmail.example,25-34,£25k-£50k,US,Texas,Austin,Marketing Coordinator,Individual contributor,Marketing,0,True,0.99
ethan.jansen@quartz-systems.example,25-34,£50k-£100k,NL,South Holland,Rotterdam,Operations Manager,Manager,Operations,0,True,0.84
ethan.johnson@nimbus-works.example,25-34,£100k-£150k,US,California,San Francisco,Head of Growth,Manager,Marketing,1,True,0.69
ethan.johnson@pennine-recruitment.example,35-44,£25k-£50k,UK,London,London,Operations Manager,Manager,Operations,7,True,0.6
ethan.khan@keystone-haulage.example,18-24,under £25k,UK,South West,Bristol,Student,Student,Student,0,False,0.94
ethan.khan@nettlefield-tutors.example,35-44,under £25k,NL,Utrecht,Utrecht,Marketing Manager,Manager,Marketing,1,False,0.94
ethan.khan@nimbus-pharma.example,25-34,£50k-£100k,US,Washington,Seattle,Sales Rep,Individual contributor,Sales,7,False,0.66
ethan.king@gmail.example,45-54,£100k-£150k,UK,South West,Bristol,VP Marketing,Director or above,Marketing,1,True,0.83
ethan.miller@hotmail.example,35-44,£50k-£100k,US,California,San Francisco,Managing Director,Director or above,Executive,2,True,0.84
ethan.miller@juniper-tutors.example,35-44,£50k-£100k,DE,Berlin,Berlin,Marketing Manager,Manager,Marketing,3,False,0.8
ethan.patel@fernhill-learning.example,35-44,£25k-£50k,DE,Bavaria,Munich,Assistant,Individual contributor,Operations,5,False,0.8
ethan.patel@icloud.example,35-44,£100k-£150k,NL,North Brabant,Eindhoven,Director of Sales,Director or above,Sales,0,True,0.75
ethan.patel@vantage-works.example,45-54,£150k+,US,Washington,Seattle,VP Marketing,Director or above,Marketing,5,True,0.67
ethan.roberts@jasper-capital.example,35-44,£50k-£100k,US,Illinois,Chicago,Marketing Executive,Individual contributor,Marketing,4,True,0.96
ethan.smith@juniper-systems.example,45-54,£100k-£150k,US,Massachusetts,Boston,Chief Revenue Officer,Director or above,Executive,0,False,0.7
ethan.smith@kelvin-advisory.example,35-44,£25k-£50k,FR,Occitanie,Toulouse,Sales Manager,Manager,Sales,2,True,0.88
ethan.thompson@jasper-consulting.example,45-54,£150k+,UK,Scotland,Edinburgh,Founder,Director or above,Executive,5,False,0.63
ethan.walker@ivywood-systems.example,45-54,£150k+,UK,South West,Bristol,Director of Sales,Director or above,Sales,3,True,0.79
ethan.walker@nettlefield-software.example,25-34,£50k-£100k,UK,Scotland,Edinburgh,Demand Gen Manager,Manager,Marketing,2,False,0.68
ethan.white@gmail.example,18-24,£25k-£50k,NL,North Brabant,Eindhoven,Student,Student,Student,0,True,0.62
ethan.white@greystone-academy.example,35-44,£150k+,UK,West Midlands,Birmingham,Director of Sales,Director or above,Sales,4,True,0.81
ethan.williams@northwind-cloud.example,25-34,£50k-£100k,UK,Scotland,Edinburgh,Sales Rep,Individual contributor,Sales,3,False,0.83
ethan.wilson@greystone-education.example,45-54,£100k-£150k,DE,Hamburg,Hamburg,Head of Marketing,Manager,Marketing,3,True,0.78
ethan.wilson@outlook.example,25-34,£100k-£150k,UK,South West,Bristol,Marketing Manager,Manager,Marketing,11,True,0.98
ethan.wilson@tamarind-market.example,25-34,under £25k,FR,Hauts-de-France,Lille,Marketing Executive,Individual contributor,Marketing,6,True,0.67
ethan.wilson@tidewater-medical.example,18-24,£50k-£100k,UK,South West,Bristol,Head of Growth,Manager,Marketing,2,True,0.77
ethan.wood@bluebell-training.example,25-34,under £25k,UK,North West,Manchester,Sales Rep,Individual contributor,Sales,2,False,0.79
ethan.wood@glenmoor-clinics.example,25-34,£25k-£50k,UK,West Midlands,Birmingham,Marketing Coordinator,Individual contributor,Marketing,2,True,0.85
ethan.wright@meridian-dental.example,45-54,£100k-£150k,DE,Berlin,Berlin,CEO,Director or above,Executive,5,False,0.94
ethan.young@northwind-outfitters.example,25-34,£25k-£50k,NL,North Brabant,Eindhoven,Marketing Executive,Individual contributor,Marketing,2,False,0.95
ethan.young@pinecrest-advisory.example,35-44,£150k+,US,Illinois,Chicago,Managing Director,Director or above,Executive,1,True,0.6
ethan@bluebell-logistics.example,35-44,£150k+,FR,Occitanie,Toulouse,Founder,Director or above,Executive,1,False,0.78
ethan@cobalt-academy.example,25-34,£25k-£50k,UK,Yorkshire,Leeds,Marketing Executive,Individual contributor,Marketing,3,True,0.92
ethan@dunmore-digital.example,35-44,£100k-£150k,US,Washington,Seattle,Operations Manager,Manager,Operations,0,True,0.97
ethan@emberly-trading.example,45-54,£50k-£100k,UK,Yorkshire,Leeds,Demand Gen Manager,Manager,Marketing,2,True,0.92
ethan@falcon-dental.example,35-44,£50k-£100k,UK,Yorkshire,Leeds,Sales Manager,Manager,Sales,2,True,0.9
ethan@foxglove-tutors.example,45-54,£50k-£100k,NL,South Holland,Rotterdam,Head of Growth,Manager,Marketing,2,True,0.73
ethan@granite-learning.example,25-34,£25k-£50k,UK,London,London,Assistant,Individual contributor,Operations,2,True,0.77
ethan@harbour-accountants.example,25-34,£50k-£100k,UK,North West,Manchester,Head of Marketing,Manager,Marketing,2,False,0.72
ethan@ironbridge-data.example,45-54,£50k-£100k,UK,Scotland,Edinburgh,Director of Sales,Director or above,Sales,2,False,0.89
ethan@ivywood-advisory.example,25-34,under £25k,FR,Hauts-de-France,Lille,Assistant,Individual contributor,Operations,3,False,0.92
ethan@ivywood-components.example,25-34,£50k-£100k,US,California,San Francisco,Marketing Coordinator,Individual contributor,Marketing,6,False,0.93
ethan@ivywood-outfitters.example,55-64,£100k-£150k,UK,Yorkshire,Leeds,Founder,Director or above,Executive,0,True,0.95
ethan@jasper-shipping.example,35-44,£100k-£150k,US,California,San Francisco,Sales Manager,Manager,Sales,4,True,0.65
ethan@jasper-software.example,45-54,£100k-£150k,UK,Yorkshire,Leeds,Founder,Director or above,Executive,5,False,0.95
ethan@meridian-recruitment.example,25-34,£100k-£150k,DE,Berlin,Berlin,VP Marketing,Director or above,Marketing,1,False,0.9
ethan@meridian-shipping.example,25-34,£25k-£50k,NL,North Holland,Amsterdam,Marketing Manager,Manager,Marketing,1,False,0.63
ethan@moorland-legal.example,25-34,£50k-£100k,US,New York,New York,Assistant,Individual contributor,Operations,5,False,0.73
ethan@oldfield-advisory.example,45-54,£100k-£150k,US,New York,New York,VP Marketing,Director or above,Marketing,2,True,0.77
ethan@oldfield-training.example,65+,£100k-£150k,UK,Yorkshire,Leeds,CEO,Director or above,Executive,3,True,0.62
ethan@pebble-consulting.example,25-34,under £25k,UK,West Midlands,Birmingham,Sales Rep,Individual contributor,Sales,3,False,0.96
ethan@pennine-dental.example,25-34,£150k+,US,Illinois,Chicago,Demand Gen Manager,Manager,Marketing,6,False,0.75
ethan@quartz-industries.example,35-44,£50k-£100k,FR,Ile-de-France,Paris,Demand Gen Manager,Manager,Marketing,8,True,0.67
ethan@riverside-components.example,25-34,£50k-£100k,US,Illinois,Chicago,Operations Manager,Manager,Operations,1,True,0.89
ethan@rosewood-data.example,18-24,under £25k,UK,West Midlands,Birmingham,Sales Rep,Individual contributor,Sales,1,False,0.98
ethan@stonebridge-market.example,35-44,£150k+,US,California,San Francisco,Founder,Director or above,Executive,3,True,0.74
ethan@tamarind-consulting.example,18-24,under £25k,UK,Yorkshire,Leeds,Sales Rep,Individual contributor,Sales,0,False,0.97
ethan@thornbury-insurance.example,65+,£150k+,US,Massachusetts,Boston,VP Marketing,Director or above,Marketing,1,True,0.69
ethan@tidewater-recruitment.example,35-44,£50k-£100k,UK,Scotland,Edinburgh,Sales Rep,Individual contributor,Sales,2,False,0.92
ethan@valley-systems.example,25-34,£25k-£50k,US,New York,New York,Marketing Executive,Individual contributor,Marketing,2,True,0.62
ethananderson22@yahoo.example,55-64,£100k-£150k,UK,North West,Manchester,CEO,Director or above,Executive,3,True,0.99
ethandevries35@gmail.example,45-54,£100k-£150k,US,California,San Francisco,Operations Manager,Manager,Operations,1,True,0.93
ethandevries73@icloud.example,35-44,£50k-£100k,UK,Yorkshire,Leeds,Head of Marketing,Manager,Marketing,2,True,0.81
ethanevans96@yahoo.example,25-34,under £25k,UK,Yorkshire,Leeds,Marketing Coordinator,Individual contributor,Marketing,0,False,0.9
ethanjansen11@gmail.example,18-24,under £25k,FR,Ile-de-France,Paris,Assistant,Individual contributor,Operations,2,True,0.77
ethanlewis88@yahoo.example,25-34,£50k-£100k,DE,Hamburg,Hamburg,Demand Gen Manager,Manager,Marketing,4,False,0.96
ethanmoore66@hotmail.example,45-54,£25k-£50k,DE,Hesse,Frankfurt,Operations Manager,Manager,Operations,2,True,0.88
ethanpatel02@yahoo.example,35-44,£100k-£150k,US,Texas,Austin,Operations Manager,Manager,Operations,4,True,0.94
ethanschmidt92@yahoo.example,35-44,£25k-£50k,UK,Scotland,Edinburgh,Head of Marketing,Manager,Marketing,12,True,0.88
ethanscott06@outlook.example,45-54,£25k-£50k,UK,North West,Manchester,Assistant,Individual contributor,Operations,2,True,0.88
ethanscott93@gmail.example,55-64,£150k+,UK,West Midlands,Birmingham,VP Marketing,Director or above,Marketing,5,True,0.77
ethantaylor67@gmail.example,45-54,£100k-£150k,US,Illinois,Chicago,Founder,Director or above,Executive,0,False,0.82
ethanthompson44@outlook.example,25-34,under £25k,US,Massachusetts,Boston,Analyst,Individual contributor,Operations,8,False,0.64
ethanwood48@yahoo.example,45-54,£50k-£100k,UK,London,London,Founder,Director or above,Executive,1,True,0.93
ewalker503@gmail.example,35-44,£50k-£100k,US,New York,New York,Operations Manager,Manager,Operations,1,False,0.92
ewilliams198@gmail.example,35-44,£50k-£100k,UK,Yorkshire,Leeds,Head of Marketing,Manager,Marketing,1,True,0.99
ewilliams725@outlook.example,25-34,£50k-£100k,DE,Bavaria,Munich,Head of Growth,Manager,Marketing,6,False,0.73
ewood289@hotmail.example,25-34,£50k-£100k,UK,London,London,Head of Growth,Manager,Marketing,7,False,0.7
ewood525@hotmail.example,35-44,£100k-£150k,US,Massachusetts,Boston,Head of Growth,Manager,Marketing,1,True,0.98
ewood627@gmail.example,25-34,£25k-£50k,US,Illinois,Chicago,Marketing Coordinator,Individual contributor,Marketing,4,False,0.96
eyoung031@yahoo.example,18-24,£25k-£50k,UK,Scotland,Edinburgh,Student,Student,Student,0,True,0.63
f.anderson@upland-pharma.example,65+,£100k-£150k,DE,Hamburg,Hamburg,VP Marketing,Director or above,Marketing,1,True,0.81
f.baker@pebble-freight.example,35-44,£100k-£150k,US,Illinois,Chicago,Sales Manager,Manager,Sales,12,False,0.92
f.baker@westbrook-learning.example,25-34,under £25k,US,New York,New York,Sales Rep,Individual contributor,Sales,10,False,0.91
f.bakker@granite-advisory.example,25-34,£50k-£100k,UK,Yorkshire,Leeds,Analyst,Individual contributor,Operations,1,True,0.85
f.bakker@granite-goods.example,35-44,£50k-£100k,DE,Hamburg,Hamburg,Sales Rep,Individual contributor,Sales,2,False,0.74
f.bakker@marigold-finance.example,25-34,£50k-£100k,DE,Bavaria,Munich,Marketing Executive,Individual contributor,Marketing,6,False,0.8
f.bakker@moorland-retail.example,35-44,£50k-£100k,UK,North West,Manchester,CEO,Director or above,Executive,2,True,0.82
f.bakker@redwood-trading.example,25-34,£100k-£150k,US,Illinois,Chicago,Marketing Coordinator,Individual contributor,Marketing,2,False,0.81
f.bakker@umber-software.example,25-34,£25k-£50k,NL,North Brabant,Eindhoven,Assistant,Individual contributor,Operations,12,False,0.74
f.bernard@orchard-tutors.example,35-44,£50k-£100k,UK,North West,Manchester,Head of Growth,Manager,Marketing,1,False,0.75
f.brown@bramble-software.example,35-44,£150k+,US,Massachusetts,Boston,Operations Manager,Manager,Operations,2,True,0.95
f.brown@valley-care.example,45-54,£100k-£150k,UK,Yorkshire,Leeds,Head of Marketing,Manager,Marketing,3,True,0.98
f.clarke@brightwater-manufacturing.example,45-54,£50k-£100k,UK,Yorkshire,Leeds,Analyst,Individual contributor,Operations,3,True,0.65
f.clarke@nettlefield-fabrication.example,25-34,£100k-£150k,UK,North West,Manchester,CEO,Director or above,Executive,0,False,0.66
f.devries@harbour-medical.example,45-54,£25k-£50k,UK,Yorkshire,Leeds,Chief Revenue Officer,Director or above,Executive,8,True,0.68
f.devries@inkwell-transport.example,25-34,£25k-£50k,US,Texas,Austin,Sales Rep,Individual contributor,Sales,5,True,0.67
f.devries@pennine-care.example,45-54,£50k-£100k,DE,Hesse,Frankfurt,Demand Gen Manager,Manager,Marketing,5,False,0.65
f.evans@dovecote-clinics.example,35-44,£50k-£100k,DE,Hesse,Frankfurt,Operations Manager,Manager,Operations,2,True,0.94
f.evans@upland-trading.example,35-44,£50k-£100k,UK,South West,Bristol,Sales Rep,Individual contributor,Sales,4,False,0.63
f.garcia@aurora-systems.example,25-34,£150k+,US,Illinois,Chicago,Sales Manager,Manager,Sales,14,True,0.82
f.garcia@dovecote-associates.example,25-34,£50k-£100k,FR,Auvergne-Rhone-Alpes,Lyon,Operations Manager,Manager,Operations,4,True,0.93
f.garcia@nettlefield-software.example,25-34,£50k-£100k,UK,South West,Bristol,Marketing Manager,Manager,Marketing,5,False,0.73
f.garcia@redwood-associates.example,45-54,£50k-£100k,FR,Ile-de-France,Paris,Sales Manager,Manager,Sales,0,True,0.8
f.green@ashford-education.example,55-64,£50k-£100k,UK,South West,Bristol,Marketing Director,Director or above,Marketing,7,True,0.61
f.green@quartz-outfitters.example,25-34,£50k-£100k,US,Washington,Seattle,Marketing Executive,Individual contributor,Marketing,6,True,0.69
f.green@valley-outfitters.example,25-34,£50k-£100k,NL,Utrecht,Utrecht,Marketing Executive,Individual contributor,Marketing,3,True,0.6
f.hughes@driftwood-couriers.example,25-34,£50k-£100k,US,Massachusetts,Boston,Head of Growth,Manager,Marketing,9,True,0.96
f.hughes@heron-legal.example,25-34,£50k-£100k,US,Illinois,Chicago,Marketing Manager,Manager,Marketing,4,False,0.87
f.johnson@norfolk-finance.example,18-24,under £25k,NL,South Holland,Rotterdam,Assistant,Individual contributor,Operations,3,False,0.99
f.johnson@orchard-learning.example,55-64,£100k-£150k,NL,North Holland,Amsterdam,Founder,Director or above,Executive,2,True,0.62
f.jones@fernhill-stores.example,35-44,£100k-£150k,US,Washington,Seattle,Operations Manager,Manager,Operations,1,True,0.68
f.khan@pennine-logistics.example,35-44,£50k-£100k,US,Illinois,Chicago,Marketing Director,Director or above,Marketing,6,False,0.65
f.king@ivywood-outfitters.example,45-54,£150k+,UK,North West,Manchester,CEO,Director or above,Executive,4,False,0.9
f.lewis@granite-learning.example,35-44,£50k-£100k,UK,West Midlands,Birmingham,Head of Marketing,Manager,Marketing,0,False,0.91
f.lewis@lantern-industries.example,25-34,£25k-£50k,NL,North Holland,Amsterdam,Sales Rep,Individual contributor,Sales,0,False,0.62
f.miller@bramble-training.example,35-44,£50k-£100k,US,Texas,Austin,Demand Gen Manager,Manager,Marketing,1,False,0.62
f.moore@silverline-tutors.example,35-44,£100k-£150k,NL,North Holland,Amsterdam,Head of Marketing,Manager,Marketing,0,True,0.86
f.muller@brightwater-transport.example,55-64,£100k-£150k,NL,North Holland,Amsterdam,Chief Revenue Officer,Director or above,Executive,17,True,0.69
f.muller@umber-wealth.example,35-44,£100k-£150k,US,Texas,Austin,Head of Growth,Manager,Marketing,0,False,0.87
f.murphy@inkwell-learning.example,25-34,£25k-£50k,FR,Auvergne-Rhone-Alpes,Lyon,Assistant,Individual contributor,Operations,2,True,0.81
f.murphy@moorland-fabrication.example,25-34,£50k-£100k,US,Washington,Seattle,Analyst,Individual contributor,Operations,6,True,0.74
f.patel@brightwater-labs.example,25-34,under £25k,FR,Ile-de-France,Paris,Sales Rep,Individual contributor,Sales,8,False,0.71
f.patel@marigold-care.example,25-34,£50k-£100k,NL,Utrecht,Utrecht,Operations Manager,Manager,Operations,4,True,0.76
f.patel@northwind-software.example,35-44,£25k-£50k,UK,South West,Bristol,Assistant,Individual contributor,Operations,0,True,0.64
f.patel@riverside-accountants.example,18-24,£25k-£50k,US,Massachusetts,Boston,Student,Student,Student,0,False,0.87
f.patel@vantage-market.example,45-54,£150k+,FR,Auvergne-Rhone-Alpes,Lyon,Marketing Director,Director or above,Marketing,2,False,0.94
f.roberts@ashford-market.example,45-54,£50k-£100k,DE,Bavaria,Munich,Sales Manager,Manager,Sales,14,True,0.93
f.schmidt@bramble-lending.example,35-44,£50k-£100k,DE,Hamburg,Hamburg,Head of Growth,Manager,Marketing,3,True,0.89
f.schmidt@ironbridge-digital.example,25-34,£25k-£50k,UK,Scotland,Edinburgh,Assistant,Individual contributor,Operations,7,False,0.78
f.scott@quartz-digital.example,35-44,£50k-£100k,US,New York,New York,Marketing Coordinator,Individual contributor,Marketing,3,True,0.86
f.scott@silverline-insurance.example,35-44,£100k-£150k,US,New York,New York,Sales Manager,Manager,Sales,1,False,0.92
f.smith@driftwood-associates.example,25-34,£25k-£50k,US,Washington,Seattle,Marketing Coordinator,Individual contributor,Marketing,8,True,0.79
f.smith@marigold-academy.example,18-24,under £25k,FR,Auvergne-Rhone-Alpes,Lyon,Student,Student,Student,0,False,0.85
f.smith@oldfield-trading.example,18-24,£25k-£50k,US,California,San Francisco,Marketing Coordinator,Individual contributor,Marketing,1,True,0.68
f.taylor@emberly-fabrication.example,35-44,£150k+,US,New York,New York,Marketing Director,Director or above,Marketing,1,False,0.75
f.taylor@foxglove-data.example,35-44,£25k-£50k,FR,Hauts-de-France,Lille,Sales Rep,Individual contributor,Sales,0,True,0.89
f.thompson@cedar-market.example,45-54,£50k-£100k,UK,Yorkshire,Leeds,Sales Manager,Manager,Sales,1,False,0.84
f.thompson@hawthorn-care.example,35-44,£50k-£100k,UK,Scotland,Edinburgh,Demand Gen Manager,Manager,Marketing,3,True,0.99
f.thompson@tidewater-advisory.example,25-34,£50k-£100k,UK,North West,Manchester,Marketing Executive,Individual contributor,Marketing,0,True,0.93
f.walker@clearwater-transport.example,25-34,£50k-£100k,US,Texas,Austin,Sales Manager,Manager,Sales,2,False,0.81
f.walker@kingsway-retail.example,25-34,£50k-£100k,DE,Hamburg,Hamburg,Sales Manager,Manager,Sales,2,False,0.65
f.walker@tamarind-insurance.example,25-34,£25k-£50k,US,Texas,Austin,Sales Rep,Individual contributor,Sales,1,False,0.95
f.weber@ashford-medical.example,35-44,£50k-£100k,UK,West Midlands,Birmingham,Demand Gen Manager,Manager,Marketing,5,True,0.94
f.white@lantern-industries.example,25-34,£50k-£100k,NL,North Brabant,Eindhoven,Assistant,Individual contributor,Operations,3,False,0.67
f.white@tidewater-cloud.example,25-34,£50k-£100k,DE,Hamburg,Hamburg,Head of Marketing,Manager,Marketing,0,False,0.77
f.williams@beacon-outfitters.example,45-54,£50k-£100k,UK,West Midlands,Birmingham,Marketing Manager,Manager,Marketing,2,False,0.71
f.williams@bramble-dental.example,25-34,£25k-£50k,US,Illinois,Chicago,Sales Rep,Individual contributor,Sales,0,False,0.99
f.wood@harbour-medical.example,25-34,£25k-£50k,UK,West Midlands,Birmingham,Analyst,Individual contributor,Operations,2,False,0.91
f.wood@oakridge-legal.example,35-44,£25k-£50k,UK,West Midlands,Birmingham,Marketing Coordinator,Individual contributor,Marketing,3,False,0.96
f.wood@zephyr-health.example,35-44,£100k-£150k,DE,Hesse,Frankfurt,Chief Revenue Officer,Director or above,Executive,2,False,0.74
f.wright@cedar-labs.example,25-34,£25k-£50k,NL,North Holland,Amsterdam,Marketing Executive,Individual contributor,Marketing,9,True,0.84
f.wright@yarrow-fabrication.example,35-44,£100k-£150k,US,Illinois,Chicago,Head of Marketing,Manager,Marketing,3,True,0.73
f.young@riverside-college.example,25-34,under £25k,DE,Hesse,Frankfurt,Sales Rep,Individual contributor,Sales,2,False,0.62
f.young@zephyr-training.example,25-34,under £25k,US,California,San Francisco,Sales Rep,Individual contributor,Sales,4,True,0.71
fanderson920@yahoo.example,25-34,£50k-£100k,NL,Utrecht,Utrecht,Head of Marketing,Manager,Marketing,0,False,0.78
fatima.anderson@outlook.example,35-44,£50k-£100k,UK,South West,Bristol,Sales Rep,Individual contributor,Sales,7,True,0.9
fatima.bakker@saltmarsh-training.example,25-34,£50k-£100k,UK,Yorkshire,Leeds,Sales Rep,Individual contributor,Sales,7,False,0.81
fatima.brown@yahoo.example,18-24,under £25k,US,California,San Francisco,Student,Student,Student,0,True,0.8
fatima.clarke@highgate-recruitment.example,35-44,under £25k,UK,London,London,Sales Rep,Individual contributor,Sales,12,True,0.89
fatima.clarke@lantern-industries.example,25-34,under £25k,NL,Utrecht,Utrecht,Assistant,Individual contributor,Operations,8,True,0.71
fatima.davies@valley-dental.example,25-34,£50k-£100k,UK,North West,Manchester,Sales Manager,Manager,Sales,8,True,0.67
fatima.dubois@hawthorn-recruitment.example,25-34,£25k-£50k,FR,Auvergne-Rhone-Alpes,Lyon,Marketing Executive,Individual contributor,Marketing,2,True,0.9
fatima.evans@lantern-academy.example,35-44,£25k-£50k,US,New York,New York,Assistant,Individual contributor,Operations,5,True,0.71
fatima.evans@pebble-finance.example,35-44,£25k-£50k,FR,Ile-de-France,Paris,Head of Marketing,Manager,Marketing,4,True,0.79
fatima.garcia@hotmail.example,25-34,£100k-£150k,US,Texas,Austin,Operations Manager,Manager,Operations,1,False,0.67
fatima.garcia@orchard-stores.example,25-34,£50k-£100k,UK,Scotland,Edinburgh,CEO,Director or above,Executive,2,True,0.72
fatima.hall@elmstead-software.example,25-34,£25k-£50k,US,Illinois,Chicago,Sales Rep,Individual contributor,Sales,1,True,0.84
fatima.hall@kelvin-dental.example,25-34,£25k-£50k,DE,Hamburg,Hamburg,Marketing Coordinator,Individual contributor,Marketing,2,False,0.69
fatima.hall@upland-shipping.example,25-34,£100k-£150k,US,New York,New York,Sales Manager,Manager,Sales,3,False,0.61
fatima.jansen@nimbus-dental.example,45-54,£100k-£150k,UK,Yorkshire,Leeds,CEO,Director or above,Executive,3,True,0.8
fatima.johnson@bramble-clinics.example,35-44,£25k-£50k,US,Massachusetts,Boston,Sales Manager,Manager,Sales,8,False,0.99
fatima.jones@lantern-fabrication.example,35-44,£50k-£100k,NL,North Brabant,Eindhoven,Sales Manager,Manager,Sales,2,False,0.93
fatima.khan@outlook.example,25-34,£50k-£100k,NL,North Brabant,Eindhoven,Head of Marketing,Manager,Marketing,5,False,0.88
fatima.king@icloud.example,35-44,£50k-£100k,DE,Hamburg,Hamburg,Head of Marketing,Manager,Marketing,5,True,0.91
fatima.lewis@bramble-cloud.example,25-34,under £25k,FR,Ile-de-France,Paris,Sales Rep,Individual contributor,Sales,4,False,0.89
fatima.martin@gmail.example,18-24,£25k-£50k,UK,North West,Manchester,Student,Student,Student,0,True,0.66
fatima.martin@hotmail.example,25-34,£100k-£150k,DE,Hamburg,Hamburg,Head of Growth,Manager,Marketing,2,True,0.85
fatima.muller@hotmail.example,25-34,£50k-£100k,US,Texas,Austin,Sales Manager,Manager,Sales,3,True,0.77
fatima.muller@yahoo.example,25-34,£25k-£50k,FR,Ile-de-France,Paris,Analyst,Individual contributor,Operations,5,False,0.98
fatima.murphy@icloud.example,45-54,£50k-£100k,UK,London,London,Demand Gen Manager,Manager,Marketing,2,False,0.67
fatima.murphy@umber-recruitment.example,25-34,£50k-£100k,US,New York,New York,Marketing Executive,Individual contributor,Marketing,0,True,0.9
fatima.murphy@upland-health.example,45-54,£50k-£100k,UK,London,London,Head of Marketing,Manager,Marketing,1,True,0.95
fatima.patel@granite-freight.example,35-44,under £25k,NL,South Holland,Rotterdam,Marketing Executive,Individual contributor,Marketing,4,True,0.69
fatima.roberts@outlook.example,18-24,under £25k,UK,South West,Bristol,Student,Student,Student,0,False,0.99
fatima.roberts@yarrow-academy.example,35-44,£50k-£100k,UK,North West,Manchester,Head of Growth,Manager,Marketing,0,True,0.72
fatima.schmidt@clearwater-lending.example,25-34,£100k-£150k,UK,London,London,Head of Marketing,Manager,Marketing,10,False,0.68
fatima.schmidt@ivywood-capital.example,35-44,£25k-£50k,US,Illinois,Chicago,Operations Manager,Manager,Operations,3,True,0.8
fatima.scott@juniper-fabrication.example,35-44,£50k-£100k,UK,Yorkshire,Leeds,Head of Marketing,Manager,Marketing,3,False,0.82
fatima.smith@cobalt-learning.example,55-64,£100k-£150k,FR,Occitanie,Toulouse,Founder,Director or above,Executive,0,False,0.68
fatima.smith@gmail.example,35-44,£50k-£100k,UK,London,London,Sales Manager,Manager,Sales,4,True,0.95
fatima.taylor@yahoo.example,25-34,£25k-£50k,US,Massachusetts,Boston,Assistant,Individual contributor,Operations,0,True,0.82
fatima.taylor@yarrow-finance.example,25-34,£100k-£150k,US,California,San Francisco,Head of Growth,Manager,Marketing,5,False,0.62
fatima.thompson@highgate-software.example,35-44,£100k-£150k,UK,Yorkshire,Leeds,Marketing Director,Director or above,Marketing,4,False,0.84
fatima.weber@dunmore-trading.example,25-34,£50k-£100k,UK,London,London,Sales Manager,Manager,Sales,3,False,0.96
fatima.weber@outlook.example,45-54,£50k-£100k,UK,North West,Manchester,VP Marketing,Director or above,Marketing,2,False,0.67
fatima.white@dovecote-wealth.example,18-24,under £25k,UK,London,London,Assistant,Individual contributor,Operations,10,True,0.95
fatima.white@icloud.example,18-24,£25k-£50k,FR,Occitanie,Toulouse,Analyst,Individual contributor,Operations,8,False,0.93
fatima.white@moorland-retail.example,55-64,£50k-£100k,UK,South West,Bristol,Demand Gen Manager,Manager,Marketing,4,True,0.81
fatima.williams@cedar-labs.example,25-34,£50k-£100k,NL,Utrecht,Utrecht,Sales Manager,Manager,Sales,1,True,0.76
fatima.williams@pinecrest-digital.example,25-34,under £25k,DE,Bavaria,Munich,Marketing Executive,Individual contributor,Marketing,6,False,0.84
fatima.wood@vantage-manufacturing.example,35-44,£50k-£100k,US,Massachusetts,Boston,Demand Gen Manager,Manager,Marketing,2,True,0.99
fatima.wright@dunmore-market.example,35-44,£100k-£150k,FR,Auvergne-Rhone-Alpes,Lyon,Founder,Director or above,Executive,4,True,0.94
fatima.wright@kelvin-legal.example,18-24,£50k-£100k,US,Massachusetts,Boston,Analyst,Individual contributor,Operations,0,False,0.68
fatima46@driftwood-insurance.example,18-24,£25k-£50k,FR,Ile-de-France,Paris,Sales Rep,Individual contributor,Sales,4,False,0.9
fatima@beacon-industries.example,25-34,£50k-£100k,UK,Scotland,Edinburgh,Marketing Manager,Manager,Marketing,3,True,0.89
fatima@bramble-fabrication.example,25-34,£25k-£50k,DE,Berlin,Berlin,Sales Rep,Individual contributor,Sales,6,True,0.86
fatima@bramble-systems.example,45-54,£100k-£150k,NL,South Holland,Rotterdam,Founder,Director or above,Executive,14,False,0.65
fatima@clearwater-accountants.example,35-44,£150k+,US,Massachusetts,Boston,Marketing Manager,Manager,Marketing,1,True,0.85
fatima@dovecote-dental.example,25-34,£25k-£50k,UK,West Midlands,Birmingham,Head of Marketing,Manager,Marketing,3,False,0.76
fatima@driftwood-insurance.example,55-64,£100k-£150k,FR,Auvergne-Rhone-Alpes,Lyon,Managing Director,Director or above,Executive,3,True,0.91
fatima@dunmore-college.example,35-44,£50k-£100k,NL,Utrecht,Utrecht,Demand Gen Manager,Manager,Marketing,10,False,0.73
fatima@evergreen-retail.example,25-34,under £25k,US,California,San Francisco,Assistant,Individual contributor,Operations,3,False,0.73
fatima@evergreen-stores.example,35-44,£100k-£150k,FR,Occitanie,Toulouse,Head of Growth,Manager,Marketing,5,True,0.67
fatima@glenmoor-cloud.example,25-34,£100k-£150k,US,New York,New York,Head of Marketing,Manager,Marketing,3,True,0.75
fatima@greystone-engineering.example,45-54,£100k-£150k,US,New York,New York,Sales Manager,Manager,Sales,2,False,0.81
fatima@hawthorn-accountants.example,35-44,£50k-£100k,DE,Hesse,Frankfurt,Sales Manager,Manager,Sales,8,True,0.64
fatima@hawthorn-fabrication.example,25-34,£50k-£100k,UK,South West,Bristol,Marketing Coordinator,Individual contributor,Marketing,4,True,0.91
fatima@heron-transport.example,25-34,under £25k,US,Washington,Seattle,Marketing Coordinator,Individual contributor,Marketing,4,True,0.6
fatima@highgate-capital.example,25-34,under £25k,UK,London,London,Marketing Executive,Individual contributor,Marketing,4,False,0.64
fatima@highgate-engineering.example,18-24,£50k-£100k,FR,Auvergne-Rhone-Alpes,Lyon,Sales Rep,Individual contributor,Sales,5,True,0.65
fatima@inkwell-capital.example,18-24,£50k-£100k,US,Texas,Austin,Head of Growth,Manager,Marketing,4,False,0.87
fatima@inkwell-engineering.example,45-54,£150k+,US,Texas,Austin,Managing Director,Director or above,Executive,3,True,0.75
fatima@ivywood-college.example,35-44,£50k-£100k,UK,South West,Bristol,Head of Growth,Manager,Marketing,4,False,0.76
fatima@jasper-college.example,18-24,£25k-£50k,FR,Ile-de-France,Paris,Head of Growth,Manager,Marketing,1,False,0.6
fatima@jasper-haulage.example,55-64,£150k+,US,New York,New York,Managing Director,Director or above,Executive,0,True,0.76
fatima@kelvin-consulting.example,25-34,£25k-£50k,NL,South Holland,Rotterdam,Head of Marketing,Manager,Marketing,4,True,0.86
fatima@kestrel-college.example,18-24,£25k-£50k,FR,Auvergne-Rhone-Alpes,Lyon,Sales Rep,Individual contributor,Sales,0,False,0.91
fatima@lantern-manufacturing.example,35-44,£50k-£100k,US,Massachusetts,Boston,Head of Marketing,Manager,Marketing,13,False,0.81
fatima@marigold-consulting.example,25-34,£25k-£50k,FR,Occitanie,Toulouse,Demand Gen Manager,Manager,Marketing,3,False,0.66
fatima@marigold-legal.example,55-64,£100k-£150k,UK,Scotland,Edinburgh,Director of Sales,Director or above,Sales,5,False,0.73
fatima@moorland-accountants.example,35-44,£50k-£100k,UK,Yorkshire,Leeds,Operations Manager,Manager,Operations,2,True,0.76
fatima@moorland-manufacturing.example,55-64,£150k+,DE,Bavaria,Munich,Founder,Director or above,Executive,3,True,0.93
fatima@nimbus-stores.example,25-34,under £25k,NL,North Brabant,Eindhoven,Marketing Coordinator,Individual contributor,Marketing,1,True,0.97
fatima@northwind-consulting.example,25-34,£25k-£50k,UK,Scotland,Edinburgh,Analyst,Individual contributor,Operations,2,False,0.83
fatima@northwind-goods.example,25-34,£25k-£50k,US,Massachusetts,Boston,Sales Rep,Individual contributor,Sales,4,False,0.92
fatima@northwind-works.example,25-34,£25k-£50k,UK,North West,Manchester,Marketing Coordinator,Individual contributor,Marketing,10,True,0.89
fatima@oakridge-dental.example,45-54,£50k-£100k,US,New York,New York,Operations Manager,Manager,Operations,6,False,0.68
fatima@orchard-pharma.example,35-44,£50k-£100k,FR,Ile-de-France,Paris,Marketing Manager,Manager,Marketing,8,True,0.64
fatima@quayside-health.example,35-44,£25k-£50k,DE,Hamburg,Hamburg,Analyst,Individual contributor,Operations,2,True,0.73
fatima@quayside-software.example,35-44,under £25k,NL,North Holland,Amsterdam,Marketing Coordinator,Individual contributor,Marketing,2,False,0.85
fatima@redwood-components.example,25-34,£25k-£50k,DE,Bavaria,Munich,Marketing Executive,Individual contributor,Marketing,5,True,0.79
fatima@redwood-labs.example,25-34,£100k-£150k,US,Illinois,Chicago,Sales Manager,Manager,Sales,8,True,0.65
fatima@riverside-accountants.example,25-34,£50k-£100k,US,Massachusetts,Boston,Assistant,Individual contributor,Operations,0,False,0.93
fatima@riverside-college.example,35-44,£50k-£100k,DE,Berlin,Berlin,Operations Manager,Manager,Operations,0,True,0.6
fatima@silverline-associates.example,25-34,£50k-£100k,US,Massachusetts,Boston,Head of Marketing,Manager,Marketing,1,False,0.94
fatima@stonebridge-market.example,35-44,£100k-£150k,US,Texas,Austin,Head of Growth,Manager,Marketing,3,False,0.89
fatima@stonebridge-partners.example,35-44,under £25k,UK,Scotland,Edinburgh,Marketing Executive,Individual contributor,Marketing,1,True,0.82
fatima@vantage-accountants.example,35-44,£100k-£150k,FR,Occitanie,Toulouse,Sales Manager,Manager,Sales,3,True,0.78
fatima@westbrook-stores.example,25-34,£25k-£50k,DE,Bavaria,Munich,Operations Manager,Manager,Operations,4,True,0.76
fatima@zephyr-advisory.example,35-44,£100k-£150k,UK,South West,Bristol,Head of Growth,Manager,Marketing,0,False,0.91
fatimadavies66@gmail.example,25-34,£50k-£100k,UK,Scotland,Edinburgh,Analyst,Individual contributor,Operations,5,True,0.79
fatimajohnson49@yahoo.example,25-34,£100k-£150k,UK,West Midlands,Birmingham,Head of Marketing,Manager,Marketing,4,True,0.79
fatimajohnson77@yahoo.example,45-54,under £25k,UK,North West,Manchester,Marketing Coordinator,Individual contributor,Marketing,8,False,0.6
fatimamartin45@yahoo.example,25-34,under £25k,UK,North West,Manchester,Marketing Coordinator,Individual contributor,Marketing,0,True,0.98
fatimapatel08@outlook.example,45-54,£100k-£150k,US,Washington,Seattle,Operations Manager,Manager,Operations,4,True,0.78
fatimawilliams80@icloud.example,35-44,£50k-£100k,UK,West Midlands,Birmingham,Head of Growth,Manager,Marketing,0,False,0.68
fbaker722@outlook.example,35-44,£100k-£150k,UK,West Midlands,Birmingham,Head of Marketing,Manager,Marketing,11,True,0.64
fbaker823@gmail.example,45-54,£150k+,NL,North Holland,Amsterdam,Managing Director,Director or above,Executive,2,False,0.74
fbakker633@icloud.example,35-44,£25k-£50k,US,Texas,Austin,Marketing Executive,Individual contributor,Marketing,8,False,0.78
fdavies576@yahoo.example,35-44,£50k-£100k,UK,West Midlands,Birmingham,Marketing Manager,Manager,Marketing,2,True,0.68
fdavies833@gmail.example,18-24,£25k-£50k,US,California,San Francisco,Student,Student,Student,0,True,0.7
fdevries753@outlook.example,45-54,£150k+,UK,South West,Bristol,Chief Revenue Officer,Director or above,Executive,7,False,0.96
fdevries795@hotmail.example,45-54,£50k-£100k,UK,Yorkshire,Leeds,Operations Manager,Manager,Operations,3,True,0.64
fgarcia258@gmail.example,25-34,£100k-£150k,US,Illinois,Chicago,Head of Marketing,Manager,Marketing,3,True,0.83
fgreen393@hotmail.example,25-34,£100k-£150k,NL,North Holland,Amsterdam,Demand Gen Manager,Manager,Marketing,10,True,0.93
fgreen508@gmail.example,35-44,£25k-£50k,UK,West Midlands,Birmingham,Head of Growth,Manager,Marketing,1,False,0.93
fhughes079@gmail.example,25-34,under £25k,FR,Ile-de-France,Paris,Marketing Executive,Individual contributor,Marketing,3,False,0.88
fhughes108@hotmail.example,35-44,£25k-£50k,UK,South West,Bristol,Head of Marketing,Manager,Marketing,5,False,0.62
fhughes909@gmail.example,18-24,under £25k,UK,South West,Bristol,Marketing Coordinator,Individual contributor,Marketing,3,False,0.8
fjones380@gmail.example,25-34,under £25k,US,New York,New York,Student,Student,Student,0,False,0.6
fkhan480@icloud.example,25-34,£50k-£100k,UK,North West,Manchester,Demand Gen Manager,Manager,Marketing,2,True,0.81
fmoore689@outlook.example,25-34,£25k-£50k,US,Washington,Seattle,Assistant,Individual contributor,Operations,3,False,0.74
freya.anderson@cobalt-college.example,35-44,£25k-£50k,US,Illinois,Chicago,Assistant,Individual contributor,Operations,6,True,0.91
freya.anderson@icloud.example,35-44,£100k-£150k,UK,Scotland,Edinburgh,Managing Director,Director or above,Executive,12,False,0.79
freya.anderson@riverside-care.example,25-34,£50k-£100k,UK,Scotland,Edinburgh,Marketing Executive,Individual contributor,Marketing,7,True,0.84
freya.baker@kingsway-couriers.example,25-34,under £25k,DE,Hamburg,Hamburg,Assistant,Individual contributor,Operations,14,True,0.66
freya.baker@outlook.example,35-44,£25k-£50k,DE,Hesse,Frankfurt,Marketing Coordinator,Individual contributor,Marketing,0,False,0.74
freya.bakker18@hotmail.example,25-34,£50k-£100k,FR,Auvergne-Rhone-Alpes,Lyon,Director of Sales,Director or above,Sales,2,False,0.97
freya.bakker@emberly-legal.example,35-44,£50k-£100k,NL,Utrecht,Utrecht,Marketing Manager,Manager,Marketing,5,True,0.73
freya.bakker@foxglove-transport.example,35-44,£50k-£100k,FR,Hauts-de-France,Lille,Demand Gen Manager,Manager,Marketing,1,True,0.68
freya.brown@emberly-lending.example,25-34,£50k-£100k,NL,North Holland,Amsterdam,Operations Manager,Manager,Operations,3,True,0.62
freya.brown@quartz-cloud.example,65+,£150k+,US,California,San Francisco,Founder,Director or above,Executive,0,False,0.64
freya.brown@upland-couriers.example,25-34,under £25k,NL,North Brabant,Eindhoven,Marketing Executive,Individual contributor,Marketing,1,True,0.68
freya.clarke@driftwood-industries.example,18-24,£25k-£50k,UK,London,London,Analyst,Individual contributor,Operations,1,True,0.69
freya.clarke@zephyr-accountants.example,25-34,£25k-£50k,US,Massachusetts,Boston,Marketing Coordinator,Individual contributor,Marketing,12,True,0.93
freya.davies@gmail.example,35-44,£100k-£150k,US,Washington,Seattle,Head of Marketing,Manager,Marketing,0,True,0.97
freya.dubois@icloud.example,18-24,£25k-£50k,US,California,San Francisco,Student,Student,Student,0,False,0.94
freya.evans@vantage-lending.example,45-54,£150k+,FR,Auvergne-Rhone-Alpes,Lyon,Director of Sales,Director or above,Sales,6,True,0.94
freya.evans@westbrook-medical.example,25-34,£50k-£100k,FR,Ile-de-France,Paris,Demand Gen Manager,Manager,Marketing,5,True,0.7
freya.garcia@heron-wealth.example,55-64,£100k-£150k,US,Washington,Seattle,VP Marketing,Director or above,Marketing,4,True,0.96
freya.green@orchard-clinics.example,25-34,£50k-£100k,FR,Occitanie,Toulouse,Head of Marketing,Manager,Marketing,3,False,0.75
freya.hall@elmstead-stores.example,25-34,£50k-£100k,FR,Hauts-de-France,Lille,Head of Marketing,Manager,Marketing,4,False,0.68
freya.hall@harbour-tutors.example,35-44,£50k-£100k,DE,Hesse,Frankfurt,Head of Marketing,Manager,Marketing,14,False,0.65
freya.hughes@norfolk-advisory.example,35-44,£100k-£150k,US,California,San Francisco,Sales Manager,Manager,Sales,7,False,0.85
freya.jansen@icloud.example,18-24,£25k-£50k,UK,South West,Bristol,Demand Gen Manager,Manager,Marketing,5,False,0.83
freya.jansen@keystone-freight.example,25-34,£25k-£50k,UK,South West,Bristol,Marketing Coordinator,Individual contributor,Marketing,1,False,0.9
freya.johnson@emberly-trading.example,45-54,£100k-£150k,UK,Yorkshire,Leeds,Marketing Director,Director or above,Marketing,4,False,0.86
freya.khan@beacon-education.example,18-24,£50k-£100k,NL,North Brabant,Eindhoven,Assistant,Individual contributor,Operations,3,True,0.62
freya.khan@foxglove-manufacturing.example,25-34,£50k-£100k,US,California,San Francisco,Analyst,Individual contributor,Operations,3,False,0.93
freya.khan@granite-engineering.example,35-44,under £25k,UK,London,London,Analyst,Individual contributor,Operations,9,True,0.79
freya.khan@granite-outfitters.example,35-44,£50k-£100k,US,Massachusetts,Boston,Marketing Manager,Manager,Marketing,4,False,0.67
freya.khan@kingsway-fabrication.example,65+,£100k-£150k,UK,Yorkshire,Leeds,Chief Revenue Officer,Director or above,Executive,4,False,0.83
freya.king@riverside-freight.example,25-34,under £25k,UK,West Midlands,Birmingham,Sales Rep,Individual contributor,Sales,2,False,0.77
freya.lewis@vantage-couriers.example,45-54,£150k+,UK,West Midlands,Birmingham,Founder,Director or above,Executive,6,True,0.86
freya.martin@gmail.example,25-34,£25k-£50k,US,New York,New York,Demand Gen Manager,Manager,Marketing,1,True,0.87
freya.miller@brightwater-associates.example,45-54,£100k-£150k,UK,London,London,CEO,Director or above,Executive,1,True,0.63
freya.miller@hawthorn-college.example,45-54,£25k-£50k,US,New York,New York,Demand Gen Manager,Manager,Marketing,2,True,0.84
freya.moore@oldfield-software.example,18-24,£25k-£50k,DE,Berlin,Berlin,Assistant,Individual contributor,Operations,9,False,0.74
freya.muller@nimbus-recruitment.example,45-54,£50k-£100k,UK,South West,Bristol,Head of Growth,Manager,Marketing,0,True,0.82
freya.murphy@cedar-legal.example,45-54,£50k-£100k,UK,West Midlands,Birmingham,Demand Gen Manager,Manager,Marketing,1,True,0.75
freya.murphy@juniper-capital.example,55-64,£150k+,UK,North West,Manchester,Founder,Director or above,Executive,1,True,0.95
freya.murphy@redwood-associates.example,35-44,£50k-£100k,FR,Ile-de-France,Paris,Marketing Manager,Manager,Marketing,3,True,0.66
freya.patel@driftwood-insurance.example,25-34,under £25k,FR,Occitanie,Toulouse,Marketing Coordinator,Individual contributor,Marketing,0,False,0.89
freya.schmidt@heron-recruitment.example,55-64,£100k-£150k,FR,Ile-de-France,Paris,Chief Revenue Officer,Director or above,Executive,6,True,0.99
freya.schmidt@lindenwood-clinics.example,35-44,£50k-£100k,US,New York,New York,Operations Manager,Manager,Operations,1,True,0.93
freya.scott@yahoo.example,35-44,£25k-£50k,DE,Berlin,Berlin,Marketing Manager,Manager,Marketing,1,False,0.71
freya.smith@saltmarsh-manufacturing.example,25-34,£50k-£100k,UK,North West,Manchester,Sales Manager,Manager,Sales,2,False,0.96
freya.taylor@gmail.example,35-44,£100k-£150k,NL,South Holland,Rotterdam,Marketing Manager,Manager,Marketing,10,True,0.78
freya.thompson@driftwood-advisory.example,35-44,£25k-£50k,US,Massachusetts,Boston,Marketing Executive,Individual contributor,Marketing,4,False,0.82
freya.thompson@driftwood-labs.example,25-34,£25k-£50k,NL,North Brabant,Eindhoven,Sales Rep,Individual contributor,Sales,10,False,0.74
freya.white@gmail.example,45-54,£25k-£50k,UK,West Midlands,Birmingham,Head of Growth,Manager,Marketing,4,True,0.87
freya.white@heron-wealth.example,35-44,£50k-£100k,US,Illinois,Chicago,Demand Gen Manager,Manager,Marketing,4,False,0.69
freya.white@ironbridge-freight.example,25-34,£25k-£50k,US,Massachusetts,Boston,Analyst,Individual contributor,Operations,1,True,0.85
freya.white@riverside-dental.example,45-54,£25k-£50k,DE,Bavaria,Munich,Demand Gen Manager,Manager,Marketing,5,False,0.64
freya.white@willow-transport.example,45-54,£50k-£100k,FR,Hauts-de-France,Lille,Marketing Coordinator,Individual contributor,Marketing,1,True,0.63
freya.wilson@fernhill-capital.example,35-44,£50k-£100k,US,Massachusetts,Boston,Sales Manager,Manager,Sales,4,False,0.94
freya.wilson@riverside-pharma.example,25-34,£25k-£50k,US,New York,New York,Marketing Executive,Individual contributor,Marketing,1,True,0.88
freya.wilson@yahoo.example,35-44,£50k-£100k,UK,Yorkshire,Leeds,Sales Manager,Manager,Sales,5,True,0.81
freya.wright@tidewater-works.example,25-34,£25k-£50k,FR,Hauts-de-France,Lille,Head of Growth,Manager,Marketing,9,False,0.93
freya.young@gmail.example,25-34,£25k-£50k,US,Illinois,Chicago,Marketing Coordinator,Individual contributor,Marketing,0,True,0.63
freya.young@keystone-works.example,55-64,£25k-£50k,US,Massachusetts,Boston,Demand Gen Manager,Manager,Marketing,0,False,0.93
freya@ashford-couriers.example,45-54,£25k-£50k,US,Texas,Austin,Sales Manager,Manager,Sales,3,False,0.66
freya@bramble-medical.example,25-34,£25k-£50k,UK,London,London,Marketing Coordinator,Individual contributor,Marketing,0,False,0.96
freya@dunmore-consulting.example,25-34,£100k-£150k,US,Washington,Seattle,Managing Director,Director or above,Executive,1,False,0.7
freya@falcon-learning.example,25-34,£25k-£50k,NL,North Brabant,Eindhoven,Assistant,Individual contributor,Operations,8,False,0.62
freya@fernhill-finance.example,35-44,£25k-£50k,UK,South West,Bristol,Head of Growth,Manager,Marketing,0,True,0.98
freya@fernhill-recruitment.example,18-24,under £25k,UK,North West,Manchester,Marketing Executive,Individual contributor,Marketing,2,True,0.63
freya@glenmoor-education.example,18-24,under £25k,UK,West Midlands,Birmingham,Student,Student,Student,0,False,0.94
freya@hawthorn-accountants.example,25-34,£50k-£100k,DE,Hesse,Frankfurt,Sales Rep,Individual contributor,Sales,1,True,0.67
freya@ivywood-capital.example,25-34,£100k-£150k,US,New York,New York,Marketing Manager,Manager,Marketing,2,True,0.92
freya@jasper-components.example,45-54,£100k-£150k,US,California,San Francisco,VP Marketing,Director or above,Marketing,6,False,0.71
freya@jasper-works.example,45-54,£50k-£100k,UK,Scotland,Edinburgh,Operations Manager,Manager,Operations,4,True,0.76
freya@keystone-advisory.example,25-34,£50k-£100k,NL,North Holland,Amsterdam,Head of Growth,Manager,Marketing,1,True,0.62
freya@kingsway-engineering.example,35-44,£25k-£50k,FR,Auvergne-Rhone-Alpes,Lyon,Sales Rep,Individual contributor,Sales,3,True,0.93
freya@lantern-health.example,45-54,£50k-£100k,UK,London,London,Head of Marketing,Manager,Marketing,4,False,0.68
freya@marigold-freight.example,25-34,£50k-£100k,NL,North Brabant,Eindhoven,Operations Manager,Manager,Operations,4,False,0.89
freya@meridian-retail.example,35-44,£100k-£150k,FR,Occitanie,Toulouse,Chief Revenue Officer,Director or above,Executive,1,False,0.8
freya@northwind-stores.example,35-44,under £25k,NL,Utrecht,Utrecht,Analyst,Individual contributor,Operations,1,False,0.69
freya@oakridge-manufacturing.example,25-34,under £25k,DE,Berlin,Berlin,Assistant,Individual contributor,Operations,1,False,0.95
freya@oldfield-stores.example,35-44,£25k-£50k,US,New York,New York,Operations Manager,Manager,Operations,0,True,0.95
freya@orchard-education.example,45-54,£100k-£150k,NL,Utrecht,Utrecht,CEO,Director or above,Executive,2,True,0.96
freya@rosewood-capital.example,25-34,under £25k,UK,London,London,Marketing Coordinator,Individual contributor,Marketing,10,True,0.76
freya@rosewood-engineering.example,35-44,£50k-£100k,UK,North West,Manchester,Director of Sales,Director or above,Sales,2,False,0.7
freya@stonebridge-outfitters.example,25-34,£25k-£50k,UK,London,London,Head of Marketing,Manager,Marketing,2,False,0.66
freya@tamarind-transport.example,45-54,£100k-£150k,FR,Occitanie,Toulouse,VP Marketing,Director or above,Marketing,2,True,0.75
freya@thornbury-cloud.example,45-54,£150k+,US,California,San Francisco,Founder,Director or above,Executive,0,True,0.73
freya@thornbury-pharma.example,35-44,£100k-£150k,UK,Scotland,Edinburgh,Marketing Director,Director or above,Marketing,8,True,0.68
freya@umber-academy.example,45-54,£50k-£100k,US,Texas,Austin,Sales Manager,Manager,Sales,2,True,0.68
freya@umber-clinics.example,25-34,£25k-£50k,UK,Scotland,Edinburgh,Operations Manager,Manager,Operations,12,False,0.89
freya@upland-wealth.example,45-54,£100k-£150k,US,Texas,Austin,Director of Sales,Director or above,Sales,3,False,0.93
freya@zephyr-associates.example,35-44,£100k-£150k,UK,London,London,Marketing Manager,Manager,Marketing,5,False,0.72
freyabaker92@gmail.example,45-54,£150k+,FR,Occitanie,Toulouse,VP Marketing,Director or above,Marketing,10,True,0.83
freyaclarke31@hotmail.example,25-34,under £25k,US,California,San Francisco,Analyst,Individual contributor,Operations,5,False,0.96
freyaclarke78@hotmail.example,45-54,£50k-£100k,FR,Ile-de-France,Paris,Marketing Manager,Manager,Marketing,0,True,0.93
freyagarcia09@gmail.example,35-44,£25k-£50k,US,Texas,Austin,Sales Manager,Manager,Sales,2,False,0.76
freyajones85@yahoo.example,18-24,under £25k,NL,North Holland,Amsterdam,Student,Student,Student,0,True,0.96
freyamoore16@gmail.example,55-64,£50k-£100k,US,Texas,Austin,VP Marketing,Director or above,Marketing,4,True,0.7
freyaweber24@yahoo.example,35-44,£150k+,US,Illinois,Chicago,Director of Sales,Director or above,Sales,2,False,0.84
freyawright79@hotmail.example,25-34,£25k-£50k,FR,Ile-de-France,Paris,Operations Manager,Manager,Operations,3,False,0.64
fscott563@hotmail.example,25-34,£50k-£100k,FR,Occitanie,Toulouse,Sales Manager,Manager,Sales,9,False,0.73
ftaylor743@gmail.example,35-44,£25k-£50k,UK,London,London,Demand Gen Manager,Manager,Marketing,3,False,0.76
fthompson079@icloud.example,25-34,£25k-£50k,US,California,San Francisco,Marketing Coordinator,Individual contributor,Marketing,1,False,0.71
fthompson989@hotmail.example,45-54,£100k-£150k,US,Texas,Austin,Chief Revenue Officer,Director or above,Executive,0,False,0.81
fweber084@hotmail.example,18-24,under £25k,UK,London,London,Student,Student,Student,0,False,0.94
fwilliams394@hotmail.example,45-54,£50k-£100k,UK,West Midlands,Birmingham,Sales Rep,Individual contributor,Sales,1,True,0.81
fwilson031@yahoo.example,55-64,£100k-£150k,FR,Auvergne-Rhone-Alpes,Lyon,VP Marketing,Director or above,Marketing,2,True,0.86
fwood694@hotmail.example,35-44,£100k-£150k,US,Texas,Austin,Marketing Manager,Manager,Marketing,0,True,0.67
g.anderson@falcon-cloud.example,35-44,£50k-£100k,UK,Yorkshire,Leeds,Head of Growth,Manager,Marketing,3,True,0.94
g.anderson@pebble-stores.example,35-44,£150k+,US,Texas,Austin,VP Marketing,Director or above,Marketing,4,False,0.81
g.baker@driftwood-manufacturing.example,35-44,£50k-£100k,UK,South West,Bristol,Head of Growth,Manager,Marketing,2,True,0.74
g.baker@marigold-wealth.example,45-54,£100k-£150k,UK,London,London,Chief Revenue Officer,Director or above,Executive,17,True,0.83
g.baker@northwind-advisory.example,25-34,£100k-£150k,NL,North Brabant,Eindhoven,Demand Gen Manager,Manager,Marketing,1,True,0.67
g.bakker@beacon-systems.example,35-44,£25k-£50k,UK,Scotland,Edinburgh,Sales Manager,Manager,Sales,2,True,0.78
g.bernard@bluebell-couriers.example,45-54,£150k+,US,Massachusetts,Boston,Chief Revenue Officer,Director or above,Executive,6,False,0.86
g.bernard@rosewood-college.example,45-54,£50k-£100k,DE,Hesse,Frankfurt,VP Marketing,Director or above,Marketing,3,True,0.86
g.brown@hawthorn-pharma.example,25-34,£50k-£100k,UK,West Midlands,Birmingham,Demand Gen Manager,Manager,Marketing,6,False,0.93
g.clarke@driftwood-digital.example,35-44,under £25k,UK,North West,Manchester,Marketing Executive,Individual contributor,Marketing,8,False,0.8
g.davies@ivywood-college.example,25-34,£25k-£50k,UK,South West,Bristol,Sales Rep,Individual contributor,Sales,3,True,0.7
g.davies@pebble-stores.example,45-54,£100k-£150k,US,Illinois,Chicago,Chief Revenue Officer,Director or above,Executive,7,True,0.89
g.devries@beacon-manufacturing.example,25-34,£50k-£100k,UK,North West,Manchester,Sales Rep,Individual contributor,Sales,2,False,0.89
g.devries@driftwood-labs.example,35-44,£50k-£100k,NL,North Brabant,Eindhoven,Head of Marketing,Manager,Marketing,15,False,0.86
g.devries@elmstead-recruitment.example,35-44,£100k-£150k,DE,Bavaria,Munich,Director of Sales,Director or above,Sales,2,True,0.7
g.devries@riverside-advisory.example,45-54,£150k+,DE,Hesse,Frankfurt,Managing Director,Director or above,Executive,11,True,0.72
g.devries@tidewater-learning.example,18-24,£25k-£50k,DE,Hamburg,Hamburg,Student,Student,Student,0,False,0.62
g.devries@upland-wealth.example,45-54,£50k-£100k,US,Washington,Seattle,Head of Growth,Manager,Marketing,8,False,0.71
g.dubois@redwood-cloud.example,55-64,£25k-£50k,US,California,San Francisco,Sales Manager,Manager,Sales,1,True,0.79
g.dubois@thornbury-capital.example,18-24,under £25k,FR,Occitanie,Toulouse,Marketing Executive,Individual contributor,Marketing,3,False,0.74
g.evans@dovecote-couriers.example,35-44,£100k-£150k,UK,Scotland,Edinburgh,Director of Sales,Director or above,Sales,0,True,0.65
g.evans@glenmoor-recruitment.example,25-34,£25k-£50k,UK,North West,Manchester,Analyst,Individual contributor,Operations,2,False,0.83
g.green@fernhill-education.example,35-44,£100k-£150k,US,Illinois,Chicago,Sales Manager,Manager,Sales,6,True,0.87
g.green@pinecrest-data.example,35-44,£50k-£100k,UK,West Midlands,Birmingham,Demand Gen Manager,Manager,Marketing,2,True,0.6
g.hall@foxglove-software.example,25-34,£100k-£150k,US,Massachusetts,Boston,Head of Marketing,Manager,Marketing,8,False,0.84
g.hughes@cobalt-health.example,25-34,£25k-£50k,NL,North Holland,Amsterdam,Analyst,Individual contributor,Operations,2,True,0.8
g.jansen@cobalt-capital.example,25-34,£25k-£50k,FR,Ile-de-France,Paris,Sales Rep,Individual contributor,Sales,1,False,0.98
g.jansen@juniper-cloud.example,25-34,£25k-£50k,FR,Ile-de-France,Paris,Sales Rep,Individual contributor,Sales,5,True,0.87
g.johnson@dunmore-capital.example,25-34,under £25k,FR,Hauts-de-France,Lille,Assistant,Individual contributor,Operations,1,False,0.78
g.johnson@dunmore-recruitment.example,35-44,£100k-£150k,UK,Scotland,Edinburgh,Founder,Director or above,Executive,2,True,0.75
g.johnson@kingsway-retail.example,25-34,under £25k,DE,Berlin,Berlin,Assistant,Individual contributor,Operations,10,False,0.82
g.king@bluebell-fabrication.example,25-34,£25k-£50k,DE,Berlin,Berlin,Sales Rep,Individual contributor,Sales,1,True,0.94
g.king@foxglove-manufacturing.example,35-44,£150k+,US,Texas,Austin,Demand Gen Manager,Manager,Marketing,7,False,0.85
g.king@quartz-couriers.example,25-34,£50k-£100k,UK,South West,Bristol,Head of Growth,Manager,Marketing,2,False,0.79
g.lewis@hawthorn-trading.example,35-44,£50k-£100k,UK,West Midlands,Birmingham,Head of Marketing,Manager,Marketing,3,False,0.79
g.lewis@moorland-legal.example,35-44,£50k-£100k,US,Illinois,Chicago,Sales Manager,Manager,Sales,3,True,0.73
g.lewis@quartz-education.example,35-44,£100k-£150k,UK,North West,Manchester,Director of Sales,Director or above,Sales,13,False,0.6
g.martin@beacon-education.example,55-64,£50k-£100k,NL,Utrecht,Utrecht,Demand Gen Manager,Manager,Marketing,0,True,0.6
g.martin@glenmoor-market.example,25-34,£150k+,US,Massachusetts,Boston,Managing Director,Director or above,Executive,2,True,0.67
g.martin@jasper-capital.example,45-54,£150k+,US,California,San Francisco,Chief Revenue Officer,Director or above,Executive,2,True,0.71
g.martin@kelvin-legal.example,25-34,£25k-£50k,US,Massachusetts,Boston,Assistant,Individual contributor,Operations,0,False,0.99
g.miller@dovecote-stores.example,18-24,£25k-£50k,NL,North Holland,Amsterdam,Assistant,Individual contributor,Operations,1,False,0.81
g.miller@quartz-care.example,18-24,£25k-£50k,UK,South West,Bristol,Assistant,Individual contributor,Operations,10,False,0.78
g.miller@stonebridge-medical.example,25-34,£50k-£100k,UK,London,London,Sales Rep,Individual contributor,Sales,10,False,0.7
g.moore@harbour-haulage.example,55-64,£50k-£100k,FR,Auvergne-Rhone-Alpes,Lyon,Sales Manager,Manager,Sales,3,True,0.66
g.moore@kelvin-engineering.example,35-44,£100k-£150k,UK,Scotland,Edinburgh,Marketing Director,Director or above,Marketing,1,False,0.9
g.moore@marigold-freight.example,35-44,£100k-£150k,NL,North Brabant,Eindhoven,Head of Growth,Manager,Marketing,8,True,0.93
g.moore@yarrow-tutors.example,25-34,£50k-£100k,UK,London,London,Sales Rep,Individual contributor,Sales,8,False,0.95
g.muller@lindenwood-education.example,25-34,£100k-£150k,US,California,San Francisco,Sales Manager,Manager,Sales,5,False,0.8
g.murphy@brightwater-manufacturing.example,25-34,£50k-£100k,UK,Yorkshire,Leeds,Sales Manager,Manager,Sales,2,True,0.92
g.murphy@nettlefield-works.example,35-44,£25k-£50k,FR,Occitanie,Toulouse,Head of Growth,Manager,Marketing,1,False,0.8
g.patel@aurora-training.example,35-44,£100k-£150k,NL,Utrecht,Utrecht,Chief Revenue Officer,Director or above,Executive,2,True,0.8
g.patel@oakridge-recruitment.example,45-54,£100k-£150k,NL,Utrecht,Utrecht,Marketing Director,Director or above,Marketing,5,True,0.65
g.roberts@driftwood-components.example,25-34,£25k-£50k,DE,Hamburg,Hamburg,Marketing Executive,Individual contributor,Marketing,2,True,0.71
g.roberts@driftwood-market.example,25-34,£50k-£100k,US,New York,New York,Demand Gen Manager,Manager,Marketing,9,False,0.69
g.roberts@kelvin-engineering.example,35-44,£150k+,UK,Yorkshire,Leeds,Marketing Director,Director or above,Marketing,1,True,0.67
g.schmidt@bramble-advisory.example,25-34,£25k-£50k,US,New York,New York,Sales Rep,Individual contributor,Sales,8,True,0.9
g.schmidt@moorland-fabrication.example,35-44,£25k-£50k,US,Texas,Austin,Marketing Executive,Individual contributor,Marketing,1,False,0.97
g.scott@saltmarsh-works.example,25-34,£25k-£50k,UK,North West,Manchester,Sales Rep,Individual contributor,Sales,2,True,0.75
g.smith@clearwater-care.example,35-44,£50k-£100k,US,New York,New York,Demand Gen Manager,Manager,Marketing,0,False,0.73
g.smith@driftwood-medical.example,45-54,£50k-£100k,US,Washington,Seattle,Sales Manager,Manager,Sales,0,True,0.68
g.smith@pinecrest-wealth.example,25-34,£25k-£50k,DE,Hamburg,Hamburg,Marketing Coordinator,Individual contributor,Marketing,0,False,0.87
g.smith@stonebridge-recruitment.example,35-44,£150k+,US,Texas,Austin,Sales Manager,Manager,Sales,2,False,0.9
g.taylor@harbour-components.example,35-44,£50k-£100k,UK,North West,Manchester,Head of Growth,Manager,Marketing,5,True,0.7
g.taylor@oldfield-fabrication.example,25-34,£50k-£100k,UK,Yorkshire,Leeds,Head of Marketing,Manager,Marketing,0,True,0.68
g.thompson@driftwood-systems.example,35-44,£25k-£50k,UK,North West,Manchester,Head of Marketing,Manager,Marketing,3,True,0.96
g.thompson@dunmore-dental.example,55-64,£100k-£150k,US,Illinois,Chicago,Managing Director,Director or above,Executive,1,True,0.99
g.thompson@foxglove-pharma.example,18-24,£25k-£50k,NL,South Holland,Rotterdam,Marketing Coordinator,Individual contributor,Marketing,5,False,0.77
g.thompson@pebble-manufacturing.example,35-44,£50k-£100k,UK,London,London,Head of Growth,Manager,Marketing,4,False,0.73
g.thompson@vantage-learning.example,35-44,£25k-£50k,FR,Auvergne-Rhone-Alpes,Lyon,Head of Growth,Manager,Marketing,3,True,0.93
g.weber@dovecote-shipping.example,45-54,£150k+,UK,West Midlands,Birmingham,Founder,Director or above,Executive,3,False,0.94
g.weber@meridian-industries.example,18-24,£25k-£50k,UK,South West,Bristol,Marketing Coordinator,Individual contributor,Marketing,1,True,0.84
g.white@elmstead-medical.example,25-34,under £25k,US,California,San Francisco,Assistant,Individual contributor,Operations,1,False,0.91
g.williams@aurora-recruitment.example,25-34,under £25k,NL,Utrecht,Utrecht,Analyst,Individual contributor,Operations,8,False,0.76
g.williams@falcon-market.example,25-34,£50k-£100k,US,Massachusetts,Boston,Head of Marketing,Manager,Marketing,2,True,0.71
g.williams@pennine-accountants.example,35-44,£25k-£50k,US,New York,New York,Analyst,Individual contributor,Operations,3,True,0.81
g.wilson@inkwell-associates.example,55-64,£150k+,UK,London,London,Chief Revenue Officer,Director or above,Executive,5,True,0.94
g.wood@yarrow-freight.example,25-34,£50k-£100k,US,New York,New York,Sales Manager,Manager,Sales,7,True,0.66
g.wright@kingsway-systems.example,25-34,under £25k,DE,Bavaria,Munich,Analyst,Individual contributor,Operations,2,False,0.75
g.young@evergreen-health.example,18-24,£25k-£50k,US,Illinois,Chicago,Sales Rep,Individual contributor,Sales,11,False,0.65
g.young@kelvin-manufacturing.example,18-24,£50k-£100k,FR,Hauts-de-France,Lille,Analyst,Individual contributor,Operations,10,False,0.72
gbakker357@outlook.example,35-44,£25k-£50k,US,Washington,Seattle,Assistant,Individual contributor,Operations,2,True,0.77
gbrown277@yahoo.example,35-44,£100k-£150k,US,Texas,Austin,Head of Marketing,Manager,Marketing,5,True,0.96
gdevries277@icloud.example,25-34,£50k-£100k,US,Washington,Seattle,Sales Rep,Individual contributor,Sales,4,False,0.82
george.baker@falcon-freight.example,45-54,£100k-£150k,UK,South West,Bristol,Director of Sales,Director or above,Sales,1,True,0.6
george.bakker@bramble-learning.example,25-34,£150k+,US,Washington,Seattle,VP Marketing,Director or above,Marketing,0,True,0.83
george.bakker@silverline-associates.example,35-44,£150k+,US,Illinois,Chicago,Founder,Director or above,Executive,0,True,0.67
george.brown@highgate-industries.example,25-34,£25k-£50k,DE,Berlin,Berlin,Marketing Coordinator,Individual contributor,Marketing,2,False,0.68
george.brown@tamarind-fabrication.example,35-44,£100k-£150k,UK,South West,Bristol,Marketing Director,Director or above,Marketing,7,False,0.82
george.clarke@beacon-goods.example,45-54,£25k-£50k,UK,Scotland,Edinburgh,Chief Revenue Officer,Director or above,Executive,2,True,0.78
george.clarke@driftwood-works.example,55-64,£25k-£50k,US,Texas,Austin,Marketing Manager,Manager,Marketing,2,False,0.98
george.clarke@hotmail.example,25-34,£25k-£50k,DE,Hesse,Frankfurt,Sales Manager,Manager,Sales,3,True,0.76
george.davies@pebble-manufacturing.example,35-44,£50k-£100k,UK,South West,Bristol,Head of Growth,Manager,Marketing,0,True,0.99
george.devries@oldfield-works.example,35-44,£150k+,US,Texas,Austin,Demand Gen Manager,Manager,Marketing,12,True,0.84
george.dubois@oakridge-dental.example,25-34,£50k-£100k,US,Illinois,Chicago,Marketing Manager,Manager,Marketing,1,False,0.89
george.evans@icloud.example,55-64,£100k-£150k,NL,North Holland,Amsterdam,Managing Director,Director or above,Executive,3,True,0.87
george.green@falcon-outfitters.example,45-54,£50k-£100k,US,Illinois,Chicago,Marketing Manager,Manager,Marketing,5,True,0.93
george.green@kelvin-recruitment.example,18-24,£100k-£150k,FR,Auvergne-Rhone-Alpes,Lyon,Demand Gen Manager,Manager,Marketing,5,False,0.74
george.hall@cedar-recruitment.example,55-64,£50k-£100k,US,New York,New York,Director of Sales,Director or above,Sales,4,True,0.92
george.hall@emberly-associates.example,25-34,£25k-£50k,US,Massachusetts,Boston,Assistant,Individual contributor,Operations,0,True,0.81
george.hughes@hotmail.example,25-34,£50k-£100k,FR,Ile-de-France,Paris,Marketing Coordinator,Individual contributor,Marketing,2,False,0.61
george.jansen@cobalt-fabrication.example,25-34,£50k-£100k,UK,South West,Bristol,Head of Marketing,Manager,Marketing,0,True,0.96
george.johnson@orchard-education.example,45-54,£50k-£100k,NL,North Holland,Amsterdam,Sales Manager,Manager,Sales,2,False,0.76
george.king@pebble-shipping.example,35-44,under £25k,UK,North West,Manchester,Analyst,Individual contributor,Operations,3,False,0.71
george.lewis@greystone-industries.example,35-44,£100k-£150k,UK,South West,Bristol,Head of Marketing,Manager,Marketing,11,False,0.95
george.lewis@thornbury-college.example,35-44,£50k-£100k,UK,London,London,Demand Gen Manager,Manager,Marketing,1,True,0.65
george.lewis@zephyr-freight.example,25-34,£50k-£100k,FR,Hauts-de-France,Lille,Marketing Manager,Manager,Marketing,0,True,0.77
george.miller@emberly-engineering.example,35-44,£25k-£50k,DE,Hesse,Frankfurt,Analyst,Individual contributor,Operations,3,True,0.91
george.miller@icloud.example,45-54,£100k-£150k,DE,Berlin,Berlin,Marketing Director,Director or above,Marketing,6,True,0.8
george.miller@oldfield-digital.example,55-64,£150k+,UK,North West,Manchester,Founder,Director or above,Executive,4,True,0.71
george.moore@beacon-wealth.example,25-34,under £25k,UK,South West,Bristol,Assistant,Individual contributor,Operations,1,False,0.69
george.moore@icloud.example,18-24,£25k-£50k,UK,North West,Manchester,Assistant,Individual contributor,Operations,1,False,0.87
george.moore@pinecrest-systems.example,35-44,£50k-£100k,DE,Berlin,Berlin,Head of Growth,Manager,Marketing,1,False,0.66
george.moore@tidewater-advisory.example,35-44,£100k-£150k,UK,London,London,Operations Manager,Manager,Operations,0,False,0.75
george.moore@upland-insurance.example,35-44,£50k-£100k,DE,Bavaria,Munich,Marketing Executive,Individual contributor,Marketing,0,False,0.78
george.muller@icloud.example,35-44,£25k-£50k,US,Texas,Austin,Sales Manager,Manager,Sales,9,False,0.97
george.muller@inkwell-fabrication.example,35-44,£50k-£100k,US,Texas,Austin,Marketing Manager,Manager,Marketing,4,True,0.64
george.patel@aurora-accountants.example,35-44,£150k+,UK,South West,Bristol,Managing Director,Director or above,Executive,2,True,0.68
george.patel@granite-shipping.example,25-34,£25k-£50k,DE,Hesse,Frankfurt,Sales Rep,Individual contributor,Sales,0,False,0.94
george.smith@evergreen-education.example,18-24,under £25k,UK,North West,Manchester,Assistant,Individual contributor,Operations,8,False,0.62
george.taylor@brightwater-college.example,25-34,£25k-£50k,UK,West Midlands,Birmingham,Marketing Executive,Individual contributor,Marketing,1,False,0.94
george.taylor@kingsway-training.example,25-34,£25k-£50k,DE,Bavaria,Munich,Marketing Coordinator,Individual contributor,Marketing,2,True,0.62
george.walker@quartz-transport.example,25-34,£50k-£100k,UK,Yorkshire,Leeds,Head of Growth,Manager,Marketing,3,True,0.87
george.weber@harbour-recruitment.example,25-34,£25k-£50k,UK,Scotland,Edinburgh,Head of Growth,Manager,Marketing,1,False,0.63
george.weber@quayside-outfitters.example,35-44,£50k-£100k,DE,Hesse,Frankfurt,Founder,Director or above,Executive,6,True,0.8
george.wood@norfolk-care.example,18-24,under £25k,UK,North West,Manchester,Assistant,Individual contributor,Operations,0,False,0.64
george@ashford-tutors.example,25-34,£50k-£100k,DE,Hamburg,Hamburg,Founder,Director or above,Executive,1,True,0.69
george@aurora-pharma.example,25-34,£50k-£100k,UK,South West,Bristol,Operations Manager,Manager,Operations,14,False,0.94
george@bluebell-couriers.example,35-44,£100k-£150k,US,Massachusetts,Boston,Marketing Executive,Individual contributor,Marketing,0,True,0.82
george@cedar-systems.example,45-54,£50k-£100k,UK,West Midlands,Birmingham,Sales Manager,Manager,Sales,2,False,0.68
george@clearwater-pharma.example,35-44,£100k-£150k,UK,West Midlands,Birmingham,Managing Director,Director or above,Executive,7,False,0.78
george@cobalt-wealth.example,25-34,under £25k,DE,Berlin,Berlin,Marketing Executive,Individual contributor,Marketing,0,False,0.69
george@emberly-software.example,35-44,£50k-£100k,UK,Yorkshire,Leeds,Head of Marketing,Manager,Marketing,0,True,0.61
george@foxglove-pharma.example,45-54,£25k-£50k,NL,Utrecht,Utrecht,Sales Rep,Individual contributor,Sales,4,False,0.68
george@greystone-tutors.example,35-44,£50k-£100k,NL,North Holland,Amsterdam,Head of Growth,Manager,Marketing,0,True,0.72
george@harbour-learning.example,35-44,£50k-£100k,UK,South West,Bristol,Director of Sales,Director or above,Sales,0,False,0.81
george@hawthorn-transport.example,25-34,£25k-£50k,FR,Hauts-de-France,Lille,Sales Rep,Individual contributor,Sales,1,False,0.73
george@heron-trading.example,25-34,£25k-£50k,UK,West Midlands,Birmingham,Sales Rep,Individual contributor,Sales,1,False,0.65
george@ironbridge-consulting.example,25-34,£25k-£50k,US,Illinois,Chicago,Marketing Executive,Individual contributor,Marketing,0,False,0.68
george@ironbridge-fabrication.example,35-44,£50k-£100k,US,California,San Francisco,Sales Rep,Individual contributor,Sales,4,False,0.69
george@ironbridge-recruitment.example,18-24,£25k-£50k,US,Illinois,Chicago,Analyst,Individual contributor,Operations,1,False,0.63
george@ivywood-freight.example,25-34,under £25k,NL,South Holland,Rotterdam,Marketing Executive,Individual contributor,Marketing,3,False,0.7
george@ivywood-industries.example,25-34,under £25k,NL,South Holland,Rotterdam,Marketing Executive,Individual contributor,Marketing,1,False,0.91
george@ivywood-transport.example,25-34,£25k-£50k,UK,North West,Manchester,Sales Rep,Individual contributor,Sales,3,False,0.62
george@juniper-insurance.example,55-64,£150k+,UK,South West,Bristol,VP Marketing,Director or above,Marketing,0,True,0.69
george@keystone-dental.example,25-34,£50k-£100k,UK,West Midlands,Birmingham,CEO,Director or above,Executive,0,True,0.65
george@keystone-lending.example,35-44,£100k-£150k,NL,South Holland,Rotterdam,Sales Manager,Manager,Sales,5,False,0.97
george@keystone-wealth.example,25-34,under £25k,NL,North Holland,Amsterdam,Sales Rep,Individual contributor,Sales,1,False,0.92
george@kingsway-insurance.example,25-34,£25k-£50k,DE,Bavaria,Munich,Analyst,Individual contributor,Operations,2,False,0.77
george@lantern-manufacturing.example,45-54,£100k-£150k,US,California,San Francisco,Managing Director,Director or above,Executive,8,True,0.97
george@larkspur-shipping.example,25-34,£25k-£50k,US,Illinois,Chicago,Marketing Executive,Individual contributor,Marketing,4,False,0.79
george@larkspur-wealth.example,45-54,£25k-£50k,US,Massachusetts,Boston,Marketing Executive,Individual contributor,Marketing,5,False,0.8
george@marigold-medical.example,25-34,under £25k,FR,Occitanie,Toulouse,Sales Rep,Individual contributor,Sales,6,True,0.96
george@meridian-consulting.example,35-44,£150k+,US,Washington,Seattle,VP Marketing,Director or above,Marketing,4,False,0.9
george@moorland-software.example,35-44,£25k-£50k,DE,Hamburg,Hamburg,Demand Gen Manager,Manager,Marketing,10,False,0.98
george@nettlefield-labs.example,25-34,£25k-£50k,NL,North Brabant,Eindhoven,Sales Manager,Manager,Sales,2,False,0.84
george@norfolk-wealth.example,25-34,£25k-£50k,UK,Scotland,Edinburgh,Marketing Manager,Manager,Marketing,2,False,0.94
george@pinecrest-systems.example,18-24,under £25k,DE,Berlin,Berlin,Marketing Coordinator,Individual contributor,Marketing,7,True,0.92
george@redwood-retail.example,35-44,£50k-£100k,UK,Yorkshire,Leeds,Head of Growth,Manager,Marketing,4,False,0.62
george@rosewood-capital.example,35-44,£150k+,UK,North West,Manchester,Marketing Director,Director or above,Marketing,3,False,0.98
george@rosewood-works.example,25-34,under £25k,FR,Ile-de-France,Paris,Assistant,Individual contributor,Operations,2,True,0.91
george@saltmarsh-engineering.example,25-34,£50k-£100k,US,Texas,Austin,Sales Rep,Individual contributor,Sales,1,False,0.75
george@stonebridge-legal.example,35-44,£50k-£100k,FR,Occitanie,Toulouse,Head of Marketing,Manager,Marketing,8,False,0.7
george@thornbury-insurance.example,35-44,£150k+,US,Texas,Austin,Operations Manager,Manager,Operations,14,False,0.93
george@tidewater-market.example,55-64,£100k-£150k,NL,North Holland,Amsterdam,VP Marketing,Director or above,Marketing,3,True,0.81
george@umber-dental.example,35-44,£50k-£100k,US,Texas,Austin,Marketing Manager,Manager,Marketing,7,False,0.77
george@willow-college.example,35-44,£50k-£100k,NL,South Holland,Rotterdam,Sales Rep,Individual contributor,Sales,0,False,0.94
george@willow-finance.example,35-44,£25k-£50k,UK,London,London,Marketing Executive,Individual contributor,Marketing,1,True,0.89
george@zephyr-logistics.example,45-54,£100k-£150k,US,New York,New York,Director of Sales,Director or above,Sales,1,True,0.6
georgebaker38@icloud.example,18-24,under £25k,NL,Utrecht,Utrecht,Student,Student,Student,0,True,0.89
georgedubois65@gmail.example,35-44,£100k-£150k,US,Washington,Seattle,Head of Marketing,Manager,Marketing,3,True,0.82
georgegreen28@gmail.example,18-24,£25k-£50k,NL,North Holland,Amsterdam,Student,Student,Student,0,False,0.82
georgekhan62@yahoo.example,25-34,£50k-£100k,FR,Hauts-de-France,Lille,Head of Growth,Manager,Marketing,5,False,0.8
georgemuller43@outlook.example,18-24,under £25k,US,Massachusetts,Boston,Student,Student,Student,0,False,0.69
georgescott17@outlook.example,45-54,£100k-£150k,NL,North Holland,Amsterdam,CEO,Director or above,Executive,0,True,0.96
georgescott63@yahoo.example,25-34,£50k-£100k,US,Massachusetts,Boston,Marketing Manager,Manager,Marketing,6,False,0.88
georgetaylor14@icloud.example,25-34,under £25k,US,Massachusetts,Boston,Sales Rep,Individual contributor,Sales,4,False,0.7
georgethompson49@hotmail.example,18-24,under £25k,UK,Scotland,Edinburgh,Student,Student,Student,0,False,0.9
gevans282@hotmail.example,45-54,£100k-£150k,DE,Berlin,Berlin,Director of Sales,Director or above,Sales,0,True,0.6
ghall100@icloud.example,35-44,£150k+,US,New York,New York,Director of Sales,Director or above,Sales,1,True,0.78
ghall761@yahoo.example,45-54,£50k-£100k,FR,Auvergne-Rhone-Alpes,Lyon,Director of Sales,Director or above,Sales,3,True,0.93
gjohnson578@hotmail.example,25-34,£50k-£100k,US,Illinois,Chicago,Marketing Manager,Manager,Marketing,6,True,0.61
gjohnson945@outlook.example,35-44,£150k+,US,California,San Francisco,Operations Manager,Manager,Operations,4,True,0.81
gjones647@icloud.example,18-24,£50k-£100k,UK,South West,Bristol,Marketing Executive,Individual contributor,Marketing,0,False,0.94
gkhan460@gmail.example,35-44,£100k-£150k,DE,Bavaria,Munich,Marketing Director,Director or above,Marketing,2,True,0.9
gking454@gmail.example,18-24,£25k-£50k,US,Illinois,Chicago,Student,Student,Student,0,False,0.86
glewis672@outlook.example,25-34,under £25k,FR,Ile-de-France,Paris,Operations Manager,Manager,Operations,0,False,0.96
glewis899@yahoo.example,35-44,£50k-£100k,US,Illinois,Chicago,Marketing Manager,Manager,Marketing,0,False,0.73
gmartin979@icloud.example,35-44,£50k-£100k,DE,Bavaria,Munich,Marketing Manager,Manager,Marketing,2,False,0.92
gpatel415@hotmail.example,45-54,£100k-£150k,UK,London,London,CEO,Director or above,Executive,6,True,0.72
grace.baker@larkspur-wealth.example,45-54,£100k-£150k,US,Washington,Seattle,Chief Revenue Officer,Director or above,Executive,5,False,0.95
grace.bakker@ashford-capital.example,25-34,£50k-£100k,UK,Scotland,Edinburgh,Marketing Manager,Manager,Marketing,0,True,0.88
grace.bernard@juniper-logistics.example,35-44,£100k-£150k,US,Massachusetts,Boston,VP Marketing,Director or above,Marketing,0,True,0.96
grace.brown@nimbus-freight.example,35-44,£50k-£100k,US,Washington,Seattle,Sales Manager,Manager,Sales,2,True,0.61
grace.clarke@pinecrest-manufacturing.example,25-34,£25k-£50k,UK,Yorkshire,Leeds,Sales Rep,Individual contributor,Sales,0,False,0.94
grace.davies@northwind-associates.example,25-34,£25k-£50k,DE,Hamburg,Hamburg,Head of Marketing,Manager,Marketing,11,False,0.71
grace.devries@oldfield-couriers.example,35-44,£100k-£150k,UK,London,London,Marketing Manager,Manager,Marketing,2,True,0.96
grace.dubois@brightwater-outfitters.example,45-54,£100k-£150k,DE,Bavaria,Munich,Managing Director,Director or above,Executive,7,True,0.93
grace.evans@tidewater-fabrication.example,35-44,£150k+,UK,South West,Bristol,VP Marketing,Director or above,Marketing,1,False,0.92
grace.garcia@redwood-fabrication.example,18-24,under £25k,DE,Berlin,Berlin,Student,Student,Student,0,False,0.63
grace.hall@kestrel-pharma.example,18-24,£25k-£50k,FR,Hauts-de-France,Lille,Assistant,Individual contributor,Operations,2,False,0.88
grace.johnson@quartz-shipping.example,25-34,£25k-£50k,UK,London,London,Analyst,Individual contributor,Operations,1,False,0.9
grace.jones@pennine-capital.example,35-44,£100k-£150k,US,California,San Francisco,Sales Manager,Manager,Sales,4,True,0.63
grace.king@foxglove-labs.example,25-34,£25k-£50k,DE,Berlin,Berlin,Marketing Executive,Individual contributor,Marketing,4,True,0.67
grace.king@lindenwood-software.example,35-44,£50k-£100k,UK,North West,Manchester,Sales Manager,Manager,Sales,2,False,0.88
grace.martin@hotmail.example,25-34,under £25k,FR,Occitanie,Toulouse,Assistant,Individual contributor,Operations,5,False,0.98
grace.miller@beacon-learning.example,45-54,£100k-£150k,US,Washington,Seattle,Operations Manager,Manager,Operations,5,True,0.64
grace.miller@brightwater-market.example,35-44,£50k-£100k,US,Illinois,Chicago,Operations Manager,Manager,Operations,2,True,0.69
grace.miller@pinecrest-health.example,45-54,£50k-£100k,NL,South Holland,Rotterdam,Head of Marketing,Manager,Marketing,2,True,0.92
grace.moore@aurora-trading.example,25-34,£25k-£50k,UK,South West,Bristol,Assistant,Individual contributor,Operations,2,False,0.77
grace.moore@pinecrest-academy.example,45-54,£100k-£150k,FR,Ile-de-France,Paris,VP Marketing,Director or above,Marketing,0,True,0.95
grace.muller@fernhill-retail.example,55-64,£100k-£150k,UK,North West,Manchester,Managing Director,Director or above,Executive,1,True,0.92
grace.roberts@aurora-software.example,25-34,£50k-£100k,DE,Berlin,Berlin,Operations Manager,Manager,Operations,1,False,0.6
grace.schmidt@beacon-clinics.example,35-44,£50k-£100k,UK,London,London,Operations Manager,Manager,Operations,2,True,0.68
grace.schmidt@evergreen-consulting.example,45-54,£150k+,US,California,San Francisco,Founder,Director or above,Executive,0,False,0.82
grace.schmidt@northwind-outfitters.example,55-64,£100k-£150k,NL,North Brabant,Eindhoven,Chief Revenue Officer,Director or above,Executive,11,True,0.73
grace.scott@dunmore-trading.example,18-24,£25k-£50k,UK,London,London,Student,Student,Student,0,False,0.73
grace.scott@quartz-labs.example,25-34,under £25k,DE,Bavaria,Munich,Analyst,Individual contributor,Operations,1,False,0.72
grace.smith@gmail.example,18-24,£25k-£50k,UK,North West,Manchester,Sales Rep,Individual contributor,Sales,0,False,0.88
grace.smith@tidewater-medical.example,25-34,£25k-£50k,UK,Scotland,Edinburgh,Sales Manager,Manager,Sales,8,True,0.72
grace.taylor@hawthorn-care.example,35-44,£150k+,UK,Scotland,Edinburgh,Director of Sales,Director or above,Sales,1,False,0.64
grace.taylor@quartz-market.example,35-44,£150k+,US,California,San Francisco,CEO,Director or above,Executive,12,True,0.64
grace.taylor@redwood-lending.example,45-54,£150k+,UK,Scotland,Edinburgh,VP Marketing,Director or above,Marketing,0,True,0.78
grace.walker@nimbus-haulage.example,45-54,£50k-£100k,US,New York,New York,Chief Revenue Officer,Director or above,Executive,0,True,0.9
grace.wilson@granite-outfitters.example,25-34,£50k-£100k,US,Texas,Austin,Sales Rep,Individual contributor,Sales,3,True,0.72
grace.wilson@yahoo.example,25-34,£25k-£50k,UK,Scotland,Edinburgh,Analyst,Individual contributor,Operations,0,False,0.79
grace.wood@granite-academy.example,25-34,£50k-£100k,US,Illinois,Chicago,Sales Rep,Individual contributor,Sales,1,True,0.75
grace.wood@pinecrest-college.example,25-34,£50k-£100k,UK,North West,Manchester,Assistant,Individual contributor,Operations,2,True,0.96
grace.wright@bramble-haulage.example,55-64,£100k-£150k,UK,London,London,Chief Revenue Officer,Director or above,Executive,6,True,0.91
grace.wright@fernhill-associates.example,35-44,£50k-£100k,UK,Yorkshire,Leeds,Sales Manager,Manager,Sales,0,False,0.74
grace.wright@pinecrest-haulage.example,35-44,£25k-£50k,US,New York,New York,Operations Manager,Manager,Operations,2,False,0.62
grace.young@lindenwood-logistics.example,55-64,£150k+,UK,North West,Manchester,Chief Revenue Officer,Director or above,Executive,1,False,0.94
grace16@moorland-recruitment.example,18-24,£50k-£100k,US,Illinois,Chicago,Marketing Manager,Manager,Marketing,2,False,0.76
grace18@yarrow-training.example,45-54,£100k-£150k,US,Texas,Austin,Sales Manager,Manager,Sales,8,False,0.61
grace60@greystone-care.example,25-34,£50k-£100k,NL,South Holland,Rotterdam,Sales Manager,Manager,Sales,15,False,0.78
grace80@greystone-care.example,35-44,£50k-£100k,NL,North Brabant,Eindhoven,Assistant,Individual contributor,Operations,3,False,0.78
grace@alder-goods.example,25-34,£25k-£50k,NL,North Brabant,Eindhoven,Analyst,Individual contributor,Operations,6,False,0.69
grace@alder-retail.example,35-44,£25k-£50k,UK,Yorkshire,Leeds,Demand Gen Manager,Manager,Marketing,10,True,0.83
grace@ashford-market.example,45-54,£50k-£100k,DE,Berlin,Berlin,Marketing Coordinator,Individual contributor,Marketing,4,False,0.9
grace@aurora-market.example,35-44,£50k-£100k,UK,Yorkshire,Leeds,Operations Manager,Manager,Operations,2,False,0.68
grace@aurora-works.example,25-34,£25k-£50k,DE,Berlin,Berlin,Sales Rep,Individual contributor,Sales,2,False,0.74
grace@beacon-systems.example,18-24,£25k-£50k,UK,North West,Manchester,Analyst,Individual contributor,Operations,0,True,0.92
grace@brightwater-engineering.example,35-44,£100k-£150k,US,Illinois,Chicago,Operations Manager,Manager,Operations,2,False,0.92
grace@brightwater-legal.example,25-34,£25k-£50k,US,California,San Francisco,Sales Rep,Individual contributor,Sales,2,False,0.64
grace@cedar-engineering.example,45-54,£150k+,DE,Hamburg,Hamburg,Managing Director,Director or above,Executive,4,False,0.94
grace@driftwood-health.example,25-34,£100k-£150k,FR,Ile-de-France,Paris,Head of Marketing,Manager,Marketing,2,False,0.67
grace@driftwood-medical.example,25-34,£25k-£50k,US,New York,New York,Operations Manager,Manager,Operations,5,False,0.67
grace@dunmore-logistics.example,25-34,£100k-£150k,DE,Hesse,Frankfurt,Head of Marketing,Manager,Marketing,2,True,0.9
grace@elmstead-works.example,25-34,£50k-£100k,FR,Auvergne-Rhone-Alpes,Lyon,Operations Manager,Manager,Operations,5,False,0.93
grace@emberly-health.example,35-44,£50k-£100k,FR,Ile-de-France,Paris,Managing Director,Director or above,Executive,1,False,0.75
grace@falcon-college.example,35-44,£50k-£100k,UK,Scotland,Edinburgh,Head of Growth,Manager,Marketing,1,False,0.63
grace@falcon-systems.example,25-34,£25k-£50k,FR,Auvergne-Rhone-Alpes,Lyon,Marketing Executive,Individual contributor,Marketing,4,False,0.99
grace@fernhill-capital.example,25-34,£50k-£100k,US,Illinois,Chicago,Assistant,Individual contributor,Operations,1,False,0.73
grace@fernhill-insurance.example,35-44,£25k-£50k,UK,North West,Manchester,Marketing Manager,Manager,Marketing,4,True,0.98
grace@granite-wealth.example,25-34,£150k+,US,Massachusetts,Boston,Head of Growth,Manager,Marketing,3,True,0.68
grace@greystone-academy.example,45-54,under £25k,UK,Scotland,Edinburgh,Sales Rep,Individual contributor,Sales,1,False,0.75
grace@greystone-care.example,25-34,£50k-£100k,NL,North Brabant,Eindhoven,Marketing Manager,Manager,Marketing,3,False,0.63
grace@harbour-labs.example,18-24,£50k-£100k,US,New York,New York,Marketing Executive,Individual contributor,Marketing,8,True,0.63
grace@heron-health.example,35-44,under £25k,UK,North West,Manchester,Analyst,Individual contributor,Operations,5,False,0.67
grace@highgate-clinics.example,25-34,£25k-£50k,US,Massachusetts,Boston,Analyst,Individual contributor,Operations,3,False,0.76
grace@highgate-dental.example,35-44,£100k-£150k,US,New York,New York,Operations Manager,Manager,Operations,4,False,0.87
grace@inkwell-legal.example,35-44,£50k-£100k,US,Washington,Seattle,Marketing Manager,Manager,Marketing,1,True,0.98
grace@ironbridge-clinics.example,25-34,£100k-£150k,US,California,San Francisco,Assistant,Individual contributor,Operations,3,True,0.75
grace@jasper-advisory.example,35-44,£50k-£100k,UK,North West,Manchester,Head of Marketing,Manager,Marketing,2,True,0.71
grace@kestrel-clinics.example,25-34,£150k+,US,New York,New York,Operations Manager,Manager,Operations,1,True,0.98
grace@kestrel-digital.example,18-24,£25k-£50k,US,Massachusetts,Boston,Sales Rep,Individual contributor,Sales,1,False,0.87
grace@keystone-accountants.example,35-44,£25k-£50k,US,Washington,Seattle,Operations Manager,Manager,Operations,1,True,0.93
grace@keystone-stores.example,45-54,£25k-£50k,UK,London,London,Operations Manager,Manager,Operations,3,False,0.6
grace@kingsway-dental.example,45-54,£50k-£100k,FR,Hauts-de-France,Lille,Demand Gen Manager,Manager,Marketing,2,True,0.66
grace@larkspur-accountants.example,18-24,£50k-£100k,DE,Bavaria,Munich,Analyst,Individual contributor,Operations,1,True,0.65
grace@larkspur-insurance.example,25-34,£50k-£100k,UK,North West,Manchester,Assistant,Individual contributor,Operations,0,False,0.89
grace@larkspur-pharma.example,35-44,£50k-£100k,US,Washington,Seattle,Operations Manager,Manager,Operations,2,True,0.69
grace@moorland-recruitment.example,45-54,£100k-£150k,US,New York,New York,Sales Manager,Manager,Sales,1,True,0.69
grace@nettlefield-data.example,35-44,£50k-£100k,FR,Auvergne-Rhone-Alpes,Lyon,Operations Manager,Manager,Operations,4,True,0.93
grace@nettlefield-systems.example,25-34,£50k-£100k,UK,London,London,Marketing Executive,Individual contributor,Marketing,5,False,0.84
grace@northwind-advisory.example,25-34,£100k-£150k,NL,North Holland,Amsterdam,Sales Manager,Manager,Sales,9,False,0.65
grace@northwind-market.example,18-24,under £25k,DE,Bavaria,Munich,Assistant,Individual contributor,Operations,2,False,0.69
grace@oakridge-goods.example,35-44,£50k-£100k,US,Washington,Seattle,Director of Sales,Director or above,Sales,0,True,0.95
grace@orchard-goods.example,35-44,£150k+,UK,North West,Manchester,CEO,Director or above,Executive,1,False,0.65
grace@pennine-insurance.example,35-44,£100k-£150k,DE,Hesse,Frankfurt,VP Marketing,Director or above,Marketing,0,True,0.91
grace@pennine-trading.example,25-34,£25k-£50k,NL,North Holland,Amsterdam,Student,Student,Student,0,False,0.72
grace@pennine-works.example,25-34,£25k-£50k,US,Washington,Seattle,Assistant,Individual contributor,Operations,3,False,0.61
grace@quartz-college.example,25-34,£25k-£50k,FR,Auvergne-Rhone-Alpes,Lyon,Marketing Coordinator,Individual contributor,Marketing,1,False,0.61
grace@redwood-education.example,35-44,£50k-£100k,NL,South Holland,Rotterdam,Demand Gen Manager,Manager,Marketing,6,False,0.72
grace@redwood-haulage.example,25-34,£100k-£150k,NL,North Brabant,Eindhoven,Operations Manager,Manager,Operations,4,False,0.78
grace@riverside-accountants.example,25-34,£50k-£100k,US,New York,New York,Assistant,Individual contributor,Operations,9,False,0.68
grace@stonebridge-transport.example,35-44,£50k-£100k,FR,Auvergne-Rhone-Alpes,Lyon,Marketing Manager,Manager,Marketing,2,True,0.85
grace@tamarind-health.example,18-24,under £25k,UK,Yorkshire,Leeds,Student,Student,Student,0,False,0.95
grace@thornbury-goods.example,35-44,£50k-£100k,DE,Hesse,Frankfurt,Marketing Manager,Manager,Marketing,4,False,0.84
grace@tidewater-market.example,35-44,£100k-£150k,NL,South Holland,Rotterdam,Marketing Director,Director or above,Marketing,7,True,0.85
grace@umber-dental.example,25-34,£150k+,US,Illinois,Chicago,Marketing Manager,Manager,Marketing,0,False,0.79
grace@umber-systems.example,25-34,£25k-£50k,FR,Ile-de-France,Paris,Analyst,Individual contributor,Operations,5,True,0.76
grace@vantage-manufacturing.example,55-64,£100k-£150k,US,Illinois,Chicago,Marketing Director,Director or above,Marketing,1,False,0.84
grace@vantage-works.example,35-44,£50k-£100k,US,California,San Francisco,Director of Sales,Director or above,Sales,4,True,0.81
grace@westbrook-stores.example,45-54,£25k-£50k,DE,Hesse,Frankfurt,Assistant,Individual contributor,Operations,3,True,0.69
grace@yarrow-training.example,55-64,£150k+,US,Illinois,Chicago,CEO,Director or above,Executive,1,False,0.97
grace@yarrow-transport.example,45-54,£50k-£100k,DE,Berlin,Berlin,Sales Manager,Manager,Sales,2,False,0.67
gracedubois83@yahoo.example,25-34,under £25k,DE,Berlin,Berlin,Head of Marketing,Manager,Marketing,11,False,0.95
gracejohnson12@outlook.example,18-24,£25k-£50k,US,Illinois,Chicago,Marketing Coordinator,Individual contributor,Marketing,7,False,0.75
gracekhan37@gmail.example,25-34,£100k-£150k,US,California,San Francisco,Operations Manager,Manager,Operations,6,True,0.67
gracemartin47@yahoo.example,45-54,£50k-£100k,US,Illinois,Chicago,Director of Sales,Director or above,Sales,3,True,0.84
gracemartin82@gmail.example,18-24,£50k-£100k,UK,Scotland,Edinburgh,Sales Manager,Manager,Sales,0,False,0.8
gracemurphy12@gmail.example,18-24,under £25k,UK,Scotland,Edinburgh,Student,Student,Student,0,False,0.64
gracemurphy36@yahoo.example,35-44,£100k-£150k,FR,Occitanie,Toulouse,Founder,Director or above,Executive,2,True,0.68
graceschmidt03@hotmail.example,45-54,£50k-£100k,FR,Hauts-de-France,Lille,Operations Manager,Manager,Operations,15,True,0.97
gracewalker93@gmail.example,18-24,under £25k,UK,London,London,Assistant,Individual contributor,Operations,6,False,0.62
gracewilliams15@gmail.example,25-34,under £25k,DE,Bavaria,Munich,Assistant,Individual contributor,Operations,2,False,0.81
gracewood92@outlook.example,25-34,£100k-£150k,US,Texas,Austin,Sales Rep,Individual contributor,Sales,3,False,0.77
groberts064@icloud.example,45-54,£50k-£100k,DE,Hamburg,Hamburg,Operations Manager,Manager,Operations,6,True,0.68
gsmith298@hotmail.example,18-24,under £25k,FR,Hauts-de-France,Lille,Student,Student,Student,0,True,0.74
gsmith710@hotmail.example,45-54,£100k-£150k,FR,Occitanie,Toulouse,Marketing Director,Director or above,Marketing,5,True,0.67
gtaylor670@outlook.example,25-34,£25k-£50k,UK,West Midlands,Birmingham,Assistant,Individual contributor,Operations,11,True,0.62
gwhite119@icloud.example,25-34,£100k-£150k,US,Texas,Austin,Director of Sales,Director or above,Sales,0,True,0.71
gwhite719@yahoo.example,35-44,£100k-£150k,DE,Hamburg,Hamburg,Head of Marketing,Manager,Marketing,4,True,0.73
gwright277@icloud.example,45-54,£100k-£150k,NL,Utrecht,Utrecht,Operations Manager,Manager,Operations,4,False,0.63
h.anderson@bluebell-pharma.example,35-44,£25k-£50k,UK,West Midlands,Birmingham,Marketing Manager,Manager,Marketing,1,True,0.64
h.anderson@redwood-training.example,18-24,£50k-£100k,UK,Yorkshire,Leeds,Marketing Executive,Individual contributor,Marketing,11,False,0.64
h.anderson@yarrow-haulage.example,25-34,£25k-£50k,UK,Yorkshire,Leeds,Assistant,Individual contributor,Operations,2,False,0.69
h.bakker@beacon-industries.example,25-34,£100k-£150k,UK,Yorkshire,Leeds,Chief Revenue Officer,Director or above,Executive,0,False,0.89
h.bakker@keystone-haulage.example,35-44,under £25k,UK,North West,Manchester,Marketing Executive,Individual contributor,Marketing,3,False,0.61
h.bakker@saltmarsh-consulting.example,18-24,under £25k,NL,North Brabant,Eindhoven,Student,Student,Student,0,True,0.68
h.bakker@upland-consulting.example,35-44,£150k+,UK,Scotland,Edinburgh,Chief Revenue Officer,Director or above,Executive,4,True,0.61
h.bernard@keystone-digital.example,25-34,£50k-£100k,US,Massachusetts,Boston,Head of Marketing,Manager,Marketing,2,False,0.66
h.bernard@larkspur-consulting.example,25-34,£50k-£100k,NL,South Holland,Rotterdam,Operations Manager,Manager,Operations,0,True,0.69
h.brown@orchard-retail.example,25-34,under £25k,NL,South Holland,Rotterdam,Analyst,Individual contributor,Operations,0,False,0.75
h.brown@rosewood-outfitters.example,45-54,£50k-£100k,UK,West Midlands,Birmingham,Head of Marketing,Manager,Marketing,3,True,0.98
h.brown@upland-recruitment.example,35-44,£50k-£100k,DE,Hesse,Frankfurt,Marketing Manager,Manager,Marketing,3,True,0.91
h.clarke@dunmore-accountants.example,35-44,£100k-£150k,UK,Yorkshire,Leeds,VP Marketing,Director or above,Marketing,6,False,0.8
h.clarke@emberly-pharma.example,55-64,£50k-£100k,UK,South West,Bristol,Founder,Director or above,Executive,7,True,0.96
h.clarke@ivywood-labs.example,25-34,£25k-£50k,DE,Hamburg,Hamburg,Sales Manager,Manager,Sales,5,False,0.67
h.clarke@larkspur-shipping.example,25-34,£50k-£100k,US,Massachusetts,Boston,Sales Rep,Individual contributor,Sales,5,True,0.74
h.clarke@quartz-tutors.example,25-34,£100k-£150k,NL,North Holland,Amsterdam,Head of Marketing,Manager,Marketing,1,True,0.83
h.davies@evergreen-academy.example,25-34,£25k-£50k,DE,Bavaria,Munich,Sales Rep,Individual contributor,Sales,1,True,0.85
h.davies@highgate-couriers.example,45-54,£100k-£150k,UK,West Midlands,Birmingham,Chief Revenue Officer,Director or above,Executive,13,True,0.71
h.devries@pinecrest-logistics.example,45-54,£50k-£100k,FR,Occitanie,Toulouse,Head of Marketing,Manager,Marketing,1,False,0.88
h.dubois@foxglove-cloud.example,25-34,£50k-£100k,NL,Utrecht,Utrecht,Head of Marketing,Manager,Marketing,4,True,0.65
h.dubois@kingsway-data.example,35-44,£100k-£150k,UK,North West,Manchester,CEO,Director or above,Executive,5,True,0.73
h.evans@greystone-health.example,35-44,£50k-£100k,FR,Auvergne-Rhone-Alpes,Lyon,Marketing Manager,Manager,Marketing,0,True,0.63
h.garcia@brightwater-college.example,45-54,£100k-£150k,UK,London,London,Director of Sales,Director or above,Sales,2,True,0.87
h.garcia@foxglove-training.example,25-34,£25k-£50k,US,California,San Francisco,Marketing Coordinator,Individual contributor,Marketing,2,True,0.68
h.garcia@riverside-cloud.example,25-34,£50k-£100k,DE,Bavaria,Munich,Sales Manager,Manager,Sales,0,False,0.65
h.garcia@valley-components.example,25-34,£50k-£100k,US,Massachusetts,Boston,Marketing Manager,Manager,Marketing,3,False,0.92
h.green@marigold-outfitters.example,25-34,under £25k,NL,South Holland,Rotterdam,Sales Rep,Individual contributor,Sales,1,True,0.79
h.green@thornbury-fabrication.example,25-34,£25k-£50k,UK,North West,Manchester,Sales Rep,Individual contributor,Sales,0,False,0.89
h.hall@beacon-fabrication.example,55-64,£100k-£150k,DE,Hesse,Frankfurt,CEO,Director or above,Executive,12,True,0.64
h.hall@clearwater-industries.example,35-44,£100k-£150k,US,Texas,Austin,VP Marketing,Director or above,Marketing,8,False,0.98
h.hall@dovecote-engineering.example,25-34,£25k-£50k,UK,South West,Bristol,Assistant,Individual contributor,Operations,13,True,0.7
h.hall@foxglove-goods.example,35-44,£25k-£50k,FR,Ile-de-France,Paris,Analyst,Individual contributor,Operations,2,True,0.66
h.hall@riverside-software.example,25-34,£100k-£150k,US,Texas,Austin,Head of Growth,Manager,Marketing,1,False,0.74
h.hughes@pebble-market.example,25-34,£50k-£100k,US,Massachusetts,Boston,Marketing Coordinator,Individual contributor,Marketing,3,False,0.73
h.hughes@redwood-components.example,35-44,£100k-£150k,DE,Hamburg,Hamburg,Sales Manager,Manager,Sales,6,True,0.95
h.jansen@aurora-finance.example,55-64,£100k-£150k,US,Massachusetts,Boston,Founder,Director or above,Executive,10,True,0.92
h.jansen@brightwater-couriers.example,55-64,£50k-£100k,UK,West Midlands,Birmingham,Founder,Director or above,Executive,1,False,0.76
h.johnson@elmstead-finance.example,45-54,£100k-£150k,US,New York,New York,Marketing Manager,Manager,Marketing,0,False,0.91
h.johnson@emberly-components.example,18-24,under £25k,UK,North West,Manchester,Student,Student,Student,0,True,0.96
h.jones@ashford-training.example,45-54,£100k-£150k,NL,Utrecht,Utrecht,Founder,Director or above,Executive,3,True,0.85
h.jones@clearwater-lending.example,45-54,£25k-£50k,UK,West Midlands,Birmingham,Marketing Executive,Individual contributor,Marketing,2,True,0.62
h.jones@fernhill-college.example,45-54,£50k-£100k,US,California,San Francisco,Marketing Manager,Manager,Marketing,0,False,0.76
h.jones@jasper-health.example,25-34,£25k-£50k,FR,Hauts-de-France,Lille,Analyst,Individual contributor,Operations,6,False,0.97
h.jones@larkspur-stores.example,35-44,£50k-£100k,US,Illinois,Chicago,Head of Growth,Manager,Marketing,5,True,0.77
h.jones@quartz-transport.example,55-64,£100k-£150k,UK,North West,Manchester,Managing Director,Director or above,Executive,18,True,0.6
h.jones@redwood-training.example,25-34,£25k-£50k,UK,Yorkshire,Leeds,Assistant,Individual contributor,Operations,1,True,0.81
h.khan@dovecote-engineering.example,25-34,£50k-£100k,UK,West Midlands,Birmingham,Operations Manager,Manager,Operations,1,True,0.86
h.khan@marigold-medical.example,35-44,£50k-£100k,FR,Occitanie,Toulouse,Marketing Manager,Manager,Marketing,4,False,0.91
h.khan@pebble-freight.example,35-44,£100k-£150k,US,New York,New York,Marketing Manager,Manager,Marketing,5,False,0.94
h.khan@westbrook-medical.example,35-44,£25k-£50k,FR,Hauts-de-France,Lille,Head of Growth,Manager,Marketing,0,False,0.71
h.king@beacon-stores.example,18-24,£50k-£100k,UK,North West,Manchester,Head of Growth,Manager,Marketing,10,False,0.93
h.king@greystone-systems.example,45-54,£50k-£100k,US,Texas,Austin,CEO,Director or above,Executive,0,True,0.91
h.king@nimbus-legal.example,25-34,£25k-£50k,FR,Hauts-de-France,Lille,Marketing Coordinator,Individual contributor,Marketing,8,False,0.85
h.king@pebble-clinics.example,25-34,£50k-£100k,NL,North Brabant,Eindhoven,Sales Rep,Individual contributor,Sales,4,False,0.79
h.lewis@lantern-insurance.example,45-54,£25k-£50k,UK,Scotland,Edinburgh,Demand Gen Manager,Manager,Marketing,4,False,0.7
h.lewis@norfolk-goods.example,25-34,£50k-£100k,UK,London,London,CEO,Director or above,Executive,11,False,0.78
h.lewis@northwind-cloud.example,18-24,£25k-£50k,UK,Yorkshire,Leeds,Marketing Coordinator,Individual contributor,Marketing,0,False,0.73
h.martin@bluebell-manufacturing.example,35-44,£50k-£100k,NL,South Holland,Rotterdam,Founder,Director or above,Executive,2,False,0.77
h.martin@granite-data.example,55-64,£100k-£150k,DE,Hesse,Frankfurt,Marketing Director,Director or above,Marketing,7,True,0.65
h.martin@greystone-care.example,25-34,under £25k,NL,North Brabant,Eindhoven,Marketing Manager,Manager,Marketing,5,False,0.99
h.martin@oakridge-engineering.example,35-44,£100k-£150k,FR,Hauts-de-France,Lille,Operations Manager,Manager,Operations,9,True,0.74
h.martin@pennine-works.example,18-24,£50k-£100k,US,New York,New York,Head of Marketing,Manager,Marketing,3,False,0.8
h.martin@willow-market.example,25-34,£25k-£50k,UK,West Midlands,Birmingham,Assistant,Individual contributor,Operations,2,False,0.95
h.miller@clearwater-capital.example,25-34,£50k-£100k,US,Illinois,Chicago,Head of Marketing,Manager,Marketing,1,False,0.9
h.miller@greystone-cloud.example,45-54,£150k+,US,Texas,Austin,Managing Director,Director or above,Executive,2,True,0.8
h.miller@ivywood-manufacturing.example,45-54,£150k+,US,Illinois,Chicago,Marketing Director,Director or above,Marketing,2,False,0.68
h.miller@kelvin-lending.example,35-44,£25k-£50k,NL,North Brabant,Eindhoven,Sales Manager,Manager,Sales,2,False,0.81
h.miller@saltmarsh-components.example,45-54,£50k-£100k,UK,London,London,Demand Gen Manager,Manager,Marketing,6,True,0.87
h.miller@umber-fabrication.example,35-44,£150k+,US,Illinois,Chicago,Managing Director,Director or above,Executive,4,True,0.61
h.miller@yarrow-couriers.example,35-44,£25k-£50k,NL,Utrecht,Utrecht,Head of Growth,Manager,Marketing,3,False,0.93
h.moore@jasper-labs.example,35-44,£100k-£150k,US,California,San Francisco,Demand Gen Manager,Manager,Marketing,6,True,0.67
h.moore@lantern-transport.example,25-34,£100k-£150k,UK,Yorkshire,Leeds,Head of Growth,Manager,Marketing,6,True,0.83
h.moore@nettlefield-data.example,35-44,£100k-£150k,FR,Auvergne-Rhone-Alpes,Lyon,Demand Gen Manager,Manager,Marketing,0,False,0.8
h.moore@vantage-wealth.example,25-34,£25k-£50k,UK,Yorkshire,Leeds,Head of Marketing,Manager,Marketing,3,False,0.78
h.moore@willow-medical.example,25-34,£25k-£50k,FR,Auvergne-Rhone-Alpes,Lyon,Marketing Coordinator,Individual contributor,Marketing,1,False,0.75
h.muller@saltmarsh-data.example,45-54,£100k-£150k,DE,Berlin,Berlin,Founder,Director or above,Executive,2,False,0.61
h.muller@upland-advisory.example,18-24,under £25k,FR,Hauts-de-France,Lille,Marketing Coordinator,Individual contributor,Marketing,1,False,0.89
h.murphy@harbour-transport.example,25-34,£50k-£100k,US,New York,New York,Operations Manager,Manager,Operations,3,True,0.99
h.murphy@nettlefield-labs.example,25-34,£100k-£150k,NL,North Holland,Amsterdam,Head of Growth,Manager,Marketing,2,False,0.95
h.murphy@pinecrest-industries.example,35-44,£100k-£150k,UK,London,London,Marketing Manager,Manager,Marketing,1,True,0.68
h.murphy@pinecrest-systems.example,35-44,£50k-£100k,DE,Hamburg,Hamburg,Operations Manager,Manager,Operations,5,True,0.73
h.murphy@quartz-industries.example,25-34,£50k-£100k,FR,Hauts-de-France,Lille,Operations Manager,Manager,Operations,3,True,0.88
h.murphy@rosewood-logistics.example,35-44,£50k-£100k,NL,North Holland,Amsterdam,Marketing Director,Director or above,Marketing,0,True,0.99
h.murphy@tidewater-learning.example,55-64,£100k-£150k,DE,Berlin,Berlin,Director of Sales,Director or above,Sales,8,False,0.96
h.murphy@valley-accountants.example,35-44,£150k+,UK,London,London,Founder,Director or above,Executive,7,True,0.91
h.patel@kelvin-shipping.example,35-44,£150k+,DE,Hamburg,Hamburg,VP Marketing,Director or above,Marketing,6,True,0.85
h.patel@quartz-trading.example,45-54,£25k-£50k,UK,North West,Manchester,Head of Growth,Manager,Marketing,0,False,0.8
h.patel@saltmarsh-legal.example,35-44,£100k-£150k,DE,Berlin,Berlin,Managing Director,Director or above,Executive,5,False,0.96
h.roberts@keystone-pharma.example,25-34,£25k-£50k,US,Massachusetts,Boston,Assistant,Individual contributor,Operations,3,False,0.92
h.roberts@valley-partners.example,35-44,£25k-£50k,DE,Berlin,Berlin,Assistant,Individual contributor,Operations,8,False,0.63
h.schmidt@greystone-haulage.example,45-54,£50k-£100k,DE,Berlin,Berlin,Marketing Director,Director or above,Marketing,2,False,0.75
h.schmidt@inkwell-labs.example,35-44,£100k-£150k,US,Texas,Austin,Sales Manager,Manager,Sales,2,True,0.69
h.schmidt@stonebridge-engineering.example,25-34,£25k-£50k,FR,Ile-de-France,Paris,Analyst,Individual contributor,Operations,5,False,0.67
h.scott@falcon-market.example,25-34,£100k-£150k,US,Washington,Seattle,Sales Manager,Manager,Sales,9,False,0.97
h.scott@ivywood-industries.example,35-44,£25k-£50k,NL,North Brabant,Eindhoven,Marketing Coordinator,Individual contributor,Marketing,3,False,0.87
h.taylor@norfolk-transport.example,25-34,£50k-£100k,UK,Yorkshire,Leeds,Head of Marketing,Manager,Marketing,3,False,0.77
h.thompson@hawthorn-accountants.example,25-34,under £25k,DE,Hesse,Frankfurt,Analyst,Individual contributor,Operations,7,True,0.97
h.thompson@northwind-works.example,25-34,£100k-£150k,UK,South West,Bristol,Operations Manager,Manager,Operations,1,False,0.68
h.walker@brightwater-learning.example,45-54,£100k-£150k,FR,Hauts-de-France,Lille,VP Marketing,Director or above,Marketing,5,True,0.73
h.weber@clearwater-shipping.example,25-34,£50k-£100k,UK,London,London,Assistant,Individual contributor,Operations,2,False,0.69
h.weber@greystone-haulage.example,25-34,£50k-£100k,DE,Bavaria,Munich,Managing Director,Director or above,Executive,3,False,0.83
h.weber@inkwell-partners.example,35-44,£100k-£150k,UK,West Midlands,Birmingham,Demand Gen Manager,Manager,Marketing,3,False,0.66
h.weber@nettlefield-dental.example,35-44,£25k-£50k,FR,Occitanie,Toulouse,Assistant,Individual contributor,Operations,4,True,0.85
h.weber@oakridge-industries.example,25-34,£25k-£50k,UK,London,London,Assistant,Individual contributor,Operations,5,False,0.68
h.weber@orchard-pharma.example,55-64,£50k-£100k,FR,Hauts-de-France,Lille,CEO,Director or above,Executive,8,False,0.78
h.weber@riverside-digital.example,25-34,under £25k,UK,West Midlands,Birmingham,Sales Rep,Individual contributor,Sales,0,False,0.72
h.weber@riverside-tutors.example,45-54,£50k-£100k,DE,Hesse,Frankfurt,Chief Revenue Officer,Director or above,Executive,1,False,0.7
h.weber@stonebridge-cloud.example,45-54,£150k+,UK,Yorkshire,Leeds,Marketing Director,Director or above,Marketing,5,False,0.99
h.white@cedar-legal.example,25-34,£100k-£150k,UK,Yorkshire,Leeds,Founder,Director or above,Executive,3,True,0.62
h.white@glenmoor-engineering.example,35-44,£50k-£100k,US,Massachusetts,Boston,Demand Gen Manager,Manager,Marketing,3,True,0.76
h.white@redwood-trading.example,35-44,£100k-£150k,US,Illinois,Chicago,Founder,Director or above,Executive,3,False,0.71
h.williams@dunmore-cloud.example,35-44,£100k-£150k,US,Illinois,Chicago,Sales Manager,Manager,Sales,0,True,0.97
h.williams@dunmore-pharma.example,35-44,£25k-£50k,UK,South West,Bristol,Operations Manager,Manager,Operations,1,True,0.9
h.williams@elmstead-care.example,35-44,£100k-£150k,DE,Hamburg,Hamburg,Operations Manager,Manager,Operations,5,False,0.68
h.williams@evergreen-recruitment.example,25-34,£50k-£100k,FR,Hauts-de-France,Lille,Assistant,Individual contributor,Operations,3,False,0.69
h.williams@pennine-college.example,45-54,£50k-£100k,DE,Hamburg,Hamburg,Director of Sales,Director or above,Sales,1,True,0.61
h.wilson@driftwood-lending.example,35-44,£50k-£100k,UK,North West,Manchester,Managing Director,Director or above,Executive,1,False,0.81
h.wood@emberly-consulting.example,25-34,£25k-£50k,DE,Bavaria,Munich,Marketing Executive,Individual contributor,Marketing,0,False,0.9
h.wood@meridian-dental.example,25-34,£50k-£100k,DE,Berlin,Berlin,Head of Marketing,Manager,Marketing,2,True,0.79
h.wright@driftwood-software.example,35-44,£50k-£100k,NL,North Brabant,Eindhoven,Head of Marketing,Manager,Marketing,3,True,0.65
h.wright@rosewood-transport.example,25-34,£25k-£50k,UK,Scotland,Edinburgh,Analyst,Individual contributor,Operations,1,False,0.73
h.wright@umber-wealth.example,18-24,under £25k,US,Texas,Austin,Marketing Executive,Individual contributor,Marketing,3,False,0.69
h.young@highgate-software.example,45-54,£25k-£50k,UK,London,London,Marketing Manager,Manager,Marketing,3,False,0.68
h.young@inkwell-consulting.example,18-24,£100k-£150k,UK,London,London,Marketing Manager,Manager,Marketing,5,False,0.67
h.young@nimbus-clinics.example,25-34,£100k-£150k,US,California,San Francisco,Marketing Executive,Individual contributor,Marketing,3,True,0.77
handerson649@outlook.example,35-44,£50k-£100k,UK,South West,Bristol,Marketing Coordinator,Individual contributor,Marketing,3,True,0.63
hannah.baker@gmail.example,55-64,£50k-£100k,UK,Scotland,Edinburgh,Chief Revenue Officer,Director or above,Executive,2,True,0.99
hannah.bernard@yahoo.example,25-34,£50k-£100k,UK,South West,Bristol,Marketing Manager,Manager,Marketing,0,True,0.99
hannah.brown@quartz-data.example,25-34,£25k-£50k,US,California,San Francisco,Sales Rep,Individual contributor,Sales,1,True,0.89
hannah.brown@westbrook-advisory.example,35-44,£25k-£50k,DE,Bavaria,Munich,Marketing Coordinator,Individual contributor,Marketing,5,True,0.92
hannah.clarke@kingsway-consulting.example,25-34,£25k-£50k,UK,Scotland,Edinburgh,Marketing Coordinator,Individual contributor,Marketing,1,True,0.71
hannah.clarke@larkspur-tutors.example,25-34,£25k-£50k,US,New York,New York,Head of Marketing,Manager,Marketing,1,False,0.86
hannah.clarke@upland-haulage.example,35-44,£50k-£100k,UK,South West,Bristol,Marketing Director,Director or above,Marketing,7,True,0.67
hannah.davies@quartz-market.example,35-44,£50k-£100k,US,California,San Francisco,Director of Sales,Director or above,Sales,4,False,0.99
hannah.garcia@aurora-academy.example,35-44,£50k-£100k,US,Washington,Seattle,Head of Marketing,Manager,Marketing,2,False,0.63
hannah.garcia@yahoo.example,18-24,under £25k,US,Texas,Austin,Student,Student,Student,0,False,0.69
hannah.green@hotmail.example,25-34,£25k-£50k,NL,North Holland,Amsterdam,Sales Rep,Individual contributor,Sales,1,True,0.63
hannah.green@stonebridge-data.example,25-34,£50k-£100k,US,Massachusetts,Boston,Marketing Coordinator,Individual contributor,Marketing,3,True,0.93
hannah.hall13@hotmail.example,35-44,£50k-£100k,UK,Yorkshire,Leeds,Sales Manager,Manager,Sales,2,True,0.85
hannah.hall@dunmore-college.example,25-34,£50k-£100k,NL,North Brabant,Eindhoven,Head of Marketing,Manager,Marketing,4,False,0.65
hannah.hall@ironbridge-manufacturing.example,18-24,£25k-£50k,UK,South West,Bristol,Demand Gen Manager,Manager,Marketing,0,False,0.7
hannah.hall@riverside-fabrication.example,45-54,£150k+,NL,North Brabant,Eindhoven,Managing Director,Director or above,Executive,5,True,0.89
hannah.hughes@clearwater-care.example,18-24,£25k-£50k,US,Texas,Austin,Assistant,Individual contributor,Operations,4,False,0.69
hannah.hughes@dovecote-care.example,25-34,under £25k,DE,Hesse,Frankfurt,Assistant,Individual contributor,Operations,2,True,0.73
hannah.hughes@hotmail.example,18-24,under £25k,US,Illinois,Chicago,Student,Student,Student,0,False,0.68
hannah.jansen@kelvin-recruitment.example,35-44,£100k-£150k,FR,Hauts-de-France,Lille,Sales Manager,Manager,Sales,5,True,0.61
hannah.jansen@meridian-finance.example,18-24,under £25k,US,Massachusetts,Boston,Marketing Executive,Individual contributor,Marketing,3,False,0.95
hannah.jansen@oakridge-recruitment.example,45-54,£100k-£150k,NL,North Brabant,Eindhoven,Founder,Director or above,Executive,1,True,0.9
hannah.johnson@willow-care.example,35-44,£100k-£150k,UK,London,London,Marketing Director,Director or above,Marketing,3,True,0.87
hannah.jones@northwind-dental.example,35-44,£25k-£50k,US,Texas,Austin,Operations Manager,Manager,Operations,11,True,0.7
hannah.jones@silverline-software.example,25-34,£100k-£150k,UK,West Midlands,Birmingham,Head of Growth,Manager,Marketing,5,False,0.89
hannah.khan@kingsway-engineering.example,25-34,£25k-£50k,FR,Auvergne-Rhone-Alpes,Lyon,Operations Manager,Manager,Operations,2,True,0.68
hannah.king@moorland-transport.example,25-34,£25k-£50k,US,Illinois,Chicago,Marketing Executive,Individual contributor,Marketing,5,False,0.76
hannah.king@umber-systems.example,45-54,£50k-£100k,FR,Hauts-de-France,Lille,Head of Marketing,Manager,Marketing,1,True,0.77
hannah.martin@bramble-clinics.example,45-54,£150k+,US,Massachusetts,Boston,VP Marketing,Director or above,Marketing,0,True,0.6
hannah.martin@brightwater-transport.example,18-24,under £25k,NL,North Holland,Amsterdam,Student,Student,Student,0,True,0.97
hannah.miller@falcon-engineering.example,18-24,under £25k,DE,Bavaria,Munich,Assistant,Individual contributor,Operations,1,False,0.75
hannah.miller@kingsway-associates.example,45-54,£100k-£150k,DE,Hesse,Frankfurt,CEO,Director or above,Executive,4,True,0.96
hannah.miller@rosewood-manufacturing.example,25-34,£50k-£100k,US,Illinois,Chicago,Assistant,Individual contributor,Operations,0,False,0.75
hannah.moore@hawthorn-goods.example,35-44,£25k-£50k,DE,Berlin,Berlin,Assistant,Individual contributor,Operations,3,True,0.81
hannah.muller@harbour-associates.example,45-54,£25k-£50k,FR,Occitanie,Toulouse,Demand Gen Manager,Manager,Marketing,17,True,0.61
hannah.muller@norfolk-engineering.example,25-34,£25k-£50k,FR,Hauts-de-France,Lille,Assistant,Individual contributor,Operations,4,True,0.94
hannah.muller@northwind-associates.example,35-44,£25k-£50k,DE,Hamburg,Hamburg,Marketing Manager,Manager,Marketing,0,True,0.68
hannah.murphy@granite-labs.example,18-24,£25k-£50k,FR,Occitanie,Toulouse,Assistant,Individual contributor,Operations,4,True,0.8
hannah.murphy@icloud.example,18-24,£50k-£100k,UK,South West,Bristol,Sales Rep,Individual contributor,Sales,6,False,0.81
hannah.roberts@oakridge-lending.example,65+,£150k+,US,Texas,Austin,Marketing Director,Director or above,Marketing,2,True,0.84
hannah.schmidt@elmstead-goods.example,25-34,£150k+,US,California,San Francisco,Marketing Director,Director or above,Marketing,13,False,0.9
hannah.schmidt@emberly-legal.example,45-54,£50k-£100k,NL,South Holland,Rotterdam,Head of Growth,Manager,Marketing,13,True,0.8
hannah.schmidt@lindenwood-insurance.example,45-54,£100k-£150k,UK,North West,Manchester,Marketing Manager,Manager,Marketing,0,True,0.6
hannah.scott@riverside-legal.example,25-34,£50k-£100k,FR,Ile-de-France,Paris,Head of Growth,Manager,Marketing,4,False,0.72
hannah.taylor@elmstead-components.example,35-44,£25k-£50k,US,Illinois,Chicago,Demand Gen Manager,Manager,Marketing,4,True,0.7
hannah.taylor@ivywood-works.example,25-34,£25k-£50k,UK,Scotland,Edinburgh,Analyst,Individual contributor,Operations,0,False,0.68
hannah.walker@driftwood-manufacturing.example,35-44,£50k-£100k,UK,Yorkshire,Leeds,Operations Manager,Manager,Operations,3,True,0.96
hannah.walker@emberly-associates.example,18-24,£50k-£100k,US,Illinois,Chicago,Analyst,Individual contributor,Operations,3,False,0.7
hannah.williams@redwood-legal.example,35-44,£50k-£100k,NL,North Holland,Amsterdam,Sales Manager,Manager,Sales,1,False,0.89
hannah.williams@thornbury-goods.example,45-54,£100k-£150k,DE,Bavaria,Munich,Managing Director,Director or above,Executive,0,True,0.66
hannah.wilson@brightwater-transport.example,55-64,£100k-£150k,NL,South Holland,Rotterdam,Sales Manager,Manager,Sales,6,True,0.77
hannah.wood@inkwell-partners.example,25-34,under £25k,UK,West Midlands,Birmingham,Assistant,Individual contributor,Operations,3,False,0.76
hannah.wright@clearwater-care.example,45-54,£150k+,US,Massachusetts,Boston,VP Marketing,Director or above,Marketing,2,True,0.65
hannah.wright@upland-care.example,18-24,£25k-£50k,US,Washington,Seattle,Analyst,Individual contributor,Operations,9,True,0.75
hannah.wright@zephyr-recruitment.example,18-24,£100k-£150k,US,Texas,Austin,Head of Growth,Manager,Marketing,0,False,0.6
hannah@bluebell-consulting.example,55-64,£150k+,NL,Utrecht,Utrecht,VP Marketing,Director or above,Marketing,2,True,0.77
hannah@bramble-industries.example,45-54,£100k-£150k,US,Illinois,Chicago,Head of Marketing,Manager,Marketing,1,False,0.9
hannah@clearwater-learning.example,45-54,£100k-£150k,US,Washington,Seattle,CEO,Director or above,Executive,0,True,0.61
hannah@cobalt-finance.example,18-24,£25k-£50k,NL,North Brabant,Eindhoven,Analyst,Individual contributor,Operations,3,False,0.79
hannah@dovecote-components.example,35-44,£25k-£50k,US,Washington,Seattle,Marketing Manager,Manager,Marketing,8,True,0.7
hannah@dovecote-partners.example,25-34,£50k-£100k,US,California,San Francisco,Analyst,Individual contributor,Operations,2,False,0.91
hannah@emberly-pharma.example,25-34,£50k-£100k,UK,Yorkshire,Leeds,Head of Growth,Manager,Marketing,0,False,0.84
hannah@greystone-fabrication.example,18-24,under £25k,UK,London,London,Student,Student,Student,0,False,0.64
hannah@heron-components.example,35-44,£150k+,UK,South West,Bristol,Director of Sales,Director or above,Sales,7,False,0.73
hannah@highgate-cloud.example,25-34,£150k+,US,Texas,Austin,CEO,Director or above,Executive,3,False,0.91
hannah@jasper-college.example,18-24,under £25k,FR,Hauts-de-France,Lille,Student,Student,Student,0,True,0.88
hannah@juniper-finance.example,25-34,£25k-£50k,US,Massachusetts,Boston,Marketing Executive,Individual contributor,Marketing,2,True,0.82
hannah@kestrel-consulting.example,35-44,£50k-£100k,NL,South Holland,Rotterdam,Marketing Manager,Manager,Marketing,4,True,0.81
hannah@keystone-couriers.example,25-34,under £25k,US,Texas,Austin,Analyst,Individual contributor,Operations,1,False,0.76
hannah@larkspur-recruitment.example,18-24,£50k-£100k,FR,Auvergne-Rhone-Alpes,Lyon,Assistant,Individual contributor,Operations,0,False,0.75
hannah@marigold-academy.example,35-44,£50k-£100k,FR,Ile-de-France,Paris,Operations Manager,Manager,Operations,3,True,0.88
hannah@meridian-dental.example,25-34,£50k-£100k,DE,Bavaria,Munich,Head of Growth,Manager,Marketing,7,False,0.79
hannah@meridian-health.example,25-34,£25k-£50k,NL,North Holland,Amsterdam,Assistant,Individual contributor,Operations,1,False,0.92
hannah@moorland-associates.example,18-24,£25k-£50k,UK,West Midlands,Birmingham,Assistant,Individual contributor,Operations,1,True,0.85
hannah@northwind-care.example,45-54,£25k-£50k,UK,London,London,Head of Growth,Manager,Marketing,5,True,0.7
hannah@oakridge-transport.example,45-54,£50k-£100k,UK,West Midlands,Birmingham,VP Marketing,Director or above,Marketing,6,True,0.61
hannah@pebble-fabrication.example,25-34,£50k-£100k,FR,Hauts-de-France,Lille,Sales Rep,Individual contributor,Sales,2,True,0.63
hannah@pennine-training.example,25-34,£25k-£50k,NL,South Holland,Rotterdam,Head of Growth,Manager,Marketing,6,False,0.85
hannah@pinecrest-engineering.example,25-34,£25k-£50k,UK,Scotland,Edinburgh,Analyst,Individual contributor,Operations,10,False,0.75
hannah@stonebridge-accountants.example,25-34,£25k-£50k,FR,Hauts-de-France,Lille,Sales Rep,Individual contributor,Sales,6,True,0.63
hannah@stonebridge-engineering.example,25-34,£50k-£100k,FR,Hauts-de-France,Lille,Assistant,Individual contributor,Operations,1,False,0.65
hannah@stonebridge-industries.example,18-24,under £25k,US,Washington,Seattle,Assistant,Individual contributor,Operations,3,True,0.81
hannah@tamarind-finance.example,25-34,under £25k,US,Massachusetts,Boston,Marketing Coordinator,Individual contributor,Marketing,6,False,0.82
hannah@tamarind-works.example,25-34,£25k-£50k,UK,West Midlands,Birmingham,Analyst,Individual contributor,Operations,4,True,0.76
hannah@thornbury-goods.example,45-54,£100k-£150k,DE,Berlin,Berlin,Chief Revenue Officer,Director or above,Executive,2,True,0.68
hannah@upland-capital.example,35-44,£100k-£150k,US,Illinois,Chicago,Head of Marketing,Manager,Marketing,3,False,0.68
hannah@upland-data.example,35-44,£25k-£50k,FR,Occitanie,Toulouse,Assistant,Individual contributor,Operations,3,False,0.61
hannah@valley-components.example,25-34,£100k-£150k,US,Massachusetts,Boston,Head of Marketing,Manager,Marketing,1,False,0.76
hannah@vantage-logistics.example,35-44,£100k-£150k,UK,West Midlands,Birmingham,Director of Sales,Director or above,Sales,6,False,0.99
hannah@willow-couriers.example,25-34,£25k-£50k,NL,South Holland,Rotterdam,Assistant,Individual contributor,Operations,1,True,0.63
hannah@yarrow-academy.example,25-34,£25k-£50k,UK,Scotland,Edinburgh,Analyst,Individual contributor,Operations,5,True,0.6
hannahanderson67@icloud.example,35-44,£150k+,UK,North West,Manchester,Director of Sales,Director or above,Sales,4,True,0.9
hannahbakker57@yahoo.example,35-44,£50k-£100k,UK,London,London,Head of Marketing,Manager,Marketing,5,False,0.9
hannahdavies63@yahoo.example,18-24,£50k-£100k,US,Illinois,Chicago,Student,Student,Student,0,True,0.62
hannahdevries80@yahoo.example,45-54,£50k-£100k,DE,Bavaria,Munich,Operations Manager,Manager,Operations,2,False,0.69
hannahmartin30@hotmail.example,35-44,£25k-£50k,FR,Ile-de-France,Paris,Demand Gen Manager,Manager,Marketing,0,False,0.8
hannahschmidt36@outlook.example,25-34,under £25k,UK,South West,Bristol,Marketing Executive,Individual contributor,Marketing,2,True,0.7
hannahscott65@gmail.example,25-34,£25k-£50k,US,Illinois,Chicago,Head of Marketing,Manager,Marketing,1,True,0.74
hannahthompson66@yahoo.example,35-44,£50k-£100k,US,New York,New York,VP Marketing,Director or above,Marketing,8,True,0.78
harry.anderson@westbrook-retail.example,45-54,£25k-£50k,UK,London,London,Sales Manager,Manager,Sales,7,True,0.75
harry.bernard@jasper-consulting.example,35-44,£50k-£100k,UK,London,London,Demand Gen Manager,Manager,Marketing,0,True,0.88
harry.bernard@outlook.example,25-34,£25k-£50k,DE,Berlin,Berlin,Sales Rep,Individual contributor,Sales,3,False,0.77
harry.clarke@bluebell-market.example,18-24,£50k-£100k,DE,Berlin,Berlin,Marketing Coordinator,Individual contributor,Marketing,3,False,0.88
harry.clarke@juniper-college.example,25-34,£25k-£50k,NL,North Brabant,Eindhoven,Operations Manager,Manager,Operations,0,True,0.79
harry.clarke@outlook.example,18-24,under £25k,DE,Hamburg,Hamburg,Analyst,Individual contributor,Operations,9,False,0.89
harry.dubois@hotmail.example,35-44,£50k-£100k,UK,South West,Bristol,Head of Marketing,Manager,Marketing,5,False,0.76
harry.dubois@inkwell-learning.example,25-34,£100k-£150k,FR,Auvergne-Rhone-Alpes,Lyon,Sales Manager,Manager,Sales,8,True,0.84
harry.evans@clearwater-learning.example,55-64,£100k-£150k,US,Illinois,Chicago,VP Marketing,Director or above,Marketing,1,True,0.66
harry.evans@greystone-retail.example,35-44,£25k-£50k,NL,Utrecht,Utrecht,Analyst,Individual contributor,Operations,3,False,0.77
harry.evans@hawthorn-advisory.example,25-34,£50k-£100k,US,Massachusetts,Boston,Analyst,Individual contributor,Operations,1,False,0.99
harry.garcia@cedar-freight.example,45-54,£100k-£150k,UK,West Midlands,Birmingham,VP Marketing,Director or above,Marketing,6,True,0.9
harry.garcia@evergreen-lending.example,25-34,£25k-£50k,FR,Hauts-de-France,Lille,Assistant,Individual contributor,Operations,3,False,0.66
harry.garcia@riverside-market.example,25-34,£25k-£50k,NL,South Holland,Rotterdam,Sales Rep,Individual contributor,Sales,1,True,0.96
harry.jones@alder-fabrication.example,18-24,£100k-£150k,US,Texas,Austin,Sales Rep,Individual contributor,Sales,1,False,0.85
harry.jones@evergreen-education.example,45-54,£50k-£100k,UK,Yorkshire,Leeds,Demand Gen Manager,Manager,Marketing,1,True,0.72
harry.jones@hotmail.example,35-44,£100k-£150k,US,Texas,Austin,Founder,Director or above,Executive,0,False,0.8
harry.king@ashford-digital.example,25-34,under £25k,UK,North West,Manchester,Marketing Executive,Individual contributor,Marketing,9,True,0.9
harry.king@brightwater-haulage.example,35-44,£100k-£150k,UK,North West,Manchester,Director of Sales,Director or above,Sales,2,False,0.97
harry.king@emberly-trading.example,45-54,£25k-£50k,UK,North West,Manchester,Head of Growth,Manager,Marketing,1,False,0.62
harry.king@tidewater-fabrication.example,35-44,£50k-£100k,UK,Yorkshire,Leeds,Marketing Manager,Manager,Marketing,1,True,0.97
harry.king@yarrow-transport.example,45-54,£100k-£150k,DE,Bavaria,Munich,CEO,Director or above,Executive,6,True,0.67
harry.lewis@fernhill-academy.example,18-24,under £25k,US,Illinois,Chicago,Student,Student,Student,0,False,0.97
harry.lewis@hawthorn-goods.example,35-44,£150k+,DE,Hamburg,Hamburg,Marketing Director,Director or above,Marketing,0,True,0.98
harry.lewis@meridian-wealth.example,18-24,£25k-£50k,DE,Hamburg,Hamburg,Sales Rep,Individual contributor,Sales,2,True,0.93
harry.martin@falcon-consulting.example,25-34,£25k-£50k,UK,West Midlands,Birmingham,Analyst,Individual contributor,Operations,0,False,0.8
harry.martin@fernhill-capital.example,25-34,£25k-£50k,US,New York,New York,Head of Marketing,Manager,Marketing,1,True,0.72
harry.martin@jasper-accountants.example,25-34,£50k-£100k,DE,Hamburg,Hamburg,Head of Marketing,Manager,Marketing,2,False,0.61
harry.martin@juniper-college.example,35-44,£50k-£100k,NL,North Brabant,Eindhoven,Marketing Manager,Manager,Marketing,7,True,0.78
harry.miller@nettlefield-tutors.example,35-44,£100k-£150k,NL,North Brabant,Eindhoven,Managing Director,Director or above,Executive,1,False,0.66
harry.muller@yahoo.example,25-34,£25k-£50k,US,Washington,Seattle,Student,Student,Student,0,False,0.87
harry.murphy@marigold-insurance.example,45-54,£50k-£100k,DE,Berlin,Berlin,Demand Gen Manager,Manager,Marketing,2,True,0.68
harry.murphy@redwood-tutors.example,35-44,£50k-£100k,FR,Hauts-de-France,Lille,VP Marketing,Director or above,Marketing,8,True,0.74
harry.murphy@yarrow-medical.example,25-34,£50k-£100k,DE,Hamburg,Hamburg,Marketing Executive,Individual contributor,Marketing,4,False,0.85
harry.patel@cobalt-finance.example,45-54,£50k-£100k,NL,Utrecht,Utrecht,Head of Growth,Manager,Marketing,0,True,0.76
harry.patel@oakridge-health.example,35-44,£50k-£100k,US,California,San Francisco,Operations Manager,Manager,Operations,8,True,0.62
harry.patel@pinecrest-transport.example,35-44,£50k-£100k,US,Washington,Seattle,Sales Rep,Individual contributor,Sales,0,False,0.71
harry.schmidt@jasper-data.example,35-44,£100k-£150k,UK,Yorkshire,Leeds,VP Marketing,Director or above,Marketing,0,True,0.75
harry.schmidt@northwind-insurance.example,25-34,£50k-£100k,UK,London,London,Head of Marketing,Manager,Marketing,6,False,0.73
harry.schmidt@silverline-tutors.example,45-54,£50k-£100k,NL,North Holland,Amsterdam,Founder,Director or above,Executive,4,False,0.73
harry.scott@northwind-legal.example,25-34,£50k-£100k,US,Washington,Seattle,Marketing Coordinator,Individual contributor,Marketing,1,False,0.99
harry.thompson@hotmail.example,45-54,£100k-£150k,NL,North Holland,Amsterdam,Chief Revenue Officer,Director or above,Executive,6,True,0.87
harry.weber@hotmail.example,35-44,£25k-£50k,UK,Yorkshire,Leeds,Marketing Coordinator,Individual contributor,Marketing,12,False,0.68
harry.white@hawthorn-tutors.example,25-34,£25k-£50k,US,Washington,Seattle,Assistant,Individual contributor,Operations,1,True,0.99
harry.white@kelvin-retail.example,35-44,£50k-£100k,NL,North Holland,Amsterdam,Head of Growth,Manager,Marketing,0,False,0.86
harry.white@lindenwood-logistics.example,45-54,£50k-£100k,UK,London,London,Sales Manager,Manager,Sales,4,True,0.89
harry.white@oakridge-fabrication.example,35-44,£50k-£100k,US,New York,New York,Managing Director,Director or above,Executive,0,True,0.99
harry.white@redwood-accountants.example,45-54,£50k-£100k,DE,Bavaria,Munich,Sales Manager,Manager,Sales,6,True,0.79
harry.williams@lantern-training.example,45-54,£150k+,US,Washington,Seattle,Chief Revenue Officer,Director or above,Executive,3,True,0.83
harry.wilson@elmstead-cloud.example,35-44,£50k-£100k,UK,Scotland,Edinburgh,Head of Growth,Manager,Marketing,1,False,0.77
harry.wood@emberly-data.example,35-44,£25k-£50k,US,Texas,Austin,Head of Growth,Manager,Marketing,6,False,0.87
harry.wright@greystone-retail.example,25-34,under £25k,NL,South Holland,Rotterdam,Analyst,Individual contributor,Operations,2,False,0.75
harry.wright@ironbridge-couriers.example,25-34,£25k-£50k,US,Texas,Austin,Analyst,Individual contributor,Operations,1,True,0.7
harry.wright@lantern-engineering.example,25-34,under £25k,DE,Berlin,Berlin,Marketing Executive,Individual contributor,Marketing,4,True,0.76
harry10@nimbus-manufacturing.example,45-54,£25k-£50k,DE,Hamburg,Hamburg,Marketing Manager,Manager,Marketing,6,True,0.8
harry8@moorland-goods.example,35-44,£50k-£100k,DE,Hamburg,Hamburg,Marketing Manager,Manager,Marketing,2,True,0.93
harry@aurora-pharma.example,45-54,£50k-£100k,UK,West Midlands,Birmingham,Chief Revenue Officer,Director or above,Executive,1,True,0.91
harry@bramble-associates.example,45-54,£100k-£150k,UK,South West,Bristol,CEO,Director or above,Executive,11,False,0.67
harry@bramble-logistics.example,35-44,£150k+,US,Washington,Seattle,Marketing Director,Director or above,Marketing,1,False,0.97
harry@cedar-learning.example,45-54,£50k-£100k,US,California,San Francisco,Marketing Director,Director or above,Marketing,3,True,0.92
harry@driftwood-manufacturing.example,45-54,£50k-£100k,UK,London,London,VP Marketing,Director or above,Marketing,2,True,0.72
harry@dunmore-outfitters.example,45-54,£25k-£50k,FR,Ile-de-France,Paris,Marketing Coordinator,Individual contributor,Marketing,0,True,0.62
harry@foxglove-care.example,25-34,£50k-£100k,US,Illinois,Chicago,Founder,Director or above,Executive,11,False,0.6
harry@foxglove-medical.example,25-34,£50k-£100k,NL,South Holland,Rotterdam,Analyst,Individual contributor,Operations,0,True,0.78
harry@glenmoor-stores.example,35-44,£50k-£100k,UK,North West,Manchester,Marketing Director,Director or above,Marketing,2,True,0.69
harry@granite-partners.example,18-24,under £25k,FR,Ile-de-France,Paris,Marketing Coordinator,Individual contributor,Marketing,6,False,0.61
harry@heron-recruitment.example,35-44,£100k-£150k,FR,Occitanie,Toulouse,CEO,Director or above,Executive,4,True,0.66
harry@inkwell-manufacturing.example,35-44,£50k-£100k,NL,North Holland,Amsterdam,Assistant,Individual contributor,Operations,0,False,0.93
harry@ironbridge-software.example,25-34,£50k-£100k,UK,Yorkshire,Leeds,Assistant,Individual contributor,Operations,9,True,0.71
harry@juniper-market.example,25-34,£25k-£50k,UK,North West,Manchester,Assistant,Individual contributor,Operations,0,False,0.83
harry@kelvin-stores.example,18-24,£25k-£50k,US,Illinois,Chicago,Marketing Coordinator,Individual contributor,Marketing,1,False,0.94
harry@kingsway-capital.example,35-44,£50k-£100k,US,California,San Francisco,Analyst,Individual contributor,Operations,0,False,0.7
harry@kingsway-stores.example,18-24,under £25k,US,Washington,Seattle,Assistant,Individual contributor,Operations,2,False,0.62
harry@lantern-associates.example,35-44,£100k-£150k,UK,Yorkshire,Leeds,Director of Sales,Director or above,Sales,3,False,0.64
harry@marigold-dental.example,35-44,£50k-£100k,DE,Bavaria,Munich,Sales Manager,Manager,Sales,7,True,0.62
harry@nettlefield-lending.example,45-54,£50k-£100k,UK,Scotland,Edinburgh,Sales Manager,Manager,Sales,1,True,0.6
harry@nimbus-manufacturing.example,25-34,£50k-£100k,DE,Hamburg,Hamburg,Operations Manager,Manager,Operations,3,False,0.87
harry@norfolk-recruitment.example,25-34,£25k-£50k,UK,North West,Manchester,Demand Gen Manager,Manager,Marketing,3,False,0.87
harry@oakridge-tutors.example,45-54,£100k-£150k,UK,South West,Bristol,Marketing Director,Director or above,Marketing,6,False,0.61
harry@pennine-works.example,25-34,£25k-£50k,US,California,San Francisco,Marketing Executive,Individual contributor,Marketing,3,True,0.61
harry@quartz-cloud.example,35-44,£100k-£150k,US,California,San Francisco,Head of Marketing,Manager,Marketing,2,False,0.78
harry@silverline-capital.example,35-44,£50k-£100k,DE,Bavaria,Munich,Head of Marketing,Manager,Marketing,1,False,0.88
harry@stonebridge-digital.example,35-44,£50k-£100k,FR,Ile-de-France,Paris,Head of Growth,Manager,Marketing,1,True,0.85
harry@tamarind-works.example,35-44,£25k-£50k,UK,West Midlands,Birmingham,Marketing Executive,Individual contributor,Marketing,3,True,0.95
harry@thornbury-college.example,18-24,£50k-£100k,UK,London,London,Operations Manager,Manager,Operations,4,False,0.86
harry@tidewater-associates.example,25-34,£100k-£150k,DE,Bavaria,Munich,VP Marketing,Director or above,Marketing,3,True,0.91
harry@umber-wealth.example,45-54,£50k-£100k,US,Massachusetts,Boston,Chief Revenue Officer,Director or above,Executive,2,True,0.94
harry@vantage-haulage.example,25-34,£50k-£100k,US,Texas,Austin,Sales Rep,Individual contributor,Sales,7,False,0.93
harry@westbrook-couriers.example,25-34,£150k+,US,Illinois,Chicago,Chief Revenue Officer,Director or above,Executive,4,False,0.72
harrybernard98@outlook.example,65+,£100k-£150k,DE,Hamburg,Hamburg,Founder,Director or above,Executive,3,True,0.93
harryhall60@hotmail.example,35-44,£100k-£150k,US,Massachusetts,Boston,Head of Marketing,Manager,Marketing,2,False,0.73
harryhughes73@outlook.example,25-34,£50k-£100k,US,Illinois,Chicago,Head of Growth,Manager,Marketing,2,True,0.79
harrymurphy34@icloud.example,55-64,£50k-£100k,FR,Auvergne-Rhone-Alpes,Lyon,Marketing Manager,Manager,Marketing,2,False,0.75
harrymurphy97@yahoo.example,25-34,£50k-£100k,UK,Yorkshire,Leeds,Analyst,Individual contributor,Operations,5,True,0.72
harrywalker99@hotmail.example,25-34,£25k-£50k,UK,North West,Manchester,Marketing Executive,Individual contributor,Marketing,0,True,0.61
harryweber43@icloud.example,18-24,£50k-£100k,UK,West Midlands,Birmingham,Assistant,Individual contributor,Operations,6,False,0.6
harrywright26@icloud.example,35-44,£50k-£100k,US,Washington,Seattle,VP Marketing,Director or above,Marketing,2,True,0.8
hbernard366@yahoo.example,25-34,£150k+,US,New York,New York,Founder,Director or above,Executive,4,False,0.89
hbernard681@gmail.example,25-34,£100k-£150k,DE,Berlin,Berlin,Managing Director,Director or above,Executive,5,True,0.68
hbrown570@icloud.example,35-44,£50k-£100k,FR,Ile-de-France,Paris,Sales Manager,Manager,Sales,5,True,0.65
hclarke160@gmail.example,55-64,£100k-£150k,UK,North West,Manchester,Director of Sales,Director or above,Sales,2,True,0.65
hclarke373@yahoo.example,45-54,£50k-£100k,NL,South Holland,Rotterdam,CEO,Director or above,Executive,2,False,0.77
hclarke618@yahoo.example,55-64,£100k-£150k,DE,Hesse,Frankfurt,Director of Sales,Director or above,Sales,4,True,0.66
hdavies731@gmail.example,35-44,£50k-£100k,UK,London,London,Head of Marketing,Manager,Marketing,3,False,0.79
hgarcia422@icloud.example,25-34,£25k-£50k,FR,Occitanie,Toulouse,Marketing Executive,Individual contributor,Marketing,0,True,0.89
hgarcia471@outlook.example,25-34,£50k-£100k,US,California,San Francisco,Marketing Executive,Individual contributor,Marketing,0,True,0.67
hhughes453@icloud.example,18-24,£50k-£100k,US,Texas,Austin,Marketing Executive,Individual contributor,Marketing,4,True,0.62
hjansen593@yahoo.example,18-24,£25k-£50k,UK,Yorkshire,Leeds,Marketing Manager,Manager,Marketing,1,False,0.78
hjohnson084@gmail.example,18-24,£50k-£100k,US,Massachusetts,Boston,Marketing Coordinator,Individual contributor,Marketing,3,False,0.81
hjones056@yahoo.example,35-44,£100k-£150k,UK,North West,Manchester,Operations Manager,Manager,Operations,4,False,0.76
hlewis207@outlook.example,35-44,£50k-£100k,FR,Auvergne-Rhone-Alpes,Lyon,CEO,Director or above,Executive,7,True,0.96
hlewis282@icloud.example,25-34,under £25k,DE,Berlin,Berlin,Marketing Coordinator,Individual contributor,Marketing,4,False,0.93
hmurphy617@yahoo.example,35-44,£50k-£100k,UK,London,London,Head of Growth,Manager,Marketing,1,False,0.66
hpatel766@outlook.example,35-44,£100k-£150k,FR,Ile-de-France,Paris,Director of Sales,Director or above,Sales,10,False,0.75
hroberts076@hotmail.example,18-24,under £25k,US,Washington,Seattle,Student,Student,Student,0,False,0.92
hroberts591@outlook.example,35-44,under £25k,UK,Yorkshire,Leeds,Marketing Executive,Individual contributor,Marketing,0,False,0.6
hroberts620@outlook.example,25-34,£25k-£50k,US,Washington,Seattle,Head of Marketing,Manager,Marketing,1,False,0.83
hschmidt148@gmail.example,25-34,£50k-£100k,US,Illinois,Chicago,Assistant,Individual contributor,Operations,2,False,0.75
hschmidt524@icloud.example,25-34,£25k-£50k,UK,London,London,Marketing Manager,Manager,Marketing,0,False,0.96
hsmith800@hotmail.example,25-34,£25k-£50k,UK,Scotland,Edinburgh,Assistant,Individual contributor,Operations,3,True,0.92
hsmith976@outlook.example,25-34,£100k-£150k,FR,Ile-de-France,Paris,Sales Manager,Manager,Sales,5,False,0.76
htaylor756@yahoo.example,35-44,£50k-£100k,FR,Occitanie,Toulouse,VP Marketing,Director or above,Marketing,4,True,0.83
hugo.anderson@pinecrest-couriers.example,25-34,£25k-£50k,UK,London,London,Marketing Coordinator,Individual contributor,Marketing,1,True,0.85
hugo.baker@emberly-works.example,25-34,£50k-£100k,DE,Bavaria,Munich,Sales Rep,Individual contributor,Sales,1,False,0.73
hugo.baker@outlook.example,18-24,£25k-£50k,US,California,San Francisco,Marketing Coordinator,Individual contributor,Marketing,1,False,0.87
hugo.bakker@jasper-haulage.example,45-54,£150k+,US,Illinois,Chicago,Chief Revenue Officer,Director or above,Executive,5,True,0.88
hugo.bernard@gmail.example,35-44,£50k-£100k,UK,North West,Manchester,Head of Growth,Manager,Marketing,7,False,0.65
hugo.bernard@moorland-freight.example,35-44,£100k-£150k,UK,Yorkshire,Leeds,Chief Revenue Officer,Director or above,Executive,7,False,0.7
hugo.bernard@nimbus-lending.example,25-34,under £25k,UK,Scotland,Edinburgh,Assistant,Individual contributor,Operations,10,True,0.9
hugo.brown@brightwater-couriers.example,35-44,£50k-£100k,UK,Yorkshire,Leeds,Marketing Director,Director or above,Marketing,1,False,0.85
hugo.clarke@brightwater-medical.example,25-34,£25k-£50k,US,Illinois,Chicago,Marketing Executive,Individual contributor,Marketing,5,False,0.87
hugo.clarke@brightwater-outfitters.example,25-34,£25k-£50k,DE,Hamburg,Hamburg,Marketing Executive,Individual contributor,Marketing,0,False,0.81
hugo.clarke@lantern-fabrication.example,45-54,£50k-£100k,NL,North Brabant,Eindhoven,Head of Marketing,Manager,Marketing,11,True,0.81
hugo.clarke@lindenwood-clinics.example,45-54,£25k-£50k,US,Illinois,Chicago,Demand Gen Manager,Manager,Marketing,3,True,0.73
hugo.davies@lantern-fabrication.example,25-34,£50k-£100k,NL,Utrecht,Utrecht,Operations Manager,Manager,Operations,3,True,0.96
hugo.devries@marigold-pharma.example,25-34,£25k-£50k,US,Illinois,Chicago,Sales Rep,Individual contributor,Sales,3,True,0.92
hugo.garcia@oldfield-market.example,25-34,£50k-£100k,UK,South West,Bristol,Head of Marketing,Manager,Marketing,3,True,0.66
hugo.green@upland-legal.example,18-24,£50k-£100k,UK,South West,Bristol,Sales Manager,Manager,Sales,4,False,0.82
hugo.hughes@jasper-health.example,35-44,£150k+,FR,Occitanie,Toulouse,Marketing Director,Director or above,Marketing,2,False,0.7
hugo.hughes@saltmarsh-data.example,25-34,£25k-£50k,DE,Bavaria,Munich,Marketing Coordinator,Individual contributor,Marketing,5,True,0.67
hugo.johnson@kestrel-engineering.example,25-34,£100k-£150k,US,Illinois,Chicago,Chief Revenue Officer,Director or above,Executive,5,False,0.94
hugo.jones@cedar-accountants.example,25-34,£25k-£50k,DE,Hamburg,Hamburg,Marketing Coordinator,Individual contributor,Marketing,5,False,0.73
hugo.jones@valley-health.example,35-44,£150k+,US,California,San Francisco,Founder,Director or above,Executive,0,False,0.87
hugo.khan@ashford-learning.example,55-64,£150k+,UK,Scotland,Edinburgh,Director of Sales,Director or above,Sales,7,True,0.74
hugo.khan@dunmore-digital.example,35-44,£100k-£150k,US,Massachusetts,Boston,Head of Growth,Manager,Marketing,5,True,0.95
hugo.king@bramble-accountants.example,45-54,£50k-£100k,FR,Ile-de-France,Paris,VP Marketing,Director or above,Marketing,2,True,0.68
hugo.king@jasper-capital.example,35-44,£50k-£100k,US,New York,New York,Sales Manager,Manager,Sales,3,False,0.7
hugo.martin@quayside-shipping.example,25-34,£50k-£100k,UK,Scotland,Edinburgh,Head of Marketing,Manager,Marketing,3,False,0.85
hugo.miller@fernhill-accountants.example,18-24,under £25k,UK,North West,Manchester,Marketing Executive,Individual contributor,Marketing,6,False,0.83
hugo.moore@marigold-manufacturing.example,18-24,£25k-£50k,UK,Yorkshire,Leeds,Assistant,Individual contributor,Operations,7,False,0.81
hugo.murphy@brightwater-transport.example,25-34,£25k-£50k,NL,North Brabant,Eindhoven,Sales Rep,Individual contributor,Sales,2,True,0.87
hugo.murphy@gmail.example,25-34,£25k-£50k,US,Illinois,Chicago,Operations Manager,Manager,Operations,3,False,0.71
hugo.murphy@hotmail.example,18-24,£25k-£50k,UK,North West,Manchester,Marketing Executive,Individual contributor,Marketing,6,False,0.86
hugo.roberts@dovecote-digital.example,25-34,£100k-£150k,UK,Scotland,Edinburgh,Head of Growth,Manager,Marketing,2,True,0.66
hugo.roberts@ivywood-legal.example,35-44,£25k-£50k,UK,North West,Manchester,Marketing Manager,Manager,Marketing,3,False,0.64
hugo.roberts@upland-transport.example,35-44,under £25k,US,Washington,Seattle,Analyst,Individual contributor,Operations,2,True,0.87
hugo.schmidt@vantage-logistics.example,35-44,£100k-£150k,UK,West Midlands,Birmingham,Founder,Director or above,Executive,3,True,0.88
hugo.scott@oakridge-shipping.example,35-44,£25k-£50k,US,Illinois,Chicago,Head of Growth,Manager,Marketing,2,True,0.87
hugo.smith@glenmoor-fabrication.example,25-34,under £25k,UK,London,London,Marketing Executive,Individual contributor,Marketing,1,True,0.8
hugo.smith@willow-training.example,35-44,£25k-£50k,US,Illinois,Chicago,Head of Growth,Manager,Marketing,4,True,0.91
hugo.taylor@glenmoor-college.example,35-44,£25k-£50k,UK,Scotland,Edinburgh,Marketing Coordinator,Individual contributor,Marketing,3,False,0.91
hugo.taylor@inkwell-digital.example,35-44,£100k-£150k,NL,North Holland,Amsterdam,Head of Growth,Manager,Marketing,8,False,0.97
hugo.thompson@kestrel-works.example,25-34,£100k-£150k,UK,Scotland,Edinburgh,Managing Director,Director or above,Executive,2,False,0.81
hugo.thompson@westbrook-education.example,35-44,£100k-£150k,NL,Utrecht,Utrecht,CEO,Director or above,Executive,4,True,0.98
hugo.walker@keystone-education.example,45-54,£50k-£100k,UK,South West,Bristol,Operations Manager,Manager,Operations,4,True,0.7
hugo.weber@cobalt-goods.example,45-54,£25k-£50k,FR,Hauts-de-France,Lille,Sales Rep,Individual contributor,Sales,7,False,0.83
hugo.white@northwind-fabrication.example,45-54,£50k-£100k,NL,North Brabant,Eindhoven,Marketing Director,Director or above,Marketing,2,True,0.71
hugo.white@quayside-cloud.example,25-34,£150k+,US,Illinois,Chicago,Demand Gen Manager,Manager,Marketing,5,True,0.89
hugo.wilson@nimbus-advisory.example,25-34,£50k-£100k,UK,West Midlands,Birmingham,Demand Gen Manager,Manager,Marketing,0,False,0.64
hugo.wood@kelvin-digital.example,35-44,£150k+,NL,South Holland,Rotterdam,Managing Director,Director or above,Executive,1,False,0.73
hugo.wood@outlook.example,45-54,£25k-£50k,FR,Hauts-de-France,Lille,Analyst,Individual contributor,Operations,4,True,0.7
hugo.wood@zephyr-goods.example,45-54,£150k+,US,Massachusetts,Boston,Founder,Director or above,Executive,7,False,0.95
hugo.young@granite-digital.example,45-54,£50k-£100k,UK,North West,Manchester,Chief Revenue Officer,Director or above,Executive,5,True,0.83
hugo.young@yarrow-tutors.example,25-34,£25k-£50k,UK,Scotland,Edinburgh,Analyst,Individual contributor,Operations,0,False,0.92
hugo@ashford-health.example,35-44,£50k-£100k,US,Massachusetts,Boston,Sales Rep,Individual contributor,Sales,0,True,0.73
hugo@aurora-stores.example,45-54,£25k-£50k,US,California,San Francisco,Marketing Executive,Individual contributor,Marketing,0,True,0.74
hugo@beacon-partners.example,25-34,£25k-£50k,US,Massachusetts,Boston,Sales Rep,Individual contributor,Sales,2,False,0.87
hugo@bluebell-goods.example,25-34,£50k-£100k,US,Texas,Austin,Marketing Manager,Manager,Marketing,7,True,0.7
hugo@bramble-health.example,35-44,£100k-£150k,NL,Utrecht,Utrecht,CEO,Director or above,Executive,2,True,0.7
hugo@brightwater-haulage.example,18-24,under £25k,UK,Scotland,Edinburgh,Student,Student,Student,0,False,0.63
hugo@brightwater-recruitment.example,35-44,£100k-£150k,US,Texas,Austin,Head of Marketing,Manager,Marketing,2,True,0.85
hugo@dovecote-education.example,35-44,£50k-£100k,US,Washington,Seattle,Head of Marketing,Manager,Marketing,1,True,0.71
hugo@driftwood-insurance.example,25-34,£50k-£100k,FR,Auvergne-Rhone-Alpes,Lyon,Sales Rep,Individual contributor,Sales,1,False,0.86
hugo@elmstead-couriers.example,35-44,£50k-£100k,NL,Utrecht,Utrecht,Chief Revenue Officer,Director or above,Executive,2,True,0.78
hugo@elmstead-health.example,25-34,£25k-£50k,DE,Berlin,Berlin,Analyst,Individual contributor,Operations,2,True,0.69
hugo@emberly-dental.example,45-54,£150k+,UK,London,London,Chief Revenue Officer,Director or above,Executive,2,True,0.99
hugo@falcon-couriers.example,45-54,£25k-£50k,FR,Hauts-de-France,Lille,Demand Gen Manager,Manager,Marketing,9,False,0.84
hugo@foxglove-fabrication.example,35-44,under £25k,FR,Hauts-de-France,Lille,Marketing Coordinator,Individual contributor,Marketing,3,True,0.86
hugo@granite-digital.example,45-54,£100k-£150k,UK,Yorkshire,Leeds,CEO,Director or above,Executive,1,False,0.66
hugo@heron-cloud.example,35-44,£50k-£100k,UK,West Midlands,Birmingham,Assistant,Individual contributor,Operations,1,True,0.65
hugo@ivywood-transport.example,25-34,£100k-£150k,UK,North West,Manchester,Head of Growth,Manager,Marketing,2,True,0.77
hugo@juniper-shipping.example,45-54,£25k-£50k,NL,North Brabant,Eindhoven,Head of Marketing,Manager,Marketing,0,True,0.87
hugo@keystone-education.example,35-44,£100k-£150k,UK,Yorkshire,Leeds,Sales Manager,Manager,Sales,7,True,0.74
hugo@kingsway-market.example,45-54,£100k-£150k,UK,London,London,Managing Director,Director or above,Executive,6,True,0.99
hugo@lantern-insurance.example,35-44,£100k-£150k,UK,Yorkshire,Leeds,Marketing Director,Director or above,Marketing,6,False,0.8
hugo@moorland-accountants.example,25-34,£50k-£100k,UK,South West,Bristol,Marketing Executive,Individual contributor,Marketing,5,True,0.9
hugo@nettlefield-dental.example,25-34,under £25k,FR,Hauts-de-France,Lille,Sales Rep,Individual contributor,Sales,0,True,0.8
hugo@nimbus-cloud.example,18-24,under £25k,US,Massachusetts,Boston,Student,Student,Student,0,True,0.77
hugo@nimbus-retail.example,55-64,£100k-£150k,UK,South West,Bristol,Marketing Director,Director or above,Marketing,6,True,0.91
hugo@oakridge-goods.example,35-44,£50k-£100k,US,New York,New York,Head of Growth,Manager,Marketing,6,True,0.78
hugo@pebble-cloud.example,18-24,£25k-£50k,DE,Bavaria,Munich,Assistant,Individual contributor,Operations,0,True,0.73
hugo@pennine-learning.example,25-34,£50k-£100k,UK,South West,Bristol,Marketing Manager,Manager,Marketing,1,True,0.68
hugo@pinecrest-goods.example,25-34,£50k-£100k,FR,Hauts-de-France,Lille,Sales Rep,Individual contributor,Sales,10,False,0.71
hugo@quartz-retail.example,35-44,£100k-£150k,UK,Scotland,Edinburgh,CEO,Director or above,Executive,10,False,0.68
hugo@quartz-stores.example,25-34,£100k-£150k,US,Washington,Seattle,Head of Marketing,Manager,Marketing,2,False,0.66
hugo@quartz-training.example,25-34,£25k-£50k,DE,Berlin,Berlin,Sales Rep,Individual contributor,Sales,0,False,0.67
hugo@redwood-care.example,25-34,£50k-£100k,UK,North West,Manchester,Head of Marketing,Manager,Marketing,0,True,0.7
hugo@riverside-manufacturing.example,35-44,£50k-£100k,FR,Ile-de-France,Paris,Analyst,Individual contributor,Operations,2,False,0.82
hugo@saltmarsh-couriers.example,25-34,£50k-£100k,DE,Bavaria,Munich,Analyst,Individual contributor,Operations,2,False,0.76
hugo@saltmarsh-works.example,25-34,£50k-£100k,UK,Yorkshire,Leeds,Marketing Manager,Manager,Marketing,10,False,0.66
hugo@silverline-trading.example,45-54,£50k-£100k,UK,South West,Bristol,Sales Rep,Individual contributor,Sales,0,True,0.67
hugo@stonebridge-market.example,55-64,£150k+,US,Texas,Austin,Founder,Director or above,Executive,4,True,0.92
hugo@tamarind-finance.example,35-44,£100k-£150k,US,Illinois,Chicago,Managing Director,Director or above,Executive,3,False,0.88
hugo@thornbury-cloud.example,35-44,£50k-£100k,US,Texas,Austin,Marketing Manager,Manager,Marketing,1,False,0.85
hugo@upland-capital.example,35-44,£50k-£100k,US,Illinois,Chicago,Operations Manager,Manager,Operations,2,True,0.94
hugo@upland-health.example,25-34,£50k-£100k,UK,Scotland,Edinburgh,Demand Gen Manager,Manager,Marketing,2,False,0.72
hugo@valley-data.example,18-24,under £25k,NL,South Holland,Rotterdam,Analyst,Individual contributor,Operations,7,False,0.64
hugo@valley-transport.example,18-24,£50k-£100k,UK,North West,Manchester,Marketing Manager,Manager,Marketing,3,True,0.69
hugo@willow-health.example,35-44,£50k-£100k,US,Texas,Austin,Sales Manager,Manager,Sales,1,False,0.9
hugo@zephyr-accountants.example,35-44,£25k-£50k,US,Massachusetts,Boston,Sales Rep,Individual contributor,Sales,5,True,0.65
hugobaker56@outlook.example,45-54,£100k-£150k,US,New York,New York,Sales Manager,Manager,Sales,3,True,0.83
hugojones21@outlook.example,25-34,£25k-£50k,UK,London,London,Analyst,Individual contributor,Operations,10,False,0.76
hugojones82@icloud.example,25-34,£25k-£50k,DE,Hamburg,Hamburg,Marketing Coordinator,Individual contributor,Marketing,2,False,0.8
hugokhan44@outlook.example,35-44,£25k-£50k,FR,Hauts-de-France,Lille,Assistant,Individual contributor,Operations,0,True,0.88
hugomiller30@icloud.example,25-34,£100k-£150k,US,Texas,Austin,Marketing Manager,Manager,Marketing,2,True,0.82
hugowilson48@gmail.example,35-44,£50k-£100k,NL,Utrecht,Utrecht,Demand Gen Manager,Manager,Marketing,2,False,0.69
hugoyoung07@icloud.example,35-44,£25k-£50k,DE,Hesse,Frankfurt,Demand Gen Manager,Manager,Marketing,1,True,0.97
hweber611@yahoo.example,25-34,under £25k,UK,Scotland,Edinburgh,Student,Student,Student,0,True,0.87
hwhite488@icloud.example,55-64,£150k+,US,Texas,Austin,Chief Revenue Officer,Director or above,Executive,1,False,0.94
hwilson181@icloud.example,45-54,£50k-£100k,UK,Yorkshire,Leeds,Marketing Director,Director or above,Marketing,4,False,0.61
hwilson496@gmail.example,25-34,£25k-£50k,FR,Hauts-de-France,Lille,Assistant,Individual contributor,Operations,4,False,0.78
hwood719@icloud.example,35-44,£50k-£100k,US,California,San Francisco,Sales Manager,Manager,Sales,4,False,0.85
hyoung320@hotmail.example,25-34,£25k-£50k,DE,Berlin,Berlin,Sales Rep,Individual contributor,Sales,1,False,0.63
hyoung855@gmail.example,18-24,under £25k,DE,Berlin,Berlin,Student,Student,Student,0,False,0.74
i.anderson@greystone-works.example,25-34,under £25k,UK,London,London,Sales Rep,Individual contributor,Sales,0,False,0.9
i.baker@dovecote-cloud.example,25-34,£25k-£50k,UK,West Midlands,Birmingham,Analyst,Individual contributor,Operations,17,True,0.63
i.baker@orchard-digital.example,25-34,£25k-£50k,US,Massachusetts,Boston,Marketing Executive,Individual contributor,Marketing,3,True,0.6
i.baker@willow-medical.example,35-44,£50k-£100k,FR,Auvergne-Rhone-Alpes,Lyon,Sales Manager,Manager,Sales,3,False,0.65
i.bakker@bramble-recruitment.example,25-34,£25k-£50k,FR,Occitanie,Toulouse,Assistant,Individual contributor,Operations,1,False,0.71
i.bakker@inkwell-academy.example,35-44,£50k-£100k,UK,London,London,Head of Growth,Manager,Marketing,0,True,0.75
i.bakker@rosewood-works.example,35-44,£25k-£50k,FR,Auvergne-Rhone-Alpes,Lyon,Marketing Executive,Individual contributor,Marketing,2,False,0.8
i.bakker@zephyr-accountants.example,45-54,£100k-£150k,US,Illinois,Chicago,Chief Revenue Officer,Director or above,Executive,5,True,0.94
i.bernard@ashford-market.example,25-34,under £25k,DE,Berlin,Berlin,Analyst,Individual contributor,Operations,1,False,0.88
i.brown@ivywood-health.example,25-34,£25k-£50k,US,Washington,Seattle,Operations Manager,Manager,Operations,8,True,0.62
i.brown@umber-systems.example,35-44,£50k-£100k,FR,Hauts-de-France,Lille,Operations Manager,Manager,Operations,0,True,0.78
i.clarke@moorland-care.example,35-44,£50k-£100k,UK,South West,Bristol,Managing Director,Director or above,Executive,2,False,0.98
i.clarke@oakridge-market.example,35-44,£50k-£100k,DE,Berlin,Berlin,Managing Director,Director or above,Executive,0,True,0.98
i.davies@fernhill-academy.example,45-54,£50k-£100k,US,Massachusetts,Boston,Head of Marketing,Manager,Marketing,0,True,0.71
i.hall@oldfield-tutors.example,25-34,£25k-£50k,US,New York,New York,Head of Marketing,Manager,Marketing,2,False,0.74
i.jansen@clearwater-software.example,35-44,£150k+,UK,West Midlands,Birmingham,Founder,Director or above,Executive,1,False,0.97
i.johnson@umber-digital.example,45-54,£50k-£100k,FR,Hauts-de-France,Lille,Operations Manager,Manager,Operations,1,False,0.93
i.jones@foxglove-lending.example,45-54,£100k-£150k,UK,West Midlands,Birmingham,Founder,Director or above,Executive,0,True,0.7
i.khan@harbour-insurance.example,18-24,under £25k,UK,London,London,Sales Rep,Individual contributor,Sales,4,False,0.82
i.king@kestrel-pharma.example,35-44,£100k-£150k,FR,Hauts-de-France,Lille,Head of Marketing,Manager,Marketing,5,True,0.65
i.martin@oakridge-retail.example,18-24,under £25k,US,New York,New York,Marketing Executive,Individual contributor,Marketing,1,False,0.76
i.martin@riverside-consulting.example,35-44,£150k+,US,Washington,Seattle,Demand Gen Manager,Manager,Marketing,1,True,0.8
i.muller@ivywood-systems.example,25-34,£25k-£50k,UK,South West,Bristol,Analyst,Individual contributor,Operations,0,True,0.89
i.muller@juniper-tutors.example,35-44,£150k+,DE,Hesse,Frankfurt,Marketing Director,Director or above,Marketing,0,True,0.75
i.muller@quayside-labs.example,18-24,£50k-£100k,US,Texas,Austin,Marketing Executive,Individual contributor,Marketing,2,False,0.69
i.murphy@meridian-finance.example,18-24,£100k-£150k,US,California,San Francisco,Marketing Coordinator,Individual contributor,Marketing,4,False,0.88
i.roberts@harbour-learning.example,35-44,£100k-£150k,UK,South West,Bristol,Director of Sales,Director or above,Sales,8,True,0.78
i.roberts@kelvin-lending.example,25-34,£25k-£50k,NL,South Holland,Rotterdam,Sales Rep,Individual contributor,Sales,5,False,0.73
i.roberts@larkspur-insurance.example,35-44,£50k-£100k,UK,Scotland,Edinburgh,CEO,Director or above,Executive,2,False,0.93
i.schmidt@oakridge-fabrication.example,35-44,£25k-£50k,US,Texas,Austin,Sales Manager,Manager,Sales,8,True,0.81
i.scott@willow-care.example,18-24,under £25k,UK,Yorkshire,Leeds,Student,Student,Student,0,False,0.97
i.smith@yarrow-capital.example,55-64,£100k-£150k,UK,Scotland,Edinburgh,Managing Director,Director or above,Executive,1,False,0.74
i.taylor@heron-transport.example,25-34,£25k-£50k,US,New York,New York,Operations Manager,Manager,Operations,1,True,0.8
i.thompson@pebble-market.example,25-34,£50k-£100k,US,Massachusetts,Boston,Demand Gen Manager,Manager,Marketing,2,True,0.97
i.walker@hawthorn-digital.example,35-44,£150k+,UK,South West,Bristol,Director of Sales,Director or above,Sales,1,True,0.82
i.wilson@beacon-industries.example,35-44,under £25k,UK,Yorkshire,Leeds,Assistant,Individual contributor,Operations,2,False,0.88
i.wilson@bramble-retail.example,18-24,£25k-£50k,NL,North Holland,Amsterdam,Marketing Executive,Individual contributor,Marketing,1,True,0.97
i.wilson@jasper-components.example,45-54,£50k-£100k,US,Texas,Austin,Head of Growth,Manager,Marketing,1,True,0.93
i.wood@cedar-engineering.example,45-54,£150k+,DE,Berlin,Berlin,Managing Director,Director or above,Executive,9,True,0.79
i.wright@marigold-medical.example,18-24,under £25k,FR,Occitanie,Toulouse,Sales Rep,Individual contributor,Sales,0,False,0.88
ibakker001@icloud.example,25-34,£100k-£150k,UK,South West,Bristol,Head of Growth,Manager,Marketing,0,False,0.77
ibernard075@icloud.example,18-24,under £25k,UK,Yorkshire,Leeds,Student,Student,Student,0,False,0.66
ihall859@icloud.example,35-44,£100k-£150k,US,Washington,Seattle,Demand Gen Manager,Manager,Marketing,2,True,0.69
imartin273@yahoo.example,18-24,under £25k,US,Massachusetts,Boston,Student,Student,Student,0,False,0.82
isla.anderson@emberly-partners.example,35-44,£25k-£50k,NL,South Holland,Rotterdam,Sales Manager,Manager,Sales,1,False,0.93
isla.anderson@heron-freight.example,25-34,£25k-£50k,FR,Occitanie,Toulouse,Marketing Coordinator,Individual contributor,Marketing,7,True,0.75
isla.bakker@brightwater-engineering.example,25-34,£25k-£50k,US,California,San Francisco,Sales Manager,Manager,Sales,4,False,0.9
isla.bernard@granite-tutors.example,35-44,£50k-£100k,UK,South West,Bristol,Operations Manager,Manager,Operations,4,False,0.64
isla.bernard@ironbridge-insurance.example,18-24,under £25k,UK,North West,Manchester,Assistant,Individual contributor,Operations,9,True,0.76
isla.brown@cedar-capital.example,25-34,under £25k,NL,Utrecht,Utrecht,Sales Rep,Individual contributor,Sales,1,True,0.98
isla.clarke43@gmail.example,25-34,under £25k,UK,Yorkshire,Leeds,Analyst,Individual contributor,Operations,5,True,0.87
isla.clarke@bramble-retail.example,25-34,£100k-£150k,NL,North Holland,Amsterdam,Chief Revenue Officer,Director or above,Executive,4,True,0.84
isla.devries@icloud.example,55-64,£50k-£100k,UK,Scotland,Edinburgh,CEO,Director or above,Executive,1,True,0.63
isla.devries@yahoo.example,25-34,under £25k,US,Massachusetts,Boston,Sales Rep,Individual contributor,Sales,4,False,0.64
isla.dubois@outlook.example,25-34,£50k-£100k,US,Illinois,Chicago,Marketing Manager,Manager,Marketing,1,False,0.67
isla.dubois@quartz-industries.example,45-54,£50k-£100k,FR,Ile-de-France,Paris,Operations Manager,Manager,Operations,6,False,0.93
isla.evans@pebble-legal.example,18-24,£25k-£50k,NL,Utrecht,Utrecht,Assistant,Individual contributor,Operations,7,False,0.76
isla.green@rosewood-dental.example,25-34,£100k-£150k,FR,Auvergne-Rhone-Alpes,Lyon,Chief Revenue Officer,Director or above,Executive,1,False,0.76
isla.hall@icloud.example,35-44,£50k-£100k,NL,Utrecht,Utrecht,Assistant,Individual contributor,Operations,7,True,0.75
isla.hall@inkwell-stores.example,55-64,£150k+,US,Texas,Austin,Director of Sales,Director or above,Sales,0,True,0.8
isla.hughes@larkspur-advisory.example,25-34,£25k-£50k,US,New York,New York,Sales Rep,Individual contributor,Sales,5,False,0.92
isla.hughes@nimbus-legal.example,18-24,£25k-£50k,FR,Auvergne-Rhone-Alpes,Lyon,Analyst,Individual contributor,Operations,1,False,0.77
isla.hughes@outlook.example,25-34,£50k-£100k,UK,Yorkshire,Leeds,Sales Rep,Individual contributor,Sales,0,False,0.77
isla.jansen@elmstead-goods.example,25-34,£100k-£150k,US,New York,New York,Sales Manager,Manager,Sales,3,True,0.77
isla.jansen@fernhill-finance.example,35-44,£25k-£50k,UK,Yorkshire,Leeds,Marketing Executive,Individual contributor,Marketing,4,True,0.72
isla.jansen@oakridge-works.example,18-24,£25k-£50k,NL,North Brabant,Eindhoven,Student,Student,Student,0,False,0.69
isla.jones@outlook.example,18-24,£25k-£50k,FR,Occitanie,Toulouse,Student,Student,Student,0,False,0.78
isla.jones@yahoo.example,45-54,£50k-£100k,UK,Scotland,Edinburgh,Head of Marketing,Manager,Marketing,0,False,0.76
isla.khan@riverside-haulage.example,45-54,£100k-£150k,US,California,San Francisco,Demand Gen Manager,Manager,Marketing,2,True,0.69
isla.king@fernhill-retail.example,65+,£100k-£150k,UK,London,London,Managing Director,Director or above,Executive,9,False,0.74
isla.lewis@bluebell-market.example,35-44,£50k-£100k,DE,Hamburg,Hamburg,Operations Manager,Manager,Operations,2,True,0.7
isla.lewis@moorland-dental.example,25-34,under £25k,US,New York,New York,Sales Rep,Individual contributor,Sales,1,True,0.77
isla.miller@quayside-goods.example,45-54,£150k+,US,Washington,Seattle,Founder,Director or above,Executive,2,True,0.91
isla.moore@outlook.example,25-34,£50k-£100k,UK,West Midlands,Birmingham,Chief Revenue Officer,Director or above,Executive,8,True,0.65
isla.murphy@keystone-dental.example,25-34,£100k-£150k,UK,North West,Manchester,Sales Manager,Manager,Sales,0,False,0.68
isla.roberts@highgate-cloud.example,18-24,£100k-£150k,US,Massachusetts,Boston,Analyst,Individual contributor,Operations,5,True,0.7
isla.roberts@juniper-stores.example,35-44,£100k-£150k,US,New York,New York,Demand Gen Manager,Manager,Marketing,3,True,0.77
isla.schmidt@riverside-legal.example,35-44,under £25k,FR,Hauts-de-France,Lille,Assistant,Individual contributor,Operations,2,False,0.79
isla.scott@nettlefield-legal.example,35-44,£50k-£100k,NL,Utrecht,Utrecht,Marketing Manager,Manager,Marketing,1,True,0.75
isla.scott@outlook.example,55-64,£100k-£150k,FR,Occitanie,Toulouse,Director of Sales,Director or above,Sales,6,True,0.72
isla.smith@redwood-dental.example,55-64,£100k-£150k,US,Massachusetts,Boston,VP Marketing,Director or above,Marketing,3,True,0.76
isla.taylor@jasper-software.example,45-54,£100k-£150k,UK,West Midlands,Birmingham,CEO,Director or above,Executive,3,True,0.73
isla.thompson@gmail.example,25-34,£25k-£50k,UK,South West,Bristol,Analyst,Individual contributor,Operations,5,True,0.77
isla.walker@yarrow-market.example,25-34,under £25k,UK,West Midlands,Birmingham,Analyst,Individual contributor,Operations,1,True,0.68
isla.white@hotmail.example,18-24,under £25k,NL,North Brabant,Eindhoven,Student,Student,Student,0,False,0.81
isla.williams@gmail.example,45-54,£100k-£150k,FR,Ile-de-France,Paris,Managing Director,Director or above,Executive,2,True,0.84
isla.williams@tamarind-components.example,45-54,£100k-£150k,US,Washington,Seattle,Director of Sales,Director or above,Sales,2,True,0.75
isla.wright@dunmore-stores.example,25-34,£25k-£50k,US,Texas,Austin,Marketing Manager,Manager,Marketing,0,False,0.8
isla.wright@saltmarsh-clinics.example,35-44,£50k-£100k,US,California,San Francisco,Sales Manager,Manager,Sales,0,False,0.87
isla.young43@gmail.example,35-44,£100k-£150k,US,Texas,Austin,Chief Revenue Officer,Director or above,Executive,1,True,0.92
isla.young@bramble-partners.example,35-44,£25k-£50k,US,Washington,Seattle,Marketing Executive,Individual contributor,Marketing,11,False,0.78
isla.young@clearwater-learning.example,45-54,£100k-£150k,US,Massachusetts,Boston,VP Marketing,Director or above,Marketing,5,True,0.91
isla7@bluebell-outfitters.example,25-34,£25k-£50k,FR,Hauts-de-France,Lille,Marketing Manager,Manager,Marketing,4,False,0.98
isla@aurora-freight.example,35-44,£50k-£100k,UK,North West,Manchester,Marketing Manager,Manager,Marketing,4,False,0.83
isla@beacon-clinics.example,25-34,£25k-£50k,UK,Yorkshire,Leeds,Marketing Coordinator,Individual contributor,Marketing,1,False,0.69
isla@beacon-labs.example,25-34,£50k-£100k,UK,North West,Manchester,Marketing Executive,Individual contributor,Marketing,5,True,0.66
isla@bluebell-outfitters.example,18-24,£25k-£50k,FR,Hauts-de-France,Lille,Marketing Executive,Individual contributor,Marketing,1,False,0.78
isla@brightwater-goods.example,25-34,£25k-£50k,UK,Yorkshire,Leeds,Assistant,Individual contributor,Operations,1,False,0.79
isla@brightwater-outfitters.example,35-44,£25k-£50k,DE,Bavaria,Munich,Assistant,Individual contributor,Operations,4,True,0.74
isla@cedar-accountants.example,35-44,£50k-£100k,DE,Hamburg,Hamburg,Sales Manager,Manager,Sales,1,True,0.69
isla@cedar-works.example,25-34,£25k-£50k,US,California,San Francisco,Operations Manager,Manager,Operations,5,False,0.98
isla@dovecote-logistics.example,25-34,£50k-£100k,UK,Yorkshire,Leeds,Operations Manager,Manager,Operations,4,False,0.62
isla@driftwood-couriers.example,35-44,£150k+,US,New York,New York,Marketing Director,Director or above,Marketing,0,True,0.77
isla@dunmore-learning.example,25-34,under £25k,UK,Scotland,Edinburgh,Assistant,Individual contributor,Operations,0,True,0.62
isla@foxglove-couriers.example,25-34,£100k-£150k,FR,Ile-de-France,Paris,Demand Gen Manager,Manager,Marketing,1,True,0.8
isla@foxglove-market.example,55-64,£100k-£150k,DE,Hesse,Frankfurt,Marketing Director,Director or above,Marketing,14,True,0.63
isla@granite-medical.example,25-34,£50k-£100k,FR,Occitanie,Toulouse,Head of Growth,Manager,Marketing,9,False,0.99
isla@harbour-market.example,55-64,£100k-£150k,UK,North West,Manchester,Chief Revenue Officer,Director or above,Executive,1,True,0.85
isla@heron-data.example,35-44,£25k-£50k,US,Texas,Austin,Head of Growth,Manager,Marketing,6,True,0.89
isla@inkwell-care.example,45-54,£100k-£150k,UK,North West,Manchester,Chief Revenue Officer,Director or above,Executive,2,True,0.98
isla@inkwell-couriers.example,35-44,£50k-£100k,UK,South West,Bristol,Operations Manager,Manager,Operations,9,False,0.97
isla@inkwell-manufacturing.example,25-34,under £25k,NL,North Holland,Amsterdam,Student,Student,Student,0,False,0.94
isla@jasper-associates.example,25-34,£50k-£100k,NL,Utrecht,Utrecht,Sales Manager,Manager,Sales,2,False,0.6
isla@juniper-medical.example,25-34,under £25k,UK,South West,Bristol,Sales Rep,Individual contributor,Sales,6,True,0.91
isla@kelvin-wealth.example,25-34,under £25k,NL,Utrecht,Utrecht,Assistant,Individual contributor,Operations,4,True,0.77
isla@lantern-transport.example,25-34,£50k-£100k,UK,North West,Manchester,Operations Manager,Manager,Operations,0,False,0.74
isla@nettlefield-advisory.example,35-44,£100k-£150k,UK,South West,Bristol,Demand Gen Manager,Manager,Marketing,3,True,0.93
isla@nettlefield-haulage.example,35-44,£25k-£50k,US,Massachusetts,Boston,Assistant,Individual contributor,Operations,4,True,0.78
isla@nimbus-components.example,45-54,£50k-£100k,US,California,San Francisco,Sales Rep,Individual contributor,Sales,4,True,0.91
isla@northwind-learning.example,18-24,£25k-£50k,UK,North West,Manchester,Sales Rep,Individual contributor,Sales,2,False,0.93
isla@northwind-medical.example,25-34,£50k-£100k,US,New York,New York,Operations Manager,Manager,Operations,1,True,0.95
isla@oakridge-industries.example,55-64,£100k-£150k,UK,North West,Manchester,Founder,Director or above,Executive,3,False,0.83
isla@oakridge-tutors.example,35-44,£25k-£50k,UK,Scotland,Edinburgh,Head of Marketing,Manager,Marketing,1,False,0.72
isla@pennine-fabrication.example,25-34,£25k-£50k,UK,South West,Bristol,Marketing Executive,Individual contributor,Marketing,3,False,0.6
isla@pinecrest-systems.example,18-24,under £25k,DE,Berlin,Berlin,Analyst,Individual contributor,Operations,2,False,0.87
isla@redwood-legal.example,55-64,£25k-£50k,NL,North Brabant,Eindhoven,Marketing Manager,Manager,Marketing,3,False,0.78
isla@riverside-associates.example,35-44,£50k-£100k,UK,London,London,Demand Gen Manager,Manager,Marketing,3,True,0.67
isla@rosewood-couriers.example,35-44,£25k-£50k,NL,South Holland,Rotterdam,Analyst,Individual contributor,Operations,0,True,0.79
isla@saltmarsh-data.example,55-64,£50k-£100k,DE,Hesse,Frankfurt,VP Marketing,Director or above,Marketing,1,True,0.68
isla@silverline-freight.example,35-44,£100k-£150k,FR,Occitanie,Toulouse,Demand Gen Manager,Manager,Marketing,0,False,0.61
isla@silverline-recruitment.example,45-54,£50k-£100k,NL,South Holland,Rotterdam,Head of Growth,Manager,Marketing,2,True,0.85
isla@tamarind-trading.example,35-44,£50k-£100k,FR,Auvergne-Rhone-Alpes,Lyon,Marketing Executive,Individual contributor,Marketing,1,False,0.65
isla@thornbury-shipping.example,35-44,£50k-£100k,UK,London,London,Demand Gen Manager,Manager,Marketing,0,False,0.75
isla@tidewater-advisory.example,25-34,£25k-£50k,UK,South West,Bristol,Marketing Executive,Individual contributor,Marketing,1,True,0.75
isla@tidewater-tutors.example,65+,£100k-£150k,NL,Utrecht,Utrecht,Managing Director,Director or above,Executive,8,True,0.67
isla@umber-fabrication.example,35-44,£150k+,US,California,San Francisco,Marketing Director,Director or above,Marketing,0,True,0.93
isla@umber-goods.example,35-44,£25k-£50k,FR,Auvergne-Rhone-Alpes,Lyon,Operations Manager,Manager,Operations,5,True,0.78
isla@valley-recruitment.example,35-44,£50k-£100k,US,Washington,Seattle,Sales Manager,Manager,Sales,0,True,0.86
isla@vantage-manufacturing.example,35-44,£50k-£100k,US,New York,New York,Marketing Director,Director or above,Marketing,1,True,0.83
islabernard96@yahoo.example,25-34,under £25k,US,Texas,Austin,Assistant,Individual contributor,Operations,2,False,0.74
isladavies63@hotmail.example,18-24,£25k-£50k,US,Texas,Austin,Sales Rep,Individual contributor,Sales,6,False,0.76
isladevries90@yahoo.example,18-24,under £25k,UK,West Midlands,Birmingham,Student,Student,Student,0,False,0.65
isladubois03@outlook.example,25-34,£50k-£100k,UK,South West,Bristol,Sales Manager,Manager,Sales,2,True,0.7
islahall80@icloud.example,55-64,£50k-£100k,FR,Occitanie,Toulouse,Marketing Director,Director or above,Marketing,1,True,0.81
islamartin19@hotmail.example,25-34,£50k-£100k,DE,Hamburg,Hamburg,Operations Manager,Manager,Operations,1,False,0.96
islamiller17@icloud.example,45-54,£50k-£100k,FR,Hauts-de-France,Lille,Head of Growth,Manager,Marketing,1,False,0.95
islaroberts29@gmail.example,25-34,£25k-£50k,FR,Ile-de-France,Paris,Analyst,Individual contributor,Operations,2,True,0.95
islathompson14@hotmail.example,45-54,£100k-£150k,UK,West Midlands,Birmingham,Operations Manager,Manager,Operations,1,True,0.81
islawilson05@yahoo.example,55-64,£100k-£150k,US,Washington,Seattle,Director of Sales,Director or above,Sales,4,True,0.88
j.anderson@ashford-accountants.example,18-24,£50k-£100k,NL,North Brabant,Eindhoven,Analyst,Individual contributor,Operations,14,False,0.75
j.anderson@aurora-market.example,25-34,£100k-£150k,UK,North West,Manchester,Operations Manager,Manager,Operations,3,True,0.96
j.anderson@cedar-legal.example,18-24,£25k-£50k,UK,Scotland,Edinburgh,Marketing Coordinator,Individual contributor,Marketing,1,False,0.81
j.anderson@greystone-transport.example,18-24,£25k-£50k,US,Illinois,Chicago,Assistant,Individual contributor,Operations,1,False,0.75
j.anderson@quayside-software.example,45-54,£100k-£150k,NL,North Holland,Amsterdam,Sales Manager,Manager,Sales,4,False,0.73
j.anderson@riverside-engineering.example,25-34,£50k-£100k,UK,London,London,Marketing Coordinator,Individual contributor,Marketing,6,True,0.78
j.baker@upland-haulage.example,45-54,£150k+,UK,West Midlands,Birmingham,VP Marketing,Director or above,Marketing,2,True,0.81
j.bakker@highgate-goods.example,25-34,£25k-£50k,NL,North Holland,Amsterdam,Marketing Executive,Individual contributor,Marketing,0,True,0.71
j.bakker@tamarind-trading.example,35-44,£25k-£50k,FR,Auvergne-Rhone-Alpes,Lyon,Sales Rep,Individual contributor,Sales,1,True,0.99
j.bernard@heron-clinics.example,45-54,£150k+,US,Texas,Austin,Founder,Director or above,Executive,4,True,0.62
j.bernard@highgate-dental.example,35-44,£150k+,US,New York,New York,Marketing Manager,Manager,Marketing,0,True,0.83
j.brown@orchard-goods.example,25-34,£50k-£100k,UK,South West,Bristol,Head of Marketing,Manager,Marketing,1,True,0.98
j.brown@saltmarsh-advisory.example,35-44,£50k-£100k,US,Illinois,Chicago,Marketing Manager,Manager,Marketing,6,False,0.69
j.davies@cedar-accountants.example,35-44,£25k-£50k,DE,Bavaria,Munich,Operations Manager,Manager,Operations,3,True,0.81
j.davies@harbour-systems.example,45-54,£50k-£100k,UK,South West,Bristol,Sales Manager,Manager,Sales,0,True,0.82
j.davies@thornbury-haulage.example,45-54,£50k-£100k,UK,South West,Bristol,Operations Manager,Manager,Operations,0,True,0.62
j.devries@cedar-stores.example,55-64,£150k+,US,Illinois,Chicago,Marketing Director,Director or above,Marketing,3,False,0.83
j.devries@cobalt-wealth.example,25-34,£25k-£50k,DE,Hesse,Frankfurt,Marketing Coordinator,Individual contributor,Marketing,1,False,0.87
j.devries@umber-partners.example,45-54,£50k-£100k,UK,Yorkshire,Leeds,Marketing Manager,Manager,Marketing,2,False,0.65
j.dubois@beacon-transport.example,45-54,£100k-£150k,DE,Hesse,Frankfurt,Marketing Director,Director or above,Marketing,8,False,0.94
j.dubois@clearwater-engineering.example,45-54,under £25k,DE,Hesse,Frankfurt,Assistant,Individual contributor,Operations,4,False,0.62
j.dubois@highgate-education.example,45-54,£150k+,US,Massachusetts,Boston,CEO,Director or above,Executive,5,True,0.84
j.dubois@kingsway-engineering.example,35-44,£100k-£150k,FR,Occitanie,Toulouse,Director of Sales,Director or above,Sales,0,False,0.88
j.evans@foxglove-wealth.example,45-54,£25k-£50k,US,California,San Francisco,Analyst,Individual contributor,Operations,4,True,0.99
j.evans@lindenwood-logistics.example,35-44,£50k-£100k,UK,Scotland,Edinburgh,VP Marketing,Director or above,Marketing,1,False,0.73
j.garcia@moorland-stores.example,35-44,£100k-£150k,DE,Berlin,Berlin,Founder,Director or above,Executive,3,False,0.86
j.green@juniper-associates.example,35-44,£50k-£100k,FR,Hauts-de-France,Lille,Marketing Director,Director or above,Marketing,0,True,0.83
j.hall@beacon-health.example,35-44,£50k-£100k,US,Massachusetts,Boston,Head of Marketing,Manager,Marketing,3,True,0.75
j.hall@meridian-accountants.example,45-54,£100k-£150k,FR,Hauts-de-France,Lille,Managing Director,Director or above,Executive,2,True,0.92
j.hall@thornbury-labs.example,18-24,£50k-£100k,US,Massachusetts,Boston,Marketing Executive,Individual contributor,Marketing,0,True,0.77
j.hughes@orchard-recruitment.example,35-44,£150k+,US,Washington,Seattle,Managing Director,Director or above,Executive,1,False,0.77
j.hughes@thornbury-academy.example,45-54,£100k-£150k,DE,Bavaria,Munich,Chief Revenue Officer,Director or above,Executive,3,True,0.85
j.hughes@upland-wealth.example,45-54,£50k-£100k,US,New York,New York,Head of Growth,Manager,Marketing,1,False,0.9
j.jansen@falcon-cloud.example,35-44,£50k-£100k,UK,London,London,Head of Marketing,Manager,Marketing,5,True,0.78
j.jansen@kingsway-haulage.example,25-34,under £25k,UK,South West,Bristol,Sales Rep,Individual contributor,Sales,4,True,0.64
j.jansen@kingsway-manufacturing.example,45-54,£50k-£100k,US,New York,New York,Founder,Director or above,Executive,1,True,0.9
j.jansen@lindenwood-capital.example,25-34,£25k-£50k,UK,North West,Manchester,Assistant,Individual contributor,Operations,3,False,0.99
j.johnson@ashford-cloud.example,25-34,£50k-£100k,US,Illinois,Chicago,Head of Growth,Manager,Marketing,6,False,0.87
j.johnson@greystone-engineering.example,25-34,£50k-£100k,US,Massachusetts,Boston,Head of Marketing,Manager,Marketing,4,False,0.97
j.johnson@tamarind-insurance.example,25-34,£50k-£100k,US,Illinois,Chicago,Marketing Coordinator,Individual contributor,Marketing,3,False,0.91
j.jones@harbour-wealth.example,18-24,£25k-£50k,DE,Hamburg,Hamburg,Marketing Executive,Individual contributor,Marketing,3,True,0.9
j.jones@heron-accountants.example,25-34,under £25k,FR,Auvergne-Rhone-Alpes,Lyon,Marketing Executive,Individual contributor,Marketing,9,False,0.72
j.khan@aurora-accountants.example,25-34,£100k-£150k,UK,West Midlands,Birmingham,CEO,Director or above,Executive,8,True,0.72
j.khan@cobalt-dental.example,35-44,£50k-£100k,FR,Ile-de-France,Paris,Founder,Director or above,Executive,4,True,0.83
j.khan@driftwood-education.example,45-54,£100k-£150k,US,Illinois,Chicago,Marketing Director,Director or above,Marketing,0,False,0.64
j.khan@norfolk-couriers.example,35-44,£100k-£150k,DE,Berlin,Berlin,Demand Gen Manager,Manager,Marketing,5,True,0.78
j.khan@riverside-digital.example,25-34,£25k-£50k,UK,Scotland,Edinburgh,Sales Rep,Individual contributor,Sales,6,False,0.75
j.king@kelvin-advisory.example,35-44,£25k-£50k,FR,Hauts-de-France,Lille,Marketing Manager,Manager,Marketing,6,True,0.72
j.lewis@clearwater-goods.example,25-34,£50k-£100k,US,Massachusetts,Boston,Marketing Executive,Individual contributor,Marketing,3,False,0.99
j.lewis@emberly-medical.example,45-54,£100k-£150k,US,Washington,Seattle,Director of Sales,Director or above,Sales,6,False,0.97
j.lewis@fernhill-care.example,25-34,£100k-£150k,UK,North West,Manchester,Sales Manager,Manager,Sales,5,True,0.84
j.lewis@hawthorn-trading.example,18-24,£25k-£50k,UK,South West,Bristol,Sales Rep,Individual contributor,Sales,5,True,0.63
j.lewis@redwood-cloud.example,35-44,£25k-£50k,US,California,San Francisco,Head of Growth,Manager,Marketing,2,True,0.65
j.lewis@willow-college.example,25-34,under £25k,NL,North Holland,Amsterdam,Marketing Executive,Individual contributor,Marketing,4,True,0.6
j.martin@ashford-education.example,25-34,£25k-£50k,UK,North West,Manchester,Analyst,Individual contributor,Operations,1,False,0.99
j.martin@westbrook-logistics.example,35-44,£50k-£100k,FR,Ile-de-France,Paris,Sales Manager,Manager,Sales,6,False,0.69
j.miller@quayside-health.example,18-24,£25k-£50k,DE,Hamburg,Hamburg,Sales Rep,Individual contributor,Sales,6,False,0.68
j.miller@thornbury-outfitters.example,55-64,£50k-£100k,US,Illinois,Chicago,Head of Growth,Manager,Marketing,2,True,0.62
j.miller@willow-tutors.example,35-44,£50k-£100k,US,Washington,Seattle,Marketing Coordinator,Individual contributor,Marketing,5,True,0.88
j.moore@nimbus-data.example,35-44,£100k-£150k,FR,Hauts-de-France,Lille,Operations Manager,Manager,Operations,2,False,0.78
j.moore@quartz-accountants.example,35-44,£50k-£100k,UK,Scotland,Edinburgh,CEO,Director or above,Executive,14,True,0.67
j.moore@stonebridge-health.example,35-44,£50k-£100k,FR,Ile-de-France,Paris,Demand Gen Manager,Manager,Marketing,1,True,0.65
j.muller@hawthorn-transport.example,18-24,£25k-£50k,FR,Occitanie,Toulouse,Analyst,Individual contributor,Operations,4,False,0.99
j.murphy@brightwater-health.example,25-34,£25k-£50k,UK,Yorkshire,Leeds,Demand Gen Manager,Manager,Marketing,1,True,0.62
j.murphy@dunmore-college.example,25-34,£25k-£50k,NL,Utrecht,Utrecht,Head of Marketing,Manager,Marketing,5,True,0.92
j.murphy@jasper-market.example,45-54,£50k-£100k,UK,South West,Bristol,Director of Sales,Director or above,Sales,1,True,0.95
j.murphy@pebble-dental.example,45-54,£25k-£50k,US,Texas,Austin,Operations Manager,Manager,Operations,1,True,0.66
j.murphy@pennine-tutors.example,35-44,£100k-£150k,UK,Scotland,Edinburgh,Head of Growth,Manager,Marketing,0,False,0.95
j.murphy@valley-partners.example,45-54,£100k-£150k,DE,Hamburg,Hamburg,Demand Gen Manager,Manager,Marketing,4,True,0.94
j.murphy@westbrook-shipping.example,25-34,£25k-£50k,UK,Scotland,Edinburgh,Sales Rep,Individual contributor,Sales,3,False,0.98
j.murphy@yarrow-learning.example,35-44,£150k+,US,California,San Francisco,CEO,Director or above,Executive,2,True,0.86
j.patel@meridian-accountants.example,45-54,£50k-£100k,FR,Occitanie,Toulouse,Head of Marketing,Manager,Marketing,1,False,0.8
j.patel@nettlefield-clinics.example,25-34,£100k-£150k,FR,Hauts-de-France,Lille,Demand Gen Manager,Manager,Marketing,2,True,0.6
j.patel@stonebridge-outfitters.example,45-54,£100k-£150k,UK,West Midlands,Birmingham,CEO,Director or above,Executive,1,True,0.62
j.roberts@ashford-tutors.example,18-24,£25k-£50k,DE,Berlin,Berlin,Analyst,Individual contributor,Operations,2,False,0.94
j.roberts@driftwood-haulage.example,25-34,£25k-£50k,US,Massachusetts,Boston,Marketing Manager,Manager,Marketing,3,True,0.67
j.roberts@greystone-market.example,45-54,£150k+,UK,West Midlands,Birmingham,Managing Director,Director or above,Executive,1,True,0.9
j.roberts@vantage-software.example,25-34,£25k-£50k,UK,Yorkshire,Leeds,Marketing Coordinator,Individual contributor,Marketing,0,False,0.83
j.schmidt@elmstead-transport.example,25-34,£50k-£100k,UK,Scotland,Edinburgh,Sales Manager,Manager,Sales,2,False,0.72
j.schmidt@hawthorn-recruitment.example,25-34,£100k-£150k,FR,Occitanie,Toulouse,Head of Growth,Manager,Marketing,4,False,0.75
j.scott@dunmore-logistics.example,35-44,£50k-£100k,DE,Bavaria,Munich,Operations Manager,Manager,Operations,5,False,0.8
j.scott@emberly-legal.example,35-44,£50k-£100k,NL,Utrecht,Utrecht,Sales Manager,Manager,Sales,8,False,0.97
j.scott@quayside-academy.example,25-34,£25k-£50k,US,California,San Francisco,Marketing Coordinator,Individual contributor,Marketing,2,False,0.74
j.smith@marigold-insurance.example,35-44,£50k-£100k,DE,Berlin,Berlin,Operations Manager,Manager,Operations,3,False,0.61
j.smith@oakridge-industries.example,45-54,£50k-£100k,UK,Scotland,Edinburgh,VP Marketing,Director or above,Marketing,1,False,0.9
j.smith@thornbury-industries.example,25-34,£50k-£100k,US,Washington,Seattle,Sales Rep,Individual contributor,Sales,1,True,0.87
j.taylor@fernhill-accountants.example,35-44,£50k-£100k,UK,Scotland,Edinburgh,Sales Rep,Individual contributor,Sales,3,False,0.97
j.thompson@bramble-components.example,18-24,£25k-£50k,US,Illinois,Chicago,Marketing Coordinator,Individual contributor,Marketing,1,False,0.82
j.thompson@lindenwood-health.example,35-44,£50k-£100k,US,New York,New York,Head of Growth,Manager,Marketing,2,False,0.82
j.thompson@rosewood-data.example,35-44,£25k-£50k,UK,Yorkshire,Leeds,Head of Growth,Manager,Marketing,2,True,0.96
j.thompson@umber-goods.example,45-54,£150k+,FR,Hauts-de-France,Lille,VP Marketing,Director or above,Marketing,1,False,0.87
j.walker@orchard-recruitment.example,25-34,under £25k,US,Illinois,Chicago,Sales Rep,Individual contributor,Sales,1,False,0.95
j.walker@willow-medical.example,18-24,under £25k,FR,Hauts-de-France,Lille,Student,Student,Student,0,False,0.78
j.weber@alder-works.example,35-44,£50k-£100k,DE,Hesse,Frankfurt,Sales Manager,Manager,Sales,2,True,0.81
j.white@aurora-finance.example,35-44,£100k-£150k,US,California,San Francisco,Director of Sales,Director or above,Sales,3,True,0.94
j.white@dunmore-stores.example,55-64,£100k-£150k,US,New York,New York,CEO,Director or above,Executive,0,True,0.61
j.white@falcon-components.example,35-44,£50k-£100k,US,Illinois,Chicago,Marketing Coordinator,Individual contributor,Marketing,2,False,0.89
j.white@pennine-fabrication.example,25-34,£50k-£100k,UK,North West,Manchester,Operations Manager,Manager,Operations,4,True,0.79
j.williams@evergreen-retail.example,25-34,£50k-£100k,US,Illinois,Chicago,Assistant,Individual contributor,Operations,3,False,0.91
j.williams@foxglove-medical.example,35-44,£50k-£100k,NL,North Holland,Amsterdam,Marketing Manager,Manager,Marketing,3,True,0.88
j.williams@marigold-cloud.example,35-44,£50k-£100k,FR,Auvergne-Rhone-Alpes,Lyon,Head of Growth,Manager,Marketing,8,False,0.83
j.williams@pebble-dental.example,35-44,£100k-£150k,US,New York,New York,Sales Manager,Manager,Sales,8,False,0.76
j.wood@clearwater-industries.example,45-54,£100k-£150k,US,Illinois,Chicago,Head of Marketing,Manager,Marketing,2,False,0.83
j.wood@lantern-industries.example,35-44,£25k-£50k,NL,South Holland,Rotterdam,Head of Growth,Manager,Marketing,4,False,0.62
j.wood@umber-education.example,25-34,£25k-£50k,NL,North Brabant,Eindhoven,Sales Rep,Individual contributor,Sales,8,False,0.75
j.wood@valley-fabrication.example,35-44,£25k-£50k,UK,South West,Bristol,Assistant,Individual contributor,Operations,5,False,0.92
j.wright@bluebell-associates.example,45-54,£50k-£100k,NL,Utrecht,Utrecht,Sales Manager,Manager,Sales,0,False,0.89
j.wright@elmstead-advisory.example,18-24,under £25k,FR,Auvergne-Rhone-Alpes,Lyon,Assistant,Individual contributor,Operations,2,False,0.97
j.wright@falcon-dental.example,25-34,£150k+,UK,West Midlands,Birmingham,Marketing Director,Director or above,Marketing,0,False,0.83
j.wright@lantern-medical.example,25-34,£50k-£100k,UK,Yorkshire,Leeds,Head of Marketing,Manager,Marketing,1,False,0.8
j.wright@nettlefield-clinics.example,45-54,£100k-£150k,FR,Ile-de-France,Paris,Marketing Director,Director or above,Marketing,4,False,0.99
j.young@kestrel-partners.example,55-64,£50k-£100k,US,Illinois,Chicago,Head of Growth,Manager,Marketing,6,True,0.63
j.young@kingsway-works.example,25-34,£25k-£50k,UK,Scotland,Edinburgh,Sales Rep,Individual contributor,Sales,4,True,0.8
jack.anderson@cedar-clinics.example,35-44,£100k-£150k,US,Texas,Austin,Head of Growth,Manager,Marketing,10,True,0.66
jack.anderson@valley-manufacturing.example,35-44,under £25k,FR,Auvergne-Rhone-Alpes,Lyon,Marketing Executive,Individual contributor,Marketing,4,True,0.82
jack.bakker@aurora-education.example,18-24,under £25k,US,Texas,Austin,Student,Student,Student,0,True,0.9
jack.bakker@fernhill-consulting.example,35-44,£150k+,UK,South West,Bristol,Chief Revenue Officer,Director or above,Executive,4,True,0.61
jack.bakker@pebble-dental.example,18-24,under £25k,US,Texas,Austin,Marketing Executive,Individual contributor,Marketing,1,True,0.65
jack.bernard@saltmarsh-college.example,35-44,£100k-£150k,DE,Hamburg,Hamburg,Founder,Director or above,Executive,5,True,0.71
jack.brown@dovecote-works.example,45-54,£50k-£100k,DE,Berlin,Berlin,Founder,Director or above,Executive,2,False,0.95
jack.brown@icloud.example,18-24,£25k-£50k,FR,Auvergne-Rhone-Alpes,Lyon,Student,Student,Student,0,False,0.68
jack.clarke@quartz-outfitters.example,35-44,£100k-£150k,US,Massachusetts,Boston,Marketing Manager,Manager,Marketing,1,False,0.77
jack.davies@oldfield-systems.example,35-44,£100k-£150k,DE,Hesse,Frankfurt,Founder,Director or above,Executive,8,True,0.72
jack.dubois@hotmail.example,18-24,£25k-£50k,US,Washington,Seattle,Student,Student,Student,0,False,0.96
jack.dubois@inkwell-recruitment.example,55-64,£100k-£150k,UK,Scotland,Edinburgh,Head of Growth,Manager,Marketing,2,False,0.67
jack.dubois@redwood-logistics.example,25-34,£25k-£50k,UK,Yorkshire,Leeds,Operations Manager,Manager,Operations,2,False,0.66
jack.green@nettlefield-fabrication.example,45-54,£50k-£100k,UK,North West,Manchester,CEO,Director or above,Executive,2,True,0.61
jack.hughes@highgate-cloud.example,35-44,£25k-£50k,US,Texas,Austin,Marketing Coordinator,Individual contributor,Marketing,5,True,0.88
jack.hughes@quartz-insurance.example,25-34,£25k-£50k,US,Massachusetts,Boston,Sales Rep,Individual contributor,Sales,1,True,0.72
jack.hughes@tamarind-legal.example,35-44,£50k-£100k,UK,North West,Manchester,Operations Manager,Manager,Operations,6,False,0.81
jack.hughes@willow-recruitment.example,35-44,£100k-£150k,US,California,San Francisco,Marketing Manager,Manager,Marketing,2,False,0.74
jack.jansen@larkspur-components.example,45-54,£50k-£100k,DE,Hamburg,Hamburg,VP Marketing,Director or above,Marketing,0,False,0.6
jack.jansen@stonebridge-capital.example,25-34,£25k-£50k,US,Massachusetts,Boston,Analyst,Individual contributor,Operations,4,False,0.84
jack.johnson@thornbury-college.example,45-54,£50k-£100k,UK,South West,Bristol,Marketing Manager,Manager,Marketing,4,False,0.66
jack.johnson@thornbury-finance.example,25-34,£25k-£50k,UK,South West,Bristol,Sales Rep,Individual contributor,Sales,5,False,0.83
jack.johnson@yahoo.example,25-34,£25k-£50k,UK,London,London,Sales Rep,Individual contributor,Sales,2,True,0.78
jack.khan94@silverline-capital.example,45-54,£50k-£100k,DE,Bavaria,Munich,CEO,Director or above,Executive,5,False,0.66
jack.khan@silverline-capital.example,45-54,£25k-£50k,DE,Berlin,Berlin,Demand Gen Manager,Manager,Marketing,4,True,0.77
jack.khan@zephyr-finance.example,25-34,under £25k,UK,London,London,Analyst,Individual contributor,Operations,5,True,0.79
jack.miller@bramble-lending.example,25-34,£25k-£50k,DE,Hamburg,Hamburg,Marketing Executive,Individual contributor,Marketing,2,False,0.9
jack.miller@emberly-software.example,55-64,£150k+,UK,London,London,Director of Sales,Director or above,Sales,4,True,0.69
jack.miller@lantern-associates.example,25-34,under £25k,UK,North West,Manchester,Marketing Executive,Individual contributor,Marketing,3,True,0.79
jack.moore@northwind-care.example,35-44,£100k-£150k,UK,South West,Bristol,Chief Revenue Officer,Director or above,Executive,3,False,0.66
jack.muller@ironbridge-clinics.example,35-44,£50k-£100k,US,California,San Francisco,Marketing Coordinator,Individual contributor,Marketing,6,True,0.6
jack.muller@yahoo.example,25-34,£100k-£150k,US,Texas,Austin,Head of Marketing,Manager,Marketing,2,False,0.78
jack.murphy@upland-data.example,18-24,£25k-£50k,FR,Ile-de-France,Paris,Student,Student,Student,0,False,0.9
jack.murphy@yahoo.example,45-54,£100k-£150k,UK,West Midlands,Birmingham,Chief Revenue Officer,Director or above,Executive,0,False,0.81
jack.patel@outlook.example,45-54,£50k-£100k,FR,Auvergne-Rhone-Alpes,Lyon,Sales Manager,Manager,Sales,3,False,0.87
jack.roberts@ashford-recruitment.example,45-54,£50k-£100k,US,California,San Francisco,Sales Manager,Manager,Sales,2,True,0.65
jack.roberts@falcon-engineering.example,55-64,£100k-£150k,DE,Hesse,Frankfurt,CEO,Director or above,Executive,4,True,0.68
jack.scott@bluebell-stores.example,45-54,£50k-£100k,US,Texas,Austin,Assistant,Individual contributor,Operations,3,True,0.92
jack.smith@upland-transport.example,25-34,£50k-£100k,US,Illinois,Chicago,Marketing Executive,Individual contributor,Marketing,5,False,0.64
jack.taylor@gmail.example,45-54,£100k-£150k,UK,South West,Bristol,Operations Manager,Manager,Operations,0,False,0.85
jack.taylor@kelvin-lending.example,25-34,£25k-£50k,NL,South Holland,Rotterdam,Assistant,Individual contributor,Operations,4,True,0.99
jack.thompson@dunmore-wealth.example,25-34,£100k-£150k,US,California,San Francisco,Analyst,Individual contributor,Operations,1,False,0.63
jack.weber@ironbridge-dental.example,35-44,£150k+,UK,West Midlands,Birmingham,Director of Sales,Director or above,Sales,5,True,0.75
jack.weber@outlook.example,25-34,£25k-£50k,DE,Berlin,Berlin,Assistant,Individual contributor,Operations,12,False,0.75
jack.white@falcon-couriers.example,35-44,£25k-£50k,FR,Hauts-de-France,Lille,Marketing Manager,Manager,Marketing,3,False,0.82
jack.white@highgate-advisory.example,35-44,£50k-£100k,NL,Utrecht,Utrecht,Demand Gen Manager,Manager,Marketing,1,False,0.97
jack.white@kelvin-insurance.example,45-54,£25k-£50k,DE,Berlin,Berlin,Demand Gen Manager,Manager,Marketing,9,True,0.89
jack.white@moorland-wealth.example,25-34,£50k-£100k,UK,Yorkshire,Leeds,Marketing Executive,Individual contributor,Marketing,1,False,0.67
jack.wilson@hotmail.example,45-54,£150k+,US,Texas,Austin,Director of Sales,Director or above,Sales,3,False,0.98
jack.wilson@ironbridge-shipping.example,25-34,£100k-£150k,UK,North West,Manchester,VP Marketing,Director or above,Marketing,3,False,0.92
jack.wilson@tidewater-digital.example,18-24,£25k-£50k,UK,London,London,Analyst,Individual contributor,Operations,6,True,0.92
jack.wood@inkwell-couriers.example,25-34,£150k+,UK,South West,Bristol,Managing Director,Director or above,Executive,7,False,0.72
jack.wright@harbour-care.example,35-44,£25k-£50k,UK,London,London,Marketing Manager,Manager,Marketing,0,False,0.97
jack@ashford-freight.example,35-44,£150k+,FR,Ile-de-France,Paris,Director of Sales,Director or above,Sales,2,True,0.76
jack@aurora-data.example,25-34,£25k-£50k,UK,London,London,Assistant,Individual contributor,Operations,1,True,0.77
jack@aurora-legal.example,35-44,£50k-£100k,UK,Scotland,Edinburgh,Marketing Executive,Individual contributor,Marketing,1,False,0.95
jack@aurora-partners.example,25-34,£25k-£50k,UK,West Midlands,Birmingham,Marketing Coordinator,Individual contributor,Marketing,3,True,0.82
jack@beacon-care.example,55-64,£150k+,US,Washington,Seattle,VP Marketing,Director or above,Marketing,6,False,0.62
jack@bluebell-industries.example,35-44,£25k-£50k,UK,Yorkshire,Leeds,Marketing Executive,Individual contributor,Marketing,6,True,0.99
jack@bluebell-market.example,25-34,£50k-£100k,DE,Hesse,Frankfurt,Operations Manager,Manager,Operations,5,False,0.72
jack@bramble-medical.example,25-34,under £25k,UK,South West,Bristol,Marketing Executive,Individual contributor,Marketing,1,True,0.6
jack@cedar-components.example,35-44,£100k-£150k,NL,South Holland,Rotterdam,Head of Growth,Manager,Marketing,6,True,0.6
jack@clearwater-accountants.example,25-34,£50k-£100k,US,Texas,Austin,Marketing Executive,Individual contributor,Marketing,1,False,0.73
jack@cobalt-logistics.example,35-44,£50k-£100k,UK,South West,Bristol,Sales Manager,Manager,Sales,1,False,0.87
jack@driftwood-shipping.example,25-34,£50k-£100k,DE,Bavaria,Munich,Head of Growth,Manager,Marketing,0,False,0.73
jack@dunmore-shipping.example,25-34,£25k-£50k,US,Texas,Austin,Marketing Coordinator,Individual contributor,Marketing,1,False,0.6
jack@fernhill-insurance.example,35-44,£50k-£100k,UK,North West,Manchester,Head of Growth,Manager,Marketing,2,True,0.96
jack@granite-shipping.example,55-64,£100k-£150k,DE,Berlin,Berlin,CEO,Director or above,Executive,0,True,0.81
jack@highgate-couriers.example,45-54,£100k-£150k,UK,North West,Manchester,Chief Revenue Officer,Director or above,Executive,0,True,0.6
jack@highgate-engineering.example,25-34,£25k-£50k,FR,Occitanie,Toulouse,Marketing Coordinator,Individual contributor,Marketing,4,True,0.8
jack@inkwell-pharma.example,35-44,£50k-£100k,FR,Hauts-de-France,Lille,Sales Manager,Manager,Sales,12,True,0.83
jack@larkspur-pharma.example,45-54,£100k-£150k,US,Washington,Seattle,Director of Sales,Director or above,Sales,4,True,0.82
jack@lindenwood-manufacturing.example,35-44,£50k-£100k,DE,Bavaria,Munich,Demand Gen Manager,Manager,Marketing,4,True,0.62
jack@marigold-medical.example,45-54,£100k-£150k,FR,Occitanie,Toulouse,Marketing Director,Director or above,Marketing,2,False,0.9
jack@nettlefield-training.example,55-64,£50k-£100k,DE,Hesse,Frankfurt,Sales Manager,Manager,Sales,3,True,0.67
jack@nettlefield-works.example,35-44,£100k-£150k,FR,Auvergne-Rhone-Alpes,Lyon,CEO,Director or above,Executive,0,True,0.6
jack@norfolk-goods.example,35-44,£50k-£100k,UK,London,London,VP Marketing,Director or above,Marketing,3,False,0.98
jack@northwind-medical.example,45-54,£50k-£100k,US,New York,New York,Operations Manager,Manager,Operations,4,True,0.83
jack@oldfield-tutors.example,25-34,£50k-£100k,US,New York,New York,Analyst,Individual contributor,Operations,4,True,0.67
jack@pinecrest-shipping.example,45-54,£100k-£150k,US,Massachusetts,Boston,Director of Sales,Director or above,Sales,3,False,0.73
jack@quartz-wealth.example,25-34,£50k-£100k,FR,Hauts-de-France,Lille,Marketing Coordinator,Individual contributor,Marketing,3,True,0.63
jack@vantage-retail.example,35-44,£50k-£100k,FR,Hauts-de-France,Lille,Demand Gen Manager,Manager,Marketing,0,True,0.81
jack@westbrook-systems.example,18-24,under £25k,UK,Scotland,Edinburgh,Student,Student,Student,0,False,0.92
jack@yarrow-couriers.example,45-54,£50k-£100k,NL,Utrecht,Utrecht,Assistant,Individual contributor,Operations,2,True,0.8
jack@yarrow-tutors.example,35-44,£50k-£100k,UK,West Midlands,Birmingham,Marketing Manager,Manager,Marketing,9,True,0.79
jackdavies93@gmail.example,18-24,£25k-£50k,DE,Hamburg,Hamburg,Marketing Coordinator,Individual contributor,Marketing,0,False,0.96
jackgreen78@outlook.example,35-44,£100k-£150k,UK,North West,Manchester,Founder,Director or above,Executive,2,False,0.77
jackjohnson03@outlook.example,45-54,£50k-£100k,NL,South Holland,Rotterdam,Sales Manager,Manager,Sales,2,True,0.85
jackmuller14@yahoo.example,18-24,under £25k,DE,Bavaria,Munich,Student,Student,Student,0,True,0.89
jackmuller53@icloud.example,18-24,£25k-£50k,UK,North West,Manchester,Student,Student,Student,0,False,0.94
jackwhite90@yahoo.example,18-24,£25k-£50k,UK,Yorkshire,Leeds,Student,Student,Student,0,False,0.72
james.anderson@norfolk-partners.example,35-44,£150k+,UK,Yorkshire,Leeds,Founder,Director or above,Executive,8,False,0.97
james.baker@gmail.example,65+,£100k-£150k,US,Washington,Seattle,Chief Revenue Officer,Director or above,Executive,7,True,0.94
james.baker@hotmail.example,35-44,£150k+,UK,West Midlands,Birmingham,Chief Revenue Officer,Director or above,Executive,1,False,0.65
james.bakker@cobalt-college.example,35-44,£150k+,US,Massachusetts,Boston,VP Marketing,Director or above,Marketing,6,False,0.67
james.bakker@icloud.example,18-24,£50k-£100k,UK,South West,Bristol,Analyst,Individual contributor,Operations,0,False,0.86
james.bernard91@yahoo.example,18-24,£25k-£50k,UK,South West,Bristol,Student,Student,Student,0,False,0.6
james.brown@emberly-consulting.example,25-34,£25k-£50k,DE,Bavaria,Munich,Sales Rep,Individual contributor,Sales,0,False,0.92
james.brown@meridian-shipping.example,18-24,£50k-£100k,NL,North Holland,Amsterdam,Sales Rep,Individual contributor,Sales,3,False,0.96
james.davies@clearwater-transport.example,25-34,£25k-£50k,US,Texas,Austin,Analyst,Individual contributor,Operations,0,False,0.68
james.davies@hawthorn-data.example,25-34,£25k-£50k,NL,South Holland,Rotterdam,Assistant,Individual contributor,Operations,4,False,0.97
james.davies@northwind-insurance.example,35-44,£100k-£150k,UK,South West,Bristol,Demand Gen Manager,Manager,Marketing,3,True,0.72
james.davies@oakridge-associates.example,25-34,£150k+,FR,Occitanie,Toulouse,Founder,Director or above,Executive,2,True,0.79
james.devries@beacon-recruitment.example,35-44,£50k-£100k,NL,South Holland,Rotterdam,Head of Growth,Manager,Marketing,2,True,0.94
james.dubois@tidewater-partners.example,35-44,£50k-£100k,FR,Occitanie,Toulouse,Director of Sales,Director or above,Sales,3,False,0.78
james.evans@clearwater-care.example,35-44,£25k-£50k,US,New York,New York,Assistant,Individual contributor,Operations,2,False,0.98
james.evans@rosewood-lending.example,25-34,£25k-£50k,US,New York,New York,Marketing Coordinator,Individual contributor,Marketing,0,True,0.83
james.garcia@alder-haulage.example,25-34,£100k-£150k,UK,North West,Manchester,Operations Manager,Manager,Operations,2,False,0.67
james.garcia@icloud.example,18-24,£25k-£50k,FR,Ile-de-France,Paris,Analyst,Individual contributor,Operations,2,True,0.69
james.garcia@kestrel-partners.example,25-34,£50k-£100k,US,California,San Francisco,Marketing Manager,Manager,Marketing,6,False,0.77
james.garcia@pinecrest-haulage.example,25-34,under £25k,US,New York,New York,Marketing Coordinator,Individual contributor,Marketing,2,True,0.7
james.garcia@yarrow-fabrication.example,25-34,£50k-£100k,US,Massachusetts,Boston,Marketing Executive,Individual contributor,Marketing,2,True,0.99
james.hall@larkspur-data.example,35-44,under £25k,US,New York,New York,Sales Manager,Manager,Sales,3,True,0.89
james.hughes@gmail.example,25-34,£25k-£50k,US,Texas,Austin,Assistant,Individual contributor,Operations,8,True,0.64
james.hughes@hotmail.example,25-34,£100k-£150k,UK,South West,Bristol,Operations Manager,Manager,Operations,2,True,0.81
james.hughes@outlook.example,25-34,£25k-£50k,DE,Hesse,Frankfurt,Marketing Executive,Individual contributor,Marketing,2,True,0.84
james.hughes@rosewood-legal.example,25-34,£25k-£50k,UK,North West,Manchester,Analyst,Individual contributor,Operations,9,False,0.65
james.jansen@foxglove-goods.example,25-34,£25k-£50k,FR,Ile-de-France,Paris,Sales Rep,Individual contributor,Sales,2,False,0.94
james.johnson@emberly-associates.example,25-34,£50k-£100k,US,California,San Francisco,Analyst,Individual contributor,Operations,5,False,0.88
james.jones@emberly-associates.example,25-34,£25k-£50k,US,New York,New York,Marketing Executive,Individual contributor,Marketing,0,False,0.73
james.khan@keystone-legal.example,25-34,£25k-£50k,FR,Occitanie,Toulouse,Analyst,Individual contributor,Operations,5,True,0.8
james.miller@greystone-logistics.example,35-44,£100k-£150k,UK,South West,Bristol,Marketing Director,Director or above,Marketing,7,True,0.98
james.muller@silverline-lending.example,35-44,£25k-£50k,NL,Utrecht,Utrecht,Marketing Executive,Individual contributor,Marketing,5,False,0.76
james.patel@pinecrest-partners.example,35-44,£50k-£100k,FR,Occitanie,Toulouse,Marketing Manager,Manager,Marketing,4,False,0.6
james.roberts@hotmail.example,35-44,£25k-£50k,US,New York,New York,Demand Gen Manager,Manager,Marketing,11,True,0.78
james.schmidt@falcon-consulting.example,25-34,£50k-£100k,UK,Scotland,Edinburgh,Marketing Manager,Manager,Marketing,2,True,0.93
james.schmidt@kingsway-college.example,45-54,£150k+,US,California,San Francisco,Managing Director,Director or above,Executive,1,False,0.66
james.scott@kelvin-industries.example,25-34,£50k-£100k,DE,Bavaria,Munich,Head of Marketing,Manager,Marketing,5,False,0.83
james.taylor@northwind-works.example,35-44,£50k-£100k,UK,South West,Bristol,Head of Growth,Manager,Marketing,7,True,0.8
james.taylor@outlook.example,45-54,£50k-£100k,NL,North Holland,Amsterdam,Operations Manager,Manager,Operations,6,True,0.81
james.walker@fernhill-insurance.example,25-34,£50k-£100k,UK,Yorkshire,Leeds,Demand Gen Manager,Manager,Marketing,0,False,0.79
james.weber@bluebell-pharma.example,35-44,£100k-£150k,UK,South West,Bristol,Marketing Manager,Manager,Marketing,5,True,0.88
james.weber@riverside-college.example,35-44,£50k-£100k,DE,Hamburg,Hamburg,Demand Gen Manager,Manager,Marketing,1,True,0.94
james.williams@keystone-accountants.example,25-34,£25k-£50k,US,California,San Francisco,Assistant,Individual contributor,Operations,6,True,0.7
james.williams@orchard-recruitment.example,25-34,£25k-£50k,US,Illinois,Chicago,Assistant,Individual contributor,Operations,17,False,0.85
james.williams@quartz-pharma.example,45-54,£50k-£100k,US,California,San Francisco,Head of Marketing,Manager,Marketing,5,False,0.85
james.wilson@bramble-haulage.example,25-34,£25k-£50k,UK,Yorkshire,Leeds,Analyst,Individual contributor,Operations,2,False,0.72
james.wilson@glenmoor-goods.example,18-24,£25k-£50k,US,Illinois,Chicago,Sales Rep,Individual contributor,Sales,2,False,0.71
james.wright@nettlefield-tutors.example,55-64,£100k-£150k,NL,North Brabant,Eindhoven,Managing Director,Director or above,Executive,5,True,0.91
james.young@kingsway-retail.example,18-24,£50k-£100k,DE,Hesse,Frankfurt,Marketing Executive,Individual contributor,Marketing,4,False,0.96
james@beacon-pharma.example,25-34,£50k-£100k,DE,Berlin,Berlin,Head of Marketing,Manager,Marketing,0,False,0.8
james@cedar-capital.example,25-34,£25k-£50k,NL,North Holland,Amsterdam,Assistant,Individual contributor,Operations,0,False,0.93
james@clearwater-clinics.example,25-34,£50k-£100k,NL,South Holland,Rotterdam,Head of Marketing,Manager,Marketing,2,True,0.82
james@elmstead-capital.example,18-24,under £25k,DE,Berlin,Berlin,Assistant,Individual contributor,Operations,4,False,0.65
james@elmstead-consulting.example,35-44,£50k-£100k,NL,Utrecht,Utrecht,Demand Gen Manager,Manager,Marketing,3,True,0.71
james@emberly-stores.example,25-34,£50k-£100k,DE,Bavaria,Munich,Head of Marketing,Manager,Marketing,6,False,0.66
james@evergreen-academy.example,35-44,£25k-£50k,DE,Hamburg,Hamburg,Head of Marketing,Manager,Marketing,0,True,0.93
james@glenmoor-college.example,55-64,£150k+,UK,London,London,Chief Revenue Officer,Director or above,Executive,2,True,0.79
james@glenmoor-components.example,45-54,£100k-£150k,UK,Scotland,Edinburgh,Managing Director,Director or above,Executive,0,False,0.73
james@glenmoor-education.example,35-44,£25k-£50k,UK,North West,Manchester,Head of Marketing,Manager,Marketing,2,True,0.89
james@greystone-goods.example,25-34,£25k-£50k,FR,Occitanie,Toulouse,Sales Manager,Manager,Sales,6,False,0.63
james@jasper-health.example,45-54,£100k-£150k,FR,Ile-de-France,Paris,Head of Marketing,Manager,Marketing,3,True,0.81
james@jasper-industries.example,55-64,£150k+,US,New York,New York,CEO,Director or above,Executive,2,False,0.64
james@kelvin-freight.example,25-34,£25k-£50k,FR,Hauts-de-France,Lille,Marketing Coordinator,Individual contributor,Marketing,10,True,0.71
james@kestrel-stores.example,25-34,under £25k,UK,Yorkshire,Leeds,Marketing Coordinator,Individual contributor,Marketing,1,False,0.63
james@keystone-care.example,45-54,£25k-£50k,DE,Bavaria,Munich,Sales Manager,Manager,Sales,2,True,0.66
james@larkspur-data.example,25-34,£25k-£50k,US,Massachusetts,Boston,Head of Marketing,Manager,Marketing,4,False,0.7
james@norfolk-industries.example,45-54,£100k-£150k,NL,South Holland,Rotterdam,Marketing Manager,Manager,Marketing,7,True,0.96
james@norfolk-logistics.example,25-34,£25k-£50k,UK,London,London,Marketing Executive,Individual contributor,Marketing,3,False,0.85
james@norfolk-software.example,35-44,£50k-£100k,UK,Scotland,Edinburgh,Operations Manager,Manager,Operations,1,False,0.61
james@northwind-insurance.example,25-34,£50k-£100k,UK,West Midlands,Birmingham,Assistant,Individual contributor,Operations,5,True,0.97
james@oakridge-lending.example,18-24,under £25k,US,Washington,Seattle,Marketing Coordinator,Individual contributor,Marketing,0,False,0.99
james@oldfield-works.example,35-44,£100k-£150k,US,Washington,Seattle,Assistant,Individual contributor,Operations,5,False,0.6
james@pebble-market.example,35-44,£50k-£100k,US,New York,New York,Operations Manager,Manager,Operations,6,True,0.65
james@quayside-goods.example,35-44,£25k-£50k,US,Illinois,Chicago,Assistant,Individual contributor,Operations,4,True,0.71
james@quayside-lending.example,25-34,£100k-£150k,UK,Scotland,Edinburgh,Chief Revenue Officer,Director or above,Executive,0,False,0.89
james@riverside-haulage.example,18-24,under £25k,US,California,San Francisco,Marketing Coordinator,Individual contributor,Marketing,2,True,0.94
james@rosewood-advisory.example,25-34,under £25k,FR,Hauts-de-France,Lille,Sales Rep,Individual contributor,Sales,0,False,0.88
james@rosewood-couriers.example,55-64,£50k-£100k,NL,North Brabant,Eindhoven,Head of Growth,Manager,Marketing,2,True,0.76
james@saltmarsh-manufacturing.example,25-34,£50k-£100k,UK,Yorkshire,Leeds,Operations Manager,Manager,Operations,4,False,0.93
james@stonebridge-academy.example,45-54,£100k-£150k,UK,South West,Bristol,Director of Sales,Director or above,Sales,1,True,0.92
james@stonebridge-consulting.example,18-24,£25k-£50k,NL,North Brabant,Eindhoven,Sales Rep,Individual contributor,Sales,2,False,0.67
james@umber-dental.example,25-34,£25k-£50k,US,Illinois,Chicago,Analyst,Individual contributor,Operations,3,False,0.6
james@umber-health.example,25-34,£25k-£50k,DE,Berlin,Berlin,Marketing Executive,Individual contributor,Marketing,1,False,0.85
james@upland-cloud.example,25-34,£50k-£100k,UK,North West,Manchester,Marketing Executive,Individual contributor,Marketing,2,True,0.77
james@valley-software.example,25-34,£25k-£50k,NL,North Holland,Amsterdam,Analyst,Individual contributor,Operations,8,True,0.85
james@vantage-market.example,25-34,£25k-£50k,FR,Occitanie,Toulouse,Operations Manager,Manager,Operations,2,False,0.88
james@willow-academy.example,35-44,£25k-£50k,UK,West Midlands,Birmingham,Operations Manager,Manager,Operations,2,False,0.91
jamesclarke88@gmail.example,35-44,£100k-£150k,US,Washington,Seattle,Chief Revenue Officer,Director or above,Executive,2,False,0.99
jamesdavies19@yahoo.example,25-34,£25k-£50k,UK,Yorkshire,Leeds,Head of Growth,Manager,Marketing,5,True,0.81
jamesdevries82@outlook.example,35-44,£100k-£150k,US,Texas,Austin,Founder,Director or above,Executive,3,True,0.85
jamesdubois59@icloud.example,25-34,£25k-£50k,FR,Occitanie,Toulouse,Sales Manager,Manager,Sales,2,False,0.85
jameskhan14@gmail.example,55-64,£100k-£150k,US,Texas,Austin,Head of Growth,Manager,Marketing,0,True,0.68
jameswilson46@icloud.example,35-44,£50k-£100k,FR,Auvergne-Rhone-Alpes,Lyon,Operations Manager,Manager,Operations,13,False,0.79
jameswood46@hotmail.example,18-24,£25k-£50k,FR,Hauts-de-France,Lille,Analyst,Individual contributor,Operations,2,True,0.88
jameswood65@yahoo.example,35-44,£150k+,US,Massachusetts,Boston,Operations Manager,Manager,Operations,3,True,0.69
jbakker115@icloud.example,35-44,£100k-£150k,US,Washington,Seattle,Marketing Executive,Individual contributor,Marketing,0,True,0.97
jbakker761@yahoo.example,25-34,under £25k,NL,North Holland,Amsterdam,Assistant,Individual contributor,Operations,4,False,0.85
jbernard111@outlook.example,25-34,£100k-£150k,FR,Occitanie,Toulouse,VP Marketing,Director or above,Marketing,3,True,0.72
jbernard305@gmail.example,35-44,£50k-£100k,NL,North Holland,Amsterdam,Head of Marketing,Manager,Marketing,3,True,0.95
jgarcia370@outlook.example,45-54,£50k-£100k,UK,Yorkshire,Leeds,Marketing Director,Director or above,Marketing,1,True,0.61
jgreen211@gmail.example,35-44,£50k-£100k,FR,Ile-de-France,Paris,Head of Growth,Manager,Marketing,1,False,0.88
jhall690@gmail.example,55-64,£100k-£150k,UK,North West,Manchester,VP Marketing,Director or above,Marketing,6,True,0.97
jhughes134@yahoo.example,25-34,£50k-£100k,US,Washington,Seattle,Marketing Coordinator,Individual contributor,Marketing,3,False,0.81
jhughes973@gmail.example,18-24,under £25k,UK,London,London,Marketing Executive,Individual contributor,Marketing,3,False,0.6
jjansen636@hotmail.example,45-54,£50k-£100k,UK,Yorkshire,Leeds,Head of Growth,Manager,Marketing,5,True,0.97
jjohnson063@outlook.example,25-34,£25k-£50k,US,Illinois,Chicago,Marketing Manager,Manager,Marketing,5,False,0.97
jjohnson075@yahoo.example,18-24,under £25k,US,Washington,Seattle,Assistant,Individual contributor,Operations,0,True,0.91
jkhan544@outlook.example,25-34,£25k-£50k,US,Illinois,Chicago,Marketing Executive,Individual contributor,Marketing,3,False,0.96
jlewis228@gmail.example,18-24,£50k-£100k,US,Massachusetts,Boston,Student,Student,Student,0,False,0.6
jlewis617@hotmail.example,18-24,£25k-£50k,DE,Berlin,Berlin,Marketing Executive,Individual contributor,Marketing,0,False,0.73
jmiller504@gmail.example,45-54,£50k-£100k,US,Texas,Austin,Founder,Director or above,Executive,0,True,0.84
jmiller923@outlook.example,25-34,£100k-£150k,FR,Ile-de-France,Paris,Marketing Manager,Manager,Marketing,5,True,0.85
jmiller974@icloud.example,25-34,£25k-£50k,UK,West Midlands,Birmingham,Marketing Coordinator,Individual contributor,Marketing,7,False,0.89
jmoore388@outlook.example,25-34,under £25k,US,New York,New York,Student,Student,Student,0,False,0.69
jonas.brown@icloud.example,55-64,£150k+,FR,Hauts-de-France,Lille,Marketing Director,Director or above,Marketing,3,True,0.6
jonas.davies@aurora-accountants.example,35-44,£25k-£50k,UK,West Midlands,Birmingham,Head of Marketing,Manager,Marketing,0,False,0.99
jonas.davies@dovecote-freight.example,25-34,£50k-£100k,US,Illinois,Chicago,Assistant,Individual contributor,Operations,5,True,0.96
jonas.devries@hotmail.example,18-24,£50k-£100k,US,California,San Francisco,Marketing Coordinator,Individual contributor,Marketing,9,False,0.91
jonas.dubois@hotmail.example,25-34,£100k-£150k,UK,Yorkshire,Leeds,VP Marketing,Director or above,Marketing,3,True,0.82
jonas.dubois@kestrel-consulting.example,25-34,£50k-£100k,NL,North Brabant,Eindhoven,Head of Marketing,Manager,Marketing,7,True,0.63
jonas.evans@dovecote-components.example,25-34,£100k-£150k,US,Texas,Austin,Analyst,Individual contributor,Operations,3,True,0.63
jonas.evans@yarrow-couriers.example,25-34,£25k-£50k,NL,North Holland,Amsterdam,Sales Rep,Individual contributor,Sales,4,True,0.92
jonas.garcia@quayside-legal.example,45-54,£25k-£50k,US,Massachusetts,Boston,Marketing Manager,Manager,Marketing,9,True,0.64
jonas.green@dunmore-associates.example,35-44,£100k-£150k,US,Illinois,Chicago,Managing Director,Director or above,Executive,0,True,0.99
jonas.hall@dovecote-accountants.example,55-64,£100k-£150k,UK,South West,Bristol,Marketing Manager,Manager,Marketing,1,True,0.88
jonas.hall@dovecote-partners.example,25-34,£25k-£50k,US,Illinois,Chicago,Assistant,Individual contributor,Operations,0,False,0.84
jonas.hall@nimbus-logistics.example,45-54,£150k+,US,Illinois,Chicago,Chief Revenue Officer,Director or above,Executive,0,True,0.61
jonas.hughes@alder-retail.example,55-64,£100k-£150k,UK,North West,Manchester,Director of Sales,Director or above,Sales,4,False,0.91
jonas.hughes@northwind-advisory.example,35-44,£50k-£100k,NL,Utrecht,Utrecht,Demand Gen Manager,Manager,Marketing,1,True,0.75
jonas.jansen@nettlefield-advisory.example,25-34,£25k-£50k,UK,South West,Bristol,Sales Rep,Individual contributor,Sales,1,True,0.81
jonas.johnson@brightwater-academy.example,45-54,£50k-£100k,UK,Scotland,Edinburgh,Demand Gen Manager,Manager,Marketing,5,True,0.92
jonas.johnson@hotmail.example,55-64,£150k+,US,Washington,Seattle,Director of Sales,Director or above,Sales,3,True,0.8
jonas.johnson@lantern-tutors.example,45-54,£50k-£100k,NL,North Brabant,Eindhoven,Chief Revenue Officer,Director or above,Executive,9,False,0.72
jonas.johnson@rosewood-college.example,45-54,£50k-£100k,DE,Hamburg,Hamburg,Operations Manager,Manager,Operations,3,False,0.69
jonas.khan@driftwood-works.example,25-34,£50k-£100k,US,California,San Francisco,Demand Gen Manager,Manager,Marketing,6,False,0.87
jonas.khan@elmstead-trading.example,25-34,£100k-£150k,DE,Hamburg,Hamburg,VP Marketing,Director or above,Marketing,2,False,0.91
jonas.king@kelvin-capital.example,25-34,£50k-£100k,FR,Occitanie,Toulouse,Operations Manager,Manager,Operations,7,False,0.83
jonas.king@oakridge-capital.example,25-34,£50k-£100k,US,New York,New York,Marketing Executive,Individual contributor,Marketing,6,False,0.84
jonas.lewis@hotmail.example,18-24,under £25k,FR,Auvergne-Rhone-Alpes,Lyon,Student,Student,Student,0,False,0.74
jonas.lewis@marigold-systems.example,25-34,£50k-£100k,US,California,San Francisco,Sales Manager,Manager,Sales,4,False,0.71
jonas.lewis@zephyr-engineering.example,35-44,£50k-£100k,US,New York,New York,Marketing Coordinator,Individual contributor,Marketing,0,True,0.7
jonas.martin@granite-health.example,18-24,under £25k,UK,North West,Manchester,Student,Student,Student,0,False,0.97
jonas.martin@norfolk-lending.example,45-54,£25k-£50k,DE,Hamburg,Hamburg,Assistant,Individual contributor,Operations,3,True,0.91
jonas.martin@willow-stores.example,25-34,£25k-£50k,UK,Yorkshire,Leeds,Marketing Coordinator,Individual contributor,Marketing,6,True,0.7
jonas.miller@jasper-engineering.example,35-44,£25k-£50k,DE,Hamburg,Hamburg,Sales Manager,Manager,Sales,4,False,0.96
jonas.moore@ivywood-care.example,25-34,£50k-£100k,UK,Yorkshire,Leeds,Demand Gen Manager,Manager,Marketing,6,False,0.62
jonas.moore@pebble-finance.example,18-24,£25k-£50k,FR,Auvergne-Rhone-Alpes,Lyon,Marketing Coordinator,Individual contributor,Marketing,5,True,0.81
jonas.murphy@pinecrest-couriers.example,18-24,£25k-£50k,UK,North West,Manchester,Sales Rep,Individual contributor,Sales,3,True,0.67
jonas.murphy@yahoo.example,35-44,£25k-£50k,FR,Ile-de-France,Paris,Sales Manager,Manager,Sales,14,True,0.96
jonas.smith@outlook.example,45-54,£100k-£150k,NL,South Holland,Rotterdam,Founder,Director or above,Executive,2,True,0.95
jonas.taylor@harbour-shipping.example,25-34,£50k-£100k,FR,Hauts-de-France,Lille,Demand Gen Manager,Manager,Marketing,5,False,0.67
jonas.taylor@riverside-couriers.example,25-34,under £25k,NL,North Brabant,Eindhoven,Marketing Coordinator,Individual contributor,Marketing,1,False,0.72
jonas.walker@ivywood-cloud.example,25-34,£25k-£50k,UK,South West,Bristol,Assistant,Individual contributor,Operations,6,False,0.61
jonas.walker@pinecrest-components.example,18-24,£25k-£50k,UK,West Midlands,Birmingham,Analyst,Individual contributor,Operations,1,False,0.73
jonas.weber@silverline-digital.example,35-44,£25k-£50k,UK,West Midlands,Birmingham,Sales Manager,Manager,Sales,7,False,0.97
jonas.white@inkwell-components.example,25-34,£50k-£100k,UK,West Midlands,Birmingham,Demand Gen Manager,Manager,Marketing,2,False,0.62
jonas.white@outlook.example,45-54,£50k-£100k,FR,Auvergne-Rhone-Alpes,Lyon,Founder,Director or above,Executive,3,False,0.81
jonas.white@pennine-trading.example,25-34,£100k-£150k,NL,South Holland,Rotterdam,Operations Manager,Manager,Operations,9,False,0.79
jonas.williams@northwind-works.example,35-44,£50k-£100k,UK,North West,Manchester,Demand Gen Manager,Manager,Marketing,1,True,0.65
jonas.williams@yarrow-medical.example,45-54,£100k-£150k,DE,Hesse,Frankfurt,Founder,Director or above,Executive,0,True,0.74
jonas.wilson@outlook.example,35-44,£50k-£100k,US,California,San Francisco,Sales Manager,Manager,Sales,3,True,0.87
jonas.wright@icloud.example,25-34,£25k-£50k,DE,Hamburg,Hamburg,Marketing Executive,Individual contributor,Marketing,2,False,0.81
jonas@ashford-tutors.example,25-34,£25k-£50k,DE,Bavaria,Munich,Assistant,Individual contributor,Operations,0,True,0.87
jonas@bramble-lending.example,45-54,£150k+,DE,Hamburg,Hamburg,Founder,Director or above,Executive,5,False,0.78
jonas@brightwater-labs.example,25-34,£50k-£100k,FR,Hauts-de-France,Lille,Head of Marketing,Manager,Marketing,10,True,0.79
jonas@brightwater-software.example,35-44,under £25k,UK,South West,Bristol,Assistant,Individual contributor,Operations,5,False,0.88
jonas@clearwater-accountants.example,25-34,under £25k,US,Massachusetts,Boston,Analyst,Individual contributor,Operations,9,False,0.69
jonas@clearwater-freight.example,45-54,£25k-£50k,UK,West Midlands,Birmingham,Marketing Manager,Manager,Marketing,9,False,0.71
jonas@elmstead-stores.example,18-24,£25k-£50k,FR,Occitanie,Toulouse,Marketing Coordinator,Individual contributor,Marketing,2,True,0.96
jonas@evergreen-advisory.example,25-34,£50k-£100k,UK,Yorkshire,Leeds,Sales Manager,Manager,Sales,0,True,0.88
jonas@glenmoor-industries.example,35-44,£50k-£100k,DE,Hesse,Frankfurt,Head of Growth,Manager,Marketing,0,True,0.81
jonas@granite-consulting.example,45-54,£100k-£150k,US,Texas,Austin,Demand Gen Manager,Manager,Marketing,2,True,0.95
jonas@granite-freight.example,18-24,£25k-£50k,NL,South Holland,Rotterdam,Analyst,Individual contributor,Operations,3,True,0.61
jonas@granite-medical.example,35-44,under £25k,FR,Occitanie,Toulouse,Sales Rep,Individual contributor,Sales,3,True,0.99
jonas@granite-tutors.example,35-44,£50k-£100k,UK,London,London,Operations Manager,Manager,Operations,4,False,0.99
jonas@greystone-learning.example,35-44,under £25k,US,Texas,Austin,Marketing Coordinator,Individual contributor,Marketing,1,False,0.65
jonas@greystone-market.example,25-34,£50k-£100k,UK,Scotland,Edinburgh,Head of Marketing,Manager,Marketing,1,False,0.91
jonas@harbour-finance.example,35-44,£50k-£100k,UK,West Midlands,Birmingham,Head of Growth,Manager,Marketing,0,True,0.88
jonas@hawthorn-goods.example,25-34,£100k-£150k,DE,Hesse,Frankfurt,Director of Sales,Director or above,Sales,1,False,0.83
jonas@hawthorn-tutors.example,45-54,£150k+,US,Texas,Austin,Managing Director,Director or above,Executive,2,True,0.94
jonas@highgate-recruitment.example,18-24,£25k-£50k,UK,Scotland,Edinburgh,Analyst,Individual contributor,Operations,2,False,0.94
jonas@ivywood-capital.example,35-44,£100k-£150k,US,Massachusetts,Boston,Operations Manager,Manager,Operations,6,False,0.67
jonas@ivywood-finance.example,45-54,£100k-£150k,FR,Ile-de-France,Paris,VP Marketing,Director or above,Marketing,5,True,0.69
jonas@jasper-associates.example,18-24,under £25k,NL,North Holland,Amsterdam,Sales Rep,Individual contributor,Sales,4,False,0.91
jonas@kelvin-recruitment.example,45-54,£25k-£50k,FR,Ile-de-France,Paris,Operations Manager,Manager,Operations,1,True,0.87
jonas@kestrel-academy.example,35-44,£50k-£100k,FR,Hauts-de-France,Lille,Founder,Director or above,Executive,1,True,0.67
jonas@keystone-market.example,35-44,£100k-£150k,NL,South Holland,Rotterdam,Managing Director,Director or above,Executive,5,True,0.61
jonas@kingsway-cloud.example,25-34,£100k-£150k,DE,Berlin,Berlin,Marketing Manager,Manager,Marketing,11,False,0.9
jonas@marigold-consulting.example,45-54,£50k-£100k,FR,Auvergne-Rhone-Alpes,Lyon,Sales Manager,Manager,Sales,9,False,0.84
jonas@marigold-shipping.example,18-24,under £25k,UK,South West,Bristol,Student,Student,Student,0,False,0.99
jonas@moorland-manufacturing.example,18-24,under £25k,DE,Berlin,Berlin,Student,Student,Student,0,False,0.6
jonas@nettlefield-works.example,55-64,£50k-£100k,FR,Auvergne-Rhone-Alpes,Lyon,Marketing Manager,Manager,Marketing,1,False,0.72
jonas@oldfield-software.example,55-64,£100k-£150k,DE,Hamburg,Hamburg,Marketing Manager,Manager,Marketing,1,False,0.81
jonas@quartz-college.example,35-44,£25k-£50k,FR,Hauts-de-France,Lille,Head of Marketing,Manager,Marketing,1,False,0.89
jonas@quartz-finance.example,45-54,£100k-£150k,NL,Utrecht,Utrecht,Managing Director,Director or above,Executive,3,False,0.72
jonas@quartz-training.example,35-44,£50k-£100k,DE,Bavaria,Munich,Chief Revenue Officer,Director or above,Executive,5,True,0.97
jonas@redwood-clinics.example,18-24,under £25k,US,New York,New York,Student,Student,Student,0,False,0.98
jonas@redwood-medical.example,25-34,£50k-£100k,US,California,San Francisco,Operations Manager,Manager,Operations,2,False,0.9
jonas@riverside-college.example,65+,£50k-£100k,DE,Hesse,Frankfurt,Director of Sales,Director or above,Sales,1,True,0.84
jonas@stonebridge-industries.example,45-54,£150k+,US,New York,New York,Managing Director,Director or above,Executive,1,True,0.63
jonas@tamarind-capital.example,45-54,£150k+,UK,North West,Manchester,Marketing Director,Director or above,Marketing,2,True,0.63
jonas@thornbury-fabrication.example,25-34,£50k-£100k,UK,North West,Manchester,Marketing Coordinator,Individual contributor,Marketing,0,True,0.62
jonas@tidewater-care.example,25-34,£100k-£150k,UK,Yorkshire,Leeds,Head of Growth,Manager,Marketing,5,False,0.89
jonas@valley-components.example,35-44,£50k-£100k,US,Massachusetts,Boston,Marketing Director,Director or above,Marketing,1,True,0.73
jonasbernard78@gmail.example,35-44,£50k-£100k,UK,West Midlands,Birmingham,Marketing Manager,Manager,Marketing,1,True,0.81
jonashughes43@icloud.example,18-24,£25k-£50k,UK,Scotland,Edinburgh,Sales Manager,Manager,Sales,3,False,0.61
jonasjohnson26@hotmail.example,25-34,under £25k,FR,Auvergne-Rhone-Alpes,Lyon,Sales Rep,Individual contributor,Sales,2,False,0.95
jonasjohnson27@yahoo.example,25-34,£100k-£150k,US,Massachusetts,Boston,Demand Gen Manager,Manager,Marketing,6,False,0.81
jonaskhan14@yahoo.example,45-54,£100k-£150k,US,California,San Francisco,VP Marketing,Director or above,Marketing,6,False,0.69
jonasmartin02@gmail.example,18-24,£50k-£100k,UK,West Midlands,Birmingham,Sales Manager,Manager,Sales,1,False,0.99
jonasmurphy10@gmail.example,25-34,£50k-£100k,US,Illinois,Chicago,Assistant,Individual contributor,Operations,8,False,0.79
jonaspatel87@yahoo.example,25-34,£100k-£150k,US,California,San Francisco,Analyst,Individual contributor,Operations,4,False,0.7
jonasscott29@hotmail.example,35-44,£25k-£50k,UK,North West,Manchester,Marketing Executive,Individual contributor,Marketing,11,True,0.78
jonassmith16@gmail.example,45-54,£100k-£150k,US,Illinois,Chicago,Marketing Executive,Individual contributor,Marketing,3,True,0.62
jonasthompson41@yahoo.example,25-34,£25k-£50k,UK,Scotland,Edinburgh,Head of Growth,Manager,Marketing,1,False,0.94
jonaswalker31@gmail.example,18-24,£25k-£50k,UK,South West,Bristol,Marketing Coordinator,Individual contributor,Marketing,0,False,0.69
jonaswalker83@yahoo.example,45-54,£100k-£150k,UK,North West,Manchester,VP Marketing,Director or above,Marketing,8,True,0.81
jonaswilliams49@gmail.example,18-24,under £25k,US,New York,New York,Sales Rep,Individual contributor,Sales,7,False,0.87
jonaswilson36@outlook.example,25-34,£25k-£50k,US,Texas,Austin,Assistant,Individual contributor,Operations,2,True,0.75
jonaswright94@icloud.example,35-44,£150k+,US,Massachusetts,Boston,Marketing Manager,Manager,Marketing,0,True,0.79
jsmith607@hotmail.example,18-24,under £25k,FR,Hauts-de-France,Lille,Student,Student,Student,0,False,0.72
jtaylor051@yahoo.example,25-34,£25k-£50k,US,Massachusetts,Boston,Demand Gen Manager,Manager,Marketing,15,True,0.66
jtaylor936@gmail.example,18-24,£50k-£100k,US,Washington,Seattle,Assistant,Individual contributor,Operations,11,False,0.72
jthompson411@gmail.example,45-54,£25k-£50k,NL,North Brabant,Eindhoven,Analyst,Individual contributor,Operations,4,False,0.9
jthompson989@yahoo.example,18-24,under £25k,UK,London,London,Assistant,Individual contributor,Operations,7,False,0.72
jthompson995@gmail.example,35-44,£100k-£150k,DE,Hesse,Frankfurt,Managing Director,Director or above,Executive,5,True,0.85
jweber514@yahoo.example,25-34,£25k-£50k,UK,South West,Bristol,Analyst,Individual contributor,Operations,8,True,0.99
jweber931@icloud.example,35-44,£50k-£100k,NL,Utrecht,Utrecht,Marketing Manager,Manager,Marketing,1,True,0.69
jwhite284@hotmail.example,25-34,£25k-£50k,UK,West Midlands,Birmingham,Analyst,Individual contributor,Operations,1,True,0.79
jwhite812@icloud.example,55-64,£150k+,US,Washington,Seattle,VP Marketing,Director or above,Marketing,0,True,0.87
jwilson423@outlook.example,25-34,£50k-£100k,NL,North Brabant,Eindhoven,Sales Manager,Manager,Sales,5,False,0.68
jwood365@icloud.example,25-34,£25k-£50k,US,California,San Francisco,Sales Rep,Individual contributor,Sales,1,True,0.67
jwood736@gmail.example,45-54,£100k-£150k,UK,Yorkshire,Leeds,Marketing Director,Director or above,Marketing,8,True,0.97
jwright580@yahoo.example,25-34,£25k-£50k,US,Washington,Seattle,Sales Manager,Manager,Sales,1,True,0.69
jwright668@outlook.example,25-34,£50k-£100k,US,Washington,Seattle,Analyst,Individual contributor,Operations,11,True,0.64
l.anderson@ironbridge-couriers.example,35-44,£100k-£150k,US,California,San Francisco,Operations Manager,Manager,Operations,0,True,0.94
l.anderson@kelvin-lending.example,25-34,£50k-£100k,NL,North Brabant,Eindhoven,Sales Manager,Manager,Sales,2,False,0.8
l.anderson@tidewater-cloud.example,25-34,£25k-£50k,DE,Hesse,Frankfurt,Assistant,Individual contributor,Operations,7,False,0.6
l.baker@kelvin-college.example,35-44,£25k-£50k,UK,Yorkshire,Leeds,Marketing Executive,Individual contributor,Marketing,6,True,0.81
l.baker@silverline-tutors.example,35-44,£50k-£100k,NL,South Holland,Rotterdam,Sales Manager,Manager,Sales,7,False,0.61
l.bakker@nettlefield-dental.example,25-34,£50k-£100k,FR,Hauts-de-France,Lille,Marketing Coordinator,Individual contributor,Marketing,2,False,0.72
l.bakker@umber-college.example,35-44,under £25k,DE,Berlin,Berlin,Marketing Executive,Individual contributor,Marketing,1,True,0.65
l.bakker@yarrow-haulage.example,35-44,£50k-£100k,UK,London,London,Managing Director,Director or above,Executive,0,True,0.93
l.bernard@aurora-legal.example,45-54,£50k-£100k,UK,Yorkshire,Leeds,Assistant,Individual contributor,Operations,3,True,0.91
l.bernard@beacon-industries.example,45-54,£25k-£50k,UK,London,London,Analyst,Individual contributor,Operations,1,False,0.99
l.bernard@bluebell-care.example,35-44,£100k-£150k,UK,North West,Manchester,VP Marketing,Director or above,Marketing,3,True,0.87
l.bernard@dovecote-wealth.example,45-54,£100k-£150k,UK,London,London,Sales Manager,Manager,Sales,3,True,0.97
l.bernard@lindenwood-digital.example,45-54,£50k-£100k,US,Massachusetts,Boston,Marketing Director,Director or above,Marketing,1,False,0.99
l.bernard@pennine-shipping.example,25-34,£100k-£150k,US,Massachusetts,Boston,Operations Manager,Manager,Operations,4,False,0.94
l.bernard@quartz-accountants.example,35-44,£100k-£150k,UK,Scotland,Edinburgh,CEO,Director or above,Executive,6,False,0.91
l.brown@kestrel-manufacturing.example,45-54,£100k-£150k,FR,Occitanie,Toulouse,VP Marketing,Director or above,Marketing,0,False,0.72
l.clarke@aurora-retail.example,25-34,£25k-£50k,NL,North Brabant,Eindhoven,Marketing Coordinator,Individual contributor,Marketing,1,False,0.87
l.clarke@hawthorn-partners.example,35-44,£100k-£150k,US,Washington,Seattle,Operations Manager,Manager,Operations,1,False,0.97
l.clarke@tamarind-components.example,45-54,£25k-£50k,US,New York,New York,Head of Marketing,Manager,Marketing,3,False,0.66
l.clarke@westbrook-haulage.example,25-34,£25k-£50k,FR,Ile-de-France,Paris,Sales Rep,Individual contributor,Sales,2,True,0.99
l.davies@harbour-care.example,35-44,£100k-£150k,UK,London,London,Director of Sales,Director or above,Sales,1,True,0.62
l.davies@meridian-associates.example,35-44,£25k-£50k,NL,South Holland,Rotterdam,Head of Marketing,Manager,Marketing,0,False,0.81
l.davies@nimbus-components.example,25-34,£50k-£100k,US,New York,New York,Marketing Coordinator,Individual contributor,Marketing,5,False,0.98
l.davies@oakridge-freight.example,25-34,£50k-£100k,UK,Yorkshire,Leeds,Assistant,Individual contributor,Operations,1,False,0.94
l.dubois@ironbridge-legal.example,18-24,£50k-£100k,FR,Hauts-de-France,Lille,Analyst,Individual contributor,Operations,4,False,0.85
l.dubois@tidewater-clinics.example,35-44,£50k-£100k,NL,Utrecht,Utrecht,Operations Manager,Manager,Operations,4,True,0.93
l.evans@fernhill-academy.example,45-54,£150k+,US,Illinois,Chicago,Marketing Director,Director or above,Marketing,2,True,0.8
l.evans@harbour-market.example,55-64,£150k+,UK,South West,Bristol,Chief Revenue Officer,Director or above,Executive,9,True,0.63
l.evans@tamarind-insurance.example,25-34,under £25k,US,Illinois,Chicago,Marketing Executive,Individual contributor,Marketing,8,False,0.91
l.garcia@ivywood-cloud.example,35-44,£50k-£100k,UK,Yorkshire,Leeds,Head of Marketing,Manager,Marketing,2,False,0.94
l.garcia@pennine-couriers.example,35-44,£50k-£100k,US,Illinois,Chicago,Sales Manager,Manager,Sales,4,True,0.98
l.garcia@stonebridge-capital.example,35-44,£25k-£50k,US,Massachusetts,Boston,Marketing Coordinator,Individual contributor,Marketing,5,True,0.97
l.green@ashford-care.example,25-34,£50k-£100k,FR,Ile-de-France,Paris,Head of Marketing,Manager,Marketing,1,True,0.99
l.green@cedar-stores.example,35-44,£50k-£100k,US,Texas,Austin,Marketing Director,Director or above,Marketing,5,True,0.72
l.green@dovecote-clinics.example,35-44,£50k-£100k,DE,Bavaria,Munich,Demand Gen Manager,Manager,Marketing,1,False,0.73
l.green@foxglove-legal.example,35-44,£100k-£150k,UK,Yorkshire,Leeds,Managing Director,Director or above,Executive,3,True,0.87
l.green@ivywood-consulting.example,45-54,£50k-£100k,UK,South West,Bristol,Demand Gen Manager,Manager,Marketing,6,True,0.87
l.green@jasper-health.example,18-24,under £25k,FR,Ile-de-France,Paris,Sales Rep,Individual contributor,Sales,9,False,0.79
l.green@kelvin-recruitment.example,35-44,£25k-£50k,FR,Occitanie,Toulouse,Operations Manager,Manager,Operations,5,False,0.7
l.green@keystone-freight.example,25-34,£50k-£100k,UK,London,London,Head of Marketing,Manager,Marketing,4,False,0.66
l.hall@juniper-trading.example,35-44,£50k-£100k,US,California,San Francisco,Marketing Manager,Manager,Marketing,0,False,0.75
l.hall@pennine-finance.example,25-34,£50k-£100k,UK,South West,Bristol,Operations Manager,Manager,Operations,7,False,0.96
l.hall@quayside-goods.example,25-34,£50k-£100k,US,Washington,Seattle,Assistant,Individual contributor,Operations,2,False,0.79
l.hall@yarrow-labs.example,35-44,£100k-£150k,UK,North West,Manchester,Managing Director,Director or above,Executive,1,True,0.7
l.hughes@elmstead-shipping.example,35-44,£50k-£100k,UK,South West,Bristol,Sales Manager,Manager,Sales,4,True,0.73
l.hughes@falcon-health.example,35-44,£25k-£50k,FR,Ile-de-France,Paris,Head of Growth,Manager,Marketing,4,False,0.92
l.hughes@granite-recruitment.example,25-34,£100k-£150k,US,Washington,Seattle,Head of Marketing,Manager,Marketing,7,False,0.92
l.jansen@fernhill-insurance.example,45-54,£50k-£100k,UK,Scotland,Edinburgh,Marketing Director,Director or above,Marketing,2,True,0.93
l.jansen@jasper-health.example,25-34,under £25k,FR,Hauts-de-France,Lille,Analyst,Individual contributor,Operations,4,True,0.99
l.jansen@marigold-haulage.example,35-44,£100k-£150k,UK,South West,Bristol,Founder,Director or above,Executive,0,True,0.78
l.jansen@moorland-haulage.example,35-44,£50k-£100k,NL,Utrecht,Utrecht,Operations Manager,Manager,Operations,1,True,0.83
l.johnson@marigold-wealth.example,25-34,under £25k,UK,Yorkshire,Leeds,Analyst,Individual contributor,Operations,2,True,0.71
l.jones@dunmore-shipping.example,25-34,£25k-£50k,US,New York,New York,Operations Manager,Manager,Operations,2,False,0.76
l.jones@redwood-college.example,25-34,£25k-£50k,UK,Yorkshire,Leeds,Sales Rep,Individual contributor,Sales,4,True,0.86
l.jones@redwood-couriers.example,35-44,£50k-£100k,UK,West Midlands,Birmingham,Head of Marketing,Manager,Marketing,0,False,0.94
l.khan@hawthorn-finance.example,25-34,£100k-£150k,UK,West Midlands,Birmingham,CEO,Director or above,Executive,2,False,0.97
l.khan@kelvin-software.example,35-44,£150k+,UK,Yorkshire,Leeds,Marketing Director,Director or above,Marketing,13,False,0.62
l.khan@nimbus-lending.example,25-34,£50k-£100k,UK,Yorkshire,Leeds,Marketing Manager,Manager,Marketing,0,False,0.97
l.king@clearwater-cloud.example,25-34,£50k-£100k,US,New York,New York,Marketing Coordinator,Individual contributor,Marketing,6,False,0.65
l.king@oldfield-cloud.example,25-34,£25k-£50k,UK,Scotland,Edinburgh,Marketing Coordinator,Individual contributor,Marketing,3,True,0.88
l.lewis@alder-fabrication.example,25-34,£100k-£150k,US,Washington,Seattle,Head of Marketing,Manager,Marketing,5,False,0.9
l.lewis@brightwater-advisory.example,18-24,£25k-£50k,UK,North West,Manchester,Operations Manager,Manager,Operations,3,True,0.87
l.lewis@greystone-medical.example,25-34,£100k-£150k,UK,Scotland,Edinburgh,Marketing Director,Director or above,Marketing,1,False,0.85
l.lewis@keystone-data.example,35-44,£50k-£100k,NL,North Holland,Amsterdam,Marketing Manager,Manager,Marketing,1,True,0.78
l.martin@brightwater-legal.example,35-44,£100k-£150k,US,Illinois,Chicago,Sales Manager,Manager,Sales,3,False,0.64
l.martin@hawthorn-haulage.example,25-34,£25k-£50k,UK,North West,Manchester,Assistant,Individual contributor,Operations,4,False,0.89
l.martin@inkwell-accountants.example,18-24,under £25k,FR,Occitanie,Toulouse,Student,Student,Student,0,True,0.86
l.martin@rosewood-advisory.example,45-54,£100k-£150k,FR,Hauts-de-France,Lille,Sales Manager,Manager,Sales,1,True,0.66
l.martin@silverline-college.example,18-24,£25k-£50k,US,New York,New York,Student,Student,Student,0,False,0.94
l.martin@westbrook-software.example,35-44,£25k-£50k,FR,Auvergne-Rhone-Alpes,Lyon,Assistant,Individual contributor,Operations,8,False,0.69
l.miller@highgate-capital.example,45-54,£25k-£50k,UK,West Midlands,Birmingham,Marketing Manager,Manager,Marketing,5,False,0.78
l.miller@meridian-accountants.example,35-44,£25k-£50k,FR,Hauts-de-France,Lille,Operations Manager,Manager,Operations,8,False,0.96
l.moore@bramble-retail.example,35-44,£50k-£100k,NL,South Holland,Rotterdam,Sales Manager,Manager,Sales,4,False,0.72
l.moore@elmstead-clinics.example,55-64,£50k-£100k,FR,Ile-de-France,Paris,Demand Gen Manager,Manager,Marketing,3,False,0.64
l.moore@jasper-industries.example,35-44,£50k-£100k,US,California,San Francisco,Sales Manager,Manager,Sales,2,True,0.7
l.moore@redwood-associates.example,25-34,£100k-£150k,FR,Occitanie,Toulouse,Marketing Manager,Manager,Marketing,1,False,0.61
l.moore@riverside-freight.example,25-34,£150k+,UK,Yorkshire,Leeds,VP Marketing,Director or above,Marketing,1,False,0.82
l.moore@saltmarsh-medical.example,45-54,£100k-£150k,UK,London,London,Chief Revenue Officer,Director or above,Executive,0,True,0.79
l.moore@stonebridge-care.example,35-44,£100k-£150k,UK,South West,Bristol,VP Marketing,Director or above,Marketing,0,False,0.96
l.moore@yarrow-college.example,35-44,£25k-£50k,NL,Utrecht,Utrecht,Marketing Executive,Individual contributor,Marketing,2,False,0.81
l.muller@alder-legal.example,25-34,£25k-£50k,NL,Utrecht,Utrecht,Assistant,Individual contributor,Operations,3,False,0.97
l.muller@ironbridge-advisory.example,25-34,£50k-£100k,NL,North Holland,Amsterdam,Demand Gen Manager,Manager,Marketing,1,True,0.75
l.muller@redwood-tutors.example,35-44,£100k-£150k,FR,Ile-de-France,Paris,Marketing Manager,Manager,Marketing,8,False,0.73
l.muller@zephyr-shipping.example,45-54,£50k-£100k,US,Illinois,Chicago,Founder,Director or above,Executive,6,False,0.76
l.murphy@bluebell-college.example,25-34,£25k-£50k,US,Washington,Seattle,Assistant,Individual contributor,Operations,1,True,0.74
l.murphy@thornbury-finance.example,45-54,£100k-£150k,UK,London,London,Director of Sales,Director or above,Sales,8,True,0.69
l.patel@inkwell-wealth.example,25-34,£25k-£50k,UK,Scotland,Edinburgh,Analyst,Individual contributor,Operations,1,False,0.84
l.patel@tamarind-advisory.example,25-34,£50k-£100k,FR,Ile-de-France,Paris,Operations Manager,Manager,Operations,5,False,0.73
l.schmidt@greystone-accountants.example,45-54,£100k-£150k,UK,Yorkshire,Leeds,Director of Sales,Director or above,Sales,1,False,0.98
l.schmidt@pennine-dental.example,45-54,£100k-£150k,US,Texas,Austin,Head of Growth,Manager,Marketing,2,False,0.86
l.scott@ashford-market.example,25-34,£50k-£100k,DE,Hamburg,Hamburg,Sales Manager,Manager,Sales,2,False,0.95
l.scott@cedar-partners.example,25-34,£100k-£150k,NL,South Holland,Rotterdam,Head of Marketing,Manager,Marketing,1,True,0.91
l.smith@clearwater-cloud.example,25-34,£50k-£100k,US,Washington,Seattle,Analyst,Individual contributor,Operations,1,True,0.78
l.smith@pebble-medical.example,25-34,£50k-£100k,NL,North Holland,Amsterdam,Head of Growth,Manager,Marketing,3,False,0.89
l.taylor@ashford-software.example,35-44,£50k-£100k,NL,South Holland,Rotterdam,Demand Gen Manager,Manager,Marketing,1,True,0.62
l.taylor@ironbridge-consulting.example,25-34,£25k-£50k,US,California,San Francisco,Marketing Coordinator,Individual contributor,Marketing,5,False,0.85
l.taylor@pennine-lending.example,25-34,under £25k,FR,Hauts-de-France,Lille,Assistant,Individual contributor,Operations,5,True,0.82
l.taylor@rosewood-manufacturing.example,25-34,£100k-£150k,US,Washington,Seattle,Demand Gen Manager,Manager,Marketing,1,False,0.64
l.thompson@dunmore-market.example,35-44,£50k-£100k,FR,Ile-de-France,Paris,Analyst,Individual contributor,Operations,3,False,0.65
l.thompson@dunmore-stores.example,35-44,£150k+,US,Massachusetts,Boston,Chief Revenue Officer,Director or above,Executive,0,True,0.64
l.thompson@redwood-components.example,45-54,£100k-£150k,DE,Hamburg,Hamburg,VP Marketing,Director or above,Marketing,2,False,0.88
l.walker@dunmore-goods.example,25-34,under £25k,DE,Berlin,Berlin,Marketing Executive,Individual contributor,Marketing,2,False,0.88
l.walker@dunmore-shipping.example,25-34,£25k-£50k,US,Texas,Austin,Sales Rep,Individual contributor,Sales,1,True,0.81
l.walker@foxglove-fabrication.example,55-64,£50k-£100k,FR,Hauts-de-France,Lille,Sales Manager,Manager,Sales,6,True,0.7
l.walker@harbour-wealth.example,25-34,under £25k,DE,Hesse,Frankfurt,Sales Rep,Individual contributor,Sales,2,True,0.86
l.walker@larkspur-data.example,35-44,£25k-£50k,US,Texas,Austin,Marketing Coordinator,Individual contributor,Marketing,1,False,0.98
l.walker@meridian-shipping.example,35-44,£50k-£100k,NL,North Holland,Amsterdam,Head of Growth,Manager,Marketing,6,True,0.78
l.walker@oldfield-medical.example,18-24,under £25k,NL,North Holland,Amsterdam,Assistant,Individual contributor,Operations,3,False,0.82
l.weber@cedar-market.example,25-34,£50k-£100k,UK,Yorkshire,Leeds,Operations Manager,Manager,Operations,1,False,0.92
l.white@foxglove-digital.example,35-44,£25k-£50k,NL,Utrecht,Utrecht,Demand Gen Manager,Manager,Marketing,2,True,0.67
l.white@kelvin-haulage.example,35-44,£50k-£100k,US,Texas,Austin,Sales Rep,Individual contributor,Sales,2,True,0.69
l.white@kestrel-stores.example,25-34,£50k-£100k,UK,North West,Manchester,Head of Marketing,Manager,Marketing,4,False,0.64
l.white@pinecrest-works.example,45-54,£100k-£150k,US,New York,New York,Director of Sales,Director or above,Sales,0,True,0.66
l.williams@ashford-partners.example,25-34,£50k-£100k,DE,Bavaria,Munich,Operations Manager,Manager,Operations,3,False,0.89
l.williams@bramble-associates.example,35-44,£50k-£100k,UK,London,London,CEO,Director or above,Executive,2,False,0.76
l.williams@foxglove-shipping.example,18-24,£25k-£50k,DE,Bavaria,Munich,Student,Student,Student,0,False,0.99
l.williams@moorland-labs.example,35-44,£50k-£100k,DE,Hamburg,Hamburg,Head of Marketing,Manager,Marketing,2,False,0.99
l.wilson@dunmore-trading.example,25-34,£50k-£100k,UK,South West,Bristol,Head of Growth,Manager,Marketing,1,False,0.61
l.wilson@highgate-legal.example,18-24,£25k-£50k,UK,London,London,Marketing Coordinator,Individual contributor,Marketing,1,False,0.85
l.wilson@lindenwood-manufacturing.example,55-64,£100k-£150k,DE,Bavaria,Munich,CEO,Director or above,Executive,0,True,0.78
l.wilson@silverline-insurance.example,35-44,£25k-£50k,US,Washington,Seattle,Analyst,Individual contributor,Operations,0,True,0.91
l.wilson@willow-tutors.example,25-34,£100k-£150k,US,Washington,Seattle,Sales Manager,Manager,Sales,3,False,0.89
l.wood@umber-retail.example,18-24,£50k-£100k,UK,West Midlands,Birmingham,Operations Manager,Manager,Operations,8,False,0.67
l.wright@umber-partners.example,35-44,£100k-£150k,UK,West Midlands,Birmingham,Director of Sales,Director or above,Sales,3,False,0.76
l.young@aurora-accountants.example,25-34,£50k-£100k,UK,South West,Bristol,Sales Manager,Manager,Sales,4,False,0.69
l.young@foxglove-wealth.example,35-44,£150k+,US,California,San Francisco,Marketing Manager,Manager,Marketing,1,True,0.9
l.young@jasper-labs.example,55-64,£50k-£100k,US,Texas,Austin,Marketing Director,Director or above,Marketing,1,True,0.78
l.young@larkspur-works.example,45-54,£100k-£150k,NL,North Holland,Amsterdam,Managing Director,Director or above,Executive,3,False,0.71
landerson995@icloud.example,18-24,£25k-£50k,US,California,San Francisco,Student,Student,Student,0,False,0.93
lbernard514@icloud.example,45-54,£25k-£50k,FR,Ile-de-France,Paris,Marketing Director,Director or above,Marketing,0,True,0.75
lclarke655@yahoo.example,45-54,£100k-£150k,NL,Utrecht,Utrecht,Head of Marketing,Manager,Marketing,5,False,0.91
lclarke965@yahoo.example,25-34,£100k-£150k,NL,North Holland,Amsterdam,Sales Manager,Manager,Sales,2,True,0.68
ldevries437@icloud.example,18-24,under £25k,US,Massachusetts,Boston,Student,Student,Student,0,False,0.76
ldevries762@outlook.example,45-54,£100k-£150k,UK,South West,Bristol,CEO,Director or above,Executive,3,False,0.87
ldevries870@yahoo.example,25-34,£50k-£100k,FR,Hauts-de-France,Lille,Demand Gen Manager,Manager,Marketing,2,True,0.71
ldubois241@yahoo.example,35-44,£100k-£150k,US,New York,New York,Chief Revenue Officer,Director or above,Executive,3,False,0.71
ldubois337@yahoo.example,25-34,£25k-£50k,US,New York,New York,Analyst,Individual contributor,Operations,5,False,0.87
lena.baker@highgate-industries.example,18-24,£25k-£50k,DE,Hesse,Frankfurt,Assistant,Individual contributor,Operations,3,False,0.6
lena.bakker@emberly-recruitment.example,35-44,£50k-£100k,US,California,San Francisco,Head of Growth,Manager,Marketing,1,True,0.94
lena.bernard@dunmore-retail.example,45-54,£100k-£150k,FR,Occitanie,Toulouse,Marketing Director,Director or above,Marketing,3,True,0.96
lena.bernard@pinecrest-cloud.example,25-34,under £25k,US,Washington,Seattle,Marketing Executive,Individual contributor,Marketing,4,True,0.69
lena.bernard@westbrook-advisory.example,45-54,£100k-£150k,DE,Bavaria,Munich,Managing Director,Director or above,Executive,6,True,0.62
lena.brown@marigold-logistics.example,55-64,£100k-£150k,NL,South Holland,Rotterdam,VP Marketing,Director or above,Marketing,4,True,0.79
lena.davies@beacon-fabrication.example,55-64,£150k+,DE,Hesse,Frankfurt,VP Marketing,Director or above,Marketing,1,True,0.91
lena.davies@brightwater-retail.example,45-54,£100k-£150k,UK,Scotland,Edinburgh,VP Marketing,Director or above,Marketing,2,True,0.76
lena.davies@northwind-accountants.example,35-44,£25k-£50k,UK,London,London,Sales Rep,Individual contributor,Sales,2,False,0.9
lena.devries@riverside-wealth.example,35-44,£50k-£100k,UK,West Midlands,Birmingham,Demand Gen Manager,Manager,Marketing,5,False,0.76
lena.evans@nettlefield-clinics.example,65+,£100k-£150k,FR,Auvergne-Rhone-Alpes,Lyon,Chief Revenue Officer,Director or above,Executive,4,True,0.81
lena.hall@norfolk-couriers.example,25-34,£50k-£100k,DE,Berlin,Berlin,Marketing Coordinator,Individual contributor,Marketing,9,False,0.89
lena.hall@yahoo.example,18-24,£25k-£50k,UK,North West,Manchester,Student,Student,Student,0,False,0.96
lena.jansen@driftwood-shipping.example,18-24,under £25k,DE,Hamburg,Hamburg,Marketing Executive,Individual contributor,Marketing,10,False,0.71
lena.jansen@elmstead-tutors.example,35-44,£25k-£50k,UK,South West,Bristol,Analyst,Individual contributor,Operations,2,True,0.62
lena.jansen@icloud.example,18-24,£50k-£100k,US,Illinois,Chicago,Sales Rep,Individual contributor,Sales,0,False,0.83
lena.jansen@umber-health.example,45-54,£50k-£100k,DE,Hesse,Frankfurt,Managing Director,Director or above,Executive,1,False,0.74
lena.johnson@icloud.example,18-24,under £25k,US,Texas,Austin,Student,Student,Student,0,True,0.74
lena.johnson@pinecrest-logistics.example,25-34,£50k-£100k,FR,Occitanie,Toulouse,Demand Gen Manager,Manager,Marketing,3,False,0.65
lena.jones@nettlefield-lending.example,45-54,£50k-£100k,UK,Scotland,Edinburgh,Head of Marketing,Manager,Marketing,0,False,0.76
lena.khan@orchard-trading.example,25-34,£100k-£150k,US,Massachusetts,Boston,Demand Gen Manager,Manager,Marketing,5,True,0.98
lena.khan@stonebridge-consulting.example,25-34,under £25k,NL,Utrecht,Utrecht,Analyst,Individual contributor,Operations,2,False,0.62
lena.khan@yahoo.example,25-34,under £25k,US,Texas,Austin,Marketing Coordinator,Individual contributor,Marketing,0,True,0.83
lena.king@ivywood-transport.example,25-34,£100k-£150k,UK,South West,Bristol,Operations Manager,Manager,Operations,3,True,0.64
lena.king@outlook.example,18-24,under £25k,UK,North West,Manchester,Student,Student,Student,0,False,0.82
lena.miller@driftwood-haulage.example,25-34,£25k-£50k,US,Texas,Austin,Head of Growth,Manager,Marketing,6,True,0.93
lena.miller@outlook.example,35-44,£50k-£100k,US,Texas,Austin,Sales Manager,Manager,Sales,0,True,0.64
lena.miller@rosewood-stores.example,35-44,£25k-£50k,US,Washington,Seattle,Head of Growth,Manager,Marketing,1,True,0.96
lena.moore@cobalt-wealth.example,18-24,under £25k,DE,Bavaria,Munich,Student,Student,Student,0,False,0.8
lena.moore@gmail.example,25-34,under £25k,DE,Hamburg,Hamburg,Analyst,Individual contributor,Operations,3,True,0.62
lena.moore@upland-advisory.example,35-44,£25k-£50k,FR,Auvergne-Rhone-Alpes,Lyon,Assistant,Individual contributor,Operations,2,False,0.83
lena.moore@yahoo.example,35-44,£25k-£50k,US,Illinois,Chicago,Demand Gen Manager,Manager,Marketing,2,False,0.96
lena.muller@juniper-shipping.example,25-34,£25k-£50k,NL,North Holland,Amsterdam,Analyst,Individual contributor,Operations,7,False,0.74
lena.muller@kingsway-engineering.example,25-34,£25k-£50k,FR,Hauts-de-France,Lille,Assistant,Individual contributor,Operations,2,False,0.88
lena.muller@stonebridge-labs.example,35-44,£50k-£100k,FR,Ile-de-France,Paris,Managing Director,Director or above,Executive,1,False,0.73
lena.patel@larkspur-college.example,35-44,£50k-£100k,DE,Berlin,Berlin,VP Marketing,Director or above,Marketing,6,False,0.83
lena.roberts@elmstead-education.example,18-24,under £25k,DE,Hesse,Frankfurt,Sales Rep,Individual contributor,Sales,11,False,0.8
lena.roberts@lantern-partners.example,25-34,£25k-£50k,FR,Auvergne-Rhone-Alpes,Lyon,Sales Rep,Individual contributor,Sales,3,False,0.81
lena.roberts@silverline-manufacturing.example,25-34,under £25k,UK,West Midlands,Birmingham,Sales Rep,Individual contributor,Sales,1,False,0.88
lena.schmidt@northwind-advisory.example,45-54,£25k-£50k,NL,North Brabant,Eindhoven,Operations Manager,Manager,Operations,0,True,0.72
lena.scott@zephyr-dental.example,35-44,£25k-£50k,FR,Hauts-de-France,Lille,Marketing Executive,Individual contributor,Marketing,1,False,0.76
lena.smith@fernhill-pharma.example,45-54,£100k-£150k,US,Illinois,Chicago,Head of Growth,Manager,Marketing,2,True,0.92
lena.taylor@cedar-clinics.example,25-34,£25k-£50k,US,California,San Francisco,Marketing Executive,Individual contributor,Marketing,3,False,0.73
lena.thompson@heron-works.example,35-44,£100k-£150k,US,California,San Francisco,Founder,Director or above,Executive,0,False,0.85
lena.walker@silverline-trading.example,25-34,£25k-£50k,UK,West Midlands,Birmingham,Marketing Coordinator,Individual contributor,Marketing,2,False,0.97
lena.weber@hotmail.example,25-34,£25k-£50k,US,Massachusetts,Boston,Analyst,Individual contributor,Operations,4,True,0.96
lena.white@inkwell-learning.example,35-44,under £25k,FR,Occitanie,Toulouse,Sales Rep,Individual contributor,Sales,11,True,0.84
lena.white@silverline-insurance.example,18-24,£25k-£50k,US,Illinois,Chicago,Assistant,Individual contributor,Operations,9,False,0.97
lena.williams@pinecrest-college.example,45-54,£50k-£100k,UK,North West,Manchester,Demand Gen Manager,Manager,Marketing,2,True,0.83
lena.williams@valley-freight.example,35-44,£100k-£150k,UK,South West,Bristol,CEO,Director or above,Executive,2,True,0.86
lena.wilson@dunmore-accountants.example,25-34,under £25k,UK,Scotland,Edinburgh,Analyst,Individual contributor,Operations,11,True,0.84
lena.wilson@rosewood-systems.example,35-44,£100k-£150k,US,New York,New York,Head of Marketing,Manager,Marketing,1,True,0.69
lena.wood@nettlefield-lending.example,25-34,£25k-£50k,UK,North West,Manchester,Analyst,Individual contributor,Operations,1,True,0.9
lena.young@bluebell-learning.example,25-34,£50k-£100k,UK,South West,Bristol,Sales Manager,Manager,Sales,1,False,0.68
lena.young@icloud.example,25-34,£50k-£100k,US,California,San Francisco,Marketing Executive,Individual contributor,Marketing,1,True,0.93
lena14@tamarind-college.example,45-54,£50k-£100k,US,California,San Francisco,Head of Marketing,Manager,Marketing,1,False,0.83
lena96@brightwater-insurance.example,35-44,£25k-£50k,UK,Scotland,Edinburgh,Head of Marketing,Manager,Marketing,3,False,0.82
lena@aurora-academy.example,18-24,£25k-£50k,US,New York,New York,Analyst,Individual contributor,Operations,0,False,0.82
lena@brightwater-advisory.example,25-34,£50k-£100k,UK,London,London,Marketing Coordinator,Individual contributor,Marketing,0,True,0.95
lena@elmstead-education.example,35-44,under £25k,DE,Hamburg,Hamburg,Head of Growth,Manager,Marketing,4,False,0.99
lena@glenmoor-consulting.example,25-34,£100k-£150k,US,Illinois,Chicago,Marketing Coordinator,Individual contributor,Marketing,4,True,0.91
lena@ivywood-transport.example,25-34,under £25k,UK,Yorkshire,Leeds,Assistant,Individual contributor,Operations,3,True,0.99
lena@kestrel-stores.example,55-64,£100k-£150k,UK,West Midlands,Birmingham,Marketing Director,Director or above,Marketing,1,True,0.97
lena@nimbus-legal.example,18-24,under £25k,FR,Auvergne-Rhone-Alpes,Lyon,Student,Student,Student,0,False,0.73
lena@pinecrest-components.example,45-54,£25k-£50k,UK,South West,Bristol,Head of Growth,Manager,Marketing,4,False,0.92
lena@redwood-education.example,18-24,under £25k,NL,Utrecht,Utrecht,Student,Student,Student,0,False,0.74
lena@riverside-finance.example,35-44,£50k-£100k,UK,South West,Bristol,Operations Manager,Manager,Operations,5,True,0.78
lena@tamarind-college.example,35-44,£50k-£100k,US,California,San Francisco,Demand Gen Manager,Manager,Marketing,2,False,0.99
lena@tamarind-finance.example,55-64,£100k-£150k,US,Washington,Seattle,CEO,Director or above,Executive,4,False,0.76
lena@thornbury-goods.example,35-44,£50k-£100k,DE,Hesse,Frankfurt,Head of Marketing,Manager,Marketing,11,False,0.67
lena@umber-software.example,25-34,under £25k,NL,South Holland,Rotterdam,Analyst,Individual contributor,Operations,6,False,0.81
lenabaker81@yahoo.example,35-44,£50k-£100k,UK,Yorkshire,Leeds,Operations Manager,Manager,Operations,9,False,0.93
lenabakker93@gmail.example,55-64,£100k-£150k,DE,Bavaria,Munich,Managing Director,Director or above,Executive,1,True,0.75
lenajansen33@yahoo.example,25-34,under £25k,UK,London,London,Marketing Executive,Individual contributor,Marketing,1,True,0.77
lenajohnson98@icloud.example,25-34,under £25k,US,California,San Francisco,Marketing Coordinator,Individual contributor,Marketing,5,False,0.8
lenakhan74@gmail.example,55-64,£100k-£150k,FR,Occitanie,Toulouse,Director of Sales,Director or above,Sales,4,True,0.64
lenalewis67@yahoo.example,35-44,£50k-£100k,UK,North West,Manchester,Marketing Manager,Manager,Marketing,4,True,0.9
lenaroberts47@outlook.example,25-34,£25k-£50k,UK,London,London,Analyst,Individual contributor,Operations,5,False,0.67
lenaschmidt45@hotmail.example,18-24,£25k-£50k,US,Washington,Seattle,Student,Student,Student,0,False,0.85
lenataylor65@hotmail.example,18-24,under £25k,FR,Ile-de-France,Paris,Student,Student,Student,0,False,0.88
leo.anderson@ashford-partners.example,35-44,£50k-£100k,DE,Berlin,Berlin,Head of Marketing,Manager,Marketing,1,True,0.76
leo.anderson@driftwood-associates.example,45-54,£150k+,US,Texas,Austin,Director of Sales,Director or above,Sales,2,True,0.9
leo.baker@aurora-goods.example,35-44,£50k-£100k,DE,Bavaria,Munich,Operations Manager,Manager,Operations,2,True,0.88
leo.bernard@harbour-haulage.example,35-44,£50k-£100k,FR,Occitanie,Toulouse,Operations Manager,Manager,Operations,9,False,0.95
leo.brown@gmail.example,55-64,£150k+,US,Massachusetts,Boston,VP Marketing,Director or above,Marketing,0,True,0.67
leo.clarke@icloud.example,35-44,£25k-£50k,DE,Berlin,Berlin,Marketing Manager,Manager,Marketing,3,False,0.9
leo.davies@outlook.example,25-34,£50k-£100k,DE,Bavaria,Munich,Operations Manager,Manager,Operations,3,False,0.99
leo.devries@ashford-market.example,45-54,£100k-£150k,DE,Berlin,Berlin,Chief Revenue Officer,Director or above,Executive,1,True,0.93
leo.dubois67@gmail.example,18-24,£25k-£50k,US,Texas,Austin,Analyst,Individual contributor,Operations,4,False,0.69
leo.dubois@gmail.example,35-44,£100k-£150k,US,Massachusetts,Boston,VP Marketing,Director or above,Marketing,6,True,0.98
leo.evans@hotmail.example,45-54,under £25k,DE,Bavaria,Munich,Marketing Executive,Individual contributor,Marketing,6,True,0.83
leo.evans@quayside-outfitters.example,18-24,£25k-£50k,DE,Hamburg,Hamburg,Marketing Coordinator,Individual contributor,Marketing,1,False,0.6
leo.garcia@evergreen-haulage.example,35-44,£100k-£150k,NL,North Brabant,Eindhoven,Head of Marketing,Manager,Marketing,3,True,0.94
leo.garcia@hotmail.example,18-24,under £25k,DE,Hesse,Frankfurt,Student,Student,Student,0,False,0.69
leo.garcia@vantage-industries.example,25-34,£25k-£50k,US,Washington,Seattle,Analyst,Individual contributor,Operations,4,False,0.95
leo.green@quayside-haulage.example,35-44,£50k-£100k,UK,North West,Manchester,Head of Marketing,Manager,Marketing,1,False,0.95
leo.hall@kingsway-recruitment.example,18-24,£25k-£50k,UK,West Midlands,Birmingham,Marketing Executive,Individual contributor,Marketing,4,False,0.85
leo.hall@lindenwood-market.example,18-24,£25k-£50k,DE,Hamburg,Hamburg,Marketing Executive,Individual contributor,Marketing,7,True,0.69
leo.hughes@fernhill-learning.example,35-44,£100k-£150k,DE,Hesse,Frankfurt,Sales Manager,Manager,Sales,1,True,0.98
leo.hughes@inkwell-tutors.example,35-44,£100k-£150k,US,Washington,Seattle,Founder,Director or above,Executive,1,True,0.73
leo.hughes@moorland-training.example,25-34,under £25k,US,Massachusetts,Boston,Analyst,Individual contributor,Operations,5,False,0.66
leo.jansen@pinecrest-wealth.example,45-54,£50k-£100k,DE,Berlin,Berlin,Sales Manager,Manager,Sales,5,False,0.9
leo.johnson@emberly-systems.example,25-34,£50k-£100k,UK,London,London,Assistant,Individual contributor,Operations,1,True,0.76
leo.johnson@icloud.example,35-44,£50k-£100k,UK,Scotland,Edinburgh,Marketing Manager,Manager,Marketing,2,False,0.85
leo.johnson@yahoo.example,35-44,£100k-£150k,DE,Hamburg,Hamburg,Managing Director,Director or above,Executive,3,True,0.63
leo.khan@inkwell-goods.example,45-54,£150k+,US,Texas,Austin,Founder,Director or above,Executive,7,True,0.84
leo.khan@nettlefield-lending.example,25-34,£100k-£150k,UK,Yorkshire,Leeds,Sales Manager,Manager,Sales,2,True,0.91
leo.king@cobalt-shipping.example,25-34,£100k-£150k,UK,London,London,Head of Growth,Manager,Marketing,2,True,0.73
leo.lewis@gmail.example,25-34,£25k-£50k,FR,Ile-de-France,Paris,Analyst,Individual contributor,Operations,11,False,0.61
leo.lewis@willow-accountants.example,25-34,£25k-£50k,FR,Occitanie,Toulouse,Marketing Coordinator,Individual contributor,Marketing,7,True,0.91
leo.muller@rosewood-outfitters.example,35-44,£50k-£100k,UK,South West,Bristol,Sales Manager,Manager,Sales,1,True,0.95
leo.muller@yahoo.example,18-24,under £25k,UK,Scotland,Edinburgh,Student,Student,Student,0,True,0.92
leo.murphy@kelvin-goods.example,25-34,£50k-£100k,DE,Hamburg,Hamburg,Sales Manager,Manager,Sales,2,True,0.79
leo.murphy@outlook.example,65+,£150k+,US,Illinois,Chicago,Managing Director,Director or above,Executive,4,True,0.87
leo.patel@kelvin-cloud.example,35-44,£100k-£150k,US,Texas,Austin,Founder,Director or above,Executive,7,True,0.78
leo.roberts@vantage-components.example,35-44,under £25k,US,Washington,Seattle,Marketing Executive,Individual contributor,Marketing,8,True,0.79
leo.smith@nimbus-academy.example,25-34,£25k-£50k,FR,Hauts-de-France,Lille,Head of Marketing,Manager,Marketing,1,False,0.8
leo.smith@thornbury-works.example,25-34,£25k-£50k,DE,Hesse,Frankfurt,Sales Manager,Manager,Sales,2,False,0.94
leo.weber@falcon-industries.example,25-34,£25k-£50k,UK,South West,Bristol,Sales Manager,Manager,Sales,0,True,0.63
leo.weber@icloud.example,55-64,£25k-£50k,FR,Occitanie,Toulouse,Marketing Manager,Manager,Marketing,2,False,0.97
leo.weber@oldfield-stores.example,25-34,£100k-£150k,US,New York,New York,Demand Gen Manager,Manager,Marketing,1,True,0.66
leo.white@northwind-medical.example,35-44,£150k+,US,Texas,Austin,Demand Gen Manager,Manager,Marketing,3,False,0.8
leo.white@westbrook-education.example,35-44,£50k-£100k,NL,North Brabant,Eindhoven,Head of Marketing,Manager,Marketing,12,True,0.67
leo.wilson@bluebell-industries.example,45-54,£150k+,UK,Scotland,Edinburgh,Chief Revenue Officer,Director or above,Executive,7,False,0.7
leo.wilson@tidewater-finance.example,25-34,£25k-£50k,UK,Scotland,Edinburgh,Marketing Coordinator,Individual contributor,Marketing,1,True,0.83
leo.wood@falcon-couriers.example,25-34,£50k-£100k,FR,Ile-de-France,Paris,Sales Rep,Individual contributor,Sales,11,False,0.95
leo.young@outlook.example,18-24,£25k-£50k,FR,Occitanie,Toulouse,Assistant,Individual contributor,Operations,2,False,0.97
leo@alder-goods.example,25-34,£25k-£50k,NL,Utrecht,Utrecht,Marketing Coordinator,Individual contributor,Marketing,0,True,0.9
leo@alder-trading.example,18-24,£25k-£50k,UK,Scotland,Edinburgh,Student,Student,Student,0,False,0.6
leo@ashford-clinics.example,35-44,£50k-£100k,UK,London,London,Analyst,Individual contributor,Operations,20,False,0.84
leo@bluebell-works.example,45-54,£100k-£150k,UK,South West,Bristol,CEO,Director or above,Executive,3,True,0.88
leo@bramble-industries.example,45-54,£100k-£150k,US,California,San Francisco,CEO,Director or above,Executive,10,True,0.81
leo@brightwater-consulting.example,25-34,under £25k,NL,North Holland,Amsterdam,Analyst,Individual contributor,Operations,3,False,0.88
leo@cedar-cloud.example,45-54,£100k-£150k,UK,London,London,Founder,Director or above,Executive,3,True,0.8
leo@driftwood-pharma.example,25-34,£100k-£150k,US,Illinois,Chicago,Head of Marketing,Manager,Marketing,11,False,0.64
leo@hawthorn-tutors.example,25-34,£100k-£150k,US,Texas,Austin,CEO,Director or above,Executive,3,True,0.73
leo@heron-tutors.example,55-64,£100k-£150k,UK,Scotland,Edinburgh,Chief Revenue Officer,Director or above,Executive,0,True,0.66
leo@highgate-engineering.example,35-44,£100k-£150k,FR,Occitanie,Toulouse,Operations Manager,Manager,Operations,5,True,0.61
leo@highgate-health.example,45-54,£50k-£100k,US,Texas,Austin,CEO,Director or above,Executive,6,True,0.75
leo@highgate-software.example,25-34,£50k-£100k,UK,Yorkshire,Leeds,Demand Gen Manager,Manager,Marketing,1,False,0.91
leo@inkwell-freight.example,55-64,£100k-£150k,NL,North Holland,Amsterdam,VP Marketing,Director or above,Marketing,5,True,0.8
leo@ironbridge-stores.example,35-44,£25k-£50k,UK,Scotland,Edinburgh,Assistant,Individual contributor,Operations,12,True,0.69
leo@ivywood-freight.example,35-44,under £25k,NL,North Holland,Amsterdam,Marketing Executive,Individual contributor,Marketing,1,False,0.67
leo@ivywood-shipping.example,25-34,£50k-£100k,FR,Occitanie,Toulouse,Marketing Executive,Individual contributor,Marketing,0,True,0.9
leo@kelvin-industries.example,45-54,£100k-£150k,DE,Berlin,Berlin,Marketing Director,Director or above,Marketing,3,True,0.82
leo@larkspur-retail.example,45-54,£50k-£100k,UK,West Midlands,Birmingham,Head of Marketing,Manager,Marketing,2,True,0.71
leo@meridian-associates.example,35-44,£25k-£50k,NL,North Holland,Amsterdam,Marketing Manager,Manager,Marketing,2,False,0.85
leo@moorland-retail.example,35-44,£25k-£50k,UK,North West,Manchester,Operations Manager,Manager,Operations,3,True,0.88
leo@nettlefield-advisory.example,35-44,£50k-£100k,UK,London,London,Head of Marketing,Manager,Marketing,2,True,0.66
leo@nettlefield-tutors.example,18-24,£50k-£100k,NL,North Brabant,Eindhoven,Marketing Manager,Manager,Marketing,1,False,0.83
leo@nimbus-consulting.example,25-34,£25k-£50k,UK,West Midlands,Birmingham,Assistant,Individual contributor,Operations,3,True,0.89
leo@nimbus-fabrication.example,35-44,£100k-£150k,UK,Scotland,Edinburgh,Head of Marketing,Manager,Marketing,2,False,0.65
leo@nimbus-recruitment.example,25-34,£50k-£100k,UK,West Midlands,Birmingham,Head of Marketing,Manager,Marketing,4,True,0.84
leo@norfolk-recruitment.example,45-54,£50k-£100k,UK,Scotland,Edinburgh,Head of Marketing,Manager,Marketing,1,False,0.95
leo@oldfield-industries.example,25-34,under £25k,UK,Yorkshire,Leeds,Marketing Executive,Individual contributor,Marketing,0,False,0.87
leo@pennine-couriers.example,45-54,£50k-£100k,US,Massachusetts,Boston,Analyst,Individual contributor,Operations,4,True,0.94
leo@redwood-clinics.example,45-54,£150k+,US,Washington,Seattle,CEO,Director or above,Executive,2,False,0.68
leo@redwood-lending.example,25-34,£25k-£50k,UK,West Midlands,Birmingham,Sales Rep,Individual contributor,Sales,2,False,0.88
leo@saltmarsh-couriers.example,25-34,£25k-£50k,DE,Berlin,Berlin,Marketing Executive,Individual contributor,Marketing,3,False,0.91
leo@tamarind-trading.example,35-44,£100k-£150k,FR,Ile-de-France,Paris,VP Marketing,Director or above,Marketing,2,True,0.72
leo@tidewater-legal.example,35-44,£100k-£150k,NL,North Brabant,Eindhoven,Managing Director,Director or above,Executive,0,True,0.79
leo@vantage-wealth.example,25-34,£50k-£100k,UK,Yorkshire,Leeds,Head of Marketing,Manager,Marketing,2,False,0.82
leo@zephyr-recruitment.example,25-34,£50k-£100k,US,California,San Francisco,Marketing Coordinator,Individual contributor,Marketing,4,True,0.81
leobaker91@icloud.example,35-44,£25k-£50k,DE,Bavaria,Munich,Marketing Manager,Manager,Marketing,4,True,0.67
leojohnson69@icloud.example,35-44,£100k-£150k,NL,South Holland,Rotterdam,Operations Manager,Manager,Operations,5,False,0.76
leoking97@hotmail.example,25-34,£25k-£50k,US,Texas,Austin,Marketing Coordinator,Individual contributor,Marketing,3,True,0.88
leomartin75@icloud.example,35-44,£50k-£100k,UK,North West,Manchester,Head of Marketing,Manager,Marketing,3,False,0.77
leomartin87@outlook.example,18-24,under £25k,US,Washington,Seattle,Student,Student,Student,0,False,0.96
leomiller62@yahoo.example,35-44,£50k-£100k,UK,West Midlands,Birmingham,Sales Manager,Manager,Sales,4,False,0.86
leowalker9329@yahoo.example,25-34,£25k-£50k,DE,Berlin,Berlin,Operations Manager,Manager,Operations,2,False,0.81
leowalker93@yahoo.example,55-64,£100k-£150k,FR,Hauts-de-France,Lille,Operations Manager,Manager,Operations,2,True,0.72
levans698@yahoo.example,25-34,£50k-£100k,DE,Bavaria,Munich,Managing Director,Director or above,Executive,1,True,0.89
lgreen508@hotmail.example,45-54,£100k-£150k,DE,Bavaria,Munich,Marketing Manager,Manager,Marketing,3,False,0.69
lhall697@hotmail.example,25-34,£50k-£100k,UK,North West,Manchester,Operations Manager,Manager,Operations,2,False,0.69
ljansen265@yahoo.example,25-34,£25k-£50k,UK,West Midlands,Birmingham,Analyst,Individual contributor,Operations,1,True,0.75
ljansen629@gmail.example,45-54,£100k-£150k,UK,Yorkshire,Leeds,Chief Revenue Officer,Director or above,Executive,2,True,0.99
lmartin103@yahoo.example,25-34,£25k-£50k,FR,Ile-de-France,Paris,Sales Manager,Manager,Sales,4,True,0.69
lpatel172@outlook.example,18-24,£25k-£50k,US,New York,New York,Student,Student,Student,0,True,0.64
lpatel662@outlook.example,45-54,£50k-£100k,UK,London,London,Marketing Manager,Manager,Marketing,0,False,0.76
lroberts542@yahoo.example,18-24,£25k-£50k,US,Illinois,Chicago,Analyst,Individual contributor,Operations,1,False,0.84
lroberts763@hotmail.example,25-34,under £25k,NL,South Holland,Rotterdam,Marketing Coordinator,Individual contributor,Marketing,3,False,0.81
lschmidt684@outlook.example,25-34,£150k+,UK,West Midlands,Birmingham,VP Marketing,Director or above,Marketing,3,False,0.65
lscott151@outlook.example,25-34,£50k-£100k,NL,North Holland,Amsterdam,Sales Manager,Manager,Sales,1,False,0.95
lsmith050@yahoo.example,18-24,£25k-£50k,DE,Bavaria,Munich,Student,Student,Student,0,True,0.84
ltaylor580@hotmail.example,18-24,£25k-£50k,UK,West Midlands,Birmingham,Marketing Coordinator,Individual contributor,Marketing,5,False,0.73
lthompson429@hotmail.example,25-34,under £25k,FR,Occitanie,Toulouse,Analyst,Individual contributor,Operations,2,True,0.8
lthompson710@gmail.example,25-34,under £25k,UK,North West,Manchester,Analyst,Individual contributor,Operations,1,True,0.65
lucas.anderson@ashford-clinics.example,25-34,£25k-£50k,UK,South West,Bristol,Marketing Coordinator,Individual contributor,Marketing,3,False,0.6
lucas.bakker@yahoo.example,18-24,under £25k,US,California,San Francisco,Student,Student,Student,0,True,0.74
lucas.bernard@marigold-lending.example,25-34,£50k-£100k,DE,Hamburg,Hamburg,Marketing Coordinator,Individual contributor,Marketing,3,False,0.76
lucas.brown@icloud.example,25-34,£25k-£50k,DE,Bavaria,Munich,Marketing Coordinator,Individual contributor,Marketing,2,True,0.84
lucas.clarke@bluebell-finance.example,25-34,£25k-£50k,UK,London,London,Sales Rep,Individual contributor,Sales,1,False,0.93
lucas.clarke@vantage-retail.example,45-54,£100k-£150k,FR,Ile-de-France,Paris,Director of Sales,Director or above,Sales,2,False,0.87
lucas.evans@heron-clinics.example,18-24,under £25k,US,Illinois,Chicago,Student,Student,Student,0,False,0.61
lucas.garcia@evergreen-logistics.example,35-44,under £25k,UK,North West,Manchester,Analyst,Individual contributor,Operations,9,False,0.93
lucas.garcia@icloud.example,35-44,£100k-£150k,UK,North West,Manchester,VP Marketing,Director or above,Marketing,0,True,0.71
lucas.green@brightwater-medical.example,45-54,£100k-£150k,US,California,San Francisco,Sales Manager,Manager,Sales,1,True,0.83
lucas.green@pebble-medical.example,45-54,£50k-£100k,NL,North Brabant,Eindhoven,Marketing Manager,Manager,Marketing,4,True,0.72
lucas.green@willow-care.example,35-44,£25k-£50k,UK,London,London,Operations Manager,Manager,Operations,8,True,0.7
lucas.hall@kelvin-systems.example,35-44,£50k-£100k,NL,North Holland,Amsterdam,Managing Director,Director or above,Executive,1,False,0.89
lucas.jansen@emberly-dental.example,25-34,£25k-£50k,UK,Yorkshire,Leeds,Assistant,Individual contributor,Operations,2,True,0.81
lucas.jansen@pebble-logistics.example,35-44,£50k-£100k,DE,Hamburg,Hamburg,Marketing Manager,Manager,Marketing,0,True,0.6
lucas.jansen@silverline-manufacturing.example,25-34,£25k-£50k,UK,London,London,Assistant,Individual contributor,Operations,7,False,0.93
lucas.johnson@oldfield-works.example,18-24,under £25k,US,Washington,Seattle,Marketing Executive,Individual contributor,Marketing,2,False,0.84
lucas.jones@marigold-systems.example,25-34,£25k-£50k,US,Washington,Seattle,Marketing Executive,Individual contributor,Marketing,6,True,0.74
lucas.khan@marigold-haulage.example,18-24,£25k-£50k,UK,North West,Manchester,Analyst,Individual contributor,Operations,4,False,0.95
lucas.lewis@pinecrest-outfitters.example,25-34,£25k-£50k,US,California,San Francisco,Assistant,Individual contributor,Operations,0,True,0.67
lucas.lewis@quayside-industries.example,18-24,under £25k,DE,Hesse,Frankfurt,Sales Rep,Individual contributor,Sales,0,False,0.6
lucas.lewis@tamarind-digital.example,25-34,£100k-£150k,US,Massachusetts,Boston,Marketing Coordinator,Individual contributor,Marketing,2,True,0.91
lucas.martin@oakridge-freight.example,35-44,£50k-£100k,UK,South West,Bristol,Head of Marketing,Manager,Marketing,2,False,0.98
lucas.miller@falcon-engineering.example,25-34,£100k-£150k,DE,Hamburg,Hamburg,CEO,Director or above,Executive,2,False,0.84
lucas.miller@keystone-couriers.example,25-34,£50k-£100k,US,Washington,Seattle,Marketing Executive,Individual contributor,Marketing,5,False,0.97
lucas.moore@yarrow-couriers.example,35-44,£100k-£150k,NL,South Holland,Rotterdam,Operations Manager,Manager,Operations,0,False,0.67
lucas.muller18@hotmail.example,45-54,£100k-£150k,UK,London,London,Managing Director,Director or above,Executive,2,True,0.96
lucas.muller@oldfield-capital.example,25-34,£50k-£100k,DE,Berlin,Berlin,Demand Gen Manager,Manager,Marketing,0,True,0.84
lucas.patel@cedar-trading.example,35-44,£100k-£150k,UK,Yorkshire,Leeds,Chief Revenue Officer,Director or above,Executive,1,False,0.81
lucas.schmidt@rosewood-associates.example,55-64,£100k-£150k,UK,Yorkshire,Leeds,Marketing Director,Director or above,Marketing,0,False,0.87
lucas.schmidt@yahoo.example,18-24,under £25k,UK,North West,Manchester,Student,Student,Student,0,False,0.93
lucas.smith@granite-components.example,25-34,£25k-£50k,DE,Berlin,Berlin,Sales Rep,Individual contributor,Sales,1,True,0.88
lucas.taylor@hotmail.example,35-44,£25k-£50k,UK,West Midlands,Birmingham,Marketing Coordinator,Individual contributor,Marketing,3,True,0.94
lucas.taylor@norfolk-shipping.example,45-54,£100k-£150k,UK,West Midlands,Birmingham,Director of Sales,Director or above,Sales,1,True,0.94
lucas.taylor@quayside-advisory.example,45-54,£100k-£150k,US,Massachusetts,Boston,Sales Manager,Manager,Sales,0,True,0.66
lucas.taylor@tidewater-fabrication.example,35-44,£100k-£150k,UK,Scotland,Edinburgh,Head of Growth,Manager,Marketing,2,True,0.83
lucas.thompson@cedar-trading.example,35-44,£50k-£100k,UK,North West,Manchester,Demand Gen Manager,Manager,Marketing,2,False,0.96
lucas.weber@aurora-partners.example,35-44,£50k-£100k,UK,Yorkshire,Leeds,Marketing Coordinator,Individual contributor,Marketing,0,False,0.94
lucas.weber@foxglove-data.example,35-44,£100k-£150k,FR,Auvergne-Rhone-Alpes,Lyon,Marketing Manager,Manager,Marketing,2,True,0.78
lucas.white@gmail.example,35-44,£100k-£150k,UK,West Midlands,Birmingham,Demand Gen Manager,Manager,Marketing,2,False,0.6
lucas.white@hotmail.example,25-34,£50k-£100k,UK,Scotland,Edinburgh,Operations Manager,Manager,Operations,3,False,0.67
lucas.white@nettlefield-finance.example,35-44,£25k-£50k,NL,South Holland,Rotterdam,Sales Rep,Individual contributor,Sales,4,True,0.78
lucas.williams@outlook.example,45-54,£100k-£150k,FR,Ile-de-France,Paris,Director of Sales,Director or above,Sales,5,False,0.81
lucas.wilson@stonebridge-legal.example,25-34,under £25k,FR,Occitanie,Toulouse,Marketing Executive,Individual contributor,Marketing,9,False,0.74
lucas.wood@lindenwood-market.example,35-44,£100k-£150k,DE,Bavaria,Munich,Founder,Director or above,Executive,2,True,0.96
lucas.wright@gmail.example,55-64,£150k+,UK,South West,Bristol,Director of Sales,Director or above,Sales,3,False,0.61
lucas.wright@northwind-consulting.example,18-24,£50k-£100k,UK,South West,Bristol,Marketing Coordinator,Individual contributor,Marketing,6,False,0.85
lucas.young@kingsway-couriers.example,35-44,£100k-£150k,DE,Hamburg,Hamburg,Operations Manager,Manager,Operations,3,True,0.78
lucas.young@kingsway-labs.example,25-34,£100k-£150k,US,Illinois,Chicago,Marketing Executive,Individual contributor,Marketing,8,True,0.83
lucas@cedar-insurance.example,45-54,£100k-£150k,US,New York,New York,Operations Manager,Manager,Operations,0,False,0.95
lucas@cobalt-insurance.example,45-54,£150k+,FR,Hauts-de-France,Lille,Chief Revenue Officer,Director or above,Executive,1,True,0.77
lucas@dovecote-outfitters.example,35-44,£50k-£100k,FR,Occitanie,Toulouse,Demand Gen Manager,Manager,Marketing,5,True,0.73
lucas@driftwood-accountants.example,25-34,£25k-£50k,UK,Yorkshire,Leeds,Sales Rep,Individual contributor,Sales,0,False,0.68
lucas@driftwood-education.example,25-34,£25k-£50k,US,New York,New York,Demand Gen Manager,Manager,Marketing,3,False,0.71
lucas@driftwood-lending.example,18-24,under £25k,UK,Scotland,Edinburgh,Marketing Executive,Individual contributor,Marketing,4,False,0.91
lucas@driftwood-shipping.example,35-44,£100k-£150k,DE,Hesse,Frankfurt,VP Marketing,Director or above,Marketing,1,False,0.92
lucas@falcon-haulage.example,35-44,£100k-£150k,UK,London,London,Head of Marketing,Manager,Marketing,1,True,0.8
lucas@fernhill-associates.example,25-34,£100k-£150k,UK,West Midlands,Birmingham,Head of Growth,Manager,Marketing,5,False,0.99
lucas@glenmoor-education.example,45-54,£100k-£150k,UK,West Midlands,Birmingham,Chief Revenue Officer,Director or above,Executive,5,False,0.8
lucas@greystone-associates.example,25-34,£100k-£150k,US,New York,New York,Operations Manager,Manager,Operations,2,False,0.67
lucas@harbour-labs.example,18-24,under £25k,US,Texas,Austin,Student,Student,Student,0,False,0.71
lucas@harbour-training.example,35-44,£50k-£100k,US,New York,New York,CEO,Director or above,Executive,2,False,0.86
lucas@hawthorn-accountants.example,45-54,£50k-£100k,DE,Berlin,Berlin,Head of Marketing,Manager,Marketing,7,True,0.72
lucas@hawthorn-haulage.example,25-34,under £25k,UK,West Midlands,Birmingham,Assistant,Individual contributor,Operations,5,True,0.99
lucas@heron-transport.example,25-34,£50k-£100k,US,Washington,Seattle,Marketing Manager,Manager,Marketing,0,True,0.88
lucas@inkwell-stores.example,35-44,£25k-£50k,US,Illinois,Chicago,Operations Manager,Manager,Operations,12,True,0.69
lucas@inkwell-wealth.example,35-44,£100k-£150k,UK,North West,Manchester,VP Marketing,Director or above,Marketing,1,False,0.81
lucas@ivywood-components.example,45-54,£50k-£100k,US,California,San Francisco,Operations Manager,Manager,Operations,3,False,0.84
lucas@keystone-finance.example,35-44,£50k-£100k,UK,South West,Bristol,Demand Gen Manager,Manager,Marketing,4,False,0.98
lucas@keystone-partners.example,35-44,£100k-£150k,UK,London,London,Head of Growth,Manager,Marketing,8,True,0.81
lucas@lantern-components.example,35-44,£50k-£100k,US,New York,New York,Sales Manager,Manager,Sales,1,True,0.82
lucas@lantern-partners.example,25-34,£150k+,FR,Occitanie,Toulouse,Marketing Director,Director or above,Marketing,0,True,0.75
lucas@lindenwood-insurance.example,45-54,£50k-£100k,UK,London,London,Head of Growth,Manager,Marketing,1,False,0.99
lucas@marigold-goods.example,25-34,£100k-£150k,DE,Hamburg,Hamburg,CEO,Director or above,Executive,5,True,0.82
lucas@marigold-recruitment.example,25-34,£50k-£100k,US,Massachusetts,Boston,Assistant,Individual contributor,Operations,0,False,0.98
lucas@meridian-recruitment.example,45-54,£50k-£100k,DE,Bavaria,Munich,VP Marketing,Director or above,Marketing,2,True,0.75
lucas@meridian-software.example,25-34,under £25k,UK,South West,Bristol,Analyst,Individual contributor,Operations,1,False,0.98
lucas@oakridge-care.example,18-24,under £25k,UK,Scotland,Edinburgh,Sales Rep,Individual contributor,Sales,0,False,0.69
lucas@oldfield-digital.example,35-44,£150k+,UK,South West,Bristol,Chief Revenue Officer,Director or above,Executive,4,True,0.86
lucas@oldfield-medical.example,35-44,£50k-£100k,NL,North Brabant,Eindhoven,VP Marketing,Director or above,Marketing,2,False,0.77
lucas@pebble-finance.example,45-54,£50k-£100k,FR,Auvergne-Rhone-Alpes,Lyon,Marketing Coordinator,Individual contributor,Marketing,3,True,0.86
lucas@pennine-college.example,35-44,£100k-£150k,DE,Bavaria,Munich,Chief Revenue Officer,Director or above,Executive,2,True,0.79
lucas@pinecrest-systems.example,35-44,£100k-£150k,DE,Berlin,Berlin,Head of Marketing,Manager,Marketing,7,True,0.85
lucas@rosewood-manufacturing.example,25-34,£50k-£100k,US,Massachusetts,Boston,Demand Gen Manager,Manager,Marketing,2,False,0.65
lucas@stonebridge-components.example,18-24,under £25k,DE,Bavaria,Munich,Marketing Coordinator,Individual contributor,Marketing,12,False,0.91
lucas@thornbury-data.example,35-44,£50k-£100k,US,New York,New York,Marketing Manager,Manager,Marketing,0,False,0.78
lucas@thornbury-education.example,18-24,under £25k,FR,Ile-de-France,Paris,Marketing Executive,Individual contributor,Marketing,1,False,0.98
lucas@thornbury-goods.example,35-44,£100k-£150k,DE,Hesse,Frankfurt,Chief Revenue Officer,Director or above,Executive,3,True,0.66
lucas@thornbury-outfitters.example,45-54,£150k+,US,Illinois,Chicago,Marketing Director,Director or above,Marketing,2,True,0.66
lucas@umber-outfitters.example,25-34,£150k+,US,Illinois,Chicago,Marketing Director,Director or above,Marketing,0,False,0.98
lucashall54@icloud.example,18-24,under £25k,NL,North Brabant,Eindhoven,Student,Student,Student,0,False,0.75
lucashall75@outlook.example,18-24,£25k-£50k,US,Washington,Seattle,Student,Student,Student,0,True,0.67
lucasjansen52@outlook.example,45-54,£25k-£50k,NL,North Brabant,Eindhoven,Marketing Manager,Manager,Marketing,2,False,0.94
lucaskhan54@icloud.example,35-44,£100k-£150k,UK,West Midlands,Birmingham,VP Marketing,Director or above,Marketing,1,True,0.63
lucaslewis92@icloud.example,18-24,under £25k,UK,South West,Bristol,Student,Student,Student,0,False,0.67
lucasmiller27@outlook.example,35-44,£50k-£100k,US,Illinois,Chicago,Marketing Manager,Manager,Marketing,9,False,0.68
lucasmoore71@yahoo.example,35-44,£50k-£100k,US,New York,New York,Head of Marketing,Manager,Marketing,5,False,0.98
lucasscott60@gmail.example,18-24,under £25k,NL,North Holland,Amsterdam,Student,Student,Student,0,True,0.93
lweber745@icloud.example,25-34,£50k-£100k,DE,Berlin,Berlin,Marketing Manager,Manager,Marketing,3,True,0.9
lwhite136@hotmail.example,45-54,£100k-£150k,UK,Scotland,Edinburgh,VP Marketing,Director or above,Marketing,0,True,0.61
lwhite447@icloud.example,25-34,£25k-£50k,DE,Hesse,Frankfurt,Marketing Executive,Individual contributor,Marketing,4,False,0.88
lwhite700@icloud.example,35-44,£100k-£150k,US,Massachusetts,Boston,CEO,Director or above,Executive,0,True,0.65
lwilliams919@outlook.example,45-54,£50k-£100k,US,Illinois,Chicago,Chief Revenue Officer,Director or above,Executive,2,False,0.78
lwright407@gmail.example,45-54,£50k-£100k,FR,Ile-de-France,Paris,Chief Revenue Officer,Director or above,Executive,3,False,0.93
m.anderson@cobalt-capital.example,18-24,£50k-£100k,FR,Hauts-de-France,Lille,Head of Growth,Manager,Marketing,4,True,0.66
m.anderson@cobalt-shipping.example,35-44,£150k+,UK,London,London,Founder,Director or above,Executive,5,False,0.8
m.anderson@zephyr-health.example,35-44,£25k-£50k,DE,Berlin,Berlin,Assistant,Individual contributor,Operations,5,False,0.77
m.baker@lindenwood-health.example,45-54,£50k-£100k,US,Washington,Seattle,Head of Growth,Manager,Marketing,1,True,0.79
m.baker@thornbury-capital.example,45-54,£150k+,FR,Hauts-de-France,Lille,Marketing Director,Director or above,Marketing,0,True,0.92
m.baker@valley-shipping.example,35-44,£100k-£150k,UK,South West,Bristol,Head of Marketing,Manager,Marketing,2,True,0.63
m.baker@westbrook-retail.example,25-34,£25k-£50k,UK,West Midlands,Birmingham,Marketing Executive,Individual contributor,Marketing,0,False,0.73
m.bakker@keystone-tutors.example,18-24,£25k-£50k,US,Texas,Austin,Sales Manager,Manager,Sales,6,False,0.83
m.bernard@beacon-lending.example,35-44,£50k-£100k,UK,West Midlands,Birmingham,Marketing Executive,Individual contributor,Marketing,5,True,0.61
m.bernard@dovecote-accountants.example,45-54,£100k-£150k,UK,Scotland,Edinburgh,Marketing Director,Director or above,Marketing,0,False,0.97
m.bernard@dovecote-haulage.example,45-54,£50k-£100k,NL,North Holland,Amsterdam,Marketing Manager,Manager,Marketing,0,True,0.98
m.clarke@ashford-partners.example,45-54,£100k-£150k,DE,Hamburg,Hamburg,Chief Revenue Officer,Director or above,Executive,3,False,0.62
m.clarke@keystone-works.example,35-44,£100k-£150k,US,Washington,Seattle,Head of Marketing,Manager,Marketing,0,True,0.69
m.davies@quayside-haulage.example,25-34,£25k-£50k,UK,South West,Bristol,Marketing Coordinator,Individual contributor,Marketing,2,False,0.64
m.devries@nimbus-industries.example,35-44,£100k-£150k,FR,Auvergne-Rhone-Alpes,Lyon,Head of Marketing,Manager,Marketing,4,True,0.83
m.devries@pennine-industries.example,35-44,£150k+,NL,North Holland,Amsterdam,CEO,Director or above,Executive,6,False,0.62
m.dubois@brightwater-retail.example,35-44,£100k-£150k,UK,North West,Manchester,Sales Manager,Manager,Sales,6,True,0.9
m.dubois@ivywood-associates.example,18-24,under £25k,NL,Utrecht,Utrecht,Marketing Coordinator,Individual contributor,Marketing,11,False,0.6
m.dubois@marigold-pharma.example,25-34,£50k-£100k,US,Washington,Seattle,Head of Growth,Manager,Marketing,4,False,0.63
m.dubois@pebble-finance.example,35-44,£100k-£150k,FR,Occitanie,Toulouse,Marketing Director,Director or above,Marketing,4,True,0.68
m.dubois@zephyr-shipping.example,35-44,£150k+,US,Massachusetts,Boston,VP Marketing,Director or above,Marketing,2,False,0.61
m.evans@granite-market.example,18-24,£25k-£50k,UK,South West,Bristol,Marketing Executive,Individual contributor,Marketing,4,False,0.89
m.evans@jasper-labs.example,25-34,£50k-£100k,US,Illinois,Chicago,Assistant,Individual contributor,Operations,6,True,0.73
m.garcia@falcon-haulage.example,35-44,£50k-£100k,UK,South West,Bristol,Marketing Manager,Manager,Marketing,5,True,0.96
m.garcia@foxglove-wealth.example,25-34,£100k-£150k,US,California,San Francisco,Operations Manager,Manager,Operations,3,False,0.79
m.garcia@highgate-lending.example,35-44,£50k-£100k,FR,Auvergne-Rhone-Alpes,Lyon,Operations Manager,Manager,Operations,6,False,0.9
m.garcia@pinecrest-labs.example,35-44,£100k-£150k,US,California,San Francisco,Head of Marketing,Manager,Marketing,5,True,0.91
m.garcia@yarrow-components.example,18-24,under £25k,US,New York,New York,Analyst,Individual contributor,Operations,1,True,0.9
m.green@brightwater-training.example,45-54,£50k-£100k,UK,West Midlands,Birmingham,Director of Sales,Director or above,Sales,1,True,0.91
m.hall@dunmore-stores.example,55-64,£100k-£150k,US,Texas,Austin,CEO,Director or above,Executive,8,True,0.69
m.hall@elmstead-finance.example,55-64,£25k-£50k,US,Illinois,Chicago,Marketing Director,Director or above,Marketing,0,True,0.75
m.hall@pennine-recruitment.example,18-24,£25k-£50k,UK,West Midlands,Birmingham,Marketing Coordinator,Individual contributor,Marketing,4,False,0.98
m.hall@upland-pharma.example,18-24,under £25k,DE,Hamburg,Hamburg,Marketing Coordinator,Individual contributor,Marketing,3,False,0.72
m.hughes@ivywood-legal.example,25-34,£50k-£100k,UK,North West,Manchester,Demand Gen Manager,Manager,Marketing,3,False,0.88
m.hughes@redwood-care.example,45-54,£100k-£150k,UK,London,London,Founder,Director or above,Executive,6,False,0.7
m.hughes@umber-cloud.example,25-34,£50k-£100k,UK,London,London,Demand Gen Manager,Manager,Marketing,1,False,0.96
m.hughes@upland-capital.example,35-44,£100k-£150k,US,New York,New York,Marketing Manager,Manager,Marketing,6,False,0.84
m.jansen@harbour-systems.example,25-34,£25k-£50k,UK,Scotland,Edinburgh,Analyst,Individual contributor,Operations,1,False,0.63
m.jansen@nettlefield-medical.example,45-54,£150k+,DE,Hamburg,Hamburg,Managing Director,Director or above,Executive,7,True,0.93
m.jansen@upland-pharma.example,18-24,under £25k,DE,Bavaria,Munich,Assistant,Individual contributor,Operations,6,False,0.68
m.johnson@brightwater-tutors.example,25-34,£100k-£150k,US,New York,New York,Head of Growth,Manager,Marketing,3,True,0.79
m.johnson@glenmoor-education.example,25-34,£25k-£50k,UK,West Midlands,Birmingham,Sales Manager,Manager,Sales,3,True,0.83
m.johnson@kestrel-goods.example,35-44,£50k-£100k,DE,Berlin,Berlin,Sales Manager,Manager,Sales,2,True,0.89
m.johnson@moorland-recruitment.example,25-34,£25k-£50k,US,Texas,Austin,Marketing Executive,Individual contributor,Marketing,6,False,0.98
m.jones@granite-components.example,25-34,£25k-£50k,DE,Bavaria,Munich,Sales Rep,Individual contributor,Sales,7,False,0.94
m.jones@hawthorn-partners.example,25-34,under £25k,US,Illinois,Chicago,Analyst,Individual contributor,Operations,3,False,0.88
m.jones@heron-legal.example,25-34,£25k-£50k,US,Texas,Austin,Marketing Coordinator,Individual contributor,Marketing,7,False,0.67
m.jones@marigold-pharma.example,35-44,£150k+,US,California,San Francisco,Head of Marketing,Manager,Marketing,9,False,0.62
m.jones@yarrow-academy.example,35-44,£25k-£50k,UK,South West,Bristol,Sales Manager,Manager,Sales,2,True,0.64
m.khan@granite-clinics.example,25-34,£50k-£100k,US,Washington,Seattle,Demand Gen Manager,Manager,Marketing,3,True,0.96
m.khan@vantage-market.example,35-44,£50k-£100k,FR,Hauts-de-France,Lille,Demand Gen Manager,Manager,Marketing,4,False,0.73
m.king@nimbus-logistics.example,35-44,£50k-£100k,US,Texas,Austin,Marketing Executive,Individual contributor,Marketing,1,True,0.67
m.king@umber-digital.example,25-34,£50k-£100k,FR,Hauts-de-France,Lille,Marketing Coordinator,Individual contributor,Marketing,9,False,0.73
m.martin@aurora-partners.example,25-34,£25k-£50k,UK,South West,Bristol,Assistant,Individual contributor,Operations,3,False,0.67
m.martin@moorland-clinics.example,25-34,£100k-£150k,US,Washington,Seattle,Head of Marketing,Manager,Marketing,5,False,0.96
m.martin@saltmarsh-manufacturing.example,35-44,£100k-£150k,UK,London,London,Marketing Director,Director or above,Marketing,0,True,0.75
m.miller@dunmore-consulting.example,25-34,under £25k,US,Massachusetts,Boston,Analyst,Individual contributor,Operations,1,True,0.82
m.miller@granite-learning.example,35-44,£25k-£50k,UK,Scotland,Edinburgh,Operations Manager,Manager,Operations,1,False,0.64
m.miller@tamarind-academy.example,18-24,£25k-£50k,US,Texas,Austin,Analyst,Individual contributor,Operations,0,False,0.79
m.moore@vantage-academy.example,45-54,£50k-£100k,DE,Bavaria,Munich,CEO,Director or above,Executive,4,False,0.72
m.muller@ivywood-outfitters.example,18-24,£25k-£50k,UK,London,London,Assistant,Individual contributor,Operations,3,True,0.78
m.muller@lantern-engineering.example,18-24,£25k-£50k,DE,Bavaria,Munich,Sales Rep,Individual contributor,Sales,5,True,0.68
m.muller@nettlefield-data.example,25-34,£25k-£50k,FR,Occitanie,Toulouse,Marketing Executive,Individual contributor,Marketing,1,False,0.78
m.muller@oakridge-couriers.example,45-54,£25k-£50k,FR,Ile-de-France,Paris,Marketing Executive,Individual contributor,Marketing,3,True,0.72
m.murphy@beacon-education.example,35-44,£50k-£100k,NL,Utrecht,Utrecht,Head of Growth,Manager,Marketing,3,False,0.67
m.murphy@ivywood-finance.example,35-44,£25k-£50k,FR,Auvergne-Rhone-Alpes,Lyon,Head of Marketing,Manager,Marketing,7,False,0.62
m.murphy@orchard-retail.example,65+,£100k-£150k,NL,North Brabant,Eindhoven,Director of Sales,Director or above,Sales,2,True,0.97
m.murphy@stonebridge-couriers.example,35-44,£100k-£150k,US,Texas,Austin,Sales Manager,Manager,Sales,7,False,0.68
m.patel@pennine-college.example,25-34,£25k-£50k,DE,Hamburg,Hamburg,Head of Marketing,Manager,Marketing,10,False,0.76
m.patel@tidewater-health.example,25-34,£50k-£100k,DE,Hamburg,Hamburg,Sales Manager,Manager,Sales,4,False,0.94
m.patel@westbrook-partners.example,25-34,£25k-£50k,FR,Occitanie,Toulouse,Sales Rep,Individual contributor,Sales,1,False,0.92
m.roberts@larkspur-clinics.example,18-24,£50k-£100k,US,Washington,Seattle,Sales Rep,Individual contributor,Sales,9,False,0.61
m.roberts@norfolk-haulage.example,25-34,£50k-£100k,US,New York,New York,Sales Manager,Manager,Sales,4,True,0.67
m.roberts@saltmarsh-consulting.example,35-44,£100k-£150k,NL,North Holland,Amsterdam,Marketing Manager,Manager,Marketing,10,False,0.65
m.schmidt@greystone-haulage.example,18-24,under £25k,DE,Bavaria,Munich,Assistant,Individual contributor,Operations,4,False,0.8
m.schmidt@highgate-capital.example,35-44,£50k-£100k,UK,London,London,VP Marketing,Director or above,Marketing,1,True,0.92
m.schmidt@riverside-components.example,35-44,£150k+,US,Illinois,Chicago,Marketing Manager,Manager,Marketing,5,True,0.79
m.schmidt@yarrow-college.example,25-34,£50k-£100k,NL,Utrecht,Utrecht,Analyst,Individual contributor,Operations,0,False,0.93
m.scott@ashford-education.example,45-54,£50k-£100k,UK,Scotland,Edinburgh,Founder,Director or above,Executive,3,False,0.6
m.scott@bluebell-health.example,35-44,£100k-£150k,US,New York,New York,Sales Manager,Manager,Sales,1,False,0.89
m.scott@driftwood-advisory.example,25-34,£150k+,US,Washington,Seattle,Managing Director,Director or above,Executive,7,False,0.92
m.scott@granite-learning.example,35-44,£50k-£100k,UK,North West,Manchester,Analyst,Individual contributor,Operations,2,False,0.95
m.scott@meridian-legal.example,35-44,£25k-£50k,US,Washington,Seattle,Sales Rep,Individual contributor,Sales,14,True,0.88
m.scott@oldfield-industries.example,35-44,£25k-£50k,UK,London,London,Sales Rep,Individual contributor,Sales,0,False,0.71
m.smith@hawthorn-tutors.example,18-24,under £25k,US,Texas,Austin,Assistant,Individual contributor,Operations,4,True,0.62
m.smith@inkwell-stores.example,25-34,under £25k,US,Washington,Seattle,Assistant,Individual contributor,Operations,0,False,0.77
m.smith@pebble-retail.example,25-34,£100k-£150k,FR,Hauts-de-France,Lille,Marketing Director,Director or above,Marketing,5,False,0.6
m.taylor@emberly-works.example,25-34,£25k-£50k,DE,Bavaria,Munich,Analyst,Individual contributor,Operations,1,False,0.67
m.thompson@bluebell-fabrication.example,35-44,£50k-£100k,DE,Bavaria,Munich,Head of Marketing,Manager,Marketing,2,False,0.94
m.thompson@saltmarsh-software.example,25-34,£50k-£100k,UK,South West,Bristol,Head of Growth,Manager,Marketing,1,True,0.75
m.walker@jasper-shipping.example,35-44,£50k-£100k,US,Texas,Austin,Head of Marketing,Manager,Marketing,3,True,0.63
m.walker@meridian-accountants.example,35-44,£100k-£150k,FR,Auvergne-Rhone-Alpes,Lyon,Operations Manager,Manager,Operations,3,False,0.99
m.walker@pennine-shipping.example,35-44,£50k-£100k,US,Illinois,Chicago,Marketing Director,Director or above,Marketing,2,False,0.72
m.walker@yarrow-manufacturing.example,55-64,£150k+,UK,North West,Manchester,Chief Revenue Officer,Director or above,Executive,8,True,0.88
m.weber@beacon-medical.example,55-64,£150k+,FR,Auvergne-Rhone-Alpes,Lyon,Founder,Director or above,Executive,6,True,0.96
m.weber@highgate-care.example,35-44,£25k-£50k,US,Texas,Austin,Assistant,Individual contributor,Operations,1,True,0.88
m.weber@lantern-partners.example,45-54,£100k-£150k,FR,Ile-de-France,Paris,CEO,Director or above,Executive,4,True,0.82
m.weber@nimbus-outfitters.example,45-54,£150k+,US,Illinois,Chicago,Managing Director,Director or above,Executive,1,True,0.88
m.white@alder-academy.example,35-44,£50k-£100k,UK,South West,Bristol,Sales Rep,Individual contributor,Sales,5,False,0.7
m.white@evergreen-college.example,25-34,£25k-£50k,FR,Hauts-de-France,Lille,Assistant,Individual contributor,Operations,1,True,0.92
m.white@glenmoor-market.example,25-34,£50k-£100k,US,Washington,Seattle,Head of Marketing,Manager,Marketing,2,False,0.68
m.white@kestrel-finance.example,35-44,£25k-£50k,US,New York,New York,Demand Gen Manager,Manager,Marketing,2,True,0.72
m.white@norfolk-transport.example,25-34,£25k-£50k,UK,South West,Bristol,Marketing Coordinator,Individual contributor,Marketing,3,True,0.77
m.williams@oakridge-lending.example,55-64,£100k-£150k,US,Washington,Seattle,Chief Revenue Officer,Director or above,Executive,0,True,0.86
m.williams@oakridge-shipping.example,45-54,£150k+,US,Washington,Seattle,Managing Director,Director or above,Executive,0,False,0.69
m.williams@stonebridge-software.example,35-44,£50k-£100k,US,Massachusetts,Boston,Head of Marketing,Manager,Marketing,2,True,0.78
m.williams@umber-retail.example,18-24,£25k-£50k,UK,Scotland,Edinburgh,Sales Rep,Individual contributor,Sales,1,False,0.68
m.wilson@ashford-recruitment.example,18-24,£50k-£100k,US,New York,New York,Sales Rep,Individual contributor,Sales,5,False,0.99
m.wilson@driftwood-associates.example,45-54,£100k-£150k,US,Illinois,Chicago,Managing Director,Director or above,Executive,5,True,0.61
m.wilson@highgate-insurance.example,25-34,£25k-£50k,US,Massachusetts,Boston,Marketing Executive,Individual contributor,Marketing,3,False,0.77
m.wilson@inkwell-pharma.example,25-34,£50k-£100k,FR,Ile-de-France,Paris,Marketing Coordinator,Individual contributor,Marketing,2,False,0.85
m.wilson@yarrow-capital.example,25-34,£25k-£50k,UK,South West,Bristol,Analyst,Individual contributor,Operations,0,False,0.78
m.wood@bluebell-care.example,35-44,£25k-£50k,UK,North West,Manchester,Sales Rep,Individual contributor,Sales,1,True,0.6
m.wood@evergreen-retail.example,35-44,£100k-£150k,US,Massachusetts,Boston,Demand Gen Manager,Manager,Marketing,1,False,0.65
m.wood@lantern-market.example,25-34,£50k-£100k,US,Texas,Austin,Marketing Manager,Manager,Marketing,2,True,0.98
m.wood@oldfield-recruitment.example,35-44,£25k-£50k,US,Texas,Austin,Demand Gen Manager,Manager,Marketing,1,False,0.72
m.wood@pebble-lending.example,25-34,£50k-£100k,UK,Scotland,Edinburgh,Head of Growth,Manager,Marketing,4,False,0.81
m.wood@redwood-legal.example,45-54,£100k-£150k,NL,Utrecht,Utrecht,Head of Growth,Manager,Marketing,4,True,0.83
m.wood@tamarind-components.example,45-54,£50k-£100k,US,New York,New York,Chief Revenue Officer,Director or above,Executive,1,True,0.63
m.wright@hawthorn-shipping.example,35-44,£25k-£50k,FR,Hauts-de-France,Lille,Analyst,Individual contributor,Operations,5,True,0.66
m.wright@ivywood-legal.example,35-44,£50k-£100k,UK,South West,Bristol,Head of Marketing,Manager,Marketing,5,True,0.8
m.wright@riverside-partners.example,25-34,£25k-£50k,UK,North West,Manchester,Marketing Executive,Individual contributor,Marketing,2,True,0.67
m.young@driftwood-training.example,45-54,£150k+,UK,South West,Bristol,Managing Director,Director or above,Executive,1,False,0.96
m.young@lindenwood-logistics.example,25-34,£25k-£50k,UK,Scotland,Edinburgh,Marketing Coordinator,Individual contributor,Marketing,6,False,0.65
maya.baker@jasper-associates.example,35-44,£25k-£50k,NL,South Holland,Rotterdam,Analyst,Individual contributor,Operations,0,True,0.76
maya.baker@upland-components.example,25-34,£25k-£50k,FR,Auvergne-Rhone-Alpes,Lyon,Marketing Coordinator,Individual contributor,Marketing,6,True,0.74
maya.bakker@dovecote-couriers.example,25-34,£25k-£50k,UK,Scotland,Edinburgh,Analyst,Individual contributor,Operations,7,True,0.96
maya.bakker@moorland-digital.example,45-54,£50k-£100k,UK,London,London,Sales Manager,Manager,Sales,9,True,0.92
maya.bakker@tamarind-academy.example,25-34,£50k-£100k,US,Washington,Seattle,Sales Rep,Individual contributor,Sales,4,False,0.66
maya.devries@bramble-retail.example,35-44,£150k+,NL,South Holland,Rotterdam,Marketing Director,Director or above,Marketing,4,True,0.91
maya.dubois@ivywood-legal.example,25-34,£100k-£150k,UK,London,London,Marketing Director,Director or above,Marketing,0,True,0.94
maya.evans@upland-legal.example,25-34,under £25k,UK,London,London,Marketing Coordinator,Individual contributor,Marketing,1,True,0.63
maya.evans@upland-shipping.example,35-44,£50k-£100k,US,Texas,Austin,Head of Marketing,Manager,Marketing,0,True,0.74
maya.green@beacon-systems.example,35-44,£50k-£100k,UK,West Midlands,Birmingham,Demand Gen Manager,Manager,Marketing,5,False,0.88
maya.green@evergreen-components.example,45-54,£150k+,NL,North Holland,Amsterdam,Chief Revenue Officer,Director or above,Executive,3,True,0.88
maya.green@ironbridge-care.example,25-34,under £25k,UK,Yorkshire,Leeds,Marketing Executive,Individual contributor,Marketing,4,False,0.91
maya.hall@hotmail.example,35-44,£25k-£50k,NL,Utrecht,Utrecht,Sales Rep,Individual contributor,Sales,8,False,0.78
maya.hall@zephyr-software.example,55-64,£100k-£150k,US,New York,New York,Sales Manager,Manager,Sales,1,True,0.62
maya.hughes@oldfield-legal.example,45-54,£150k+,NL,North Brabant,Eindhoven,Marketing Director,Director or above,Marketing,8,False,0.67
maya.jones@evergreen-stores.example,18-24,£25k-£50k,FR,Auvergne-Rhone-Alpes,Lyon,Marketing Executive,Individual contributor,Marketing,8,True,0.9
maya.king@pinecrest-freight.example,45-54,£100k-£150k,FR,Occitanie,Toulouse,Director of Sales,Director or above,Sales,2,True,0.71
maya.lewis@lantern-medical.example,25-34,£50k-£100k,UK,West Midlands,Birmingham,Operations Manager,Manager,Operations,8,False,0.81
maya.lewis@quartz-freight.example,35-44,£50k-£100k,UK,Scotland,Edinburgh,Marketing Manager,Manager,Marketing,3,True,0.87
maya.martin34@outlook.example,25-34,£100k-£150k,UK,Scotland,Edinburgh,Marketing Manager,Manager,Marketing,2,False,0.98
maya.martin@gmail.example,35-44,£100k-£150k,UK,Yorkshire,Leeds,Operations Manager,Manager,Operations,14,True,0.7
maya.martin@rosewood-transport.example,55-64,£100k-£150k,UK,Yorkshire,Leeds,CEO,Director or above,Executive,3,False,0.87
maya.martin@stonebridge-software.example,25-34,£50k-£100k,US,New York,New York,Assistant,Individual contributor,Operations,0,True,0.87
maya.martin@yahoo.example,25-34,under £25k,NL,North Holland,Amsterdam,Marketing Executive,Individual contributor,Marketing,7,True,0.81
maya.miller@yahoo.example,25-34,£25k-£50k,DE,Hesse,Frankfurt,Student,Student,Student,0,False,0.86
maya.moore@dunmore-care.example,35-44,£50k-£100k,FR,Occitanie,Toulouse,Sales Manager,Manager,Sales,1,True,0.82
maya.murphy@valley-retail.example,35-44,£25k-£50k,FR,Ile-de-France,Paris,Sales Rep,Individual contributor,Sales,1,True,0.92
maya.patel@ironbridge-data.example,35-44,£50k-£100k,UK,Yorkshire,Leeds,Head of Growth,Manager,Marketing,7,True,0.8
maya.roberts@kelvin-wealth.example,25-34,£50k-£100k,NL,Utrecht,Utrecht,Operations Manager,Manager,Operations,8,True,0.78
maya.schmidt@meridian-software.example,45-54,£100k-£150k,UK,Scotland,Edinburgh,Marketing Director,Director or above,Marketing,2,True,0.81
maya.schmidt@upland-stores.example,35-44,£25k-£50k,UK,Scotland,Edinburgh,Marketing Executive,Individual contributor,Marketing,2,True,0.87
maya.scott@kelvin-college.example,45-54,£50k-£100k,UK,Scotland,Edinburgh,Operations Manager,Manager,Operations,9,False,0.77
maya.smith@silverline-clinics.example,45-54,£100k-£150k,FR,Occitanie,Toulouse,CEO,Director or above,Executive,6,False,0.98
maya.taylor@beacon-lending.example,35-44,£50k-£100k,UK,London,London,Demand Gen Manager,Manager,Marketing,2,True,0.92
maya.taylor@zephyr-recruitment.example,35-44,£100k-£150k,US,Massachusetts,Boston,Operations Manager,Manager,Operations,1,False,0.79
maya.walker@icloud.example,45-54,£50k-£100k,UK,Scotland,Edinburgh,Marketing Director,Director or above,Marketing,0,True,0.76
maya.walker@larkspur-haulage.example,25-34,£50k-£100k,UK,South West,Bristol,Head of Growth,Manager,Marketing,3,True,0.83
maya.walker@nimbus-fabrication.example,25-34,£25k-£50k,UK,Yorkshire,Leeds,Assistant,Individual contributor,Operations,6,False,0.93
maya.weber@ashford-freight.example,25-34,£50k-£100k,FR,Ile-de-France,Paris,Head of Growth,Manager,Marketing,1,False,0.99
maya.white@heron-works.example,25-34,£50k-£100k,US,New York,New York,Head of Marketing,Manager,Marketing,0,False,0.88
maya.white@jasper-works.example,18-24,£25k-£50k,UK,West Midlands,Birmingham,Marketing Coordinator,Individual contributor,Marketing,8,False,0.97
maya.williams@outlook.example,45-54,£100k-£150k,FR,Ile-de-France,Paris,CEO,Director or above,Executive,8,False,0.83
maya.williams@tamarind-academy.example,25-34,£50k-£100k,US,Washington,Seattle,Analyst,Individual contributor,Operations,3,True,0.66
maya.wilson@juniper-cloud.example,35-44,£25k-£50k,FR,Occitanie,Toulouse,Marketing Manager,Manager,Marketing,0,True,0.72
maya.wood@cedar-advisory.example,35-44,£25k-£50k,NL,South Holland,Rotterdam,Marketing Director,Director or above,Marketing,10,True,0.68
maya.wright@bluebell-couriers.example,35-44,£50k-£100k,US,Texas,Austin,Operations Manager,Manager,Operations,5,True,0.89
maya.wright@riverside-digital.example,35-44,£50k-£100k,UK,North West,Manchester,Sales Manager,Manager,Sales,2,False,0.89
maya@alder-trading.example,45-54,£150k+,UK,West Midlands,Birmingham,Founder,Director or above,Executive,1,False,0.86
maya@ashford-accountants.example,25-34,£50k-£100k,NL,North Brabant,Eindhoven,Analyst,Individual contributor,Operations,13,False,0.92
maya@ashford-market.example,35-44,£25k-£50k,DE,Hesse,Frankfurt,Assistant,Individual contributor,Operations,15,False,0.71
maya@ashford-tutors.example,25-34,£25k-£50k,DE,Hamburg,Hamburg,Marketing Executive,Individual contributor,Marketing,3,False,0.98
maya@beacon-lending.example,25-34,£50k-£100k,UK,North West,Manchester,Assistant,Individual contributor,Operations,6,True,0.62
maya@bluebell-finance.example,35-44,£50k-£100k,UK,North West,Manchester,Analyst,Individual contributor,Operations,11,False,0.89
maya@bramble-associates.example,45-54,£50k-£100k,UK,Scotland,Edinburgh,Head of Marketing,Manager,Marketing,5,True,0.64
maya@bramble-manufacturing.example,25-34,under £25k,UK,London,London,Marketing Coordinator,Individual contributor,Marketing,3,True,0.83
maya@clearwater-engineering.example,25-34,£50k-£100k,DE,Berlin,Berlin,Sales Manager,Manager,Sales,4,False,0.63
maya@cobalt-engineering.example,25-34,£25k-£50k,US,California,San Francisco,Head of Growth,Manager,Marketing,5,False,0.81
maya@driftwood-industries.example,55-64,£100k-£150k,UK,South West,Bristol,Chief Revenue Officer,Director or above,Executive,0,True,0.82
maya@elmstead-couriers.example,45-54,£100k-£150k,NL,South Holland,Rotterdam,Founder,Director or above,Executive,11,True,0.9
maya@emberly-partners.example,35-44,£50k-£100k,NL,Utrecht,Utrecht,Sales Manager,Manager,Sales,3,True,0.91
maya@greystone-outfitters.example,35-44,£100k-£150k,US,Washington,Seattle,Managing Director,Director or above,Executive,2,False,0.93
maya@heron-components.example,18-24,£25k-£50k,UK,South West,Bristol,Marketing Coordinator,Individual contributor,Marketing,8,False,0.64
maya@highgate-transport.example,25-34,£100k-£150k,UK,West Midlands,Birmingham,VP Marketing,Director or above,Marketing,1,False,0.66
maya@ivywood-accountants.example,25-34,£25k-£50k,US,California,San Francisco,Assistant,Individual contributor,Operations,4,False,0.62
maya@jasper-wealth.example,25-34,£25k-£50k,NL,North Brabant,Eindhoven,Marketing Executive,Individual contributor,Marketing,1,False,0.63
maya@kelvin-college.example,45-54,£100k-£150k,UK,West Midlands,Birmingham,Chief Revenue Officer,Director or above,Executive,7,False,0.88
maya@keystone-data.example,25-34,£50k-£100k,NL,North Holland,Amsterdam,Assistant,Individual contributor,Operations,1,True,0.6
maya@lantern-training.example,35-44,£50k-£100k,US,Washington,Seattle,Marketing Director,Director or above,Marketing,4,False,0.86
maya@marigold-learning.example,35-44,£100k-£150k,US,Illinois,Chicago,Sales Rep,Individual contributor,Sales,1,False,0.72
maya@marigold-transport.example,55-64,£50k-£100k,DE,Berlin,Berlin,Founder,Director or above,Executive,6,False,0.79
maya@meridian-wealth.example,35-44,£50k-£100k,DE,Berlin,Berlin,Operations Manager,Manager,Operations,6,False,0.77
maya@nettlefield-goods.example,45-54,£25k-£50k,US,Texas,Austin,Marketing Manager,Manager,Marketing,1,True,0.75
maya@norfolk-systems.example,25-34,£50k-£100k,FR,Occitanie,Toulouse,Head of Growth,Manager,Marketing,1,True,0.88
maya@northwind-legal.example,45-54,£50k-£100k,US,California,San Francisco,Operations Manager,Manager,Operations,4,False,0.75
maya@orchard-tutors.example,35-44,£50k-£100k,UK,Scotland,Edinburgh,Marketing Manager,Manager,Marketing,6,False,0.77
maya@quartz-manufacturing.example,25-34,£50k-£100k,NL,North Brabant,Eindhoven,Head of Growth,Manager,Marketing,3,True,0.67
maya@quayside-data.example,35-44,£50k-£100k,DE,Hamburg,Hamburg,Head of Growth,Manager,Marketing,3,True,0.99
maya@redwood-accountants.example,45-54,£25k-£50k,DE,Bavaria,Munich,Marketing Executive,Individual contributor,Marketing,1,True,0.97
maya@redwood-cloud.example,25-34,£25k-£50k,US,Texas,Austin,Marketing Coordinator,Individual contributor,Marketing,0,True,0.77
maya@redwood-haulage.example,18-24,£50k-£100k,NL,North Brabant,Eindhoven,Sales Rep,Individual contributor,Sales,9,False,0.61
maya@redwood-lending.example,35-44,£50k-£100k,UK,Yorkshire,Leeds,Managing Director,Director or above,Executive,5,True,0.7
maya@riverside-legal.example,35-44,£50k-£100k,FR,Occitanie,Toulouse,Managing Director,Director or above,Executive,2,True,0.71
maya@vantage-college.example,18-24,£25k-£50k,UK,North West,Manchester,Analyst,Individual contributor,Operations,14,False,0.98
maya@vantage-dental.example,35-44,£150k+,US,California,San Francisco,Chief Revenue Officer,Director or above,Executive,1,True,0.88
maya@vantage-finance.example,35-44,£50k-£100k,DE,Berlin,Berlin,Demand Gen Manager,Manager,Marketing,7,False,0.96
maya@westbrook-health.example,25-34,£100k-£150k,US,Illinois,Chicago,Head of Marketing,Manager,Marketing,2,False,0.91
maya@westbrook-learning.example,25-34,£50k-£100k,US,Massachusetts,Boston,Marketing Executive,Individual contributor,Marketing,1,False,0.9
maya@yarrow-academy.example,25-34,£50k-£100k,UK,North West,Manchester,Head of Growth,Manager,Marketing,1,True,0.8
maya@yarrow-learning.example,35-44,£50k-£100k,US,California,San Francisco,Assistant,Individual contributor,Operations,1,False,0.7
maya@zephyr-college.example,25-34,under £25k,NL,South Holland,Rotterdam,Sales Rep,Individual contributor,Sales,2,False,0.6
mayakhan62@outlook.example,25-34,£50k-£100k,US,Illinois,Chicago,Marketing Coordinator,Individual contributor,Marketing,7,True,0.77
mayalewis19@outlook.example,35-44,£50k-£100k,UK,Scotland,Edinburgh,Sales Manager,Manager,Sales,0,True,0.82
mayamoore75@yahoo.example,35-44,£150k+,US,New York,New York,Director of Sales,Director or above,Sales,5,True,0.81
mayamuller41@outlook.example,18-24,£25k-£50k,US,Massachusetts,Boston,Sales Rep,Individual contributor,Sales,2,False,0.83
mayamurphy6133@yahoo.example,18-24,under £25k,UK,North West,Manchester,Student,Student,Student,0,False,0.92
mayascott09@icloud.example,35-44,£25k-£50k,DE,Bavaria,Munich,Head of Growth,Manager,Marketing,3,False,0.86
mayaweber77@yahoo.example,18-24,under £25k,FR,Hauts-de-France,Lille,Student,Student,Student,0,False,0.68
mayawilliams60@icloud.example,25-34,under £25k,UK,South West,Bristol,Marketing Coordinator,Individual contributor,Marketing,3,False,0.92
mayawilson31@hotmail.example,18-24,£25k-£50k,UK,Scotland,Edinburgh,Student,Student,Student,0,False,0.87
mayawright45@yahoo.example,45-54,£100k-£150k,US,Washington,Seattle,Assistant,Individual contributor,Operations,2,True,0.65
mayayoung23@outlook.example,25-34,£25k-£50k,FR,Auvergne-Rhone-Alpes,Lyon,Analyst,Individual contributor,Operations,1,True,0.73
mbrown536@outlook.example,25-34,£100k-£150k,NL,South Holland,Rotterdam,Sales Manager,Manager,Sales,0,True,0.65
mbrown579@outlook.example,25-34,under £25k,UK,Scotland,Edinburgh,Student,Student,Student,0,False,0.91
megan.bakker@granite-insurance.example,35-44,£50k-£100k,UK,South West,Bristol,Sales Manager,Manager,Sales,22,True,0.98
megan.bakker@lantern-partners.example,25-34,£25k-£50k,FR,Hauts-de-France,Lille,Marketing Executive,Individual contributor,Marketing,0,False,0.89
megan.bakker@yahoo.example,25-34,£50k-£100k,US,New York,New York,Marketing Executive,Individual contributor,Marketing,6,False,0.83
megan.bernard@cobalt-shipping.example,18-24,£25k-£50k,UK,Yorkshire,Leeds,Student,Student,Student,0,False,0.72
megan.clarke@bramble-haulage.example,25-34,£25k-£50k,UK,West Midlands,Birmingham,Marketing Coordinator,Individual contributor,Marketing,6,True,0.63
megan.clarke@riverside-manufacturing.example,25-34,£25k-£50k,FR,Hauts-de-France,Lille,Marketing Coordinator,Individual contributor,Marketing,1,False,0.72
megan.devries@kelvin-engineering.example,35-44,£50k-£100k,UK,Scotland,Edinburgh,Head of Marketing,Manager,Marketing,4,False,0.87
megan.devries@quartz-education.example,18-24,£50k-£100k,UK,South West,Bristol,Marketing Executive,Individual contributor,Marketing,1,False,0.79
megan.evans@rosewood-goods.example,25-34,under £25k,UK,West Midlands,Birmingham,Marketing Executive,Individual contributor,Marketing,2,False,0.92
megan.garcia@kingsway-college.example,35-44,£100k-£150k,US,Illinois,Chicago,Operations Manager,Manager,Operations,2,True,0.7
megan.hall@granite-industries.example,35-44,£50k-£100k,UK,North West,Manchester,Marketing Manager,Manager,Marketing,1,False,0.87
megan.king@nettlefield-systems.example,35-44,£50k-£100k,UK,London,London,Demand Gen Manager,Manager,Marketing,2,False,0.89
megan.moore@greystone-transport.example,45-54,£100k-£150k,US,California,San Francisco,Operations Manager,Manager,Operations,10,False,0.89
megan.moore@thornbury-shipping.example,45-54,£50k-£100k,UK,Yorkshire,Leeds,Sales Manager,Manager,Sales,4,True,0.99
megan.muller@willow-retail.example,55-64,£100k-£150k,US,California,San Francisco,VP Marketing,Director or above,Marketing,0,True,0.7
megan.murphy@beacon-lending.example,35-44,£50k-£100k,UK,North West,Manchester,Sales Manager,Manager,Sales,0,True,0.63
megan.murphy@beacon-medical.example,18-24,£50k-£100k,FR,Auvergne-Rhone-Alpes,Lyon,Analyst,Individual contributor,Operations,6,False,0.65
megan.murphy@cobalt-fabrication.example,55-64,£50k-£100k,UK,Yorkshire,Leeds,Managing Director,Director or above,Executive,11,False,0.65
megan.murphy@norfolk-pharma.example,35-44,£50k-£100k,NL,North Holland,Amsterdam,Head of Marketing,Manager,Marketing,5,True,0.74
megan.murphy@pennine-market.example,45-54,£50k-£100k,FR,Hauts-de-France,Lille,Marketing Coordinator,Individual contributor,Marketing,3,False,0.63
megan.patel@driftwood-medical.example,35-44,£100k-£150k,US,New York,New York,Operations Manager,Manager,Operations,5,False,0.92
megan.roberts@kestrel-works.example,45-54,£150k+,UK,London,London,Founder,Director or above,Executive,7,False,0.74
megan.roberts@westbrook-college.example,25-34,under £25k,US,Texas,Austin,Assistant,Individual contributor,Operations,1,False,0.7
megan.schmidt@outlook.example,25-34,£50k-£100k,UK,Yorkshire,Leeds,Head of Marketing,Manager,Marketing,15,False,0.93
megan.scott@hotmail.example,18-24,under £25k,UK,Scotland,Edinburgh,Student,Student,Student,0,False,0.82
megan.scott@icloud.example,25-34,£25k-£50k,FR,Occitanie,Toulouse,Analyst,Individual contributor,Operations,13,False,0.61
megan.scott@thornbury-health.example,25-34,£100k-£150k,US,New York,New York,Demand Gen Manager,Manager,Marketing,1,False,0.79
megan.taylor@keystone-medical.example,25-34,£25k-£50k,UK,Yorkshire,Leeds,Analyst,Individual contributor,Operations,1,True,0.89
megan.taylor@lindenwood-advisory.example,25-34,under £25k,DE,Bavaria,Munich,Marketing Coordinator,Individual contributor,Marketing,2,True,0.88
megan.thompson@dovecote-health.example,45-54,£150k+,UK,Scotland,Edinburgh,Managing Director,Director or above,Executive,4,True,0.73
megan.thompson@keystone-academy.example,55-64,£100k-£150k,UK,West Midlands,Birmingham,Founder,Director or above,Executive,3,True,0.98
megan.walker@evergreen-components.example,25-34,£100k-£150k,NL,North Holland,Amsterdam,Director of Sales,Director or above,Sales,4,False,0.93
megan.walker@westbrook-clinics.example,35-44,£25k-£50k,DE,Berlin,Berlin,Assistant,Individual contributor,Operations,0,True,0.79
megan.white@fernhill-finance.example,45-54,£50k-£100k,UK,West Midlands,Birmingham,Head of Marketing,Manager,Marketing,8,False,0.73
megan.white@oldfield-recruitment.example,18-24,£50k-£100k,US,Illinois,Chicago,Marketing Executive,Individual contributor,Marketing,0,False,0.6
megan.williams@gmail.example,45-54,£150k+,US,Washington,Seattle,Demand Gen Manager,Manager,Marketing,2,False,0.68
megan.wilson@meridian-engineering.example,25-34,£25k-£50k,FR,Ile-de-France,Paris,Sales Rep,Individual contributor,Sales,2,False,0.94
megan.wood@alder-fabrication.example,18-24,£25k-£50k,US,Massachusetts,Boston,Marketing Executive,Individual contributor,Marketing,17,False,0.79
megan.wood@clearwater-lending.example,25-34,under £25k,UK,West Midlands,Birmingham,Analyst,Individual contributor,Operations,4,False,0.79
megan.wood@umber-accountants.example,35-44,£25k-£50k,UK,Scotland,Edinburgh,Marketing Manager,Manager,Marketing,4,True,0.7
megan.wright@nimbus-clinics.example,35-44,£50k-£100k,US,Massachusetts,Boston,Marketing Manager,Manager,Marketing,7,False,0.71
megan.young@dunmore-stores.example,45-54,£150k+,US,Massachusetts,Boston,Head of Marketing,Manager,Marketing,12,False,0.79
megan.young@thornbury-works.example,25-34,£100k-£150k,DE,Berlin,Berlin,VP Marketing,Director or above,Marketing,2,False,0.79
megan@aurora-training.example,35-44,£50k-£100k,NL,South Holland,Rotterdam,Sales Manager,Manager,Sales,5,False,0.63
megan@beacon-associates.example,25-34,£50k-£100k,UK,Scotland,Edinburgh,Marketing Coordinator,Individual contributor,Marketing,5,False,0.7
megan@beacon-college.example,25-34,£25k-£50k,UK,South West,Bristol,Operations Manager,Manager,Operations,8,True,0.65
megan@beacon-labs.example,35-44,£50k-£100k,UK,West Midlands,Birmingham,CEO,Director or above,Executive,6,True,0.92
megan@brightwater-transport.example,18-24,£25k-£50k,NL,North Holland,Amsterdam,Analyst,Individual contributor,Operations,2,False,0.89
megan@cedar-learning.example,35-44,£25k-£50k,US,Washington,Seattle,Marketing Coordinator,Individual contributor,Marketing,0,True,0.78
megan@clearwater-cloud.example,45-54,£100k-£150k,US,Massachusetts,Boston,Marketing Director,Director or above,Marketing,0,False,0.89
megan@clearwater-engineering.example,55-64,£100k-£150k,DE,Bavaria,Munich,CEO,Director or above,Executive,6,False,0.84
megan@clearwater-industries.example,25-34,under £25k,US,New York,New York,Marketing Coordinator,Individual contributor,Marketing,11,False,0.79
megan@dovecote-care.example,25-34,£25k-£50k,DE,Hesse,Frankfurt,Analyst,Individual contributor,Operations,5,False,0.64
megan@dunmore-pharma.example,18-24,£25k-£50k,UK,London,London,Sales Rep,Individual contributor,Sales,1,False,0.8
megan@dunmore-shipping.example,25-34,under £25k,US,Illinois,Chicago,Assistant,Individual contributor,Operations,1,True,0.86
megan@dunmore-trading.example,45-54,£50k-£100k,UK,North West,Manchester,Operations Manager,Manager,Operations,3,False,0.85
megan@granite-associates.example,25-34,£50k-£100k,DE,Hesse,Frankfurt,Head of Marketing,Manager,Marketing,3,True,0.66
megan@greystone-systems.example,25-34,£100k-£150k,US,Texas,Austin,Sales Manager,Manager,Sales,0,False,0.76
megan@heron-recruitment.example,35-44,£50k-£100k,FR,Hauts-de-France,Lille,Marketing Manager,Manager,Marketing,1,False,0.79
megan@ironbridge-couriers.example,35-44,£25k-£50k,US,California,San Francisco,Marketing Executive,Individual contributor,Marketing,1,False,0.98
megan@ivywood-components.example,25-34,under £25k,US,Texas,Austin,Assistant,Individual contributor,Operations,2,False,0.71
megan@jasper-associates.example,18-24,£25k-£50k,NL,Utrecht,Utrecht,Marketing Coordinator,Individual contributor,Marketing,4,False,0.83
megan@kelvin-goods.example,25-34,£50k-£100k,DE,Hamburg,Hamburg,Head of Marketing,Manager,Marketing,8,False,0.6
megan@kestrel-fabrication.example,18-24,£25k-£50k,UK,Scotland,Edinburgh,Marketing Executive,Individual contributor,Marketing,11,False,0.78
megan@kestrel-market.example,35-44,£25k-£50k,UK,West Midlands,Birmingham,Sales Rep,Individual contributor,Sales,3,True,0.92
megan@kingsway-stores.example,25-34,£50k-£100k,US,New York,New York,Sales Rep,Individual contributor,Sales,2,True,0.98
megan@lindenwood-consulting.example,35-44,£150k+,US,Texas,Austin,Chief Revenue Officer,Director or above,Executive,2,False,0.73
megan@moorland-components.example,45-54,£100k-£150k,UK,Scotland,Edinburgh,VP Marketing,Director or above,Marketing,3,False,0.64
megan@moorland-freight.example,25-34,£150k+,UK,Scotland,Edinburgh,Marketing Director,Director or above,Marketing,1,False,0.66
megan@nettlefield-digital.example,25-34,under £25k,UK,Yorkshire,Leeds,Marketing Coordinator,Individual contributor,Marketing,0,False,0.68
megan@nimbus-logistics.example,18-24,£50k-£100k,US,Texas,Austin,Sales Rep,Individual contributor,Sales,1,False,0.95
megan@northwind-accountants.example,25-34,£25k-£50k,UK,Yorkshire,Leeds,Marketing Executive,Individual contributor,Marketing,1,False,0.89
megan@oakridge-care.example,18-24,£25k-£50k,UK,South West,Bristol,Marketing Coordinator,Individual contributor,Marketing,0,True,0.63
megan@oakridge-systems.example,25-34,£25k-£50k,DE,Berlin,Berlin,Sales Manager,Manager,Sales,10,True,0.89
megan@pebble-freight.example,25-34,£100k-£150k,US,Washington,Seattle,VP Marketing,Director or above,Marketing,1,False,0.64
megan@pinecrest-digital.example,25-34,£100k-£150k,DE,Hesse,Frankfurt,CEO,Director or above,Executive,1,True,0.87
megan@pinecrest-logistics.example,25-34,£25k-£50k,FR,Ile-de-France,Paris,Operations Manager,Manager,Operations,6,False,0.83
megan@pinecrest-shipping.example,35-44,£50k-£100k,US,Washington,Seattle,Operations Manager,Manager,Operations,4,True,0.91
megan@quartz-care.example,35-44,£50k-£100k,UK,North West,Manchester,Operations Manager,Manager,Operations,4,False,0.69
megan@quartz-goods.example,35-44,£50k-£100k,US,New York,New York,Marketing Manager,Manager,Marketing,1,True,0.89
megan@quayside-haulage.example,25-34,£50k-£100k,UK,South West,Bristol,Head of Growth,Manager,Marketing,2,True,0.91
megan@riverside-fabrication.example,18-24,under £25k,NL,North Brabant,Eindhoven,Marketing Coordinator,Individual contributor,Marketing,12,False,0.92
megan@saltmarsh-clinics.example,35-44,£100k-£150k,US,Washington,Seattle,Sales Manager,Manager,Sales,0,True,0.99
megan@silverline-industries.example,25-34,£50k-£100k,US,Illinois,Chicago,Sales Manager,Manager,Sales,1,True,0.79
megan@tidewater-medical.example,25-34,£50k-£100k,UK,West Midlands,Birmingham,Head of Growth,Manager,Marketing,8,False,0.7
megan@tidewater-pharma.example,45-54,£50k-£100k,UK,North West,Manchester,Demand Gen Manager,Manager,Marketing,7,True,0.78
megan@yarrow-associates.example,25-34,£25k-£50k,DE,Hesse,Frankfurt,Operations Manager,Manager,Operations,1,False,0.61
meganbrown91@yahoo.example,18-24,£50k-£100k,NL,South Holland,Rotterdam,Sales Rep,Individual contributor,Sales,4,False,0.82
megandevries96@gmail.example,25-34,£50k-£100k,UK,London,London,Head of Marketing,Manager,Marketing,1,True,0.83
megandubois01@icloud.example,25-34,£25k-£50k,NL,North Holland,Amsterdam,Marketing Executive,Individual contributor,Marketing,0,True,0.65
meganevans93@outlook.example,35-44,£25k-£50k,US,California,San Francisco,Head of Growth,Manager,Marketing,3,False,0.72
megangreen99@icloud.example,45-54,£100k-£150k,US,Massachusetts,Boston,Director of Sales,Director or above,Sales,4,False,0.7
meganjohnson23@gmail.example,18-24,under £25k,FR,Auvergne-Rhone-Alpes,Lyon,Marketing Executive,Individual contributor,Marketing,1,False,0.94
meganjones06@icloud.example,35-44,£100k-£150k,US,Massachusetts,Boston,Head of Growth,Manager,Marketing,1,False,0.9
meganjones31@hotmail.example,25-34,£50k-£100k,NL,North Holland,Amsterdam,Head of Growth,Manager,Marketing,1,False,0.86
meganmiller58@outlook.example,35-44,£25k-£50k,NL,North Holland,Amsterdam,Marketing Coordinator,Individual contributor,Marketing,3,True,0.67
megansmith88@hotmail.example,25-34,£25k-£50k,US,Texas,Austin,Sales Rep,Individual contributor,Sales,7,False,0.66
meganthompson58@yahoo.example,18-24,under £25k,UK,West Midlands,Birmingham,Student,Student,Student,0,False,0.72
meganyoung13@yahoo.example,35-44,£50k-£100k,UK,South West,Bristol,Operations Manager,Manager,Operations,4,False,0.64
mgarcia711@hotmail.example,45-54,£100k-£150k,UK,South West,Bristol,Marketing Director,Director or above,Marketing,4,False,0.67
mhughes244@yahoo.example,25-34,£25k-£50k,UK,North West,Manchester,Analyst,Individual contributor,Operations,6,False,0.93
mia.anderson@yahoo.example,25-34,£50k-£100k,UK,South West,Bristol,Sales Manager,Manager,Sales,1,True,0.81
mia.bernard@valley-industries.example,65+,£150k+,US,New York,New York,Founder,Director or above,Executive,7,True,0.78
mia.brown@kestrel-clinics.example,25-34,£25k-£50k,US,California,San Francisco,Sales Rep,Individual contributor,Sales,0,False,0.63
mia.davies@rosewood-medical.example,25-34,£25k-£50k,DE,Hesse,Frankfurt,Analyst,Individual contributor,Operations,2,False,0.79
mia.devries@moorland-advisory.example,35-44,£25k-£50k,UK,West Midlands,Birmingham,Analyst,Individual contributor,Operations,5,False,0.7
mia.devries@stonebridge-labs.example,18-24,£50k-£100k,FR,Ile-de-France,Paris,Sales Rep,Individual contributor,Sales,6,False,0.61
mia.dubois@clearwater-education.example,25-34,£100k-£150k,US,New York,New York,Marketing Coordinator,Individual contributor,Marketing,4,False,0.64
mia.evans@nettlefield-advisory.example,35-44,£50k-£100k,UK,London,London,Demand Gen Manager,Manager,Marketing,0,False,0.74
mia.evans@yahoo.example,25-34,£50k-£100k,UK,London,London,Head of Growth,Manager,Marketing,3,False,0.8
mia.garcia@hotmail.example,35-44,£25k-£50k,UK,West Midlands,Birmingham,Head of Growth,Manager,Marketing,8,False,0.68
mia.garcia@jasper-market.example,35-44,£50k-£100k,UK,Yorkshire,Leeds,Head of Growth,Manager,Marketing,5,True,0.64
mia.green@jasper-wealth.example,25-34,£25k-£50k,NL,North Brabant,Eindhoven,Sales Rep,Individual contributor,Sales,0,False,0.85
mia.hall@driftwood-accountants.example,25-34,£100k-£150k,UK,South West,Bristol,Head of Marketing,Manager,Marketing,2,False,0.98
mia.hughes@ivywood-pharma.example,35-44,£150k+,FR,Auvergne-Rhone-Alpes,Lyon,Chief Revenue Officer,Director or above,Executive,1,False,0.8
mia.jansen@gmail.example,25-34,£50k-£100k,US,Massachusetts,Boston,Marketing Manager,Manager,Marketing,3,False,0.69
mia.jansen@riverside-accountants.example,65+,£100k-£150k,US,New York,New York,Managing Director,Director or above,Executive,0,True,0.88
mia.jones@inkwell-recruitment.example,45-54,£50k-£100k,UK,West Midlands,Birmingham,Head of Marketing,Manager,Marketing,7,False,0.65
mia.khan@nettlefield-labs.example,45-54,£100k-£150k,NL,South Holland,Rotterdam,Head of Growth,Manager,Marketing,0,False,0.71
mia.khan@riverside-manufacturing.example,25-34,£50k-£100k,FR,Occitanie,Toulouse,Sales Rep,Individual contributor,Sales,4,False,0.76
mia.king@foxglove-manufacturing.example,55-64,£50k-£100k,US,Illinois,Chicago,Marketing Manager,Manager,Marketing,3,True,0.65
mia.lewis@dunmore-recruitment.example,35-44,£50k-£100k,UK,South West,Bristol,Demand Gen Manager,Manager,Marketing,0,True,0.95
mia.lewis@granite-learning.example,25-34,£25k-£50k,UK,Yorkshire,Leeds,Sales Rep,Individual contributor,Sales,1,False,0.96
mia.moore@icloud.example,35-44,£150k+,US,New York,New York,Marketing Manager,Manager,Marketing,2,False,0.65
mia.moore@larkspur-insurance.example,25-34,under £25k,UK,South West,Bristol,Marketing Executive,Individual contributor,Marketing,5,False,0.87
mia.muller@brightwater-goods.example,25-34,£25k-£50k,UK,Yorkshire,Leeds,Assistant,Individual contributor,Operations,3,True,0.91
mia.muller@saltmarsh-goods.example,25-34,£25k-£50k,US,Washington,Seattle,Marketing Executive,Individual contributor,Marketing,2,True,0.71
mia.muller@silverline-capital.example,35-44,£25k-£50k,DE,Hesse,Frankfurt,Head of Marketing,Manager,Marketing,1,True,0.85
mia.murphy@cobalt-outfitters.example,35-44,under £25k,UK,Yorkshire,Leeds,Marketing Executive,Individual contributor,Marketing,7,False,0.97
mia.patel@orchard-trading.example,45-54,£100k-£150k,US,Illinois,Chicago,Managing Director,Director or above,Executive,1,True,0.83
mia.patel@tamarind-components.example,25-34,£50k-£100k,US,Texas,Austin,Demand Gen Manager,Manager,Marketing,4,True,0.84
mia.roberts@hotmail.example,35-44,£50k-£100k,US,Texas,Austin,Marketing Coordinator,Individual contributor,Marketing,1,False,0.91
mia.roberts@larkspur-haulage.example,35-44,£50k-£100k,UK,North West,Manchester,Head of Marketing,Manager,Marketing,3,True,0.89
mia.roberts@yahoo.example,18-24,£25k-£50k,US,Texas,Austin,Student,Student,Student,0,True,0.65
mia.schmidt@bluebell-training.example,25-34,£50k-£100k,UK,Yorkshire,Leeds,Sales Rep,Individual contributor,Sales,0,True,0.84
mia.scott@silverline-works.example,35-44,£25k-£50k,UK,Yorkshire,Leeds,Sales Manager,Manager,Sales,2,False,0.73
mia.scott@yahoo.example,55-64,£50k-£100k,UK,North West,Manchester,Chief Revenue Officer,Director or above,Executive,4,True,0.61
mia.scott@yarrow-pharma.example,18-24,under £25k,UK,London,London,Assistant,Individual contributor,Operations,6,True,0.96
mia.smith@evergreen-insurance.example,25-34,£25k-£50k,UK,Yorkshire,Leeds,Marketing Coordinator,Individual contributor,Marketing,2,True,0.75
mia.smith@harbour-care.example,45-54,£25k-£50k,UK,Scotland,Edinburgh,Head of Growth,Manager,Marketing,2,True,0.61
mia.smith@upland-finance.example,45-54,£25k-£50k,DE,Hamburg,Hamburg,Marketing Coordinator,Individual contributor,Marketing,0,True,0.62
mia.taylor@hotmail.example,25-34,£25k-£50k,US,Washington,Seattle,Head of Growth,Manager,Marketing,2,True,0.93
mia.taylor@lindenwood-digital.example,25-34,£25k-£50k,US,Texas,Austin,Sales Rep,Individual contributor,Sales,1,False,0.87
mia.taylor@valley-freight.example,55-64,£50k-£100k,UK,London,London,Managing Director,Director or above,Executive,1,True,0.67
mia.thompson@gmail.example,35-44,£50k-£100k,DE,Bavaria,Munich,Demand Gen Manager,Manager,Marketing,2,True,0.65
mia.walker@glenmoor-works.example,35-44,£150k+,UK,West Midlands,Birmingham,Managing Director,Director or above,Executive,12,False,0.93
mia.walker@vantage-training.example,35-44,£150k+,US,Massachusetts,Boston,CEO,Director or above,Executive,0,False,0.79
mia.weber@pennine-capital.example,25-34,£50k-£100k,US,Texas,Austin,Demand Gen Manager,Manager,Marketing,2,True,0.9
mia.weber@upland-stores.example,25-34,£25k-£50k,UK,Scotland,Edinburgh,Sales Rep,Individual contributor,Sales,4,False,0.94
mia.white@emberly-digital.example,35-44,£50k-£100k,UK,Scotland,Edinburgh,Operations Manager,Manager,Operations,2,False,0.79
mia.williams@gmail.example,25-34,£25k-£50k,UK,London,London,Demand Gen Manager,Manager,Marketing,0,True,0.67
mia.williams@hotmail.example,55-64,£100k-£150k,UK,Scotland,Edinburgh,Founder,Director or above,Executive,4,True,0.6
mia.williams@pebble-dental.example,45-54,£100k-£150k,US,Massachusetts,Boston,Head of Growth,Manager,Marketing,0,True,0.99
mia.wilson@redwood-care.example,35-44,£50k-£100k,UK,Yorkshire,Leeds,Head of Marketing,Manager,Marketing,9,False,0.85
mia.wood@thornbury-transport.example,25-34,£25k-£50k,US,Illinois,Chicago,Marketing Coordinator,Individual contributor,Marketing,10,False,0.87
mia.wright@juniper-tutors.example,35-44,£25k-£50k,DE,Hamburg,Hamburg,Head of Growth,Manager,Marketing,1,True,0.82
mia.wright@norfolk-recruitment.example,18-24,£50k-£100k,UK,West Midlands,Birmingham,Assistant,Individual contributor,Operations,16,True,0.98
mia@alder-outfitters.example,35-44,£150k+,US,Massachusetts,Boston,Sales Manager,Manager,Sales,3,False,0.62
mia@alder-pharma.example,25-34,£50k-£100k,DE,Hamburg,Hamburg,Operations Manager,Manager,Operations,7,False,0.97
mia@ashford-haulage.example,18-24,under £25k,FR,Hauts-de-France,Lille,Analyst,Individual contributor,Operations,1,False,0.76
mia@aurora-finance.example,35-44,£50k-£100k,US,California,San Francisco,Analyst,Individual contributor,Operations,7,True,0.61
mia@brightwater-transport.example,45-54,£150k+,NL,Utrecht,Utrecht,VP Marketing,Director or above,Marketing,0,False,0.79
mia@emberly-lending.example,18-24,under £25k,NL,Utrecht,Utrecht,Student,Student,Student,0,False,0.81
mia@falcon-health.example,35-44,£25k-£50k,FR,Ile-de-France,Paris,Sales Rep,Individual contributor,Sales,6,True,0.8
mia@foxglove-clinics.example,45-54,£150k+,DE,Hamburg,Hamburg,Chief Revenue Officer,Director or above,Executive,1,True,0.85
mia@glenmoor-lending.example,35-44,£100k-£150k,UK,South West,Bristol,VP Marketing,Director or above,Marketing,1,True,0.9
mia@granite-labs.example,25-34,under £25k,FR,Auvergne-Rhone-Alpes,Lyon,Marketing Executive,Individual contributor,Marketing,2,False,0.98
mia@heron-insurance.example,45-54,£100k-£150k,US,New York,New York,Managing Director,Director or above,Executive,1,True,0.6
mia@inkwell-finance.example,18-24,£50k-£100k,US,California,San Francisco,Marketing Executive,Individual contributor,Marketing,2,False,0.98
mia@ivywood-freight.example,45-54,£25k-£50k,NL,North Holland,Amsterdam,VP Marketing,Director or above,Marketing,2,True,0.84
mia@ivywood-pharma.example,35-44,£25k-£50k,FR,Occitanie,Toulouse,Analyst,Individual contributor,Operations,7,False,0.66
mia@kelvin-goods.example,25-34,£50k-£100k,DE,Bavaria,Munich,Marketing Coordinator,Individual contributor,Marketing,1,False,0.65
mia@kingsway-care.example,45-54,£50k-£100k,FR,Hauts-de-France,Lille,Director of Sales,Director or above,Sales,1,True,0.99
mia@larkspur-stores.example,25-34,£25k-£50k,US,New York,New York,Marketing Executive,Individual contributor,Marketing,7,True,0.88
mia@lindenwood-college.example,45-54,£100k-£150k,DE,Hamburg,Hamburg,Founder,Director or above,Executive,1,False,0.92
mia@marigold-care.example,25-34,£50k-£100k,NL,South Holland,Rotterdam,Marketing Manager,Manager,Marketing,5,False,0.62
mia@oldfield-haulage.example,25-34,under £25k,UK,South West,Bristol,Sales Manager,Manager,Sales,4,True,0.96
mia@pennine-college.example,35-44,£100k-£150k,DE,Hesse,Frankfurt,Demand Gen Manager,Manager,Marketing,3,True,0.98
mia@pennine-dental.example,35-44,£100k-£150k,US,New York,New York,Sales Manager,Manager,Sales,3,True,0.67
mia@redwood-freight.example,35-44,£50k-£100k,NL,Utrecht,Utrecht,Sales Manager,Manager,Sales,1,True,0.83
mia@saltmarsh-software.example,45-54,£25k-£50k,UK,Scotland,Edinburgh,Sales Manager,Manager,Sales,1,True,0.61
mia@stonebridge-associates.example,25-34,£50k-£100k,DE,Hesse,Frankfurt,Operations Manager,Manager,Operations,5,False,0.65
mia@tamarind-tutors.example,35-44,£25k-£50k,US,Washington,Seattle,Sales Manager,Manager,Sales,2,True,0.97
mia@tidewater-advisory.example,45-54,£50k-£100k,UK,West Midlands,Birmingham,Head of Marketing,Manager,Marketing,3,True,0.71
mia@upland-haulage.example,25-34,£25k-£50k,UK,West Midlands,Birmingham,Marketing Executive,Individual contributor,Marketing,3,True,0.93
mia@upland-legal.example,25-34,under £25k,UK,West Midlands,Birmingham,Analyst,Individual contributor,Operations,4,False,0.83
miaanderson32@yahoo.example,18-24,£100k-£150k,US,Texas,Austin,Demand Gen Manager,Manager,Marketing,5,False,0.78
miabaker63@gmail.example,45-54,£50k-£100k,UK,London,London,Operations Manager,Manager,Operations,0,True,0.9
miabrown81@icloud.example,18-24,under £25k,NL,North Brabant,Eindhoven,Student,Student,Student,0,False,0.82
miadevries64@icloud.example,65+,£150k+,US,Washington,Seattle,Marketing Director,Director or above,Marketing,3,True,0.93
miajansen32@outlook.example,18-24,£100k-£150k,US,Washington,Seattle,Marketing Coordinator,Individual contributor,Marketing,3,False,0.73
miajansen51@yahoo.example,18-24,under £25k,DE,Hesse,Frankfurt,Student,Student,Student,0,False,0.65
miajohnson63@hotmail.example,25-34,£25k-£50k,DE,Hesse,Frankfurt,Analyst,Individual contributor,Operations,1,False,0.67
miakhan92@icloud.example,45-54,£100k-£150k,UK,Yorkshire,Leeds,Chief Revenue Officer,Director or above,Executive,9,True,0.87
mialewis57@hotmail.example,18-24,under £25k,US,Washington,Seattle,Student,Student,Student,0,False,0.74
miamartin46@yahoo.example,35-44,£50k-£100k,US,Massachusetts,Boston,Demand Gen Manager,Manager,Marketing,1,True,0.71
miamurphy33@icloud.example,35-44,£50k-£100k,DE,Bavaria,Munich,Head of Marketing,Manager,Marketing,2,False,0.89
miaschmidt13@icloud.example,18-24,under £25k,US,New York,New York,Student,Student,Student,0,False,0.99
miaschmidt48@gmail.example,25-34,under £25k,US,Massachusetts,Boston,Analyst,Individual contributor,Operations,8,False,0.95
miawalker26@yahoo.example,25-34,£100k-£150k,FR,Ile-de-France,Paris,Marketing Manager,Manager,Marketing,4,False,0.95
miawalker41@hotmail.example,35-44,£50k-£100k,UK,North West,Manchester,Head of Marketing,Manager,Marketing,1,False,0.82
miawalker68@hotmail.example,25-34,£50k-£100k,US,Texas,Austin,Marketing Coordinator,Individual contributor,Marketing,5,True,0.79
miawalker69@hotmail.example,25-34,£25k-£50k,FR,Auvergne-Rhone-Alpes,Lyon,Marketing Executive,Individual contributor,Marketing,2,True,0.97
miawright50@hotmail.example,45-54,£50k-£100k,UK,Yorkshire,Leeds,Director of Sales,Director or above,Sales,1,True,0.85
mjohnson937@outlook.example,55-64,£100k-£150k,NL,North Brabant,Eindhoven,Managing Director,Director or above,Executive,5,True,0.63
mjones197@outlook.example,45-54,£100k-£150k,FR,Occitanie,Toulouse,VP Marketing,Director or above,Marketing,2,True,0.84
mjones721@outlook.example,25-34,£25k-£50k,US,California,San Francisco,Analyst,Individual contributor,Operations,5,True,0.68
mkhan016@yahoo.example,35-44,£150k+,US,Massachusetts,Boston,Chief Revenue Officer,Director or above,Executive,5,False,0.98
mkhan831@outlook.example,25-34,£25k-£50k,UK,Scotland,Edinburgh,Sales Manager,Manager,Sales,2,False,0.98
mkhan994@outlook.example,18-24,under £25k,UK,London,London,Student,Student,Student,0,False,0.94
mking580@gmail.example,45-54,£50k-£100k,UK,West Midlands,Birmingham,Head of Growth,Manager,Marketing,2,False,0.71
mmuller395@gmail.example,35-44,£100k-£150k,NL,North Holland,Amsterdam,Head of Growth,Manager,Marketing,4,True,0.96
mmurphy572@gmail.example,25-34,£100k-£150k,UK,Yorkshire,Leeds,Demand Gen Manager,Manager,Marketing,17,False,0.84
mthompson321@gmail.example,25-34,under £25k,DE,Hamburg,Hamburg,Analyst,Individual contributor,Operations,1,False,0.78
mwilliams262@icloud.example,25-34,£50k-£100k,UK,Scotland,Edinburgh,Head of Growth,Manager,Marketing,4,False,0.89
mwilliams552@hotmail.example,25-34,£25k-£50k,DE,Hesse,Frankfurt,Demand Gen Manager,Manager,Marketing,8,False,0.91
mwilson593@icloud.example,45-54,£150k+,US,Washington,Seattle,Founder,Director or above,Executive,2,True,0.87
mwilson619@outlook.example,25-34,£100k-£150k,DE,Berlin,Berlin,Chief Revenue Officer,Director or above,Executive,11,False,0.72
n.anderson@northwind-manufacturing.example,45-54,£100k-£150k,US,Illinois,Chicago,Marketing Manager,Manager,Marketing,3,True,0.91
n.baker@kestrel-training.example,18-24,£25k-£50k,UK,Yorkshire,Leeds,Assistant,Individual contributor,Operations,0,True,0.68
n.bakker@kelvin-tutors.example,25-34,£25k-£50k,NL,North Brabant,Eindhoven,Marketing Coordinator,Individual contributor,Marketing,3,False,0.67
n.bernard@saltmarsh-legal.example,25-34,£25k-£50k,DE,Hamburg,Hamburg,Sales Rep,Individual contributor,Sales,7,False,0.82
n.brown@dovecote-cloud.example,45-54,£100k-£150k,UK,Yorkshire,Leeds,Managing Director,Director or above,Executive,2,True,0.99
n.davies@brightwater-capital.example,25-34,£25k-£50k,NL,Utrecht,Utrecht,Analyst,Individual contributor,Operations,5,False,0.92
n.davies@dunmore-software.example,18-24,£50k-£100k,US,Texas,Austin,Assistant,Individual contributor,Operations,1,False,0.71
n.devries@beacon-works.example,25-34,£50k-£100k,UK,North West,Manchester,Marketing Manager,Manager,Marketing,5,False,0.67
n.devries@nimbus-lending.example,18-24,£100k-£150k,UK,South West,Bristol,Head of Marketing,Manager,Marketing,1,False,0.74
n.dubois@larkspur-insurance.example,45-54,£50k-£100k,UK,North West,Manchester,Marketing Manager,Manager,Marketing,2,True,0.88
n.evans@norfolk-wealth.example,18-24,under £25k,UK,Yorkshire,Leeds,Student,Student,Student,0,True,0.61
n.evans@oldfield-cloud.example,35-44,£25k-£50k,UK,Scotland,Edinburgh,VP Marketing,Director or above,Marketing,7,True,0.68
n.hall@oakridge-components.example,35-44,£150k+,UK,South West,Bristol,VP Marketing,Director or above,Marketing,0,True,0.67
n.hall@pinecrest-medical.example,25-34,under £25k,DE,Bavaria,Munich,Marketing Coordinator,Individual contributor,Marketing,16,False,0.83
n.jansen@bramble-training.example,25-34,£50k-£100k,US,Illinois,Chicago,Head of Marketing,Manager,Marketing,4,True,0.9
n.jansen@heron-health.example,25-34,£25k-£50k,UK,West Midlands,Birmingham,Analyst,Individual contributor,Operations,4,True,0.66
n.jansen@thornbury-industries.example,35-44,£25k-£50k,US,Massachusetts,Boston,Marketing Coordinator,Individual contributor,Marketing,6,False,0.79
n.jansen@upland-components.example,45-54,£50k-£100k,FR,Auvergne-Rhone-Alpes,Lyon,Sales Manager,Manager,Sales,12,True,0.94
n.johnson@heron-academy.example,25-34,£25k-£50k,UK,North West,Manchester,Marketing Executive,Individual contributor,Marketing,7,True,0.87
n.jones@foxglove-fabrication.example,18-24,under £25k,FR,Ile-de-France,Paris,Marketing Executive,Individual contributor,Marketing,8,False,0.91
n.jones@heron-wealth.example,18-24,£50k-£100k,US,Washington,Seattle,Assistant,Individual contributor,Operations,0,False,0.76
n.jones@jasper-training.example,25-34,£25k-£50k,UK,Scotland,Edinburgh,Head of Marketing,Manager,Marketing,2,False,0.6
n.khan@granite-finance.example,25-34,£25k-£50k,UK,Scotland,Edinburgh,Operations Manager,Manager,Operations,1,False,0.9
n.king@clearwater-clinics.example,55-64,£100k-£150k,NL,South Holland,Rotterdam,Chief Revenue Officer,Director or above,Executive,2,True,0.85
n.lewis@umber-college.example,18-24,under £25k,DE,Bavaria,Munich,Student,Student,Student,0,False,0.79
n.martin@jasper-data.example,25-34,£50k-£100k,UK,London,London,Assistant,Individual contributor,Operations,4,False,0.72
n.martin@rosewood-engineering.example,35-44,£50k-£100k,UK,West Midlands,Birmingham,Demand Gen Manager,Manager,Marketing,0,True,0.93
n.moore@aurora-finance.example,25-34,£50k-£100k,US,Texas,Austin,Sales Rep,Individual contributor,Sales,10,False,0.79
n.muller@beacon-lending.example,25-34,under £25k,UK,South West,Bristol,Marketing Coordinator,Individual contributor,Marketing,4,True,0.62
n.muller@driftwood-haulage.example,25-34,£50k-£100k,US,Massachusetts,Boston,Assistant,Individual contributor,Operations,4,True,0.97
n.muller@tidewater-learning.example,35-44,£50k-£100k,DE,Hamburg,Hamburg,Managing Director,Director or above,Executive,1,False,0.74
n.muller@willow-care.example,25-34,£25k-£50k,UK,South West,Bristol,Sales Rep,Individual contributor,Sales,0,False,0.86
n.murphy@cobalt-outfitters.example,18-24,under £25k,UK,South West,Bristol,Sales Rep,Individual contributor,Sales,4,False,0.87
n.murphy@emberly-consulting.example,45-54,£50k-£100k,DE,Berlin,Berlin,Sales Manager,Manager,Sales,4,True,0.67
n.patel@driftwood-engineering.example,35-44,£100k-£150k,DE,Berlin,Berlin,VP Marketing,Director or above,Marketing,3,False,0.78
n.patel@stonebridge-legal.example,35-44,£100k-£150k,FR,Auvergne-Rhone-Alpes,Lyon,VP Marketing,Director or above,Marketing,4,True,0.62
n.roberts@beacon-dental.example,45-54,£100k-£150k,FR,Occitanie,Toulouse,Director of Sales,Director or above,Sales,0,True,0.79
n.roberts@yarrow-works.example,45-54,£50k-£100k,US,Massachusetts,Boston,Marketing Manager,Manager,Marketing,0,False,0.74
n.taylor@highgate-industries.example,35-44,£100k-£150k,DE,Hesse,Frankfurt,Chief Revenue Officer,Director or above,Executive,11,True,0.86
n.thompson@moorland-manufacturing.example,25-34,under £25k,DE,Hamburg,Hamburg,Analyst,Individual contributor,Operations,4,True,0.64
n.williams@vantage-market.example,25-34,£50k-£100k,FR,Auvergne-Rhone-Alpes,Lyon,Demand Gen Manager,Manager,Marketing,1,False,0.68
n.wright@glenmoor-components.example,35-44,£25k-£50k,UK,Yorkshire,Leeds,Marketing Executive,Individual contributor,Marketing,4,True,0.81
n.young@clearwater-finance.example,55-64,£100k-£150k,FR,Occitanie,Toulouse,VP Marketing,Director or above,Marketing,4,False,0.79
nbaker644@icloud.example,45-54,£50k-£100k,US,Illinois,Chicago,Sales Manager,Manager,Sales,1,True,0.7
nbernard489@outlook.example,35-44,£100k-£150k,US,Texas,Austin,Operations Manager,Manager,Operations,1,True,0.68
ndubois037@gmail.example,18-24,£25k-£50k,UK,Scotland,Edinburgh,Student,Student,Student,0,False,0.98
nhall586@outlook.example,45-54,£50k-£100k,US,Washington,Seattle,Sales Manager,Manager,Sales,0,True,0.85
noah.anderson@harbour-systems.example,45-54,£50k-£100k,UK,North West,Manchester,Head of Growth,Manager,Marketing,2,True,0.96
noah.anderson@heron-associates.example,45-54,£25k-£50k,UK,Scotland,Edinburgh,Operations Manager,Manager,Operations,4,True,0.85
noah.anderson@outlook.example,45-54,£25k-£50k,UK,North West,Manchester,Head of Marketing,Manager,Marketing,0,True,0.83
noah.baker@quartz-transport.example,18-24,£25k-£50k,UK,Scotland,Edinburgh,Sales Rep,Individual contributor,Sales,0,True,0.72
noah.bakker@bramble-data.example,25-34,£100k-£150k,NL,North Brabant,Eindhoven,Director of Sales,Director or above,Sales,11,False,0.84
noah.bernard@granite-couriers.example,35-44,£50k-£100k,UK,South West,Bristol,Sales Manager,Manager,Sales,3,True,0.85
noah.brown@foxglove-training.example,45-54,£100k-£150k,US,New York,New York,Marketing Director,Director or above,Marketing,0,True,0.86
noah.devries@hotmail.example,35-44,£100k-£150k,UK,West Midlands,Birmingham,CEO,Director or above,Executive,3,False,0.88
noah.devries@icloud.example,25-34,£50k-£100k,US,Washington,Seattle,Marketing Manager,Manager,Marketing,5,True,0.87
noah.devries@pinecrest-cloud.example,25-34,£50k-£100k,US,Illinois,Chicago,Demand Gen Manager,Manager,Marketing,5,False,0.65
noah.evans@cobalt-cloud.example,35-44,£50k-£100k,UK,Yorkshire,Leeds,Operations Manager,Manager,Operations,9,False,0.61
noah.evans@evergreen-logistics.example,25-34,under £25k,UK,West Midlands,Birmingham,Marketing Executive,Individual contributor,Marketing,3,False,0.76
noah.garcia@highgate-capital.example,45-54,£50k-£100k,UK,London,London,Operations Manager,Manager,Operations,8,False,0.67
noah.garcia@vantage-lending.example,35-44,£25k-£50k,FR,Hauts-de-France,Lille,Head of Growth,Manager,Marketing,0,False,0.79
noah.green@stonebridge-labs.example,35-44,£50k-£100k,FR,Occitanie,Toulouse,CEO,Director or above,Executive,0,True,0.96
noah.hall@icloud.example,35-44,£150k+,DE,Hamburg,Hamburg,Managing Director,Director or above,Executive,2,True,0.63
noah.hughes@harbour-training.example,25-34,£50k-£100k,US,Texas,Austin,Analyst,Individual contributor,Operations,1,True,0.9
noah.hughes@oldfield-fabrication.example,45-54,£50k-£100k,UK,Scotland,Edinburgh,Head of Marketing,Manager,Marketing,5,True,0.89
noah.johnson@rosewood-logistics.example,35-44,£50k-£100k,NL,North Brabant,Eindhoven,Sales Manager,Manager,Sales,1,False,0.62
noah.johnson@upland-stores.example,45-54,£50k-£100k,UK,Scotland,Edinburgh,Head of Marketing,Manager,Marketing,4,True,0.75
noah.khan@tidewater-digital.example,18-24,£25k-£50k,UK,London,London,Marketing Manager,Manager,Marketing,8,True,0.69
noah.king@alder-clinics.example,35-44,£25k-£50k,NL,North Brabant,Eindhoven,Marketing Executive,Individual contributor,Marketing,2,True,0.62
noah.lewis@elmstead-industries.example,25-34,£50k-£100k,FR,Ile-de-France,Paris,Analyst,Individual contributor,Operations,2,False,0.9
noah.lewis@yarrow-couriers.example,18-24,under £25k,NL,North Holland,Amsterdam,Student,Student,Student,0,False,0.93
noah.muller@nettlefield-market.example,25-34,£50k-£100k,US,California,San Francisco,Marketing Coordinator,Individual contributor,Marketing,1,False,0.97
noah.muller@quartz-tutors.example,18-24,£50k-£100k,NL,South Holland,Rotterdam,Sales Rep,Individual contributor,Sales,6,False,0.92
noah.murphy@cedar-logistics.example,25-34,£50k-£100k,UK,Yorkshire,Leeds,Head of Growth,Manager,Marketing,0,False,0.79
noah.patel@driftwood-components.example,25-34,£25k-£50k,DE,Bavaria,Munich,Marketing Executive,Individual contributor,Marketing,8,False,0.87
noah.patel@kingsway-medical.example,45-54,£100k-£150k,UK,North West,Manchester,Chief Revenue Officer,Director or above,Executive,1,False,0.89
noah.smith@marigold-outfitters.example,18-24,£50k-£100k,NL,North Holland,Amsterdam,Head of Marketing,Manager,Marketing,1,False,0.97
noah.thompson@yarrow-health.example,35-44,£50k-£100k,UK,Yorkshire,Leeds,Chief Revenue Officer,Director or above,Executive,4,False,0.66
noah.weber@inkwell-works.example,45-54,£100k-£150k,US,New York,New York,Operations Manager,Manager,Operations,0,False,0.86
noah.weber@yahoo.example,25-34,£25k-£50k,UK,Scotland,Edinburgh,Assistant,Individual contributor,Operations,10,False,0.74
noah.white@quartz-retail.example,35-44,£50k-£100k,UK,Scotland,Edinburgh,Head of Marketing,Manager,Marketing,8,True,0.65
noah.williams@gmail.example,45-54,£150k+,US,Texas,Austin,Head of Marketing,Manager,Marketing,0,False,0.74
noah.williams@silverline-insurance.example,25-34,£50k-£100k,US,Washington,Seattle,Marketing Executive,Individual contributor,Marketing,6,False,0.98
noah.wilson@ivywood-fabrication.example,45-54,£100k-£150k,US,Illinois,Chicago,Director of Sales,Director or above,Sales,2,True,0.69
noah.wilson@larkspur-accountants.example,25-34,£100k-£150k,DE,Bavaria,Munich,Managing Director,Director or above,Executive,4,True,0.98
noah.wilson@nettlefield-logistics.example,25-34,£50k-£100k,DE,Hamburg,Hamburg,Director of Sales,Director or above,Sales,0,False,0.94
noah.wright@hotmail.example,25-34,under £25k,US,Texas,Austin,Marketing Executive,Individual contributor,Marketing,6,True,0.77
noah.young@foxglove-training.example,35-44,£50k-£100k,US,California,San Francisco,Marketing Coordinator,Individual contributor,Marketing,2,False,0.76
noah.young@outlook.example,45-54,£25k-£50k,UK,Yorkshire,Leeds,Sales Manager,Manager,Sales,0,True,0.61
noah14@umber-academy.example,35-44,£100k-£150k,US,Texas,Austin,Marketing Manager,Manager,Marketing,1,True,0.92
noah@bluebell-couriers.example,25-34,£25k-£50k,US,Massachusetts,Boston,Analyst,Individual contributor,Operations,9,False,0.79
noah@clearwater-legal.example,25-34,£100k-£150k,DE,Hesse,Frankfurt,Operations Manager,Manager,Operations,8,False,0.71
noah@dunmore-haulage.example,25-34,£100k-£150k,NL,Utrecht,Utrecht,Head of Marketing,Manager,Marketing,2,False,0.91
noah@elmstead-clinics.example,65+,£150k+,FR,Occitanie,Toulouse,Chief Revenue Officer,Director or above,Executive,1,True,0.69
noah@elmstead-cloud.example,35-44,£100k-£150k,UK,Scotland,Edinburgh,CEO,Director or above,Executive,0,True,0.69
noah@elmstead-stores.example,25-34,£25k-£50k,FR,Hauts-de-France,Lille,Sales Rep,Individual contributor,Sales,19,True,0.81
noah@fernhill-works.example,35-44,£100k-£150k,UK,London,London,Founder,Director or above,Executive,5,False,0.79
noah@foxglove-pharma.example,55-64,£50k-£100k,NL,North Brabant,Eindhoven,Marketing Director,Director or above,Marketing,6,True,0.87
noah@granite-care.example,25-34,£25k-£50k,FR,Ile-de-France,Paris,Marketing Manager,Manager,Marketing,2,False,0.7
noah@granite-consulting.example,25-34,£100k-£150k,US,Illinois,Chicago,Head of Growth,Manager,Marketing,8,True,0.8
noah@granite-manufacturing.example,45-54,£100k-£150k,US,California,San Francisco,CEO,Director or above,Executive,5,False,0.99
noah@greystone-associates.example,18-24,£25k-£50k,US,Illinois,Chicago,Assistant,Individual contributor,Operations,2,False,0.92
noah@greystone-market.example,25-34,£25k-£50k,UK,West Midlands,Birmingham,Demand Gen Manager,Manager,Marketing,2,True,0.66
noah@hawthorn-digital.example,35-44,under £25k,UK,West Midlands,Birmingham,Analyst,Individual contributor,Operations,8,True,0.62
noah@highgate-software.example,45-54,£100k-£150k,UK,South West,Bristol,Managing Director,Director or above,Executive,0,True,0.87
noah@highgate-trading.example,35-44,£50k-£100k,DE,Hamburg,Hamburg,Head of Marketing,Manager,Marketing,2,True,0.74
noah@highgate-tutors.example,45-54,£100k-£150k,UK,London,London,Demand Gen Manager,Manager,Marketing,1,True,0.78
noah@ironbridge-couriers.example,55-64,£100k-£150k,US,California,San Francisco,VP Marketing,Director or above,Marketing,0,False,0.7
noah@ivywood-care.example,35-44,£25k-£50k,UK,Yorkshire,Leeds,Marketing Manager,Manager,Marketing,1,False,0.6
noah@jasper-advisory.example,25-34,£100k-£150k,UK,Yorkshire,Leeds,Sales Manager,Manager,Sales,1,True,0.83
noah@kelvin-freight.example,18-24,£25k-£50k,FR,Occitanie,Toulouse,Assistant,Individual contributor,Operations,3,True,0.7
noah@keystone-dental.example,45-54,£25k-£50k,UK,South West,Bristol,Marketing Coordinator,Individual contributor,Marketing,4,True,0.74
noah@kingsway-freight.example,35-44,£50k-£100k,UK,London,London,Head of Growth,Manager,Marketing,6,False,0.71
noah@larkspur-lending.example,45-54,£25k-£50k,DE,Hesse,Frankfurt,Operations Manager,Manager,Operations,5,True,0.83
noah@lindenwood-couriers.example,35-44,£100k-£150k,UK,London,London,VP Marketing,Director or above,Marketing,2,False,0.98
noah@nettlefield-manufacturing.example,25-34,£50k-£100k,FR,Ile-de-France,Paris,Sales Rep,Individual contributor,Sales,0,False,0.6
noah@oakridge-care.example,45-54,£150k+,UK,North West,Manchester,Director of Sales,Director or above,Sales,4,True,0.94
noah@pebble-education.example,35-44,£50k-£100k,UK,North West,Manchester,Marketing Coordinator,Individual contributor,Marketing,11,False,0.82
noah@pebble-legal.example,35-44,£100k-£150k,NL,North Brabant,Eindhoven,Marketing Director,Director or above,Marketing,6,True,0.83
noah@redwood-goods.example,25-34,£50k-£100k,UK,Yorkshire,Leeds,Sales Manager,Manager,Sales,2,False,0.78
noah@redwood-systems.example,35-44,£100k-£150k,UK,South West,Bristol,Head of Growth,Manager,Marketing,1,True,0.9
noah@redwood-trading.example,18-24,£25k-£50k,US,Washington,Seattle,Analyst,Individual contributor,Operations,2,False,0.84
noah@riverside-haulage.example,25-34,under £25k,US,Illinois,Chicago,Sales Rep,Individual contributor,Sales,10,False,0.87
noah@rosewood-goods.example,25-34,£50k-£100k,UK,North West,Manchester,Head of Marketing,Manager,Marketing,1,True,0.91
noah@silverline-manufacturing.example,18-24,under £25k,UK,London,London,Student,Student,Student,0,True,0.76
noah@umber-academy.example,45-54,£50k-£100k,US,Texas,Austin,Analyst,Individual contributor,Operations,3,True,0.98
noah@umber-training.example,18-24,£25k-£50k,DE,Bavaria,Munich,Sales Rep,Individual contributor,Sales,1,False,0.8
noah@valley-manufacturing.example,45-54,£50k-£100k,FR,Auvergne-Rhone-Alpes,Lyon,Head of Marketing,Manager,Marketing,5,False,0.87
noah@westbrook-clinics.example,25-34,£25k-£50k,DE,Berlin,Berlin,Sales Rep,Individual contributor,Sales,1,False,0.93
noah@zephyr-legal.example,45-54,£50k-£100k,UK,London,London,Head of Growth,Manager,Marketing,2,False,0.78
noahevans30@yahoo.example,25-34,£25k-£50k,UK,Scotland,Edinburgh,Marketing Executive,Individual contributor,Marketing,10,False,0.6
noahgreen54@gmail.example,35-44,£50k-£100k,NL,South Holland,Rotterdam,Head of Growth,Manager,Marketing,2,True,0.94
noahjansen91@outlook.example,25-34,£50k-£100k,UK,Yorkshire,Leeds,Head of Growth,Manager,Marketing,2,False,0.72
noahpatel04@hotmail.example,25-34,£25k-£50k,FR,Auvergne-Rhone-Alpes,Lyon,Analyst,Individual contributor,Operations,0,True,0.69
noahroberts96@yahoo.example,25-34,£25k-£50k,US,New York,New York,Marketing Coordinator,Individual contributor,Marketing,8,False,0.71
noahweber23@gmail.example,25-34,£150k+,NL,Utrecht,Utrecht,Marketing Director,Director or above,Marketing,3,True,0.98
noahwood33@outlook.example,35-44,£50k-£100k,UK,Yorkshire,Leeds,Head of Growth,Manager,Marketing,6,False,0.74
noahwright85@outlook.example,25-34,£50k-£100k,US,California,San Francisco,Marketing Coordinator,Individual contributor,Marketing,6,False,0.98
nroberts706@gmail.example,45-54,£150k+,US,Washington,Seattle,Marketing Director,Director or above,Marketing,6,True,0.94
nschmidt222@gmail.example,25-34,£50k-£100k,FR,Auvergne-Rhone-Alpes,Lyon,Analyst,Individual contributor,Operations,6,False,0.7
nwhite127@yahoo.example,25-34,£50k-£100k,US,Illinois,Chicago,Sales Rep,Individual contributor,Sales,1,False,0.96
nwhite217@icloud.example,35-44,£100k-£150k,US,New York,New York,Operations Manager,Manager,Operations,2,False,0.74
nwood407@yahoo.example,25-34,£50k-£100k,UK,Yorkshire,Leeds,Sales Manager,Manager,Sales,4,False,0.95
nwright585@icloud.example,25-34,under £25k,US,Massachusetts,Boston,Analyst,Individual contributor,Operations,0,False,0.61
nwright980@hotmail.example,18-24,under £25k,UK,North West,Manchester,Student,Student,Student,0,False,0.91
o.anderson@ashford-digital.example,45-54,£50k-£100k,UK,Yorkshire,Leeds,Managing Director,Director or above,Executive,3,False,0.7
o.anderson@foxglove-couriers.example,25-34,£25k-£50k,FR,Occitanie,Toulouse,Marketing Manager,Manager,Marketing,1,True,0.83
o.anderson@greystone-manufacturing.example,18-24,£50k-£100k,UK,London,London,Analyst,Individual contributor,Operations,3,False,0.79
o.anderson@ironbridge-data.example,55-64,£100k-£150k,UK,Scotland,Edinburgh,Managing Director,Director or above,Executive,5,False,0.7
o.baker@alder-components.example,25-34,£25k-£50k,NL,North Holland,Amsterdam,Analyst,Individual contributor,Operations,7,False,0.84
o.baker@inkwell-academy.example,25-34,£25k-£50k,UK,West Midlands,Birmingham,Marketing Coordinator,Individual contributor,Marketing,1,False,0.71
o.baker@kelvin-medical.example,35-44,£25k-£50k,FR,Ile-de-France,Paris,Head of Marketing,Manager,Marketing,1,False,0.65
o.baker@marigold-freight.example,35-44,£100k-£150k,NL,North Brabant,Eindhoven,Managing Director,Director or above,Executive,8,False,0.68
o.bakker@brightwater-recruitment.example,45-54,£100k-£150k,US,Texas,Austin,Chief Revenue Officer,Director or above,Executive,2,False,0.6
o.bakker@clearwater-software.example,45-54,£50k-£100k,UK,London,London,Marketing Manager,Manager,Marketing,0,True,0.65
o.bakker@nimbus-wealth.example,35-44,£50k-£100k,UK,South West,Bristol,Marketing Manager,Manager,Marketing,4,False,0.62
o.bakker@westbrook-partners.example,35-44,£25k-£50k,FR,Auvergne-Rhone-Alpes,Lyon,Head of Growth,Manager,Marketing,4,False,0.98
o.bakker@yarrow-academy.example,25-34,£25k-£50k,UK,Scotland,Edinburgh,Analyst,Individual contributor,Operations,8,False,0.7
o.bernard@dunmore-care.example,25-34,£50k-£100k,FR,Occitanie,Toulouse,Operations Manager,Manager,Operations,1,False,0.94
o.bernard@rosewood-data.example,25-34,£25k-£50k,UK,London,London,Assistant,Individual contributor,Operations,1,True,0.82
o.brown@beacon-learning.example,25-34,£25k-£50k,US,Texas,Austin,Assistant,Individual contributor,Operations,3,True,0.78
o.brown@emberly-pharma.example,25-34,under £25k,UK,London,London,Analyst,Individual contributor,Operations,6,False,0.64
o.brown@tamarind-learning.example,45-54,£50k-£100k,US,Massachusetts,Boston,Chief Revenue Officer,Director or above,Executive,2,True,0.66
o.brown@yarrow-capital.example,25-34,£25k-£50k,UK,Scotland,Edinburgh,Sales Rep,Individual contributor,Sales,0,True,0.98
o.clarke@marigold-logistics.example,35-44,£50k-£100k,NL,North Brabant,Eindhoven,Sales Rep,Individual contributor,Sales,3,False,0.78
o.clarke@stonebridge-consulting.example,35-44,£25k-£50k,NL,North Holland,Amsterdam,Head of Marketing,Manager,Marketing,0,True,0.71
o.davies@clearwater-learning.example,35-44,£100k-£150k,US,California,San Francisco,Operations Manager,Manager,Operations,1,True,0.79
o.davies@cobalt-shipping.example,25-34,£50k-£100k,UK,North West,Manchester,Marketing Manager,Manager,Marketing,0,False,0.8
o.devries@ashford-stores.example,25-34,under £25k,DE,Hamburg,Hamburg,Analyst,Individual contributor,Operations,1,True,0.71
o.devries@norfolk-stores.example,18-24,under £25k,US,Massachusetts,Boston,Assistant,Individual contributor,Operations,3,False,0.66
o.devries@oakridge-goods.example,18-24,£50k-£100k,US,Texas,Austin,Assistant,Individual contributor,Operations,0,False,0.61
o.devries@stonebridge-couriers.example,35-44,£100k-£150k,US,Texas,Austin,Demand Gen Manager,Manager,Marketing,3,False,0.98
o.devries@yarrow-industries.example,25-34,£50k-£100k,US,Texas,Austin,Analyst,Individual contributor,Operations,13,False,0.61
o.dubois@bluebell-care.example,35-44,£25k-£50k,UK,South West,Bristol,Founder,Director or above,Executive,3,True,0.94
o.dubois@evergreen-recruitment.example,25-34,£25k-£50k,FR,Auvergne-Rhone-Alpes,Lyon,Assistant,Individual contributor,Operations,12,True,0.64
o.dubois@larkspur-logistics.example,45-54,£150k+,US,Massachusetts,Boston,CEO,Director or above,Executive,1,False,0.68
o.dubois@nettlefield-advisory.example,35-44,£50k-£100k,UK,North West,Manchester,Marketing Manager,Manager,Marketing,2,True,0.71
o.evans@greystone-outfitters.example,35-44,£100k-£150k,US,New York,New York,Sales Manager,Manager,Sales,1,True,0.75
o.evans@greystone-tutors.example,35-44,£100k-£150k,NL,North Brabant,Eindhoven,CEO,Director or above,Executive,0,True,0.82
o.evans@juniper-stores.example,45-54,£150k+,US,Texas,Austin,Chief Revenue Officer,Director or above,Executive,5,False,0.81
o.evans@rosewood-manufacturing.example,35-44,£100k-£150k,US,Illinois,Chicago,VP Marketing,Director or above,Marketing,1,True,0.91
o.garcia@elmstead-tutors.example,45-54,£50k-£100k,UK,Yorkshire,Leeds,Operations Manager,Manager,Operations,5,True,0.94
o.garcia@quartz-transport.example,45-54,£25k-£50k,UK,London,London,Sales Rep,Individual contributor,Sales,10,True,0.85
o.garcia@rosewood-clinics.example,18-24,£25k-£50k,NL,South Holland,Rotterdam,Marketing Coordinator,Individual contributor,Marketing,7,True,0.69
o.garcia@willow-industries.example,55-64,£100k-£150k,US,New York,New York,Founder,Director or above,Executive,1,True,0.83
o.green@bluebell-training.example,55-64,£25k-£50k,UK,London,London,Marketing Manager,Manager,Marketing,1,False,0.71
o.green@harbour-recruitment.example,35-44,£100k-£150k,UK,South West,Bristol,VP Marketing,Director or above,Marketing,1,False,0.88
o.hall@pebble-tutors.example,25-34,under £25k,FR,Hauts-de-France,Lille,Analyst,Individual contributor,Operations,1,True,0.92
o.hall@pinecrest-goods.example,45-54,£50k-£100k,FR,Ile-de-France,Paris,Director of Sales,Director or above,Sales,7,True,0.99
o.hall@tamarind-health.example,55-64,£50k-£100k,UK,West Midlands,Birmingham,Operations Manager,Manager,Operations,6,True,0.97
o.hall@tidewater-fabrication.example,45-54,£100k-£150k,UK,London,London,Founder,Director or above,Executive,2,True,0.95
o.hall@valley-goods.example,18-24,£50k-£100k,US,Texas,Austin,Marketing Executive,Individual contributor,Marketing,1,False,0.9
o.hughes@clearwater-legal.example,25-34,£100k-£150k,DE,Bavaria,Munich,Operations Manager,Manager,Operations,3,False,0.66
o.hughes@driftwood-transport.example,18-24,£25k-£50k,FR,Occitanie,Toulouse,Assistant,Individual contributor,Operations,3,False,0.91
o.hughes@marigold-dental.example,35-44,£50k-£100k,DE,Berlin,Berlin,Sales Manager,Manager,Sales,1,True,0.82
o.hughes@pebble-engineering.example,35-44,£100k-£150k,UK,North West,Manchester,Director of Sales,Director or above,Sales,4,True,0.61
o.jansen@clearwater-partners.example,25-34,£25k-£50k,US,New York,New York,Sales Rep,Individual contributor,Sales,3,False,0.72
o.jansen@ironbridge-consulting.example,35-44,£25k-£50k,US,New York,New York,Head of Growth,Manager,Marketing,0,False,0.65
o.jansen@ironbridge-manufacturing.example,35-44,£100k-£150k,UK,West Midlands,Birmingham,Head of Marketing,Manager,Marketing,6,False,0.98
o.jansen@saltmarsh-works.example,25-34,£50k-£100k,UK,West Midlands,Birmingham,Assistant,Individual contributor,Operations,1,False,0.94
o.johnson@emberly-consulting.example,25-34,£50k-£100k,DE,Hamburg,Hamburg,Marketing Coordinator,Individual contributor,Marketing,1,True,0.87
o.johnson@falcon-systems.example,18-24,under £25k,FR,Hauts-de-France,Lille,Student,Student,Student,0,False,0.7
o.johnson@hawthorn-medical.example,35-44,£150k+,US,Washington,Seattle,Demand Gen Manager,Manager,Marketing,8,True,0.97
o.johnson@kingsway-stores.example,18-24,£50k-£100k,US,California,San Francisco,Marketing Executive,Individual contributor,Marketing,6,False,0.75
o.johnson@lantern-partners.example,25-34,£25k-£50k,FR,Occitanie,Toulouse,Marketing Manager,Manager,Marketing,6,False,0.92
o.johnson@moorland-retail.example,45-54,£150k+,UK,West Midlands,Birmingham,CEO,Director or above,Executive,0,True,0.65
o.johnson@riverside-partners.example,35-44,£100k-£150k,UK,Yorkshire,Leeds,Operations Manager,Manager,Operations,2,False,0.87
o.johnson@valley-couriers.example,25-34,£25k-£50k,UK,North West,Manchester,Sales Rep,Individual contributor,Sales,0,True,0.89
o.jones@beacon-works.example,45-54,£50k-£100k,UK,Scotland,Edinburgh,Sales Manager,Manager,Sales,5,True,0.97
o.jones@falcon-dental.example,25-34,£50k-£100k,UK,North West,Manchester,Head of Growth,Manager,Marketing,7,False,0.69
o.jones@silverline-partners.example,25-34,under £25k,US,Illinois,Chicago,Analyst,Individual contributor,Operations,3,True,0.72
o.jones@valley-digital.example,45-54,£150k+,US,New York,New York,Director of Sales,Director or above,Sales,5,False,0.86
o.khan@hawthorn-stores.example,45-54,£100k-£150k,NL,South Holland,Rotterdam,Chief Revenue Officer,Director or above,Executive,5,False,0.61
o.khan@orchard-goods.example,18-24,under £25k,UK,Yorkshire,Leeds,Student,Student,Student,0,False,0.87
o.khan@upland-transport.example,18-24,under £25k,US,Washington,Seattle,Assistant,Individual contributor,Operations,6,False,0.76
o.khan@valley-engineering.example,18-24,£50k-£100k,FR,Occitanie,Toulouse,Assistant,Individual contributor,Operations,10,False,0.61
o.khan@zephyr-pharma.example,18-24,£50k-£100k,US,Illinois,Chicago,Assistant,Individual contributor,Operations,4,False,0.8
o.king@bluebell-market.example,35-44,£50k-£100k,DE,Hesse,Frankfurt,Head of Marketing,Manager,Marketing,5,True,0.87
o.king@norfolk-pharma.example,35-44,£50k-£100k,NL,South Holland,Rotterdam,Head of Growth,Manager,Marketing,3,True,0.63
o.king@northwind-care.example,35-44,£100k-£150k,UK,Scotland,Edinburgh,VP Marketing,Director or above,Marketing,10,True,0.63
o.king@tidewater-training.example,45-54,£50k-£100k,UK,London,London,Director of Sales,Director or above,Sales,3,True,0.66
o.lewis@ironbridge-wealth.example,45-54,£25k-£50k,UK,South West,Bristol,Analyst,Individual contributor,Operations,0,True,0.6
o.lewis@nimbus-legal.example,35-44,£100k-£150k,FR,Occitanie,Toulouse,CEO,Director or above,Executive,0,True,0.88
o.lewis@nimbus-works.example,35-44,£100k-£150k,US,New York,New York,Marketing Director,Director or above,Marketing,1,False,0.95
o.lewis@saltmarsh-health.example,25-34,£25k-£50k,NL,North Brabant,Eindhoven,Assistant,Individual contributor,Operations,8,False,0.81
o.lewis@valley-tutors.example,45-54,£100k-£150k,DE,Hamburg,Hamburg,Director of Sales,Director or above,Sales,6,True,0.98
o.martin@evergreen-stores.example,25-34,£100k-£150k,FR,Hauts-de-France,Lille,Operations Manager,Manager,Operations,2,True,0.87
o.martin@falcon-engineering.example,35-44,£50k-£100k,DE,Bavaria,Munich,Sales Rep,Individual contributor,Sales,6,False,0.8
o.martin@ironbridge-care.example,25-34,£25k-£50k,UK,Yorkshire,Leeds,Marketing Executive,Individual contributor,Marketing,4,False,0.72
o.martin@jasper-health.example,35-44,£50k-£100k,FR,Auvergne-Rhone-Alpes,Lyon,Head of Growth,Manager,Marketing,2,True,0.6
o.martin@kelvin-consulting.example,25-34,£25k-£50k,NL,North Holland,Amsterdam,Marketing Executive,Individual contributor,Marketing,0,True,0.84
o.martin@marigold-manufacturing.example,35-44,£50k-£100k,UK,South West,Bristol,Sales Rep,Individual contributor,Sales,6,True,0.75
o.martin@nimbus-capital.example,25-34,under £25k,FR,Ile-de-France,Paris,Marketing Executive,Individual contributor,Marketing,2,False,0.83
o.martin@stonebridge-advisory.example,45-54,£100k-£150k,NL,North Brabant,Eindhoven,CEO,Director or above,Executive,1,False,0.75
o.martin@tidewater-learning.example,45-54,£25k-£50k,DE,Hesse,Frankfurt,Sales Rep,Individual contributor,Sales,11,True,0.97
o.miller@beacon-recruitment.example,45-54,£50k-£100k,NL,Utrecht,Utrecht,Marketing Manager,Manager,Marketing,3,True,0.94
o.miller@brightwater-advisory.example,25-34,£50k-£100k,UK,South West,Bristol,Marketing Executive,Individual contributor,Marketing,0,False,0.87
o.miller@foxglove-data.example,35-44,£100k-£150k,FR,Hauts-de-France,Lille,Head of Marketing,Manager,Marketing,0,True,0.83
o.miller@highgate-capital.example,25-34,£25k-£50k,UK,London,London,Marketing Executive,Individual contributor,Marketing,2,False,0.97
o.miller@marigold-pharma.example,25-34,under £25k,US,Texas,Austin,Assistant,Individual contributor,Operations,5,True,0.98
o.moore@westbrook-medical.example,25-34,£25k-£50k,FR,Auvergne-Rhone-Alpes,Lyon,Assistant,Individual contributor,Operations,3,False,0.74
o.moore@willow-industries.example,25-34,£100k-£150k,US,New York,New York,Operations Manager,Manager,Operations,4,False,0.84
o.muller@alder-haulage.example,25-34,£25k-£50k,UK,North West,Manchester,Sales Rep,Individual contributor,Sales,2,False,0.73
o.muller@cedar-engineering.example,25-34,£50k-£100k,DE,Berlin,Berlin,Analyst,Individual contributor,Operations,3,False,0.68
o.muller@clearwater-wealth.example,35-44,£25k-£50k,NL,North Holland,Amsterdam,Sales Rep,Individual contributor,Sales,2,False,0.69
o.muller@emberly-engineering.example,55-64,£50k-£100k,DE,Bavaria,Munich,Marketing Manager,Manager,Marketing,2,False,0.7
o.muller@jasper-labs.example,25-34,£25k-£50k,US,Texas,Austin,Analyst,Individual contributor,Operations,5,True,0.95
o.muller@orchard-clinics.example,45-54,£25k-£50k,FR,Ile-de-France,Paris,Sales Manager,Manager,Sales,3,False,0.67
o.muller@zephyr-training.example,45-54,£25k-£50k,US,New York,New York,Assistant,Individual contributor,Operations,5,False,0.79
o.murphy@alder-haulage.example,25-34,£25k-£50k,UK,Scotland,Edinburgh,Sales Rep,Individual contributor,Sales,3,True,0.88
o.murphy@umber-goods.example,45-54,£50k-£100k,FR,Ile-de-France,Paris,Chief Revenue Officer,Director or above,Executive,0,True,0.85
o.patel@elmstead-engineering.example,45-54,£100k-£150k,UK,Yorkshire,Leeds,CEO,Director or above,Executive,2,False,0.83
o.patel@greystone-logistics.example,25-34,£25k-£50k,UK,Yorkshire,Leeds,Marketing Coordinator,Individual contributor,Marketing,4,False,0.86
o.patel@orchard-components.example,35-44,£50k-£100k,UK,London,London,Sales Rep,Individual contributor,Sales,6,True,0.99
o.patel@pinecrest-training.example,25-34,under £25k,UK,South West,Bristol,Marketing Executive,Individual contributor,Marketing,4,True,0.62
o.roberts@bramble-tutors.example,45-54,£100k-£150k,NL,North Holland,Amsterdam,CEO,Director or above,Executive,3,True,0.91
o.roberts@pennine-finance.example,25-34,£25k-£50k,UK,Scotland,Edinburgh,Sales Rep,Individual contributor,Sales,3,False,0.74
o.roberts@pennine-pharma.example,18-24,under £25k,UK,West Midlands,Birmingham,Marketing Coordinator,Individual contributor,Marketing,1,False,0.84
o.schmidt@aurora-labs.example,18-24,£25k-£50k,DE,Berlin,Berlin,Marketing Executive,Individual contributor,Marketing,5,False,0.73
o.schmidt@elmstead-engineering.example,25-34,£50k-£100k,UK,Scotland,Edinburgh,Head of Growth,Manager,Marketing,0,False,0.7
o.schmidt@granite-academy.example,25-34,£25k-£50k,US,Massachusetts,Boston,Marketing Executive,Individual contributor,Marketing,2,True,0.82
o.schmidt@oakridge-dental.example,45-54,£100k-£150k,US,Texas,Austin,Founder,Director or above,Executive,0,False,0.97
o.schmidt@pennine-college.example,25-34,under £25k,DE,Berlin,Berlin,Analyst,Individual contributor,Operations,2,True,0.64
o.schmidt@pinecrest-cloud.example,25-34,under £25k,US,Texas,Austin,Assistant,Individual contributor,Operations,0,True,0.71
o.scott@cobalt-shipping.example,45-54,£25k-£50k,UK,West Midlands,Birmingham,Marketing Executive,Individual contributor,Marketing,8,False,0.81
o.scott@emberly-fabrication.example,45-54,£50k-£100k,US,Texas,Austin,Managing Director,Director or above,Executive,11,True,0.72
o.scott@hawthorn-industries.example,25-34,£50k-£100k,US,Texas,Austin,Head of Growth,Manager,Marketing,0,True,0.74
o.scott@quartz-works.example,35-44,£100k-£150k,US,Massachusetts,Boston,Sales Manager,Manager,Sales,2,True,0.88
o.smith@highgate-health.example,45-54,£50k-£100k,US,Illinois,Chicago,Demand Gen Manager,Manager,Marketing,2,True,0.7
o.smith@lindenwood-consulting.example,45-54,£100k-£150k,US,New York,New York,Marketing Director,Director or above,Marketing,9,True,0.88
o.taylor@fernhill-associates.example,35-44,£25k-£50k,UK,Yorkshire,Leeds,Demand Gen Manager,Manager,Marketing,0,True,0.98
o.taylor@larkspur-couriers.example,25-34,£50k-£100k,US,New York,New York,Marketing Executive,Individual contributor,Marketing,4,False,0.67
o.taylor@orchard-components.example,25-34,£25k-£50k,UK,North West,Manchester,Marketing Executive,Individual contributor,Marketing,4,False,0.87
o.taylor@westbrook-outfitters.example,45-54,£100k-£150k,FR,Auvergne-Rhone-Alpes,Lyon,CEO,Director or above,Executive,3,False,0.83
o.thompson@evergreen-health.example,35-44,£150k+,US,Illinois,Chicago,VP Marketing,Director or above,Marketing,11,False,0.71
o.thompson@lindenwood-insurance.example,18-24,£25k-£50k,UK,South West,Bristol,Marketing Coordinator,Individual contributor,Marketing,1,False,0.8
o.thompson@marigold-finance.example,25-34,£25k-£50k,DE,Bavaria,Munich,Sales Rep,Individual contributor,Sales,3,True,0.93
o.walker@elmstead-shipping.example,35-44,£50k-£100k,UK,West Midlands,Birmingham,Marketing Manager,Manager,Marketing,8,False,0.93
o.walker@evergreen-college.example,18-24,£25k-£50k,FR,Auvergne-Rhone-Alpes,Lyon,Student,Student,Student,0,False,0.64
o.walker@quartz-associates.example,25-34,£100k-£150k,NL,South Holland,Rotterdam,Marketing Director,Director or above,Marketing,5,True,0.83
o.walker@riverside-couriers.example,35-44,£50k-£100k,NL,North Holland,Amsterdam,Sales Manager,Manager,Sales,6,False,0.87
o.walker@rosewood-dental.example,25-34,£100k-£150k,FR,Hauts-de-France,Lille,Head of Marketing,Manager,Marketing,4,True,0.66
o.walker@valley-care.example,25-34,£25k-£50k,UK,South West,Bristol,Marketing Executive,Individual contributor,Marketing,0,False,0.94
o.walker@yarrow-industries.example,18-24,£50k-£100k,US,New York,New York,Marketing Executive,Individual contributor,Marketing,1,True,0.76
o.weber@glenmoor-components.example,25-34,£100k-£150k,UK,Yorkshire,Leeds,VP Marketing,Director or above,Marketing,3,True,0.92
o.weber@harbour-haulage.example,25-34,£100k-£150k,FR,Auvergne-Rhone-Alpes,Lyon,CEO,Director or above,Executive,1,True,0.89
o.weber@larkspur-wealth.example,25-34,£25k-£50k,US,Massachusetts,Boston,Assistant,Individual contributor,Operations,2,True,0.71
o.white@bluebell-works.example,25-34,under £25k,UK,West Midlands,Birmingham,Sales Rep,Individual contributor,Sales,0,True,0.89
o.white@falcon-academy.example,25-34,£50k-£100k,UK,London,London,Marketing Manager,Manager,Marketing,14,True,0.92
o.white@meridian-haulage.example,25-34,£50k-£100k,FR,Ile-de-France,Paris,Operations Manager,Manager,Operations,2,False,0.84
o.white@saltmarsh-components.example,35-44,£100k-£150k,UK,South West,Bristol,Operations Manager,Manager,Operations,0,False,0.78
o.white@tamarind-tutors.example,45-54,£100k-£150k,US,California,San Francisco,Analyst,Individual contributor,Operations,2,False,0.86
o.white@valley-digital.example,35-44,£50k-£100k,US,Illinois,Chicago,Operations Manager,Manager,Operations,11,True,0.83
o.williams@ironbridge-care.example,55-64,£100k-£150k,UK,West Midlands,Birmingham,CEO,Director or above,Executive,1,True,0.95
o.williams@marigold-pharma.example,18-24,£25k-£50k,US,Illinois,Chicago,Sales Rep,Individual contributor,Sales,0,False,0.92
o.wilson@bluebell-health.example,25-34,£50k-£100k,US,Texas,Austin,Sales Rep,Individual contributor,Sales,2,True,0.84
o.wilson@clearwater-learning.example,45-54,£100k-£150k,US,Massachusetts,Boston,Marketing Manager,Manager,Marketing,3,True,0.67
o.wilson@clearwater-wealth.example,45-54,£150k+,NL,South Holland,Rotterdam,VP Marketing,Director or above,Marketing,2,False,0.65
o.wilson@dunmore-legal.example,18-24,£25k-£50k,NL,North Holland,Amsterdam,Assistant,Individual contributor,Operations,2,False,0.97
o.wilson@keystone-accountants.example,45-54,£100k-£150k,US,California,San Francisco,Chief Revenue Officer,Director or above,Executive,3,True,0.63
o.wilson@oakridge-systems.example,25-34,£25k-£50k,DE,Bavaria,Munich,Marketing Executive,Individual contributor,Marketing,0,True,0.83
o.wilson@tidewater-tutors.example,25-34,£50k-£100k,NL,Utrecht,Utrecht,Sales Rep,Individual contributor,Sales,2,True,0.7
o.wood@beacon-advisory.example,35-44,£50k-£100k,FR,Hauts-de-France,Lille,Marketing Manager,Manager,Marketing,0,False,0.9
o.wood@clearwater-goods.example,35-44,£25k-£50k,US,Washington,Seattle,Analyst,Individual contributor,Operations,3,True,0.94
o.wood@falcon-college.example,25-34,£50k-£100k,UK,London,London,Operations Manager,Manager,Operations,4,True,0.73
o.wood@nimbus-components.example,45-54,£150k+,US,Texas,Austin,Director of Sales,Director or above,Sales,2,True,0.68
o.wood@norfolk-haulage.example,35-44,£50k-£100k,US,Massachusetts,Boston,Operations Manager,Manager,Operations,7,True,0.82
o.wood@saltmarsh-wealth.example,35-44,under £25k,US,Massachusetts,Boston,Marketing Executive,Individual contributor,Marketing,9,True,0.7
o.wood@tamarind-works.example,35-44,£100k-£150k,UK,Yorkshire,Leeds,CEO,Director or above,Executive,1,True,0.92
o.wright@greystone-software.example,35-44,£100k-£150k,UK,London,London,Chief Revenue Officer,Director or above,Executive,1,True,0.64
o.wright@harbour-labs.example,25-34,£50k-£100k,US,Illinois,Chicago,Marketing Executive,Individual contributor,Marketing,0,False,0.85
o.wright@oakridge-fabrication.example,25-34,£50k-£100k,US,New York,New York,Head of Marketing,Manager,Marketing,0,False,0.94
o.wright@quartz-retail.example,25-34,£50k-£100k,UK,North West,Manchester,Operations Manager,Manager,Operations,2,False,0.83
o.wright@vantage-manufacturing.example,25-34,£100k-£150k,US,California,San Francisco,Demand Gen Manager,Manager,Marketing,5,False,0.67
o.young@brightwater-accountants.example,45-54,£150k+,US,Washington,Seattle,Director of Sales,Director or above,Sales,1,False,0.64
o.young@foxglove-health.example,25-34,£25k-£50k,UK,South West,Bristol,Marketing Coordinator,Individual contributor,Marketing,2,True,0.6
o.young@jasper-college.example,18-24,£25k-£50k,FR,Auvergne-Rhone-Alpes,Lyon,Marketing Executive,Individual contributor,Marketing,1,False,0.97
o.young@norfolk-accountants.example,25-34,£25k-£50k,NL,North Holland,Amsterdam,Assistant,Individual contributor,Operations,5,True,0.75
o.young@quartz-market.example,25-34,£25k-£50k,US,New York,New York,Marketing Coordinator,Individual contributor,Marketing,5,False,0.71
oanderson047@icloud.example,65+,£150k+,US,Massachusetts,Boston,Director of Sales,Director or above,Sales,2,True,0.6
obaker168@yahoo.example,25-34,£50k-£100k,FR,Occitanie,Toulouse,Sales Manager,Manager,Sales,1,False,0.85
obakker853@hotmail.example,45-54,£100k-£150k,US,California,San Francisco,CEO,Director or above,Executive,0,True,0.69
obakker990@hotmail.example,25-34,£25k-£50k,UK,Yorkshire,Leeds,Assistant,Individual contributor,Operations,6,False,0.82
oclarke065@hotmail.example,55-64,£150k+,US,California,San Francisco,VP Marketing,Director or above,Marketing,0,True,0.7
oclarke797@gmail.example,18-24,£25k-£50k,UK,South West,Bristol,Analyst,Individual contributor,Operations,2,False,0.62
odavies337@outlook.example,18-24,£25k-£50k,UK,Scotland,Edinburgh,Sales Rep,Individual contributor,Sales,6,True,0.75
odubois289@gmail.example,35-44,£50k-£100k,US,Massachusetts,Boston,Marketing Executive,Individual contributor,Marketing,2,True,0.97
ogarcia712@gmail.example,35-44,£50k-£100k,UK,South West,Bristol,Operations Manager,Manager,Operations,3,False,0.95
ohughes948@hotmail.example,35-44,under £25k,US,Washington,Seattle,Marketing Coordinator,Individual contributor,Marketing,2,False,0.75
ojansen706@outlook.example,18-24,under £25k,DE,Berlin,Berlin,Student,Student,Student,0,False,0.71
ojohnson155@icloud.example,18-24,under £25k,DE,Berlin,Berlin,Student,Student,Student,0,False,0.89
okhan792@icloud.example,25-34,£25k-£50k,NL,North Holland,Amsterdam,Analyst,Individual contributor,Operations,3,False,0.61
olewis019@hotmail.example,25-34,£100k-£150k,UK,South West,Bristol,Operations Manager,Manager,Operations,4,False,0.76
olewis782@icloud.example,35-44,£100k-£150k,UK,West Midlands,Birmingham,Managing Director,Director or above,Executive,5,False,0.96
oliver.anderson@outlook.example,35-44,£50k-£100k,UK,Yorkshire,Leeds,Demand Gen Manager,Manager,Marketing,9,False,0.71
oliver.baker@foxglove-goods.example,25-34,£50k-£100k,FR,Auvergne-Rhone-Alpes,Lyon,Marketing Executive,Individual contributor,Marketing,4,False,0.98
oliver.baker@granite-finance.example,45-54,£100k-£150k,UK,West Midlands,Birmingham,VP Marketing,Director or above,Marketing,2,True,0.93
oliver.baker@northwind-cloud.example,25-34,£25k-£50k,UK,West Midlands,Birmingham,Operations Manager,Manager,Operations,4,True,0.86
oliver.bakker@upland-accountants.example,35-44,£100k-£150k,UK,Scotland,Edinburgh,Sales Manager,Manager,Sales,1,True,0.93
oliver.bernard@umber-advisory.example,25-34,£100k-£150k,US,Texas,Austin,Operations Manager,Manager,Operations,3,False,0.7
oliver.brown@kestrel-clinics.example,35-44,£150k+,US,Illinois,Chicago,Chief Revenue Officer,Director or above,Executive,3,False,0.93
oliver.brown@yarrow-fabrication.example,25-34,£50k-£100k,US,Massachusetts,Boston,Sales Rep,Individual contributor,Sales,0,False,0.66
oliver.clarke@emberly-data.example,35-44,£100k-£150k,US,Illinois,Chicago,Marketing Director,Director or above,Marketing,2,True,0.9
oliver.clarke@nimbus-components.example,25-34,£50k-£100k,US,New York,New York,Analyst,Individual contributor,Operations,11,False,0.72
oliver.davies@cobalt-engineering.example,25-34,£25k-£50k,US,New York,New York,Head of Marketing,Manager,Marketing,0,False,0.83
oliver.davies@dovecote-pharma.example,25-34,£50k-£100k,UK,North West,Manchester,Sales Manager,Manager,Sales,1,False,0.63
oliver.davies@marigold-finance.example,45-54,£50k-£100k,DE,Hamburg,Hamburg,Head of Marketing,Manager,Marketing,12,True,0.71
oliver.garcia@keystone-care.example,35-44,£50k-£100k,DE,Berlin,Berlin,CEO,Director or above,Executive,0,False,0.99
oliver.garcia@yahoo.example,35-44,£100k-£150k,US,Washington,Seattle,Marketing Director,Director or above,Marketing,2,False,0.73
oliver.green@dovecote-logistics.example,35-44,£100k-£150k,UK,South West,Bristol,Founder,Director or above,Executive,4,False,0.87
oliver.green@highgate-fabrication.example,18-24,£25k-£50k,UK,Scotland,Edinburgh,Analyst,Individual contributor,Operations,6,False,0.63
oliver.green@pebble-manufacturing.example,25-34,£25k-£50k,UK,South West,Bristol,Sales Rep,Individual contributor,Sales,6,True,0.72
oliver.hall@gmail.example,18-24,under £25k,FR,Hauts-de-France,Lille,Student,Student,Student,0,False,0.76
oliver.hall@hotmail.example,18-24,£50k-£100k,US,Washington,Seattle,Assistant,Individual contributor,Operations,4,False,0.81
oliver.hall@riverside-dental.example,18-24,£25k-£50k,DE,Hamburg,Hamburg,Analyst,Individual contributor,Operations,3,False,0.92
oliver.hughes@emberly-shipping.example,35-44,£50k-£100k,UK,West Midlands,Birmingham,Head of Growth,Manager,Marketing,4,True,0.77
oliver.hughes@kestrel-market.example,25-34,£25k-£50k,UK,London,London,Marketing Manager,Manager,Marketing,0,False,0.7
oliver.jansen@heron-works.example,25-34,under £25k,US,Massachusetts,Boston,Assistant,Individual contributor,Operations,1,True,0.7
oliver.johnson@icloud.example,25-34,£50k-£100k,US,Illinois,Chicago,Marketing Executive,Individual contributor,Marketing,1,True,0.93
oliver.jones@dovecote-works.example,45-54,£150k+,DE,Hesse,Frankfurt,Director of Sales,Director or above,Sales,1,True,0.77
oliver.khan@redwood-dental.example,18-24,under £25k,US,Massachusetts,Boston,Student,Student,Student,0,False,0.66
oliver.king@highgate-couriers.example,18-24,£25k-£50k,UK,London,London,Analyst,Individual contributor,Operations,3,True,0.65
oliver.king@highgate-dental.example,25-34,£100k-£150k,US,Washington,Seattle,Head of Growth,Manager,Marketing,3,True,0.75
oliver.king@pennine-capital.example,45-54,£25k-£50k,US,New York,New York,Marketing Manager,Manager,Marketing,3,True,0.62
oliver.lewis@kelvin-cloud.example,25-34,£50k-£100k,US,Texas,Austin,Demand Gen Manager,Manager,Marketing,3,True,0.84
oliver.miller@yarrow-data.example,35-44,£50k-£100k,FR,Occitanie,Toulouse,Sales Manager,Manager,Sales,1,False,0.63
oliver.moore@lindenwood-college.example,25-34,£100k-£150k,DE,Bavaria,Munich,Head of Growth,Manager,Marketing,0,True,0.96
oliver.muller@emberly-systems.example,25-34,£50k-£100k,UK,London,London,Marketing Coordinator,Individual contributor,Marketing,0,False,0.69
oliver.muller@moorland-associates.example,35-44,£100k-£150k,UK,South West,Bristol,Operations Manager,Manager,Operations,1,True,0.75
oliver.murphy@driftwood-systems.example,35-44,£50k-£100k,UK,Scotland,Edinburgh,Demand Gen Manager,Manager,Marketing,0,True,0.72
oliver.murphy@oldfield-insurance.example,25-34,£25k-£50k,NL,South Holland,Rotterdam,Marketing Executive,Individual contributor,Marketing,1,False,0.88
oliver.murphy@redwood-digital.example,35-44,£25k-£50k,DE,Hesse,Frankfurt,Marketing Executive,Individual contributor,Marketing,5,True,0.84
oliver.murphy@zephyr-freight.example,25-34,£50k-£100k,FR,Ile-de-France,Paris,Marketing Manager,Manager,Marketing,2,False,0.84
oliver.patel@brightwater-market.example,25-34,£100k-£150k,US,New York,New York,Operations Manager,Manager,Operations,3,False,0.95
oliver.roberts@aurora-works.example,45-54,£50k-£100k,DE,Bavaria,Munich,Marketing Director,Director or above,Marketing,6,True,0.68
oliver.schmidt@alder-logistics.example,35-44,£25k-£50k,FR,Ile-de-France,Paris,Demand Gen Manager,Manager,Marketing,4,True,0.89
oliver.schmidt@hotmail.example,18-24,under £25k,UK,Yorkshire,Leeds,Student,Student,Student,0,False,0.84
oliver.schmidt@norfolk-software.example,55-64,£100k-£150k,UK,South West,Bristol,Founder,Director or above,Executive,1,False,0.99
oliver.schmidt@umber-academy.example,45-54,£100k-£150k,US,Illinois,Chicago,CEO,Director or above,Executive,1,False,0.89
oliver.scott@upland-care.example,18-24,£25k-£50k,US,New York,New York,Assistant,Individual contributor,Operations,7,True,0.67
oliver.smith@brightwater-software.example,25-34,£25k-£50k,UK,West Midlands,Birmingham,Analyst,Individual contributor,Operations,1,False,0.8
oliver.smith@outlook.example,25-34,under £25k,FR,Ile-de-France,Paris,Marketing Executive,Individual contributor,Marketing,3,True,0.9
oliver.smith@tidewater-works.example,35-44,£50k-£100k,FR,Ile-de-France,Paris,Demand Gen Manager,Manager,Marketing,2,False,0.74
oliver.thompson@elmstead-software.example,35-44,£25k-£50k,US,Illinois,Chicago,Marketing Executive,Individual contributor,Marketing,6,True,0.88
oliver.thompson@outlook.example,18-24,£50k-£100k,US,New York,New York,Student,Student,Student,0,False,0.99
oliver.walker@emberly-freight.example,35-44,£50k-£100k,FR,Ile-de-France,Paris,Demand Gen Manager,Manager,Marketing,0,True,0.92
oliver.walker@kestrel-digital.example,35-44,£50k-£100k,US,Massachusetts,Boston,Sales Manager,Manager,Sales,4,True,0.65
oliver.weber@juniper-finance.example,25-34,£50k-£100k,US,Washington,Seattle,Assistant,Individual contributor,Operations,4,False,0.94
oliver.weber@kingsway-dental.example,18-24,under £25k,FR,Occitanie,Toulouse,Assistant,Individual contributor,Operations,8,False,0.72
oliver.weber@silverline-stores.example,25-34,£50k-£100k,UK,West Midlands,Birmingham,Demand Gen Manager,Manager,Marketing,3,False,0.93
oliver.white@pinecrest-college.example,18-24,under £25k,UK,South West,Bristol,Sales Rep,Individual contributor,Sales,2,False,0.97
oliver.williams@tamarind-finance.example,25-34,£25k-£50k,US,California,San Francisco,Marketing Coordinator,Individual contributor,Marketing,1,True,0.94
oliver.wood@bluebell-outfitters.example,45-54,£50k-£100k,FR,Hauts-de-France,Lille,Head of Marketing,Manager,Marketing,6,False,0.83
oliver.wood@ivywood-health.example,35-44,£50k-£100k,US,Washington,Seattle,Demand Gen Manager,Manager,Marketing,5,False,0.74
oliver.young@aurora-legal.example,18-24,£25k-£50k,UK,West Midlands,Birmingham,Sales Rep,Individual contributor,Sales,4,False,0.86
oliver8@bluebell-pharma.example,35-44,£50k-£100k,UK,North West,Manchester,Demand Gen Manager,Manager,Marketing,2,False,0.88
oliver@cobalt-goods.example,25-34,under £25k,FR,Auvergne-Rhone-Alpes,Lyon,Sales Rep,Individual contributor,Sales,7,True,0.66
oliver@dovecote-freight.example,25-34,£100k-£150k,US,New York,New York,Marketing Manager,Manager,Marketing,2,False,0.84
oliver@driftwood-lending.example,45-54,£100k-£150k,UK,London,London,CEO,Director or above,Executive,3,True,0.97
oliver@dunmore-engineering.example,18-24,£25k-£50k,UK,South West,Bristol,Sales Rep,Individual contributor,Sales,2,False,0.85
oliver@foxglove-cloud.example,35-44,£50k-£100k,NL,Utrecht,Utrecht,Director of Sales,Director or above,Sales,0,True,0.88
oliver@glenmoor-goods.example,35-44,£150k+,US,Illinois,Chicago,Managing Director,Director or above,Executive,0,True,0.72
oliver@granite-outfitters.example,25-34,£100k-£150k,US,Texas,Austin,Demand Gen Manager,Manager,Marketing,4,True,0.82
oliver@greystone-academy.example,45-54,£50k-£100k,UK,London,London,CEO,Director or above,Executive,0,True,0.78
oliver@hawthorn-industries.example,18-24,£25k-£50k,US,Washington,Seattle,Marketing Executive,Individual contributor,Marketing,1,False,0.92
oliver@highgate-legal.example,25-34,£50k-£100k,UK,South West,Bristol,Head of Growth,Manager,Marketing,1,True,0.87
oliver@inkwell-digital.example,25-34,£25k-£50k,NL,South Holland,Rotterdam,Marketing Coordinator,Individual contributor,Marketing,3,True,0.62
oliver@jasper-engineering.example,45-54,£100k-£150k,DE,Hamburg,Hamburg,Sales Manager,Manager,Sales,0,True,0.94
oliver@jasper-training.example,45-54,£25k-£50k,UK,London,London,Marketing Executive,Individual contributor,Marketing,1,False,0.78
oliver@juniper-capital.example,25-34,£50k-£100k,UK,Yorkshire,Leeds,Demand Gen Manager,Manager,Marketing,3,True,0.72
oliver@juniper-couriers.example,45-54,£50k-£100k,UK,Scotland,Edinburgh,CEO,Director or above,Executive,5,False,0.84
oliver@larkspur-tutors.example,45-54,£50k-£100k,US,California,San Francisco,Sales Manager,Manager,Sales,7,False,0.62
oliver@lindenwood-couriers.example,45-54,£50k-£100k,UK,South West,Bristol,Marketing Manager,Manager,Marketing,1,True,0.67
oliver@meridian-industries.example,45-54,£100k-£150k,UK,West Midlands,Birmingham,VP Marketing,Director or above,Marketing,0,False,0.77
oliver@norfolk-advisory.example,45-54,£50k-£100k,US,Washington,Seattle,CEO,Director or above,Executive,5,False,0.79
oliver@northwind-stores.example,35-44,£25k-£50k,NL,North Holland,Amsterdam,Head of Marketing,Manager,Marketing,0,False,0.62
oliver@oldfield-advisory.example,25-34,£25k-£50k,US,New York,New York,Marketing Coordinator,Individual contributor,Marketing,1,False,0.96
oliver@pebble-logistics.example,35-44,£100k-£150k,DE,Berlin,Berlin,Head of Growth,Manager,Marketing,1,True,0.92
oliver@pebble-tutors.example,25-34,£100k-£150k,FR,Ile-de-France,Paris,Founder,Director or above,Executive,1,False,0.96
oliver@pinecrest-industries.example,35-44,£25k-£50k,UK,Scotland,Edinburgh,Head of Marketing,Manager,Marketing,4,False,0.71
oliver@quartz-capital.example,25-34,£25k-£50k,FR,Hauts-de-France,Lille,Head of Growth,Manager,Marketing,3,True,0.98
oliver@quartz-couriers.example,25-34,£25k-£50k,UK,South West,Bristol,Marketing Manager,Manager,Marketing,7,False,0.64
oliver@tamarind-health.example,25-34,£25k-£50k,UK,Yorkshire,Leeds,Marketing Director,Director or above,Marketing,8,False,0.98
oliver@tamarind-tutors.example,25-34,£25k-£50k,US,Washington,Seattle,Sales Rep,Individual contributor,Sales,6,True,0.61
oliver@thornbury-college.example,45-54,£50k-£100k,UK,London,London,Operations Manager,Manager,Operations,3,False,0.91
oliver@thornbury-tutors.example,35-44,£50k-£100k,NL,North Brabant,Eindhoven,Head of Growth,Manager,Marketing,0,True,0.93
oliver@tidewater-components.example,35-44,£50k-£100k,DE,Bavaria,Munich,Sales Manager,Manager,Sales,3,False,0.63
oliver@upland-cloud.example,35-44,£100k-£150k,UK,South West,Bristol,Head of Marketing,Manager,Marketing,1,True,0.77
oliver@westbrook-outfitters.example,25-34,£25k-£50k,FR,Hauts-de-France,Lille,Assistant,Individual contributor,Operations,6,True,0.82
oliverbernard22@gmail.example,25-34,£50k-£100k,US,Illinois,Chicago,Operations Manager,Manager,Operations,4,False,0.7
oliverdavies36@gmail.example,45-54,£25k-£50k,UK,Scotland,Edinburgh,Assistant,Individual contributor,Operations,6,True,0.69
oliverdubois70@yahoo.example,25-34,£25k-£50k,UK,Yorkshire,Leeds,Student,Student,Student,0,True,0.9
olivergarcia26@yahoo.example,25-34,£50k-£100k,UK,Yorkshire,Leeds,Head of Marketing,Manager,Marketing,8,False,0.68
olivergreen76@outlook.example,25-34,£25k-£50k,UK,London,London,Sales Rep,Individual contributor,Sales,4,False,0.7
oliverhall33@yahoo.example,25-34,£25k-£50k,UK,Yorkshire,Leeds,Marketing Coordinator,Individual contributor,Marketing,0,False,0.82
oliverjones48@hotmail.example,35-44,£100k-£150k,UK,Yorkshire,Leeds,Managing Director,Director or above,Executive,2,True,0.82
oliverkhan14@outlook.example,55-64,£100k-£150k,DE,Hamburg,Hamburg,CEO,Director or above,Executive,2,True,0.85
oliverkhan70@yahoo.example,25-34,£25k-£50k,NL,North Holland,Amsterdam,Analyst,Individual contributor,Operations,0,True,0.81
oliverpatel53@hotmail.example,45-54,£150k+,US,New York,New York,VP Marketing,Director or above,Marketing,4,False,0.8
oliverwright52@gmail.example,45-54,£100k-£150k,US,Illinois,Chicago,Sales Rep,Individual contributor,Sales,3,True,0.9
oliveryoung91@icloud.example,18-24,£25k-£50k,DE,Berlin,Berlin,Assistant,Individual contributor,Operations,1,False,0.83
olivia.baker@falcon-retail.example,35-44,£50k-£100k,UK,North West,Manchester,CEO,Director or above,Executive,0,False,0.98
olivia.baker@quartz-manufacturing.example,25-34,£25k-£50k,NL,Utrecht,Utrecht,Marketing Coordinator,Individual contributor,Marketing,6,True,0.82
olivia.bernard@hotmail.example,25-34,£25k-£50k,NL,North Holland,Amsterdam,Marketing Coordinator,Individual contributor,Marketing,0,True,0.9
olivia.bernard@thornbury-tutors.example,25-34,£25k-£50k,NL,South Holland,Rotterdam,Head of Growth,Manager,Marketing,0,True,0.9
olivia.brown@valley-labs.example,25-34,£50k-£100k,DE,Berlin,Berlin,Assistant,Individual contributor,Operations,9,True,0.8
olivia.clarke@bramble-components.example,25-34,£50k-£100k,US,Washington,Seattle,Demand Gen Manager,Manager,Marketing,0,True,0.99
olivia.devries@quartz-dental.example,18-24,£25k-£50k,UK,Scotland,Edinburgh,Sales Rep,Individual contributor,Sales,4,False,0.61
olivia.devries@westbrook-health.example,35-44,£150k+,US,California,San Francisco,Marketing Director,Director or above,Marketing,5,False,0.68
olivia.dubois@inkwell-finance.example,18-24,£100k-£150k,US,Illinois,Chicago,Marketing Coordinator,Individual contributor,Marketing,7,False,0.6
olivia.garcia@meridian-fabrication.example,35-44,£150k+,US,New York,New York,VP Marketing,Director or above,Marketing,0,False,0.9
olivia.garcia@norfolk-wealth.example,25-34,£25k-£50k,UK,Yorkshire,Leeds,Marketing Manager,Manager,Marketing,7,True,0.96
olivia.green@lindenwood-retail.example,25-34,£100k-£150k,US,Texas,Austin,Marketing Director,Director or above,Marketing,3,True,0.75
olivia.hall@driftwood-accountants.example,35-44,£50k-£100k,UK,South West,Bristol,Head of Marketing,Manager,Marketing,6,False,0.94
olivia.hall@ivywood-consulting.example,35-44,£25k-£50k,UK,South West,Bristol,Marketing Manager,Manager,Marketing,6,True,0.95
olivia.hall@nimbus-retail.example,45-54,£25k-£50k,UK,South West,Bristol,Sales Rep,Individual contributor,Sales,2,True,0.82
olivia.hughes@yahoo.example,25-34,£25k-£50k,NL,North Brabant,Eindhoven,Marketing Coordinator,Individual contributor,Marketing,6,False,0.72
olivia.jansen@harbour-insurance.example,25-34,under £25k,UK,South West,Bristol,Sales Rep,Individual contributor,Sales,2,True,0.93
olivia.jansen@tidewater-training.example,35-44,£50k-£100k,UK,West Midlands,Birmingham,Head of Marketing,Manager,Marketing,5,False,0.72
olivia.lewis@dovecote-cloud.example,45-54,£50k-£100k,UK,South West,Bristol,Operations Manager,Manager,Operations,1,True,0.97
olivia.miller@outlook.example,18-24,£50k-£100k,US,Texas,Austin,Marketing Executive,Individual contributor,Marketing,3,False,0.98
olivia.moore@clearwater-wealth.example,25-34,£150k+,NL,South Holland,Rotterdam,Marketing Director,Director or above,Marketing,5,False,0.62
olivia.muller@glenmoor-trading.example,25-34,£50k-£100k,UK,North West,Manchester,Marketing Executive,Individual contributor,Marketing,2,True,0.95
olivia.muller@greystone-learning.example,45-54,£150k+,US,Illinois,Chicago,Managing Director,Director or above,Executive,2,False,0.98
olivia.murphy@aurora-couriers.example,45-54,£50k-£100k,UK,West Midlands,Birmingham,Director of Sales,Director or above,Sales,5,True,0.72
olivia.schmidt@gmail.example,18-24,£25k-£50k,US,Texas,Austin,Marketing Executive,Individual contributor,Marketing,2,False,0.9
olivia.schmidt@northwind-trading.example,45-54,£100k-£150k,UK,London,London,VP Marketing,Director or above,Marketing,0,True,0.62
olivia.schmidt@thornbury-legal.example,25-34,£25k-£50k,US,California,San Francisco,Head of Marketing,Manager,Marketing,1,True,0.72
olivia.scott@clearwater-clinics.example,35-44,£50k-£100k,NL,North Holland,Amsterdam,Sales Manager,Manager,Sales,0,False,0.61
olivia.scott@kelvin-legal.example,35-44,£100k-£150k,US,Illinois,Chicago,Director of Sales,Director or above,Sales,1,True,0.94
olivia.scott@rosewood-clinics.example,25-34,£100k-£150k,NL,Utrecht,Utrecht,Head of Marketing,Manager,Marketing,1,False,0.79
olivia.smith@icloud.example,35-44,£100k-£150k,DE,Hamburg,Hamburg,VP Marketing,Director or above,Marketing,3,True,0.76
olivia.thompson@gmail.example,35-44,£100k-£150k,UK,South West,Bristol,Founder,Director or above,Executive,2,False,0.97
olivia.walker@greystone-manufacturing.example,35-44,£100k-£150k,UK,West Midlands,Birmingham,Head of Marketing,Manager,Marketing,1,True,0.97
olivia.weber@outlook.example,25-34,£150k+,US,Washington,Seattle,Managing Director,Director or above,Executive,1,False,0.62
olivia.weber@yahoo.example,25-34,£25k-£50k,US,Texas,Austin,Assistant,Individual contributor,Operations,6,True,0.6
olivia.white@juniper-tutors.example,35-44,£50k-£100k,DE,Bavaria,Munich,CEO,Director or above,Executive,1,False,0.6
olivia.white@rosewood-data.example,35-44,£50k-£100k,UK,Scotland,Edinburgh,Founder,Director or above,Executive,4,False,0.91
olivia.white@tamarind-retail.example,25-34,£25k-£50k,UK,Yorkshire,Leeds,Marketing Executive,Individual contributor,Marketing,3,False,0.94
olivia.williams@tamarind-academy.example,25-34,£25k-£50k,US,Texas,Austin,Analyst,Individual contributor,Operations,6,False,0.83
olivia.wilson@keystone-digital.example,25-34,£50k-£100k,US,New York,New York,Analyst,Individual contributor,Operations,5,False,0.91
olivia.wilson@zephyr-engineering.example,35-44,£150k+,US,California,San Francisco,Operations Manager,Manager,Operations,7,True,0.97
olivia.wright@yahoo.example,25-34,under £25k,UK,West Midlands,Birmingham,Analyst,Individual contributor,Operations,6,False,0.6
olivia.young@jasper-shipping.example,25-34,£50k-£100k,US,Massachusetts,Boston,Assistant,Individual contributor,Operations,2,True,0.86
olivia@beacon-digital.example,25-34,£50k-£100k,UK,London,London,Sales Manager,Manager,Sales,2,False,0.78
olivia@beacon-fabrication.example,25-34,£50k-£100k,DE,Berlin,Berlin,Sales Manager,Manager,Sales,5,True,0.93
olivia@beacon-health.example,18-24,under £25k,US,New York,New York,Student,Student,Student,0,False,0.97
olivia@bluebell-manufacturing.example,25-34,£25k-£50k,NL,Utrecht,Utrecht,Analyst,Individual contributor,Operations,3,False,0.8
olivia@bramble-software.example,35-44,£100k-£150k,US,Illinois,Chicago,Head of Marketing,Manager,Marketing,2,False,0.9
olivia@cobalt-retail.example,25-34,£25k-£50k,UK,North West,Manchester,Analyst,Individual contributor,Operations,2,False,0.9
olivia@dunmore-associates.example,45-54,£50k-£100k,US,Texas,Austin,VP Marketing,Director or above,Marketing,2,True,0.76
olivia@elmstead-tutors.example,35-44,£50k-£100k,UK,Yorkshire,Leeds,Sales Manager,Manager,Sales,4,False,0.75
olivia@emberly-data.example,25-34,under £25k,US,New York,New York,Marketing Executive,Individual contributor,Marketing,3,False,0.65
olivia@granite-industries.example,25-34,£25k-£50k,UK,Scotland,Edinburgh,Marketing Executive,Individual contributor,Marketing,2,False,0.85
olivia@greystone-cloud.example,45-54,£50k-£100k,US,New York,New York,Head of Marketing,Manager,Marketing,0,True,0.64
olivia@greystone-learning.example,35-44,£25k-£50k,US,Washington,Seattle,Sales Rep,Individual contributor,Sales,2,True,0.83
olivia@greystone-logistics.example,35-44,£50k-£100k,UK,Yorkshire,Leeds,Head of Marketing,Manager,Marketing,1,False,0.72
olivia@hawthorn-shipping.example,55-64,£150k+,FR,Occitanie,Toulouse,Marketing Director,Director or above,Marketing,1,False,0.79
olivia@inkwell-clinics.example,35-44,£150k+,US,Texas,Austin,CEO,Director or above,Executive,1,True,0.63
olivia@inkwell-finance.example,35-44,£25k-£50k,US,Texas,Austin,Sales Rep,Individual contributor,Sales,3,True,0.71
olivia@inkwell-health.example,45-54,£150k+,UK,North West,Manchester,CEO,Director or above,Executive,4,False,0.89
olivia@ironbridge-advisory.example,35-44,£50k-£100k,NL,Utrecht,Utrecht,Demand Gen Manager,Manager,Marketing,0,True,0.76
olivia@ironbridge-finance.example,25-34,£100k-£150k,US,Texas,Austin,Operations Manager,Manager,Operations,10,False,0.79
olivia@kestrel-health.example,18-24,£50k-£100k,UK,North West,Manchester,Sales Rep,Individual contributor,Sales,4,True,0.85
olivia@kingsway-manufacturing.example,35-44,£50k-£100k,US,Texas,Austin,Marketing Director,Director or above,Marketing,1,True,0.82
olivia@lindenwood-capital.example,25-34,£25k-£50k,UK,West Midlands,Birmingham,Sales Rep,Individual contributor,Sales,8,True,0.67
olivia@marigold-learning.example,18-24,£50k-£100k,US,Washington,Seattle,Marketing Coordinator,Individual contributor,Marketing,0,True,0.84
olivia@meridian-dental.example,25-34,£25k-£50k,DE,Hesse,Frankfurt,Sales Rep,Individual contributor,Sales,2,False,0.93
olivia@nettlefield-digital.example,35-44,£100k-£150k,UK,North West,Manchester,Founder,Director or above,Executive,1,True,0.84
olivia@nimbus-capital.example,45-54,£50k-£100k,FR,Ile-de-France,Paris,Director of Sales,Director or above,Sales,1,True,0.82
olivia@norfolk-clinics.example,45-54,£50k-£100k,UK,Yorkshire,Leeds,Marketing Manager,Manager,Marketing,3,True,0.93
olivia@northwind-manufacturing.example,35-44,£50k-£100k,US,Massachusetts,Boston,Operations Manager,Manager,Operations,1,True,0.78
olivia@oldfield-software.example,45-54,£100k-£150k,DE,Bavaria,Munich,Managing Director,Director or above,Executive,4,False,0.85
olivia@orchard-clinics.example,18-24,£25k-£50k,FR,Occitanie,Toulouse,Analyst,Individual contributor,Operations,14,False,0.77
olivia@redwood-accountants.example,55-64,£50k-£100k,DE,Bavaria,Munich,Founder,Director or above,Executive,2,False,0.77
olivia@redwood-goods.example,25-34,£25k-£50k,UK,South West,Bristol,Assistant,Individual contributor,Operations,2,False,0.68
olivia@redwood-tutors.example,45-54,£50k-£100k,FR,Hauts-de-France,Lille,Operations Manager,Manager,Operations,3,True,0.64
olivia@riverside-fabrication.example,18-24,£25k-£50k,NL,North Brabant,Eindhoven,Sales Rep,Individual contributor,Sales,3,True,0.8
olivia@stonebridge-care.example,35-44,£25k-£50k,UK,Yorkshire,Leeds,Operations Manager,Manager,Operations,15,True,0.64
olivia@tamarind-legal.example,25-34,under £25k,UK,South West,Bristol,Marketing Executive,Individual contributor,Marketing,1,True,0.68
olivia@thornbury-academy.example,18-24,under £25k,DE,Hesse,Frankfurt,Marketing Executive,Individual contributor,Marketing,5,False,0.9
olivia@umber-college.example,45-54,£50k-£100k,DE,Bavaria,Munich,Demand Gen Manager,Manager,Marketing,3,False,0.78
olivia@umber-health.example,35-44,£100k-£150k,DE,Bavaria,Munich,Chief Revenue Officer,Director or above,Executive,2,True,0.86
olivia@umber-legal.example,35-44,£50k-£100k,UK,Yorkshire,Leeds,Marketing Manager,Manager,Marketing,4,True,0.61
olivia@yarrow-pharma.example,25-34,£25k-£50k,UK,London,London,Sales Rep,Individual contributor,Sales,9,True,0.67
oliviabaker49@gmail.example,18-24,£25k-£50k,FR,Hauts-de-France,Lille,Marketing Executive,Individual contributor,Marketing,5,True,0.9
oliviaclarke63@yahoo.example,25-34,under £25k,UK,South West,Bristol,Marketing Executive,Individual contributor,Marketing,2,True,0.67
oliviadevries48@gmail.example,18-24,under £25k,FR,Occitanie,Toulouse,Student,Student,Student,0,True,0.99
oliviaevans34@icloud.example,45-54,£150k+,US,California,San Francisco,VP Marketing,Director or above,Marketing,0,True,0.98
oliviajohnson85@outlook.example,55-64,£100k-£150k,UK,South West,Bristol,Chief Revenue Officer,Director or above,Executive,4,False,0.64
olivialewis25@yahoo.example,35-44,£50k-£100k,UK,North West,Manchester,Operations Manager,Manager,Operations,1,True,0.72
oliviamoore64@gmail.example,45-54,£100k-£150k,UK,North West,Manchester,VP Marketing,Director or above,Marketing,2,True,0.66
oliviawalker84@outlook.example,35-44,£25k-£50k,UK,London,London,Marketing Manager,Manager,Marketing,3,True,0.72
oliviawright17@yahoo.example,35-44,£100k-£150k,UK,West Midlands,Birmingham,Head of Growth,Manager,Marketing,5,True,0.63
oliviawright89@gmail.example,35-44,£50k-£100k,UK,North West,Manchester,Demand Gen Manager,Manager,Marketing,1,True,0.89
omar.bernard@dovecote-components.example,35-44,£150k+,US,Massachusetts,Boston,Demand Gen Manager,Manager,Marketing,4,False,0.96
omar.bernard@riverside-fabrication.example,25-34,£50k-£100k,NL,North Holland,Amsterdam,Assistant,Individual contributor,Operations,7,False,0.64
omar.bernard@tamarind-transport.example,45-54,£50k-£100k,FR,Auvergne-Rhone-Alpes,Lyon,Managing Director,Director or above,Executive,0,True,0.85
omar.clarke@orchard-goods.example,25-34,£50k-£100k,UK,South West,Bristol,Analyst,Individual contributor,Operations,2,True,0.86
omar.clarke@silverline-goods.example,18-24,£25k-£50k,UK,North West,Manchester,Analyst,Individual contributor,Operations,7,False,0.8
omar.davies@nettlefield-health.example,25-34,£25k-£50k,UK,North West,Manchester,Marketing Executive,Individual contributor,Marketing,6,True,0.71
omar.davies@yahoo.example,35-44,£25k-£50k,FR,Hauts-de-France,Lille,Sales Rep,Individual contributor,Sales,0,True,0.75
omar.dubois@granite-academy.example,45-54,£50k-£100k,US,California,San Francisco,Director of Sales,Director or above,Sales,2,False,0.9
omar.evans@brightwater-training.example,35-44,£50k-£100k,UK,North West,Manchester,Demand Gen Manager,Manager,Marketing,4,True,0.63
omar.evans@kelvin-software.example,35-44,£25k-£50k,UK,Scotland,Edinburgh,Head of Growth,Manager,Marketing,4,False,0.74
omar.garcia@beacon-accountants.example,25-34,£25k-£50k,FR,Hauts-de-France,Lille,Analyst,Individual contributor,Operations,0,True,0.95
omar.garcia@emberly-industries.example,25-34,£100k-£150k,FR,Auvergne-Rhone-Alpes,Lyon,Director of Sales,Director or above,Sales,5,True,0.64
omar.garcia@fernhill-college.example,25-34,£50k-£100k,US,Washington,Seattle,Marketing Coordinator,Individual contributor,Marketing,9,False,0.62
omar.green@redwood-fabrication.example,45-54,£50k-£100k,DE,Hesse,Frankfurt,Sales Manager,Manager,Sales,4,True,0.94
omar.hall@pinecrest-freight.example,45-54,£50k-£100k,FR,Ile-de-France,Paris,VP Marketing,Director or above,Marketing,10,True,0.88
omar.hall@rosewood-goods.example,25-34,£50k-£100k,UK,Scotland,Edinburgh,Head of Growth,Manager,Marketing,9,False,0.87
omar.hughes@clearwater-clinics.example,25-34,under £25k,NL,South Holland,Rotterdam,Marketing Coordinator,Individual contributor,Marketing,7,True,0.98
omar.jansen@evergreen-recruitment.example,25-34,£25k-£50k,FR,Occitanie,Toulouse,Marketing Executive,Individual contributor,Marketing,1,False,0.7
omar.jansen@kingsway-systems.example,25-34,£50k-£100k,DE,Bavaria,Munich,Marketing Coordinator,Individual contributor,Marketing,0,False,0.63
omar.johnson@foxglove-logistics.example,25-34,under £25k,UK,London,London,Marketing Coordinator,Individual contributor,Marketing,3,True,0.71
omar.jones@quartz-goods.example,25-34,£25k-£50k,US,California,San Francisco,Assistant,Individual contributor,Operations,6,False,0.77
omar.jones@zephyr-care.example,18-24,£50k-£100k,US,Massachusetts,Boston,Sales Rep,Individual contributor,Sales,1,False,0.68
omar.king@gmail.example,25-34,£50k-£100k,FR,Auvergne-Rhone-Alpes,Lyon,Marketing Manager,Manager,Marketing,2,False,0.99
omar.martin@cobalt-shipping.example,45-54,£150k+,UK,South West,Bristol,VP Marketing,Director or above,Marketing,0,True,0.61
omar.martin@hotmail.example,45-54,£25k-£50k,UK,London,London,Marketing Manager,Manager,Marketing,4,False,0.9
omar.martin@quartz-insurance.example,25-34,£100k-£150k,US,Massachusetts,Boston,Sales Manager,Manager,Sales,1,True,0.93
omar.miller@stonebridge-dental.example,45-54,£25k-£50k,UK,London,London,Sales Manager,Manager,Sales,8,False,0.65
omar.moore@willow-learning.example,25-34,£50k-£100k,UK,Scotland,Edinburgh,Demand Gen Manager,Manager,Marketing,4,False,0.65
omar.muller@driftwood-accountants.example,35-44,£50k-£100k,UK,London,London,Marketing Manager,Manager,Marketing,1,True,0.85
omar.muller@norfolk-wealth.example,18-24,£25k-£50k,UK,Yorkshire,Leeds,Assistant,Individual contributor,Operations,1,False,0.95
omar.murphy@silverline-freight.example,35-44,£50k-£100k,FR,Auvergne-Rhone-Alpes,Lyon,Sales Manager,Manager,Sales,4,False,0.83
omar.murphy@stonebridge-care.example,45-54,£50k-£100k,UK,North West,Manchester,Head of Growth,Manager,Marketing,9,True,0.7
omar.murphy@westbrook-shipping.example,35-44,£25k-£50k,UK,Yorkshire,Leeds,Marketing Executive,Individual contributor,Marketing,1,False,0.71
omar.patel@moorland-goods.example,35-44,£100k-£150k,DE,Hesse,Frankfurt,Marketing Manager,Manager,Marketing,7,False,0.68
omar.schmidt@fernhill-market.example,35-44,£100k-£150k,US,Illinois,Chicago,Operations Manager,Manager,Operations,1,False,0.65
omar.schmidt@greystone-medical.example,18-24,£25k-£50k,UK,Scotland,Edinburgh,Sales Rep,Individual contributor,Sales,0,True,0.63
omar.schmidt@redwood-data.example,35-44,£150k+,UK,Yorkshire,Leeds,CEO,Director or above,Executive,3,False,0.94
omar.scott@oldfield-trading.example,55-64,£100k-£150k,US,California,San Francisco,Operations Manager,Manager,Operations,1,False,0.65
omar.smith@hotmail.example,18-24,£50k-£100k,DE,Bavaria,Munich,Operations Manager,Manager,Operations,2,True,0.9
omar.smith@redwood-systems.example,25-34,under £25k,UK,Yorkshire,Leeds,Assistant,Individual contributor,Operations,6,False,0.83
omar.smith@yahoo.example,25-34,£25k-£50k,UK,West Midlands,Birmingham,Student,Student,Student,0,False,0.64
omar.thompson@bluebell-goods.example,35-44,£150k+,US,Illinois,Chicago,CEO,Director or above,Executive,3,False,0.96
omar.walker@cobalt-capital.example,25-34,£25k-£50k,FR,Hauts-de-France,Lille,Analyst,Individual contributor,Operations,2,True,0.83
omar.walker@hotmail.example,65+,£50k-£100k,US,Washington,Seattle,VP Marketing,Director or above,Marketing,6,True,0.76
omar.walker@lantern-components.example,35-44,£50k-£100k,US,Massachusetts,Boston,Marketing Coordinator,Individual contributor,Marketing,5,True,0.72
omar.walker@umber-outfitters.example,25-34,£50k-£100k,US,California,San Francisco,Marketing Manager,Manager,Marketing,0,False,0.82
omar.white@granite-market.example,65+,£50k-£100k,UK,London,London,Director of Sales,Director or above,Sales,4,True,0.98
omar.williams@bramble-systems.example,35-44,£100k-£150k,NL,North Brabant,Eindhoven,Director of Sales,Director or above,Sales,3,False,0.98
omar.williams@jasper-data.example,25-34,£150k+,UK,Yorkshire,Leeds,CEO,Director or above,Executive,0,False,0.71
omar.wilson@zephyr-wealth.example,45-54,£25k-£50k,FR,Ile-de-France,Paris,Operations Manager,Manager,Operations,0,False,0.93
omar.wood@larkspur-medical.example,45-54,£100k-£150k,DE,Berlin,Berlin,Sales Manager,Manager,Sales,1,True,0.68
omar.wood@stonebridge-software.example,35-44,£50k-£100k,US,New York,New York,Sales Rep,Individual contributor,Sales,0,True,0.64
omar.wright@glenmoor-clinics.example,35-44,£100k-£150k,UK,London,London,Marketing Director,Director or above,Marketing,9,False,0.94
omar.young@icloud.example,18-24,£25k-£50k,US,Massachusetts,Boston,Student,Student,Student,0,False,0.77
omar63@larkspur-data.example,18-24,£50k-£100k,US,Washington,Seattle,Student,Student,Student,0,False,0.66
omar@bluebell-engineering.example,45-54,£50k-£100k,UK,Scotland,Edinburgh,Head of Marketing,Manager,Marketing,6,False,0.96
omar@bluebell-learning.example,45-54,£150k+,UK,South West,Bristol,Director of Sales,Director or above,Sales,1,True,0.91
omar@bramble-industries.example,45-54,£150k+,US,Illinois,Chicago,Chief Revenue Officer,Director or above,Executive,2,False,0.95
omar@brightwater-couriers.example,45-54,£50k-£100k,UK,West Midlands,Birmingham,Founder,Director or above,Executive,0,False,0.88
omar@clearwater-education.example,25-34,£50k-£100k,US,Texas,Austin,Marketing Coordinator,Individual contributor,Marketing,2,False,0.89
omar@clearwater-transport.example,25-34,£25k-£50k,US,Massachusetts,Boston,Sales Rep,Individual contributor,Sales,0,False,0.6
omar@dovecote-freight.example,25-34,under £25k,US,California,San Francisco,Analyst,Individual contributor,Operations,4,True,0.83
omar@dovecote-goods.example,25-34,under £25k,UK,South West,Bristol,Operations Manager,Manager,Operations,2,False,0.9
omar@driftwood-associates.example,25-34,£50k-£100k,US,Texas,Austin,Analyst,Individual contributor,Operations,5,True,0.7
omar@emberly-engineering.example,25-34,£50k-£100k,DE,Berlin,Berlin,Marketing Manager,Manager,Marketing,12,True,0.97
omar@foxglove-college.example,45-54,£150k+,UK,West Midlands,Birmingham,Managing Director,Director or above,Executive,3,True,0.99
omar@glenmoor-logistics.example,55-64,£50k-£100k,US,Texas,Austin,Marketing Manager,Manager,Marketing,6,True,0.9
omar@granite-couriers.example,35-44,£50k-£100k,UK,Scotland,Edinburgh,Head of Marketing,Manager,Marketing,2,False,0.69
omar@granite-insurance.example,35-44,£150k+,UK,Yorkshire,Leeds,Marketing Director,Director or above,Marketing,1,True,0.67
omar@granite-outfitters.example,18-24,£50k-£100k,US,Illinois,Chicago,Marketing Executive,Individual contributor,Marketing,1,False,0.78
omar@highgate-insurance.example,35-44,£100k-£150k,US,Massachusetts,Boston,Head of Marketing,Manager,Marketing,4,False,0.82
omar@inkwell-manufacturing.example,25-34,£50k-£100k,NL,North Holland,Amsterdam,Marketing Coordinator,Individual contributor,Marketing,3,True,0.74
omar@inkwell-training.example,25-34,£50k-£100k,UK,Yorkshire,Leeds,Marketing Coordinator,Individual contributor,Marketing,5,True,0.94
omar@ironbridge-industries.example,25-34,£25k-£50k,NL,Utrecht,Utrecht,Marketing Coordinator,Individual contributor,Marketing,0,False,0.93
omar@ivywood-accountants.example,25-34,£25k-£50k,US,Texas,Austin,Sales Rep,Individual contributor,Sales,5,False,0.71
omar@juniper-goods.example,25-34,£25k-£50k,UK,Scotland,Edinburgh,Marketing Coordinator,Individual contributor,Marketing,0,False,0.84
omar@kestrel-college.example,25-34,£50k-£100k,FR,Auvergne-Rhone-Alpes,Lyon,Marketing Coordinator,Individual contributor,Marketing,1,False,0.9
omar@keystone-works.example,25-34,£25k-£50k,US,Washington,Seattle,Sales Manager,Manager,Sales,1,False,0.77
omar@kingsway-consulting.example,18-24,£50k-£100k,UK,Yorkshire,Leeds,Marketing Coordinator,Individual contributor,Marketing,3,False,0.77
omar@nettlefield-insurance.example,25-34,£25k-£50k,FR,Ile-de-France,Paris,Marketing Coordinator,Individual contributor,Marketing,0,True,0.6
omar@pebble-shipping.example,25-34,under £25k,UK,Yorkshire,Leeds,Assistant,Individual contributor,Operations,1,False,0.76
omar@pinecrest-medical.example,18-24,£25k-£50k,DE,Berlin,Berlin,Student,Student,Student,0,False,0.84
omar@pinecrest-partners.example,18-24,£25k-£50k,FR,Auvergne-Rhone-Alpes,Lyon,Sales Rep,Individual contributor,Sales,1,False,0.69
omar@quartz-outfitters.example,25-34,£25k-£50k,US,Washington,Seattle,Sales Rep,Individual contributor,Sales,3,True,0.96
omar@quayside-data.example,35-44,£25k-£50k,DE,Berlin,Berlin,Marketing Executive,Individual contributor,Marketing,0,False,0.72
omar@quayside-lending.example,25-34,£25k-£50k,UK,South West,Bristol,Marketing Executive,Individual contributor,Marketing,6,True,0.76
omar@riverside-market.example,25-34,under £25k,NL,Utrecht,Utrecht,Marketing Executive,Individual contributor,Marketing,1,False,0.62
omar@riverside-training.example,25-34,£25k-£50k,NL,South Holland,Rotterdam,Marketing Executive,Individual contributor,Marketing,0,False,0.83
omar@saltmarsh-college.example,55-64,£100k-£150k,DE,Hamburg,Hamburg,Director of Sales,Director or above,Sales,5,False,0.77
omar@silverline-software.example,25-34,£25k-£50k,UK,West Midlands,Birmingham,Analyst,Individual contributor,Operations,1,True,0.75
omar@thornbury-cloud.example,35-44,£50k-£100k,US,New York,New York,Sales Manager,Manager,Sales,2,True,0.62
omar@thornbury-fabrication.example,35-44,£50k-£100k,UK,London,London,Head of Marketing,Manager,Marketing,4,True,0.91
omar@umber-academy.example,45-54,£25k-£50k,US,Texas,Austin,Head of Growth,Manager,Marketing,10,True,0.83
omar@umber-health.example,35-44,£50k-£100k,DE,Bavaria,Munich,Head of Marketing,Manager,Marketing,2,False,0.62
omar@umber-outfitters.example,35-44,£100k-£150k,US,New York,New York,Demand Gen Manager,Manager,Marketing,0,False,0.82
omar@willow-academy.example,25-34,£50k-£100k,UK,Scotland,Edinburgh,Operations Manager,Manager,Operations,7,True,0.69
omar@willow-finance.example,25-34,£50k-£100k,UK,South West,Bristol,Assistant,Individual contributor,Operations,2,True,0.75
omar@yarrow-associates.example,25-34,£25k-£50k,DE,Hesse,Frankfurt,Assistant,Individual contributor,Operations,2,False,0.64
omarbakker35@gmail.example,35-44,£25k-£50k,UK,North West,Manchester,Marketing Coordinator,Individual contributor,Marketing,1,True,0.92
omardavies07@hotmail.example,18-24,£25k-£50k,UK,Yorkshire,Leeds,Analyst,Individual contributor,Operations,0,False,0.6
omardubois06@yahoo.example,55-64,£50k-£100k,UK,South West,Bristol,VP Marketing,Director or above,Marketing,4,True,0.63
omargreen16@icloud.example,35-44,under £25k,US,California,San Francisco,Analyst,Individual contributor,Operations,2,False,0.99
omargreen99@hotmail.example,45-54,£50k-£100k,US,Massachusetts,Boston,Sales Rep,Individual contributor,Sales,3,True,0.95
omarjones38@yahoo.example,35-44,£150k+,UK,South West,Bristol,VP Marketing,Director or above,Marketing,2,True,0.78
omarmartin29@hotmail.example,45-54,£50k-£100k,FR,Auvergne-Rhone-Alpes,Lyon,Chief Revenue Officer,Director or above,Executive,1,False,0.72
omarmiller43@hotmail.example,25-34,£25k-£50k,NL,North Holland,Amsterdam,Marketing Coordinator,Individual contributor,Marketing,3,False,0.71
omarmuller51@hotmail.example,25-34,£25k-£50k,US,Massachusetts,Boston,Assistant,Individual contributor,Operations,3,True,0.83
omarmurphy77@icloud.example,25-34,£25k-£50k,DE,Hesse,Frankfurt,Marketing Coordinator,Individual contributor,Marketing,0,False,0.78
omarwalker80@gmail.example,45-54,£100k-£150k,UK,Scotland,Edinburgh,CEO,Director or above,Executive,0,True,0.63
omarwhite85@hotmail.example,25-34,under £25k,NL,North Holland,Amsterdam,Student,Student,Student,0,False,0.65
omiller687@hotmail.example,18-24,under £25k,FR,Hauts-de-France,Lille,Student,Student,Student,0,False,0.82
omurphy997@gmail.example,45-54,£100k-£150k,DE,Berlin,Berlin,VP Marketing,Director or above,Marketing,3,False,0.81
oroberts198@yahoo.example,18-24,£25k-£50k,UK,Yorkshire,Leeds,Sales Rep,Individual contributor,Sales,1,False,0.7
oscar.anderson@hawthorn-logistics.example,35-44,£100k-£150k,DE,Hesse,Frankfurt,Head of Growth,Manager,Marketing,3,True,0.97
oscar.baker@aurora-data.example,45-54,£100k-£150k,UK,North West,Manchester,VP Marketing,Director or above,Marketing,0,False,0.91
oscar.baker@fernhill-associates.example,45-54,£50k-£100k,UK,West Midlands,Birmingham,Chief Revenue Officer,Director or above,Executive,5,False,0.63
oscar.bakker@brightwater-consulting.example,25-34,£25k-£50k,NL,Utrecht,Utrecht,Marketing Coordinator,Individual contributor,Marketing,4,False,0.75
oscar.bakker@hawthorn-goods.example,35-44,£50k-£100k,DE,Hesse,Frankfurt,Marketing Manager,Manager,Marketing,7,True,0.89
oscar.bernard@keystone-shipping.example,25-34,£25k-£50k,UK,South West,Bristol,Sales Rep,Individual contributor,Sales,1,True,0.87
oscar.bernard@outlook.example,55-64,£100k-£150k,US,Washington,Seattle,Director of Sales,Director or above,Sales,2,False,0.65
oscar.bernard@valley-health.example,35-44,£50k-£100k,US,Texas,Austin,Sales Manager,Manager,Sales,0,False,0.67
oscar.devries@zephyr-shipping.example,25-34,£25k-£50k,US,Texas,Austin,Sales Rep,Individual contributor,Sales,13,True,0.77
oscar.dubois@evergreen-logistics.example,35-44,£25k-£50k,UK,West Midlands,Birmingham,Marketing Executive,Individual contributor,Marketing,3,True,0.74
oscar.garcia@dovecote-insurance.example,25-34,under £25k,UK,Scotland,Edinburgh,Marketing Coordinator,Individual contributor,Marketing,0,False,0.83
oscar.green@brightwater-couriers.example,45-54,£25k-£50k,UK,South West,Bristol,Head of Marketing,Manager,Marketing,0,True,0.91
oscar.hughes@dovecote-manufacturing.example,35-44,£50k-£100k,DE,Bavaria,Munich,Marketing Manager,Manager,Marketing,0,False,0.71
oscar.hughes@yahoo.example,25-34,£25k-£50k,UK,Yorkshire,Leeds,Sales Manager,Manager,Sales,3,True,0.87
oscar.johnson@aurora-goods.example,25-34,£50k-£100k,DE,Bavaria,Munich,Head of Growth,Manager,Marketing,1,False,0.68
oscar.johnson@hotmail.example,25-34,£100k-£150k,UK,London,London,VP Marketing,Director or above,Marketing,1,True,0.94
oscar.jones@outlook.example,25-34,£50k-£100k,US,New York,New York,Sales Manager,Manager,Sales,2,False,0.88
oscar.khan@tamarind-works.example,35-44,£25k-£50k,UK,West Midlands,Birmingham,Assistant,Individual contributor,Operations,8,False,0.61
oscar.lewis@fernhill-manufacturing.example,35-44,£50k-£100k,US,Texas,Austin,Founder,Director or above,Executive,10,True,0.87
oscar.martin@aurora-education.example,45-54,£100k-£150k,US,New York,New York,Demand Gen Manager,Manager,Marketing,2,False,0.98
oscar.martin@dovecote-engineering.example,45-54,£150k+,UK,London,London,CEO,Director or above,Executive,11,True,0.67
oscar.miller@clearwater-transport.example,25-34,£25k-£50k,US,California,San Francisco,Assistant,Individual contributor,Operations,2,False,0.85
oscar.miller@marigold-outfitters.example,45-54,£150k+,NL,North Holland,Amsterdam,Director of Sales,Director or above,Sales,3,False,0.88
oscar.miller@quayside-couriers.example,25-34,£50k-£100k,US,California,San Francisco,Assistant,Individual contributor,Operations,4,True,0.64
oscar.miller@zephyr-insurance.example,25-34,£25k-£50k,DE,Hamburg,Hamburg,Marketing Coordinator,Individual contributor,Marketing,2,False,0.69
oscar.moore@hotmail.example,35-44,£150k+,US,Washington,Seattle,CEO,Director or above,Executive,4,True,0.67
oscar.muller@yahoo.example,25-34,£25k-£50k,UK,North West,Manchester,Demand Gen Manager,Manager,Marketing,4,True,0.98
oscar.scott@cedar-learning.example,45-54,£50k-£100k,US,Massachusetts,Boston,Marketing Manager,Manager,Marketing,2,True,0.7
oscar.taylor@aurora-logistics.example,35-44,£150k+,US,California,San Francisco,Managing Director,Director or above,Executive,7,True,0.85
oscar.taylor@cobalt-goods.example,45-54,£100k-£150k,FR,Occitanie,Toulouse,Managing Director,Director or above,Executive,1,True,0.68
oscar.thompson@outlook.example,18-24,£50k-£100k,UK,London,London,Sales Rep,Individual contributor,Sales,5,False,0.77
oscar.walker@icloud.example,45-54,£100k-£150k,FR,Ile-de-France,Paris,CEO,Director or above,Executive,4,True,0.79
oscar.white@foxglove-medical.example,35-44,£50k-£100k,NL,North Brabant,Eindhoven,Marketing Director,Director or above,Marketing,3,True,0.96
oscar.williams91@outlook.example,55-64,£100k-£150k,NL,South Holland,Rotterdam,CEO,Director or above,Executive,4,True,0.89
oscar.williams@hotmail.example,35-44,£100k-£150k,DE,Hesse,Frankfurt,Head of Growth,Manager,Marketing,1,True,0.85
oscar.wood@bluebell-trading.example,55-64,£50k-£100k,US,Massachusetts,Boston,Chief Revenue Officer,Director or above,Executive,0,False,0.77
oscar.wood@inkwell-consulting.example,25-34,£100k-£150k,UK,Scotland,Edinburgh,Head of Marketing,Manager,Marketing,11,False,0.95
oscar.wright@willow-capital.example,35-44,£25k-£50k,US,Washington,Seattle,Head of Marketing,Manager,Marketing,2,True,0.73
oscar.young@pinecrest-shipping.example,35-44,£50k-£100k,US,Massachusetts,Boston,Demand Gen Manager,Manager,Marketing,4,True,0.92
oscar.young@stonebridge-medical.example,55-64,£100k-£150k,UK,South West,Bristol,Managing Director,Director or above,Executive,0,True,0.85
oscar71@aurora-finance.example,18-24,£100k-£150k,US,Texas,Austin,Head of Marketing,Manager,Marketing,2,False,0.86
oscar@aurora-finance.example,25-34,£25k-£50k,US,Illinois,Chicago,Marketing Executive,Individual contributor,Marketing,4,True,0.9
oscar@beacon-education.example,55-64,£100k-£150k,NL,North Brabant,Eindhoven,Marketing Director,Director or above,Marketing,5,True,0.62
oscar@beacon-training.example,35-44,£25k-£50k,UK,London,London,Sales Manager,Manager,Sales,5,False,0.88
oscar@beacon-works.example,25-34,under £25k,UK,Scotland,Edinburgh,Assistant,Individual contributor,Operations,1,False,0.91
oscar@bluebell-college.example,35-44,£50k-£100k,US,California,San Francisco,Marketing Manager,Manager,Marketing,0,True,0.68
oscar@bramble-systems.example,25-34,£25k-£50k,NL,North Brabant,Eindhoven,Sales Rep,Individual contributor,Sales,2,False,0.72
oscar@bramble-wealth.example,35-44,£50k-£100k,FR,Hauts-de-France,Lille,Head of Growth,Manager,Marketing,0,False,0.98
oscar@brightwater-advisory.example,25-34,£50k-£100k,UK,North West,Manchester,Analyst,Individual contributor,Operations,1,False,0.68
oscar@brightwater-college.example,25-34,£50k-£100k,UK,West Midlands,Birmingham,Marketing Manager,Manager,Marketing,4,False,0.65
oscar@cobalt-engineering.example,18-24,£50k-£100k,US,California,San Francisco,Sales Manager,Manager,Sales,7,False,0.61
oscar@dovecote-education.example,18-24,£25k-£50k,US,Washington,Seattle,Marketing Coordinator,Individual contributor,Marketing,3,False,0.87
oscar@driftwood-transport.example,18-24,under £25k,FR,Ile-de-France,Paris,Student,Student,Student,0,False,0.83
oscar@elmstead-industries.example,35-44,under £25k,FR,Ile-de-France,Paris,Operations Manager,Manager,Operations,8,False,0.98
oscar@elmstead-training.example,25-34,under £25k,DE,Hamburg,Hamburg,Assistant,Individual contributor,Operations,14,True,0.76
oscar@evergreen-recruitment.example,35-44,£25k-£50k,FR,Auvergne-Rhone-Alpes,Lyon,Sales Manager,Manager,Sales,4,False,0.66
oscar@evergreen-stores.example,45-54,£50k-£100k,FR,Occitanie,Toulouse,Head of Growth,Manager,Marketing,4,True,0.83
oscar@fernhill-capital.example,25-34,£150k+,US,Illinois,Chicago,Marketing Manager,Manager,Marketing,3,False,0.83
oscar@glenmoor-education.example,25-34,£25k-£50k,UK,London,London,Assistant,Individual contributor,Operations,2,True,0.91
oscar@greystone-goods.example,35-44,£25k-£50k,FR,Ile-de-France,Paris,Sales Rep,Individual contributor,Sales,2,False,0.8
oscar@hawthorn-legal.example,35-44,£25k-£50k,FR,Ile-de-France,Paris,Head of Growth,Manager,Marketing,4,False,0.98
oscar@heron-components.example,35-44,£25k-£50k,UK,Yorkshire,Leeds,Head of Growth,Manager,Marketing,1,True,0.88
oscar@heron-transport.example,45-54,£50k-£100k,US,Texas,Austin,Assistant,Individual contributor,Operations,4,False,0.96
oscar@highgate-logistics.example,18-24,£25k-£50k,FR,Hauts-de-France,Lille,Analyst,Individual contributor,Operations,8,False,0.93
oscar@inkwell-accountants.example,18-24,£25k-£50k,FR,Hauts-de-France,Lille,Assistant,Individual contributor,Operations,9,False,0.93
oscar@inkwell-legal.example,35-44,£100k-£150k,US,Texas,Austin,Sales Manager,Manager,Sales,6,False,0.76
oscar@inkwell-pharma.example,45-54,£150k+,FR,Hauts-de-France,Lille,Managing Director,Director or above,Executive,4,True,0.86
oscar@ironbridge-recruitment.example,45-54,£50k-£100k,US,New York,New York,Marketing Manager,Manager,Marketing,8,False,0.72
oscar@ironbridge-tutors.example,18-24,£50k-£100k,US,Illinois,Chicago,Assistant,Individual contributor,Operations,4,False,0.69
oscar@ivywood-fabrication.example,45-54,£50k-£100k,US,Illinois,Chicago,Head of Growth,Manager,Marketing,8,True,0.86
oscar@jasper-software.example,25-34,£25k-£50k,UK,Yorkshire,Leeds,Head of Marketing,Manager,Marketing,0,False,0.72
oscar@larkspur-accountants.example,45-54,£50k-£100k,DE,Hesse,Frankfurt,Demand Gen Manager,Manager,Marketing,0,True,0.98
oscar@lindenwood-capital.example,18-24,under £25k,UK,South West,Bristol,Student,Student,Student,0,False,0.62
oscar@nimbus-legal.example,18-24,under £25k,FR,Hauts-de-France,Lille,Student,Student,Student,0,False,0.88
oscar@oakridge-legal.example,35-44,£150k+,UK,Scotland,Edinburgh,VP Marketing,Director or above,Marketing,3,False,0.77
oscar@pinecrest-partners.example,45-54,£100k-£150k,FR,Hauts-de-France,Lille,Managing Director,Director or above,Executive,4,True,0.6
oscar@quartz-capital.example,25-34,under £25k,FR,Occitanie,Toulouse,Sales Rep,Individual contributor,Sales,4,True,0.79
oscar@quartz-data.example,35-44,£150k+,US,California,San Francisco,Demand Gen Manager,Manager,Marketing,5,True,0.73
oscar@redwood-care.example,25-34,£50k-£100k,UK,London,London,Head of Growth,Manager,Marketing,6,True,0.64
oscar@saltmarsh-data.example,25-34,£25k-£50k,DE,Bavaria,Munich,Head of Marketing,Manager,Marketing,6,True,0.86
oscar@upland-legal.example,35-44,£50k-£100k,UK,Yorkshire,Leeds,Marketing Manager,Manager,Marketing,2,False,0.73
oscar@upland-stores.example,35-44,£100k-£150k,UK,West Midlands,Birmingham,Sales Manager,Manager,Sales,3,False,0.9
oscar@vantage-market.example,25-34,under £25k,FR,Ile-de-France,Paris,Sales Rep,Individual contributor,Sales,3,False,0.76
oscar@westbrook-shipping.example,55-64,£100k-£150k,UK,Scotland,Edinburgh,CEO,Director or above,Executive,6,False,0.91
oscar@willow-accountants.example,35-44,£100k-£150k,FR,Ile-de-France,Paris,Chief Revenue Officer,Director or above,Executive,1,True,0.91
oscar@yarrow-advisory.example,25-34,£100k-£150k,UK,South West,Bristol,CEO,Director or above,Executive,8,True,0.89
oscar@yarrow-manufacturing.example,25-34,£50k-£100k,UK,London,London,Sales Manager,Manager,Sales,0,True,0.99
oscardevries32@outlook.example,18-24,under £25k,FR,Ile-de-France,Paris,Student,Student,Student,0,True,0.9
oscarhughes09@yahoo.example,35-44,£25k-£50k,US,Washington,Seattle,Sales Manager,Manager,Sales,3,True,0.7
oscarkhan06@hotmail.example,45-54,£50k-£100k,FR,Auvergne-Rhone-Alpes,Lyon,Sales Manager,Manager,Sales,4,False,0.83
oscarking55@gmail.example,35-44,£100k-£150k,US,Texas,Austin,Head of Growth,Manager,Marketing,2,True,0.9
oscarroberts21@icloud.example,35-44,£100k-£150k,US,New York,New York,Sales Manager,Manager,Sales,8,True,0.87
oscarthompson55@outlook.example,45-54,£150k+,US,New York,New York,Director of Sales,Director or above,Sales,1,True,0.84
oscarwalker79@yahoo.example,25-34,£50k-£100k,DE,Hamburg,Hamburg,Marketing Manager,Manager,Marketing,0,True,0.79
oscarwood14@outlook.example,35-44,£150k+,US,Washington,Seattle,Chief Revenue Officer,Director or above,Executive,3,True,0.82
oscarwright31@yahoo.example,25-34,£50k-£100k,UK,West Midlands,Birmingham,Operations Manager,Manager,Operations,6,False,0.7
oschmidt851@outlook.example,25-34,under £25k,DE,Berlin,Berlin,Student,Student,Student,0,True,0.95
osmith556@outlook.example,35-44,£100k-£150k,FR,Hauts-de-France,Lille,Marketing Manager,Manager,Marketing,8,False,0.99
otaylor781@hotmail.example,25-34,£50k-£100k,FR,Occitanie,Toulouse,Operations Manager,Manager,Operations,2,False,0.98
othompson499@hotmail.example,35-44,£25k-£50k,UK,London,London,Demand Gen Manager,Manager,Marketing,1,True,0.93
owalker125@icloud.example,35-44,£25k-£50k,US,California,San Francisco,Sales Rep,Individual contributor,Sales,0,True,0.72
owalker129@hotmail.example,35-44,£25k-£50k,US,Texas,Austin,Operations Manager,Manager,Operations,8,True,0.69
owalker369@yahoo.example,45-54,£50k-£100k,US,Washington,Seattle,Director of Sales,Director or above,Sales,7,True,0.61
owalker697@gmail.example,25-34,£100k-£150k,UK,North West,Manchester,Demand Gen Manager,Manager,Marketing,7,False,0.78
owalker746@outlook.example,45-54,£50k-£100k,US,Washington,Seattle,Marketing Executive,Individual contributor,Marketing,4,False,0.86
owalker822@gmail.example,25-34,under £25k,UK,South West,Bristol,Assistant,Individual contributor,Operations,5,False,0.97
owhite593@gmail.example,45-54,£50k-£100k,UK,North West,Manchester,Marketing Director,Director or above,Marketing,2,False,0.6
owilson819@icloud.example,35-44,£25k-£50k,UK,North West,Manchester,Operations Manager,Manager,Operations,5,False,0.6
owright474@icloud.example,45-54,£150k+,US,Texas,Austin,VP Marketing,Director or above,Marketing,3,False,0.78
oyoung494@yahoo.example,25-34,£50k-£100k,NL,South Holland,Rotterdam,Analyst,Individual contributor,Operations,7,False,0.74
oyoung951@icloud.example,35-44,£50k-£100k,UK,South West,Bristol,Head of Growth,Manager,Marketing,3,False,0.94
p.anderson@marigold-finance.example,35-44,£50k-£100k,DE,Hesse,Frankfurt,Head of Growth,Manager,Marketing,0,False,0.83
p.anderson@marigold-freight.example,45-54,£50k-£100k,NL,North Brabant,Eindhoven,Founder,Director or above,Executive,0,False,0.84
p.baker@beacon-pharma.example,35-44,£100k-£150k,DE,Hesse,Frankfurt,Operations Manager,Manager,Operations,1,False,0.86
p.baker@cobalt-advisory.example,45-54,£25k-£50k,UK,Scotland,Edinburgh,Marketing Coordinator,Individual contributor,Marketing,1,True,0.84
p.bakker@heron-fabrication.example,45-54,£100k-£150k,FR,Ile-de-France,Paris,Founder,Director or above,Executive,8,False,0.91
p.bernard@norfolk-clinics.example,25-34,£50k-£100k,UK,North West,Manchester,Operations Manager,Manager,Operations,2,False,0.75
p.davies@inkwell-accountants.example,25-34,£50k-£100k,FR,Auvergne-Rhone-Alpes,Lyon,Head of Marketing,Manager,Marketing,1,True,0.86
p.devries@fernhill-college.example,25-34,£50k-£100k,US,Texas,Austin,Head of Growth,Manager,Marketing,1,False,0.85
p.dubois@highgate-fabrication.example,25-34,£25k-£50k,UK,Yorkshire,Leeds,Marketing Manager,Manager,Marketing,2,False,0.91
p.evans@glenmoor-market.example,45-54,£25k-£50k,US,Texas,Austin,Analyst,Individual contributor,Operations,5,True,0.61
p.evans@kingsway-manufacturing.example,45-54,£150k+,US,Texas,Austin,Director of Sales,Director or above,Sales,2,True,0.65
p.garcia@nimbus-academy.example,25-34,£50k-£100k,FR,Hauts-de-France,Lille,Operations Manager,Manager,Operations,1,False,0.83
p.green@fernhill-training.example,45-54,£50k-£100k,US,California,San Francisco,Sales Manager,Manager,Sales,3,True,0.85
p.hall@upland-care.example,45-54,£50k-£100k,US,Texas,Austin,Head of Growth,Manager,Marketing,2,True,0.66
p.hughes@lantern-education.example,18-24,£25k-£50k,UK,North West,Manchester,Assistant,Individual contributor,Operations,2,True,0.71
p.johnson@aurora-shipping.example,35-44,£50k-£100k,US,Texas,Austin,Marketing Manager,Manager,Marketing,1,True,0.88
p.johnson@nettlefield-digital.example,25-34,£50k-£100k,UK,Scotland,Edinburgh,Analyst,Individual contributor,Operations,7,False,0.82
p.jones@driftwood-accountants.example,35-44,£50k-£100k,UK,Scotland,Edinburgh,Marketing Manager,Manager,Marketing,7,True,0.98
p.jones@driftwood-learning.example,25-34,under £25k,FR,Occitanie,Toulouse,Analyst,Individual contributor,Operations,6,True,0.6
p.king@heron-insurance.example,18-24,£25k-£50k,US,Illinois,Chicago,Student,Student,Student,0,False,0.99
p.martin@falcon-couriers.example,55-64,£100k-£150k,FR,Auvergne-Rhone-Alpes,Lyon,Founder,Director or above,Executive,7,False,0.94
p.miller@stonebridge-cloud.example,35-44,under £25k,UK,West Midlands,Birmingham,Marketing Executive,Individual contributor,Marketing,5,True,0.77
p.miller@zephyr-recruitment.example,45-54,£150k+,US,Illinois,Chicago,Founder,Director or above,Executive,5,True,0.86
p.muller@driftwood-transport.example,18-24,under £25k,FR,Occitanie,Toulouse,Sales Rep,Individual contributor,Sales,8,False,0.63
p.murphy@jasper-trading.example,18-24,£25k-£50k,FR,Hauts-de-France,Lille,Sales Rep,Individual contributor,Sales,4,True,0.87
p.murphy@kestrel-works.example,35-44,£100k-£150k,UK,Yorkshire,Leeds,Head of Growth,Manager,Marketing,3,True,0.67
p.murphy@larkspur-shipping.example,35-44,£100k-£150k,US,Washington,Seattle,Head of Marketing,Manager,Marketing,3,False,0.97
p.murphy@pebble-market.example,35-44,£150k+,US,California,San Francisco,CEO,Director or above,Executive,4,True,0.96
p.schmidt@bluebell-legal.example,25-34,£25k-£50k,UK,Scotland,Edinburgh,Assistant,Individual contributor,Operations,3,True,0.91
p.schmidt@oakridge-couriers.example,18-24,£25k-£50k,FR,Hauts-de-France,Lille,Assistant,Individual contributor,Operations,3,False,0.84
p.scott@hawthorn-fabrication.example,35-44,£100k-£150k,UK,Yorkshire,Leeds,Head of Marketing,Manager,Marketing,2,False,0.78
p.taylor@beacon-manufacturing.example,25-34,under £25k,UK,North West,Manchester,Sales Rep,Individual contributor,Sales,7,True,0.82
p.taylor@driftwood-labs.example,35-44,£50k-£100k,NL,North Brabant,Eindhoven,Founder,Director or above,Executive,2,False,0.63
p.taylor@meridian-industries.example,35-44,£50k-£100k,UK,Yorkshire,Leeds,Director of Sales,Director or above,Sales,2,True,0.91
p.thompson@oldfield-tutors.example,35-44,£100k-£150k,US,Illinois,Chicago,Chief Revenue Officer,Director or above,Executive,19,False,0.98
p.walker@marigold-learning.example,25-34,£100k-£150k,US,Illinois,Chicago,Demand Gen Manager,Manager,Marketing,4,False,0.92
p.weber@kelvin-medical.example,35-44,£50k-£100k,FR,Ile-de-France,Paris,CEO,Director or above,Executive,12,False,0.7
p.weber@oakridge-transport.example,45-54,£50k-£100k,UK,Scotland,Edinburgh,Demand Gen Manager,Manager,Marketing,4,False,0.73
p.white@dovecote-learning.example,45-54,£25k-£50k,UK,West Midlands,Birmingham,Marketing Executive,Individual contributor,Marketing,2,False,0.85
p.white@inkwell-transport.example,25-34,£25k-£50k,US,Illinois,Chicago,Head of Marketing,Manager,Marketing,4,True,0.88
p.white@jasper-systems.example,35-44,£50k-£100k,NL,South Holland,Rotterdam,Demand Gen Manager,Manager,Marketing,4,False,0.91
p.wood@meridian-health.example,25-34,under £25k,NL,North Holland,Amsterdam,Marketing Coordinator,Individual contributor,Marketing,7,True,0.7
p.young@granite-insurance.example,25-34,under £25k,UK,Yorkshire,Leeds,Marketing Executive,Individual contributor,Marketing,0,False,0.98
panderson243@yahoo.example,18-24,£25k-£50k,UK,Yorkshire,Leeds,Analyst,Individual contributor,Operations,0,False,0.8
pdevries597@outlook.example,18-24,under £25k,FR,Ile-de-France,Paris,Student,Student,Student,0,False,0.81
pgarcia368@outlook.example,25-34,under £25k,DE,Bavaria,Munich,Student,Student,Student,0,False,0.97
pgreen438@gmail.example,18-24,£25k-£50k,DE,Bavaria,Munich,Student,Student,Student,0,False,0.98
pkhan952@icloud.example,25-34,£100k-£150k,US,New York,New York,Sales Manager,Manager,Sales,5,True,0.65
pking888@icloud.example,25-34,£50k-£100k,UK,Scotland,Edinburgh,Marketing Manager,Manager,Marketing,2,True,0.85
ppatel013@hotmail.example,25-34,£50k-£100k,US,Washington,Seattle,Analyst,Individual contributor,Operations,2,True,0.69
priya.baker@vantage-accountants.example,35-44,£25k-£50k,FR,Ile-de-France,Paris,Marketing Manager,Manager,Marketing,3,True,0.75
priya.bakker@orchard-retail.example,45-54,£100k-£150k,NL,Utrecht,Utrecht,Founder,Director or above,Executive,4,False,0.61
priya.bernard@norfolk-haulage.example,18-24,£50k-£100k,US,Massachusetts,Boston,Marketing Manager,Manager,Marketing,0,False,0.6
priya.bernard@yahoo.example,45-54,£50k-£100k,FR,Auvergne-Rhone-Alpes,Lyon,Head of Growth,Manager,Marketing,3,False,0.83
priya.clarke@granite-tutors.example,35-44,£150k+,UK,West Midlands,Birmingham,Chief Revenue Officer,Director or above,Executive,4,True,0.79
priya.devries@fernhill-accountants.example,25-34,£25k-£50k,UK,West Midlands,Birmingham,Marketing Coordinator,Individual contributor,Marketing,0,True,0.92
priya.devries@juniper-fabrication.example,18-24,£25k-£50k,UK,West Midlands,Birmingham,Assistant,Individual contributor,Operations,0,False,0.69
priya.devries@outlook.example,35-44,£50k-£100k,UK,West Midlands,Birmingham,Operations Manager,Manager,Operations,1,True,0.82
priya.dubois@granite-couriers.example,45-54,£50k-£100k,UK,North West,Manchester,Demand Gen Manager,Manager,Marketing,2,True,0.83
priya.evans@pennine-data.example,18-24,£100k-£150k,US,New York,New York,Sales Rep,Individual contributor,Sales,0,False,0.64
priya.garcia@cobalt-pharma.example,18-24,£25k-£50k,FR,Occitanie,Toulouse,Analyst,Individual contributor,Operations,1,False,0.75
priya.green@harbour-medical.example,18-24,£25k-£50k,UK,Scotland,Edinburgh,Sales Rep,Individual contributor,Sales,3,False,0.75
priya.green@jasper-logistics.example,45-54,£100k-£150k,UK,North West,Manchester,Marketing Director,Director or above,Marketing,3,True,0.72
priya.hall56@icloud.example,25-34,£25k-£50k,DE,Bavaria,Munich,Analyst,Individual contributor,Operations,2,False,0.77
priya.hall@hotmail.example,45-54,£50k-£100k,UK,North West,Manchester,Sales Rep,Individual contributor,Sales,4,True,0.64
priya.jones@cedar-components.example,35-44,£50k-£100k,NL,North Holland,Amsterdam,Operations Manager,Manager,Operations,1,False,0.74
priya.jones@greystone-digital.example,35-44,£100k-£150k,NL,South Holland,Rotterdam,CEO,Director or above,Executive,1,False,0.9
priya.jones@silverline-digital.example,35-44,£50k-£100k,UK,Scotland,Edinburgh,Operations Manager,Manager,Operations,0,True,0.68
priya.khan@glenmoor-engineering.example,45-54,£100k-£150k,US,Washington,Seattle,Marketing Director,Director or above,Marketing,0,False,0.95
priya.khan@hotmail.example,18-24,£50k-£100k,US,Illinois,Chicago,Assistant,Individual contributor,Operations,0,False,0.82
priya.khan@northwind-cloud.example,25-34,£25k-£50k,UK,Yorkshire,Leeds,Marketing Coordinator,Individual contributor,Marketing,2,True,0.73
priya.king@elmstead-trading.example,18-24,under £25k,DE,Berlin,Berlin,Assistant,Individual contributor,Operations,1,False,0.67
priya.king@hotmail.example,18-24,under £25k,FR,Occitanie,Toulouse,Student,Student,Student,0,False,0.91
priya.martin@lantern-academy.example,55-64,£150k+,US,Massachusetts,Boston,Marketing Director,Director or above,Marketing,0,True,0.65
priya.miller@clearwater-market.example,25-34,£100k-£150k,DE,Hesse,Frankfurt,Head of Growth,Manager,Marketing,2,True,0.73
priya.moore@driftwood-education.example,25-34,£50k-£100k,US,Texas,Austin,Sales Rep,Individual contributor,Sales,0,False,0.98
priya.moore@kingsway-recruitment.example,35-44,£100k-£150k,UK,West Midlands,Birmingham,Head of Growth,Manager,Marketing,2,True,0.91
priya.muller@outlook.example,25-34,£25k-£50k,UK,London,London,Sales Rep,Individual contributor,Sales,0,False,0.98
priya.muller@rosewood-goods.example,35-44,£50k-£100k,UK,West Midlands,Birmingham,Sales Manager,Manager,Sales,5,True,0.98
priya.muller@tamarind-advisory.example,35-44,£50k-£100k,FR,Ile-de-France,Paris,Operations Manager,Manager,Operations,5,False,0.81
priya.patel@glenmoor-components.example,45-54,£50k-£100k,UK,Yorkshire,Leeds,Managing Director,Director or above,Executive,1,True,0.7
priya.roberts@oakridge-freight.example,35-44,£50k-£100k,UK,London,London,Head of Marketing,Manager,Marketing,3,True,0.83
priya.scott@cedar-capital.example,45-54,£100k-£150k,NL,North Holland,Amsterdam,Founder,Director or above,Executive,6,True,0.8
priya.taylor@clearwater-shipping.example,25-34,£25k-£50k,UK,Yorkshire,Leeds,Marketing Executive,Individual contributor,Marketing,0,False,0.82
priya.thompson@granite-dental.example,45-54,£50k-£100k,UK,Scotland,Edinburgh,Head of Growth,Manager,Marketing,7,False,0.6
priya.weber@pinecrest-logistics.example,25-34,£50k-£100k,FR,Hauts-de-France,Lille,Sales Rep,Individual contributor,Sales,3,True,0.67
priya.weber@silverline-insurance.example,45-54,£150k+,US,Texas,Austin,Managing Director,Director or above,Executive,4,True,0.85
priya.white@icloud.example,25-34,£150k+,US,Texas,Austin,Head of Marketing,Manager,Marketing,4,True,0.84
priya.white@quayside-goods.example,25-34,£100k-£150k,US,Texas,Austin,Head of Marketing,Manager,Marketing,2,True,0.7
priya.williams@kelvin-market.example,35-44,£50k-£100k,US,Illinois,Chicago,Assistant,Individual contributor,Operations,2,True,0.77
priya.williams@quartz-data.example,25-34,£25k-£50k,US,Massachusetts,Boston,Assistant,Individual contributor,Operations,4,True,0.94
priya.wilson@alder-freight.example,35-44,£100k-£150k,UK,Yorkshire,Leeds,VP Marketing,Director or above,Marketing,3,False,0.68
priya.wilson@lantern-stores.example,35-44,£25k-£50k,US,Illinois,Chicago,Operations Manager,Manager,Operations,1,False,0.81
priya.wilson@northwind-accountants.example,18-24,£25k-£50k,UK,North West,Manchester,Analyst,Individual contributor,Operations,9,False,0.64
priya.wilson@willow-learning.example,25-34,£100k-£150k,UK,London,London,Demand Gen Manager,Manager,Marketing,2,False,0.95
priya.wood@alder-trading.example,18-24,£50k-£100k,UK,Scotland,Edinburgh,Marketing Executive,Individual contributor,Marketing,3,False,0.8
priya.wood@kelvin-college.example,35-44,£100k-£150k,UK,Scotland,Edinburgh,Sales Manager,Manager,Sales,0,True,0.73
priya.wright@valley-recruitment.example,35-44,£50k-£100k,US,Washington,Seattle,Marketing Manager,Manager,Marketing,8,True,0.94
priya.young@stonebridge-health.example,25-34,£50k-£100k,FR,Occitanie,Toulouse,Assistant,Individual contributor,Operations,4,True,0.88
priya@ashford-components.example,18-24,under £25k,FR,Auvergne-Rhone-Alpes,Lyon,Marketing Executive,Individual contributor,Marketing,5,False,0.99
priya@ashford-health.example,25-34,£50k-£100k,US,New York,New York,Marketing Executive,Individual contributor,Marketing,1,True,0.98
priya@aurora-trading.example,25-34,£50k-£100k,UK,Scotland,Edinburgh,Marketing Coordinator,Individual contributor,Marketing,2,True,0.61
priya@aurora-works.example,25-34,£25k-£50k,DE,Bavaria,Munich,Analyst,Individual contributor,Operations,3,False,0.68
priya@brightwater-learning.example,35-44,£50k-£100k,FR,Ile-de-France,Paris,Sales Manager,Manager,Sales,1,False,0.9
priya@brightwater-tutors.example,45-54,£100k-£150k,US,California,San Francisco,Operations Manager,Manager,Operations,3,False,0.7
priya@cedar-freight.example,45-54,£50k-£100k,UK,Yorkshire,Leeds,Founder,Director or above,Executive,8,False,0.73
priya@emberly-legal.example,35-44,under £25k,NL,Utrecht,Utrecht,Marketing Executive,Individual contributor,Marketing,1,True,0.73
priya@falcon-capital.example,18-24,£25k-£50k,NL,North Holland,Amsterdam,Marketing Coordinator,Individual contributor,Marketing,10,False,0.71
priya@granite-associates.example,35-44,£25k-£50k,DE,Bavaria,Munich,Operations Manager,Manager,Operations,3,True,0.86
priya@heron-clinics.example,25-34,£25k-£50k,US,Washington,Seattle,Marketing Executive,Individual contributor,Marketing,0,True,0.7
priya@heron-works.example,45-54,£100k-£150k,US,Illinois,Chicago,Demand Gen Manager,Manager,Marketing,1,True,0.83
priya@inkwell-transport.example,18-24,under £25k,US,Massachusetts,Boston,Student,Student,Student,0,False,0.98
priya@ivywood-fabrication.example,45-54,£50k-£100k,US,Illinois,Chicago,Chief Revenue Officer,Director or above,Executive,2,True,0.64
priya@ivywood-outfitters.example,35-44,£150k+,UK,South West,Bristol,Managing Director,Director or above,Executive,3,False,0.77
priya@jasper-fabrication.example,35-44,£100k-£150k,UK,London,London,Managing Director,Director or above,Executive,1,False,0.88
priya@juniper-digital.example,18-24,£50k-£100k,UK,North West,Manchester,Analyst,Individual contributor,Operations,2,False,0.97
priya@kestrel-partners.example,18-24,£25k-£50k,US,New York,New York,Student,Student,Student,0,False,0.71
priya@kingsway-lending.example,45-54,£100k-£150k,DE,Bavaria,Munich,Head of Growth,Manager,Marketing,6,True,0.96
priya@kingsway-training.example,25-34,under £25k,DE,Hesse,Frankfurt,Analyst,Individual contributor,Operations,2,False,0.87
priya@marigold-haulage.example,18-24,£25k-£50k,UK,South West,Bristol,Assistant,Individual contributor,Operations,1,False,0.98
priya@meridian-industries.example,35-44,under £25k,UK,Yorkshire,Leeds,Sales Rep,Individual contributor,Sales,5,False,0.8
priya@moorland-cloud.example,25-34,£25k-£50k,UK,Scotland,Edinburgh,Analyst,Individual contributor,Operations,0,False,0.8
priya@moorland-stores.example,35-44,under £25k,DE,Hamburg,Hamburg,Sales Manager,Manager,Sales,5,False,0.85
priya@northwind-legal.example,25-34,£100k-£150k,US,New York,New York,Head of Marketing,Manager,Marketing,19,False,0.77
priya@oldfield-learning.example,45-54,£100k-£150k,DE,Berlin,Berlin,Founder,Director or above,Executive,1,True,0.99
priya@orchard-retail.example,35-44,£50k-£100k,NL,Utrecht,Utrecht,Demand Gen Manager,Manager,Marketing,1,False,0.74
priya@orchard-shipping.example,45-54,£50k-£100k,UK,North West,Manchester,Sales Manager,Manager,Sales,1,True,0.85
priya@orchard-trading.example,45-54,£150k+,US,Massachusetts,Boston,Marketing Director,Director or above,Marketing,1,True,0.85
priya@pebble-education.example,25-34,£100k-£150k,UK,West Midlands,Birmingham,Operations Manager,Manager,Operations,6,True,0.85
priya@quartz-labs.example,35-44,£50k-£100k,DE,Berlin,Berlin,VP Marketing,Director or above,Marketing,11,True,0.63
priya@rosewood-couriers.example,18-24,under £25k,NL,North Holland,Amsterdam,Marketing Executive,Individual contributor,Marketing,1,False,0.65
priya@rosewood-stores.example,35-44,£50k-£100k,US,Illinois,Chicago,Operations Manager,Manager,Operations,6,True,0.82
priya@silverline-advisory.example,35-44,£25k-£50k,UK,West Midlands,Birmingham,Sales Manager,Manager,Sales,1,False,0.82
priya@umber-transport.example,45-54,£100k-£150k,US,Washington,Seattle,VP Marketing,Director or above,Marketing,7,True,0.91
priya@umber-wealth.example,25-34,£50k-£100k,US,Washington,Seattle,Marketing Executive,Individual contributor,Marketing,3,False,0.88
priya@vantage-couriers.example,45-54,£100k-£150k,UK,West Midlands,Birmingham,Founder,Director or above,Executive,1,True,0.71
priya@westbrook-logistics.example,35-44,£100k-£150k,FR,Hauts-de-France,Lille,Demand Gen Manager,Manager,Marketing,0,True,0.91
priya@yarrow-education.example,35-44,£50k-£100k,US,Illinois,Chicago,Marketing Coordinator,Individual contributor,Marketing,3,True,0.97
priyabakker76@icloud.example,18-24,under £25k,UK,London,London,Analyst,Individual contributor,Operations,10,False,0.67
priyajansen54@gmail.example,18-24,£25k-£50k,NL,North Brabant,Eindhoven,Student,Student,Student,0,False,0.77
priyajones17@gmail.example,25-34,£100k-£150k,UK,North West,Manchester,Marketing Manager,Manager,Marketing,10,False,0.62
priyajones18@gmail.example,45-54,£100k-£150k,UK,Scotland,Edinburgh,Operations Manager,Manager,Operations,5,False,0.94
priyamiller81@icloud.example,18-24,£25k-£50k,DE,Hamburg,Hamburg,Marketing Executive,Individual contributor,Marketing,2,True,0.63
priyamuller30@yahoo.example,45-54,£100k-£150k,DE,Berlin,Berlin,Chief Revenue Officer,Director or above,Executive,7,True,0.87
priyayoung59@hotmail.example,45-54,£100k-£150k,US,Texas,Austin,Marketing Director,Director or above,Marketing,9,True,0.93
pschmidt587@yahoo.example,35-44,£50k-£100k,US,Texas,Austin,Head of Marketing,Manager,Marketing,1,False,0.92
ptaylor046@icloud.example,55-64,£100k-£150k,UK,London,London,Marketing Director,Director or above,Marketing,4,True,0.82
ptaylor372@outlook.example,35-44,£50k-£100k,DE,Berlin,Berlin,Head of Growth,Manager,Marketing,0,True,0.75
pwalker091@gmail.example,25-34,£50k-£100k,FR,Auvergne-Rhone-Alpes,Lyon,Sales Manager,Manager,Sales,0,True,0.94
r.baker@inkwell-academy.example,55-64,£50k-£100k,UK,Scotland,Edinburgh,Marketing Director,Director or above,Marketing,3,True,0.63
r.baker@kingsway-systems.example,18-24,under £25k,DE,Berlin,Berlin,Analyst,Individual contributor,Operations,1,False,0.69
r.baker@pennine-college.example,25-34,£100k-£150k,DE,Berlin,Berlin,Sales Manager,Manager,Sales,0,True,0.74
r.bakker@heron-trading.example,35-44,£25k-£50k,UK,North West,Manchester,Operations Manager,Manager,Operations,2,False,0.87
r.bakker@oakridge-legal.example,25-34,£50k-£100k,UK,London,London,VP Marketing,Director or above,Marketing,0,False,0.88
r.bernard@clearwater-software.example,35-44,£25k-£50k,UK,South West,Bristol,Sales Manager,Manager,Sales,0,True,0.9
r.brown@stonebridge-academy.example,18-24,under £25k,UK,Scotland,Edinburgh,Student,Student,Student,0,False,0.81
r.davies@orchard-stores.example,25-34,£25k-£50k,UK,London,London,Assistant,Individual contributor,Operations,6,False,0.95
r.davies@silverline-partners.example,25-34,£50k-£100k,US,Massachusetts,Boston,Assistant,Individual contributor,Operations,1,False,0.98
r.green@dunmore-logistics.example,35-44,£50k-£100k,DE,Bavaria,Munich,Sales Manager,Manager,Sales,3,True,0.69
r.hall@keystone-accountants.example,35-44,£100k-£150k,US,Illinois,Chicago,Founder,Director or above,Executive,2,True,0.73
r.jansen@silverline-stores.example,25-34,£25k-£50k,UK,London,London,Assistant,Individual contributor,Operations,1,True,0.89
r.jones@meridian-recruitment.example,45-54,£100k-£150k,DE,Hamburg,Hamburg,Founder,Director or above,Executive,3,True,0.67
r.khan@tidewater-engineering.example,25-34,under £25k,FR,Auvergne-Rhone-Alpes,Lyon,Student,Student,Student,0,True,0.91
r.khan@upland-cloud.example,45-54,£100k-£150k,UK,North West,Manchester,CEO,Director or above,Executive,0,False,0.61
r.lewis@fernhill-retail.example,25-34,£25k-£50k,UK,West Midlands,Birmingham,Sales Manager,Manager,Sales,3,True,0.61
r.martin@glenmoor-stores.example,35-44,£25k-£50k,UK,South West,Bristol,Head of Growth,Manager,Marketing,1,False,0.99
r.martin@heron-recruitment.example,25-34,£25k-£50k,FR,Ile-de-France,Paris,Assistant,Individual contributor,Operations,2,False,0.84
r.martin@meridian-fabrication.example,35-44,£100k-£150k,US,New York,New York,Chief Revenue Officer,Director or above,Executive,4,False,0.88
r.miller@jasper-market.example,25-34,£25k-£50k,UK,West Midlands,Birmingham,Assistant,Individual contributor,Operations,4,True,0.64
r.miller@zephyr-shipping.example,35-44,£100k-£150k,US,California,San Francisco,Marketing Director,Director or above,Marketing,7,True,0.62
r.moore@jasper-data.example,45-54,£100k-£150k,UK,Scotland,Edinburgh,Director of Sales,Director or above,Sales,0,True,0.79
r.moore@yarrow-systems.example,25-34,£50k-£100k,NL,North Brabant,Eindhoven,Marketing Director,Director or above,Marketing,1,True,0.74
r.moore@zephyr-college.example,25-34,under £25k,NL,North Brabant,Eindhoven,Sales Rep,Individual contributor,Sales,0,True,0.64
r.muller@beacon-cloud.example,25-34,under £25k,NL,Utrecht,Utrecht,Marketing Executive,Individual contributor,Marketing,11,False,0.71
r.patel@elmstead-goods.example,35-44,£50k-£100k,US,New York,New York,Demand Gen Manager,Manager,Marketing,1,True,0.86
r.patel@foxglove-transport.example,25-34,£25k-£50k,FR,Occitanie,Toulouse,Assistant,Individual contributor,Operations,9,True,0.63
r.roberts@thornbury-labs.example,35-44,£100k-£150k,US,California,San Francisco,Sales Manager,Manager,Sales,2,True,0.82
r.scott@thornbury-partners.example,25-34,£25k-£50k,DE,Hamburg,Hamburg,Marketing Executive,Individual contributor,Marketing,3,False,0.72
r.taylor@marigold-outfitters.example,35-44,£100k-£150k,NL,North Holland,Amsterdam,Chief Revenue Officer,Director or above,Executive,1,False,0.72
r.taylor@upland-tutors.example,35-44,£25k-£50k,UK,North West,Manchester,Head of Growth,Manager,Marketing,0,True,0.79
r.weber@glenmoor-associates.example,25-34,£25k-£50k,UK,London,London,Marketing Manager,Manager,Marketing,5,False,0.9
r.weber@harbour-care.example,25-34,under £25k,UK,North West,Manchester,Assistant,Individual contributor,Operations,2,True,0.61
r.weber@highgate-legal.example,25-34,£50k-£100k,UK,Yorkshire,Leeds,Sales Manager,Manager,Sales,0,True,0.93
r.white@elmstead-industries.example,35-44,£50k-£100k,FR,Occitanie,Toulouse,Demand Gen Manager,Manager,Marketing,4,True,0.71
r.wilson@tidewater-digital.example,35-44,£100k-£150k,UK,South West,Bristol,CEO,Director or above,Executive,3,False,0.65
r.wood@aurora-market.example,18-24,£50k-£100k,UK,West Midlands,Birmingham,Sales Rep,Individual contributor,Sales,0,True,0.75
r.wright@nettlefield-software.example,25-34,£25k-£50k,UK,North West,Manchester,Head of Marketing,Manager,Marketing,2,False,0.94
r.young@cedar-associates.example,35-44,£100k-£150k,UK,Scotland,Edinburgh,CEO,Director or above,Executive,8,True,0.87
rdubois674@outlook.example,25-34,under £25k,UK,North West,Manchester,Sales Rep,Individual contributor,Sales,5,True,0.88
rgarcia924@yahoo.example,25-34,£25k-£50k,FR,Hauts-de-France,Lille,Sales Rep,Individual contributor,Sales,3,False,0.61
rgreen689@hotmail.example,45-54,£25k-£50k,US,Illinois,Chicago,Demand Gen Manager,Manager,Marketing,1,True,0.92
rhughes865@hotmail.example,18-24,£25k-£50k,UK,South West,Bristol,Analyst,Individual contributor,Operations,2,False,0.64
rjansen077@gmail.example,45-54,£100k-£150k,NL,Utrecht,Utrecht,Chief Revenue Officer,Director or above,Executive,1,False,0.97
rlewis489@yahoo.example,35-44,£50k-£100k,NL,South Holland,Rotterdam,Demand Gen Manager,Manager,Marketing,1,False,0.73
ruby.anderson@ivywood-finance.example,18-24,£50k-£100k,FR,Hauts-de-France,Lille,Sales Rep,Individual contributor,Sales,6,True,0.78
ruby.anderson@umber-recruitment.example,35-44,£50k-£100k,US,Washington,Seattle,Head of Growth,Manager,Marketing,2,True,0.65
ruby.anderson@valley-wealth.example,25-34,£50k-£100k,NL,South Holland,Rotterdam,Head of Growth,Manager,Marketing,4,False,0.72
ruby.baker@beacon-freight.example,18-24,£50k-£100k,US,Washington,Seattle,Marketing Coordinator,Individual contributor,Marketing,4,False,0.68
ruby.bakker@clearwater-shipping.example,18-24,£25k-£50k,UK,London,London,Sales Rep,Individual contributor,Sales,2,False,0.74
ruby.bakker@dovecote-labs.example,18-24,£25k-£50k,US,California,San Francisco,Marketing Coordinator,Individual contributor,Marketing,3,False,0.71
ruby.bernard@rosewood-systems.example,45-54,£50k-£100k,US,Washington,Seattle,Head of Growth,Manager,Marketing,0,True,0.6
ruby.brown@glenmoor-goods.example,18-24,under £25k,US,New York,New York,Analyst,Individual contributor,Operations,0,False,0.79
ruby.davies@orchard-learning.example,25-34,£25k-£50k,NL,North Holland,Amsterdam,Marketing Coordinator,Individual contributor,Marketing,1,False,0.8
ruby.davies@quartz-education.example,45-54,£50k-£100k,UK,London,London,VP Marketing,Director or above,Marketing,3,True,0.91
ruby.davies@tidewater-health.example,45-54,£150k+,DE,Hamburg,Hamburg,Director of Sales,Director or above,Sales,4,False,0.88
ruby.davies@yahoo.example,18-24,£25k-£50k,FR,Auvergne-Rhone-Alpes,Lyon,Assistant,Individual contributor,Operations,2,False,0.68
ruby.devries@marigold-academy.example,35-44,£50k-£100k,FR,Ile-de-France,Paris,Marketing Director,Director or above,Marketing,5,False,0.88
ruby.devries@moorland-digital.example,35-44,£50k-£100k,UK,South West,Bristol,Founder,Director or above,Executive,2,False,0.64
ruby.evans@inkwell-transport.example,35-44,£150k+,US,California,San Francisco,VP Marketing,Director or above,Marketing,1,False,0.79
ruby.garcia@highgate-fabrication.example,45-54,£150k+,UK,London,London,VP Marketing,Director or above,Marketing,10,False,0.94
ruby.garcia@hotmail.example,55-64,£100k-£150k,US,Illinois,Chicago,VP Marketing,Director or above,Marketing,5,False,0.68
ruby.green@foxglove-pharma.example,45-54,£50k-£100k,NL,Utrecht,Utrecht,Founder,Director or above,Executive,1,False,0.93
ruby.hughes@bramble-industries.example,35-44,£100k-£150k,US,Texas,Austin,Marketing Manager,Manager,Marketing,1,True,0.7
ruby.jansen@foxglove-data.example,25-34,£25k-£50k,FR,Ile-de-France,Paris,Marketing Coordinator,Individual contributor,Marketing,8,False,0.99
ruby.jansen@saltmarsh-academy.example,35-44,£50k-£100k,DE,Berlin,Berlin,Marketing Manager,Manager,Marketing,7,False,0.76
ruby.jansen@westbrook-medical.example,45-54,£150k+,FR,Ile-de-France,Paris,Marketing Director,Director or above,Marketing,3,False,0.92
ruby.jones@clearwater-shipping.example,35-44,£50k-£100k,UK,Scotland,Edinburgh,Marketing Manager,Manager,Marketing,3,False,0.77
ruby.jones@hawthorn-transport.example,25-34,£25k-£50k,FR,Ile-de-France,Paris,Analyst,Individual contributor,Operations,14,True,0.83
ruby.jones@icloud.example,35-44,£25k-£50k,US,Illinois,Chicago,Marketing Executive,Individual contributor,Marketing,2,True,0.61
ruby.jones@inkwell-legal.example,25-34,£50k-£100k,US,Illinois,Chicago,Sales Rep,Individual contributor,Sales,0,False,0.61
ruby.khan@falcon-dental.example,18-24,under £25k,UK,Yorkshire,Leeds,Assistant,Individual contributor,Operations,2,False,0.97
ruby.khan@kestrel-data.example,25-34,£50k-£100k,NL,South Holland,Rotterdam,Demand Gen Manager,Manager,Marketing,1,True,0.99
ruby.king@kelvin-training.example,25-34,£25k-£50k,UK,North West,Manchester,Marketing Coordinator,Individual contributor,Marketing,1,True,0.71
ruby.king@northwind-trading.example,18-24,£25k-£50k,UK,Scotland,Edinburgh,Analyst,Individual contributor,Operations,3,False,0.99
ruby.lewis@pennine-accountants.example,45-54,£100k-£150k,US,New York,New York,Head of Growth,Manager,Marketing,2,False,0.67
ruby.martin@larkspur-haulage.example,45-54,£100k-£150k,UK,Scotland,Edinburgh,Head of Growth,Manager,Marketing,1,False,0.73
ruby.moore@granite-engineering.example,55-64,£100k-£150k,UK,London,London,Chief Revenue Officer,Director or above,Executive,1,True,0.79
ruby.moore@heron-tutors.example,25-34,£25k-£50k,UK,London,London,Head of Growth,Manager,Marketing,2,False,0.71
ruby.moore@icloud.example,45-54,£150k+,FR,Auvergne-Rhone-Alpes,Lyon,CEO,Director or above,Executive,6,True,0.73
ruby.muller@fernhill-associates.example,45-54,£50k-£100k,UK,Yorkshire,Leeds,Marketing Manager,Manager,Marketing,1,False,0.95
ruby.muller@oakridge-manufacturing.example,45-54,£25k-£50k,DE,Hamburg,Hamburg,Head of Growth,Manager,Marketing,7,True,0.95
ruby.murphy@lantern-education.example,35-44,£50k-£100k,UK,Scotland,Edinburgh,Demand Gen Manager,Manager,Marketing,0,True,0.67
ruby.patel@heron-recruitment.example,18-24,£25k-£50k,FR,Ile-de-France,Paris,Sales Rep,Individual contributor,Sales,3,False,0.78
ruby.patel@hotmail.example,18-24,£25k-£50k,US,Illinois,Chicago,Marketing Executive,Individual contributor,Marketing,6,False,0.8
ruby.patel@quartz-shipping.example,25-34,£50k-£100k,UK,North West,Manchester,Head of Marketing,Manager,Marketing,0,True,0.62
ruby.roberts@beacon-freight.example,25-34,£50k-£100k,US,California,San Francisco,Demand Gen Manager,Manager,Marketing,0,True,0.6
ruby.scott@thornbury-dental.example,35-44,£100k-£150k,US,Massachusetts,Boston,Sales Manager,Manager,Sales,3,True,0.98
ruby.smith@falcon-cloud.example,45-54,under £25k,UK,Yorkshire,Leeds,Sales Rep,Individual contributor,Sales,5,True,0.6
ruby.smith@redwood-digital.example,25-34,£50k-£100k,DE,Hesse,Frankfurt,Sales Rep,Individual contributor,Sales,0,False,0.73
ruby.taylor@nimbus-components.example,18-24,£50k-£100k,US,Illinois,Chicago,Marketing Coordinator,Individual contributor,Marketing,3,False,0.79
ruby.thompson@riverside-partners.example,35-44,£100k-£150k,UK,Yorkshire,Leeds,Founder,Director or above,Executive,1,True,0.71
ruby.thompson@silverline-advisory.example,35-44,£100k-£150k,UK,West Midlands,Birmingham,Sales Manager,Manager,Sales,3,False,0.68
ruby.walker@keystone-legal.example,25-34,£50k-£100k,FR,Ile-de-France,Paris,Operations Manager,Manager,Operations,1,True,0.89
ruby.weber@dovecote-goods.example,35-44,£25k-£50k,UK,London,London,Operations Manager,Manager,Operations,6,False,0.66
ruby.weber@dunmore-market.example,35-44,£100k-£150k,FR,Ile-de-France,Paris,Sales Manager,Manager,Sales,2,False,0.84
ruby.weber@orchard-trading.example,45-54,£50k-£100k,US,Illinois,Chicago,Demand Gen Manager,Manager,Marketing,16,True,0.8
ruby.white@norfolk-software.example,25-34,£25k-£50k,UK,Scotland,Edinburgh,Sales Manager,Manager,Sales,5,False,0.96
ruby.wilson@hawthorn-data.example,25-34,£25k-£50k,NL,North Holland,Amsterdam,Sales Rep,Individual contributor,Sales,2,True,0.9
ruby.wood@highgate-cloud.example,25-34,under £25k,US,Massachusetts,Boston,Analyst,Individual contributor,Operations,1,True,0.74
ruby.wood@outlook.example,18-24,under £25k,UK,South West,Bristol,Student,Student,Student,0,False,0.64
ruby.wood@silverline-college.example,25-34,£50k-£100k,US,Texas,Austin,Assistant,Individual contributor,Operations,1,True,0.96
ruby@bramble-digital.example,25-34,£100k-£150k,US,Texas,Austin,Head of Marketing,Manager,Marketing,0,False,0.87
ruby@bramble-haulage.example,25-34,under £25k,UK,North West,Manchester,Sales Rep,Individual contributor,Sales,2,False,0.78
ruby@cedar-systems.example,55-64,£150k+,UK,London,London,Marketing Director,Director or above,Marketing,3,True,0.76
ruby@clearwater-industries.example,35-44,£50k-£100k,US,Illinois,Chicago,Sales Rep,Individual contributor,Sales,0,False,0.84
ruby@dovecote-cloud.example,35-44,£50k-£100k,UK,Yorkshire,Leeds,Head of Marketing,Manager,Marketing,4,False,0.92
ruby@elmstead-medical.example,25-34,£50k-£100k,US,Massachusetts,Boston,Head of Growth,Manager,Marketing,2,True,0.95
ruby@foxglove-fabrication.example,35-44,£100k-£150k,FR,Ile-de-France,Paris,Marketing Director,Director or above,Marketing,3,False,0.9
ruby@foxglove-goods.example,45-54,£150k+,FR,Ile-de-France,Paris,Founder,Director or above,Executive,1,False,0.97
ruby@granite-tutors.example,45-54,£100k-£150k,UK,Scotland,Edinburgh,VP Marketing,Director or above,Marketing,0,False,0.97
ruby@greystone-logistics.example,35-44,£100k-£150k,UK,Yorkshire,Leeds,Director of Sales,Director or above,Sales,3,False,0.61
ruby@harbour-medical.example,25-34,£50k-£100k,UK,Scotland,Edinburgh,Operations Manager,Manager,Operations,4,False,0.73
ruby@inkwell-accountants.example,45-54,£50k-£100k,FR,Hauts-de-France,Lille,Sales Manager,Manager,Sales,0,True,0.93
ruby@inkwell-training.example,35-44,£25k-£50k,UK,West Midlands,Birmingham,Sales Manager,Manager,Sales,4,False,0.9
ruby@ivywood-finance.example,25-34,£25k-£50k,FR,Auvergne-Rhone-Alpes,Lyon,Marketing Coordinator,Individual contributor,Marketing,2,True,0.88
ruby@jasper-systems.example,45-54,£25k-£50k,NL,North Holland,Amsterdam,Head of Growth,Manager,Marketing,4,True,0.72
ruby@kelvin-freight.example,45-54,£100k-£150k,FR,Ile-de-France,Paris,Founder,Director or above,Executive,2,True,0.63
ruby@kestrel-goods.example,35-44,£50k-£100k,DE,Hamburg,Hamburg,Managing Director,Director or above,Executive,2,True,0.72
ruby@kestrel-partners.example,45-54,£50k-£100k,US,Massachusetts,Boston,Head of Growth,Manager,Marketing,2,False,0.79
ruby@keystone-education.example,25-34,£50k-£100k,UK,London,London,Head of Marketing,Manager,Marketing,4,False,0.72
ruby@keystone-lending.example,45-54,£150k+,NL,South Holland,Rotterdam,Managing Director,Director or above,Executive,7,True,0.87
ruby@kingsway-freight.example,25-34,£50k-£100k,UK,Scotland,Edinburgh,Demand Gen Manager,Manager,Marketing,3,True,0.9
ruby@lindenwood-learning.example,35-44,£50k-£100k,UK,North West,Manchester,Marketing Manager,Manager,Marketing,1,False,0.98
ruby@meridian-associates.example,35-44,£100k-£150k,NL,North Holland,Amsterdam,VP Marketing,Director or above,Marketing,5,False,0.61
ruby@nettlefield-industries.example,25-34,£25k-£50k,US,Washington,Seattle,Marketing Manager,Manager,Marketing,0,True,0.72
ruby@northwind-learning.example,25-34,£25k-£50k,UK,London,London,Sales Manager,Manager,Sales,6,True,0.95
ruby@oakridge-haulage.example,25-34,£150k+,US,Massachusetts,Boston,Marketing Manager,Manager,Marketing,1,True,0.67
ruby@oldfield-accountants.example,35-44,£25k-£50k,US,New York,New York,Marketing Coordinator,Individual contributor,Marketing,7,True,0.82
ruby@oldfield-learning.example,35-44,£50k-£100k,DE,Berlin,Berlin,Assistant,Individual contributor,Operations,7,True,0.75
ruby@pebble-recruitment.example,25-34,£100k-£150k,DE,Hesse,Frankfurt,Managing Director,Director or above,Executive,5,True,0.6
ruby@pennine-pharma.example,25-34,£25k-£50k,UK,North West,Manchester,Demand Gen Manager,Manager,Marketing,0,True,0.72
ruby@redwood-retail.example,25-34,£25k-£50k,UK,London,London,Sales Manager,Manager,Sales,7,False,0.84
ruby@riverside-college.example,35-44,£50k-£100k,DE,Berlin,Berlin,Demand Gen Manager,Manager,Marketing,6,False,0.9
ruby@stonebridge-education.example,25-34,£50k-£100k,US,Texas,Austin,Marketing Manager,Manager,Marketing,9,False,0.79
ruby@tamarind-freight.example,65+,£50k-£100k,NL,North Brabant,Eindhoven,Marketing Director,Director or above,Marketing,7,True,0.99
ruby@thornbury-data.example,25-34,£50k-£100k,US,Washington,Seattle,Marketing Coordinator,Individual contributor,Marketing,0,True,0.92
ruby@thornbury-education.example,25-34,£25k-£50k,FR,Occitanie,Toulouse,Sales Manager,Manager,Sales,3,True,0.65
ruby@valley-retail.example,18-24,£25k-£50k,FR,Ile-de-France,Paris,Assistant,Individual contributor,Operations,3,False,0.74
ruby@willow-engineering.example,25-34,£50k-£100k,FR,Hauts-de-France,Lille,Sales Manager,Manager,Sales,7,True,0.85
rubybernard41@gmail.example,35-44,under £25k,US,Texas,Austin,Sales Rep,Individual contributor,Sales,2,False,0.63
rubydevries50@hotmail.example,18-24,under £25k,UK,West Midlands,Birmingham,Student,Student,Student,0,False,0.76
rubydevries90@gmail.example,25-34,£25k-£50k,UK,London,London,Marketing Coordinator,Individual contributor,Marketing,3,False,0.93
rubygreen49@gmail.example,18-24,under £25k,UK,London,London,Student,Student,Student,0,True,0.82
rubygreen71@icloud.example,55-64,£150k+,DE,Hesse,Frankfurt,VP Marketing,Director or above,Marketing,2,True,0.6
rubyjansen47@yahoo.example,35-44,£100k-£150k,FR,Auvergne-Rhone-Alpes,Lyon,CEO,Director or above,Executive,3,True,0.79
rubyjohnson37@hotmail.example,35-44,£50k-£100k,UK,Yorkshire,Leeds,Marketing Coordinator,Individual contributor,Marketing,1,True,0.71
rubymuller33@icloud.example,45-54,£50k-£100k,US,New York,New York,Operations Manager,Manager,Operations,0,True,0.87
rubyschmidt83@yahoo.example,45-54,£100k-£150k,DE,Hamburg,Hamburg,VP Marketing,Director or above,Marketing,3,True,0.96
rubytaylor88@gmail.example,35-44,£25k-£50k,UK,West Midlands,Birmingham,Analyst,Individual contributor,Operations,2,True,0.71
rubywilliams74@hotmail.example,25-34,£50k-£100k,DE,Bavaria,Munich,Demand Gen Manager,Manager,Marketing,0,False,0.83
rwilliams440@outlook.example,35-44,£100k-£150k,US,Texas,Austin,VP Marketing,Director or above,Marketing,2,False,0.79
s.anderson@elmstead-tutors.example,25-34,£50k-£100k,UK,South West,Bristol,Head of Growth,Manager,Marketing,8,False,0.71
s.anderson@juniper-college.example,45-54,£50k-£100k,NL,North Holland,Amsterdam,CEO,Director or above,Executive,0,True,0.72
s.baker@kestrel-college.example,35-44,£50k-£100k,FR,Auvergne-Rhone-Alpes,Lyon,Operations Manager,Manager,Operations,2,True,0.75
s.bakker@aurora-data.example,25-34,under £25k,UK,Yorkshire,Leeds,Marketing Executive,Individual contributor,Marketing,0,False,0.7
s.bakker@upland-freight.example,25-34,£50k-£100k,FR,Occitanie,Toulouse,Marketing Executive,Individual contributor,Marketing,1,False,0.68
s.bernard@elmstead-goods.example,45-54,£50k-£100k,US,Illinois,Chicago,Demand Gen Manager,Manager,Marketing,11,True,0.97
s.bernard@riverside-digital.example,25-34,under £25k,UK,North West,Manchester,Marketing Coordinator,Individual contributor,Marketing,5,True,0.66
s.brown@umber-pharma.example,35-44,£100k-£150k,DE,Hamburg,Hamburg,Head of Growth,Manager,Marketing,1,True,0.91
s.clarke@alder-outfitters.example,25-34,£100k-£150k,US,Washington,Seattle,Head of Marketing,Manager,Marketing,3,True,0.8
s.clarke@bramble-cloud.example,45-54,under £25k,FR,Hauts-de-France,Lille,Analyst,Individual contributor,Operations,1,True,0.64
s.clarke@glenmoor-transport.example,45-54,£25k-£50k,UK,Yorkshire,Leeds,Demand Gen Manager,Manager,Marketing,0,False,0.89
s.clarke@nettlefield-capital.example,18-24,£50k-£100k,FR,Ile-de-France,Paris,Sales Rep,Individual contributor,Sales,9,False,0.64
s.davies@elmstead-college.example,35-44,£50k-£100k,US,Illinois,Chicago,Head of Growth,Manager,Marketing,3,False,0.63
s.davies@oakridge-recruitment.example,35-44,£50k-£100k,NL,Utrecht,Utrecht,Operations Manager,Manager,Operations,3,False,0.97
s.davies@yarrow-pharma.example,25-34,£50k-£100k,UK,Yorkshire,Leeds,Marketing Manager,Manager,Marketing,0,True,0.64
s.devries@redwood-trading.example,45-54,£50k-£100k,US,Illinois,Chicago,Assistant,Individual contributor,Operations,3,True,0.83
s.dubois@meridian-haulage.example,25-34,£100k-£150k,FR,Ile-de-France,Paris,Head of Marketing,Manager,Marketing,4,True,0.91
s.evans@foxglove-wealth.example,25-34,£50k-£100k,US,California,San Francisco,Analyst,Individual contributor,Operations,12,False,0.74
s.evans@juniper-couriers.example,25-34,£50k-£100k,UK,Scotland,Edinburgh,Head of Marketing,Manager,Marketing,13,True,0.7
s.evans@pebble-logistics.example,35-44,£50k-£100k,DE,Hamburg,Hamburg,Head of Growth,Manager,Marketing,8,False,0.74
s.evans@riverside-engineering.example,35-44,£25k-£50k,UK,London,London,Head of Marketing,Manager,Marketing,6,True,0.76
s.evans@rosewood-industries.example,18-24,£25k-£50k,UK,Scotland,Edinburgh,Sales Rep,Individual contributor,Sales,10,False,0.8
s.garcia@cedar-care.example,35-44,£50k-£100k,UK,Scotland,Edinburgh,Operations Manager,Manager,Operations,8,True,0.98
s.garcia@emberly-trading.example,25-34,£50k-£100k,UK,South West,Bristol,Marketing Manager,Manager,Marketing,1,True,0.75
s.garcia@evergreen-haulage.example,55-64,£50k-£100k,NL,South Holland,Rotterdam,Chief Revenue Officer,Director or above,Executive,0,True,0.77
s.garcia@nimbus-consulting.example,25-34,£150k+,UK,Yorkshire,Leeds,CEO,Director or above,Executive,8,True,0.67
s.garcia@norfolk-finance.example,45-54,£100k-£150k,NL,North Brabant,Eindhoven,Founder,Director or above,Executive,4,False,0.76
s.garcia@riverside-lending.example,35-44,£150k+,NL,North Brabant,Eindhoven,Founder,Director or above,Executive,3,False,0.69
s.garcia@rosewood-industries.example,35-44,£150k+,UK,Scotland,Edinburgh,Managing Director,Director or above,Executive,4,False,0.77
s.green@alder-systems.example,25-34,£25k-£50k,US,Washington,Seattle,Operations Manager,Manager,Operations,3,False,0.66
s.hall@fernhill-accountants.example,45-54,£50k-£100k,UK,Yorkshire,Leeds,VP Marketing,Director or above,Marketing,12,False,0.65
s.hall@fernhill-capital.example,35-44,£100k-£150k,US,Texas,Austin,Demand Gen Manager,Manager,Marketing,7,True,0.67
s.hughes@zephyr-labs.example,25-34,£25k-£50k,UK,Yorkshire,Leeds,Marketing Manager,Manager,Marketing,1,False,0.87
s.jansen@jasper-freight.example,25-34,£25k-£50k,NL,Utrecht,Utrecht,Marketing Coordinator,Individual contributor,Marketing,7,False,0.61
s.jansen@kingsway-stores.example,18-24,£50k-£100k,US,Texas,Austin,Analyst,Individual contributor,Operations,1,False,0.78
s.johnson@kestrel-outfitters.example,35-44,£50k-£100k,NL,North Brabant,Eindhoven,VP Marketing,Director or above,Marketing,4,True,0.7
s.jones@evergreen-finance.example,25-34,£25k-£50k,US,California,San Francisco,Marketing Manager,Manager,Marketing,1,True,0.68
s.jones@zephyr-finance.example,25-34,£25k-£50k,UK,West Midlands,Birmingham,Marketing Executive,Individual contributor,Marketing,0,True,0.71
s.khan@aurora-education.example,45-54,£100k-£150k,US,Illinois,Chicago,Marketing Director,Director or above,Marketing,2,False,0.76
s.khan@quayside-shipping.example,55-64,£50k-£100k,UK,London,London,Chief Revenue Officer,Director or above,Executive,4,True,0.73
s.king@granite-insurance.example,35-44,under £25k,UK,Scotland,Edinburgh,Head of Marketing,Manager,Marketing,6,False,0.97
s.king@moorland-haulage.example,35-44,£50k-£100k,NL,North Brabant,Eindhoven,VP Marketing,Director or above,Marketing,1,False,0.81
s.king@quayside-outfitters.example,25-34,£25k-£50k,DE,Bavaria,Munich,Analyst,Individual contributor,Operations,1,False,0.67
s.lewis@tidewater-associates.example,18-24,£50k-£100k,DE,Bavaria,Munich,Head of Growth,Manager,Marketing,9,False,0.87
s.martin@nimbus-components.example,35-44,£50k-£100k,US,Washington,Seattle,Marketing Manager,Manager,Marketing,4,True,0.91
s.martin@zephyr-outfitters.example,25-34,£50k-£100k,US,California,San Francisco,Marketing Manager,Manager,Marketing,1,False,0.8
s.miller@highgate-training.example,18-24,£25k-£50k,UK,South West,Bristol,Analyst,Individual contributor,Operations,1,True,0.89
s.miller@inkwell-learning.example,35-44,£50k-£100k,FR,Occitanie,Toulouse,Head of Growth,Manager,Marketing,0,True,0.7
s.miller@jasper-retail.example,35-44,£25k-£50k,US,Illinois,Chicago,Analyst,Individual contributor,Operations,4,False,0.73
s.miller@norfolk-clinics.example,35-44,£50k-£100k,UK,Scotland,Edinburgh,Head of Growth,Manager,Marketing,4,False,0.78
s.miller@vantage-college.example,25-34,£25k-£50k,UK,London,London,Head of Growth,Manager,Marketing,13,True,0.81
s.moore@driftwood-education.example,25-34,£100k-£150k,US,California,San Francisco,Operations Manager,Manager,Operations,1,True,0.73
s.moore@granite-capital.example,25-34,£25k-£50k,UK,Yorkshire,Leeds,Marketing Executive,Individual contributor,Marketing,0,True,0.7
s.moore@granite-data.example,25-34,£50k-£100k,DE,Hamburg,Hamburg,Sales Manager,Manager,Sales,3,False,0.81
s.moore@kelvin-insurance.example,25-34,£25k-£50k,DE,Berlin,Berlin,Marketing Executive,Individual contributor,Marketing,2,True,0.76
s.moore@quayside-shipping.example,25-34,£100k-£150k,UK,London,London,Managing Director,Director or above,Executive,3,False,0.89
s.moore@westbrook-accountants.example,45-54,£100k-£150k,US,Illinois,Chicago,Head of Growth,Manager,Marketing,0,False,0.81
s.muller@brightwater-software.example,45-54,£25k-£50k,UK,West Midlands,Birmingham,Operations Manager,Manager,Operations,1,True,0.93
s.muller@driftwood-consulting.example,35-44,£50k-£100k,NL,South Holland,Rotterdam,Marketing Manager,Manager,Marketing,7,True,0.87
s.murphy@hawthorn-pharma.example,25-34,£25k-£50k,UK,London,London,Sales Rep,Individual contributor,Sales,4,False,0.86
s.murphy@nimbus-pharma.example,25-34,£100k-£150k,US,Illinois,Chicago,Sales Rep,Individual contributor,Sales,4,False,0.7
s.murphy@quartz-learning.example,35-44,£100k-£150k,NL,Utrecht,Utrecht,Marketing Manager,Manager,Marketing,4,False,0.97
s.murphy@rosewood-manufacturing.example,25-34,£100k-£150k,US,Texas,Austin,CEO,Director or above,Executive,1,False,0.7
s.murphy@vantage-dental.example,45-54,£100k-£150k,US,California,San Francisco,Head of Marketing,Manager,Marketing,0,False,0.63
s.patel@redwood-legal.example,45-54,£100k-£150k,NL,North Holland,Amsterdam,Director of Sales,Director or above,Sales,3,True,0.94
s.roberts@ashford-freight.example,45-54,£50k-£100k,FR,Hauts-de-France,Lille,Chief Revenue Officer,Director or above,Executive,2,False,0.76
s.roberts@foxglove-capital.example,25-34,£25k-£50k,NL,Utrecht,Utrecht,Analyst,Individual contributor,Operations,0,True,0.63
s.roberts@norfolk-transport.example,25-34,£150k+,UK,Yorkshire,Leeds,CEO,Director or above,Executive,0,True,0.93
s.schmidt@glenmoor-market.example,25-34,under £25k,US,New York,New York,Assistant,Individual contributor,Operations,0,False,0.71
s.scott@lindenwood-outfitters.example,35-44,£50k-£100k,US,Washington,Seattle,Operations Manager,Manager,Operations,3,True,0.62
s.scott@stonebridge-freight.example,25-34,under £25k,NL,South Holland,Rotterdam,Sales Rep,Individual contributor,Sales,1,False,0.94
s.scott@valley-recruitment.example,35-44,£50k-£100k,US,Washington,Seattle,Sales Manager,Manager,Sales,12,True,0.88
s.smith@clearwater-transport.example,55-64,£100k-£150k,US,Texas,Austin,Chief Revenue Officer,Director or above,Executive,2,False,0.91
s.smith@marigold-finance.example,45-54,£50k-£100k,DE,Hamburg,Hamburg,Demand Gen Manager,Manager,Marketing,0,True,0.96
s.smith@pinecrest-haulage.example,25-34,under £25k,US,New York,New York,Marketing Executive,Individual contributor,Marketing,4,False,0.73
s.smith@willow-market.example,45-54,£100k-£150k,UK,West Midlands,Birmingham,Founder,Director or above,Executive,1,False,0.91
s.taylor@dovecote-shipping.example,18-24,£25k-£50k,UK,South West,Bristol,Analyst,Individual contributor,Operations,4,False,0.97
s.taylor@kelvin-health.example,45-54,£150k+,UK,Scotland,Edinburgh,VP Marketing,Director or above,Marketing,0,False,0.93
s.thompson@cobalt-retail.example,25-34,£25k-£50k,UK,Scotland,Edinburgh,Marketing Manager,Manager,Marketing,7,False,0.81
s.thompson@jasper-software.example,18-24,£25k-£50k,UK,South West,Bristol,Sales Rep,Individual contributor,Sales,1,False,0.62
s.walker@ashford-software.example,35-44,£100k-£150k,NL,South Holland,Rotterdam,Head of Growth,Manager,Marketing,1,False,0.99
s.walker@granite-health.example,45-54,£100k-£150k,UK,Scotland,Edinburgh,Head of Marketing,Manager,Marketing,5,False,0.81
s.walker@granite-industries.example,35-44,£100k-£150k,UK,Yorkshire,Leeds,Chief Revenue Officer,Director or above,Executive,4,True,0.86
s.walker@ivywood-consulting.example,25-34,£25k-£50k,UK,Yorkshire,Leeds,Assistant,Individual contributor,Operations,2,False,0.83
s.walker@nettlefield-data.example,35-44,£25k-£50k,FR,Auvergne-Rhone-Alpes,Lyon,Marketing Coordinator,Individual contributor,Marketing,9,True,0.86
s.walker@norfolk-care.example,55-64,£50k-£100k,UK,London,London,VP Marketing,Director or above,Marketing,8,True,0.81
s.walker@orchard-works.example,25-34,£25k-£50k,UK,South West,Bristol,Marketing Executive,Individual contributor,Marketing,2,True,0.69
s.walker@rosewood-associates.example,35-44,£25k-£50k,UK,London,London,Head of Growth,Manager,Marketing,14,True,0.67
s.weber@highgate-advisory.example,35-44,£25k-£50k,NL,North Holland,Amsterdam,Analyst,Individual contributor,Operations,10,False,0.97
s.white@upland-haulage.example,25-34,£50k-£100k,UK,South West,Bristol,Operations Manager,Manager,Operations,0,True,0.68
s.williams@evergreen-logistics.example,25-34,£100k-£150k,UK,Yorkshire,Leeds,Operations Manager,Manager,Operations,0,True,0.79
s.williams@glenmoor-outfitters.example,35-44,£25k-£50k,NL,North Holland,Amsterdam,Sales Rep,Individual contributor,Sales,4,True,0.99
s.wilson@hawthorn-academy.example,55-64,£100k-£150k,UK,West Midlands,Birmingham,Founder,Director or above,Executive,3,True,0.97
s.wood@dunmore-capital.example,25-34,£25k-£50k,FR,Occitanie,Toulouse,Marketing Executive,Individual contributor,Marketing,10,True,0.88
s.wood@inkwell-legal.example,18-24,£25k-£50k,US,Massachusetts,Boston,Analyst,Individual contributor,Operations,4,False,0.96
s.wood@juniper-associates.example,35-44,£50k-£100k,FR,Hauts-de-France,Lille,Demand Gen Manager,Manager,Marketing,2,False,0.76
s.wood@oldfield-accountants.example,18-24,£50k-£100k,US,Texas,Austin,Assistant,Individual contributor,Operations,2,False,0.68
s.wright@greystone-manufacturing.example,35-44,£50k-£100k,UK,South West,Bristol,Head of Growth,Manager,Marketing,1,False,0.67
s.wright@zephyr-outfitters.example,35-44,£100k-£150k,US,Illinois,Chicago,CEO,Director or above,Executive,3,True,0.66
s.young@cedar-education.example,25-34,£50k-£100k,DE,Berlin,Berlin,Head of Marketing,Manager,Marketing,4,False,0.62
s.young@hawthorn-goods.example,25-34,£25k-£50k,DE,Hesse,Frankfurt,Assistant,Individual contributor,Operations,1,False,0.91
s.young@riverside-lending.example,18-24,£50k-£100k,NL,Utrecht,Utrecht,Marketing Coordinator,Individual contributor,Marketing,2,True,0.9
samuel.baker@bluebell-goods.example,55-64,£50k-£100k,US,Illinois,Chicago,Head of Growth,Manager,Marketing,1,True,0.73
samuel.brown@rosewood-associates.example,55-64,£100k-£150k,UK,South West,Bristol,CEO,Director or above,Executive,2,True,0.82
samuel.clarke@thornbury-haulage.example,25-34,under £25k,UK,Scotland,Edinburgh,Assistant,Individual contributor,Operations,2,True,0.63
samuel.davies@ashford-medical.example,25-34,£100k-£150k,UK,South West,Bristol,Demand Gen Manager,Manager,Marketing,5,False,0.89
samuel.davies@dovecote-associates.example,35-44,£100k-£150k,FR,Auvergne-Rhone-Alpes,Lyon,Chief Revenue Officer,Director or above,Executive,5,True,0.94
samuel.davies@ironbridge-wealth.example,18-24,under £25k,UK,Scotland,Edinburgh,Marketing Coordinator,Individual contributor,Marketing,9,False,0.96
samuel.davies@pennine-logistics.example,25-34,£50k-£100k,US,Texas,Austin,Marketing Manager,Manager,Marketing,4,False,0.79
samuel.dubois@tamarind-tutors.example,25-34,£50k-£100k,US,Texas,Austin,Assistant,Individual contributor,Operations,4,False,0.96
samuel.dubois@upland-trading.example,25-34,under £25k,UK,South West,Bristol,Assistant,Individual contributor,Operations,7,False,0.96
samuel.dubois@zephyr-software.example,18-24,£25k-£50k,US,Texas,Austin,Marketing Executive,Individual contributor,Marketing,2,False,0.68
samuel.hall@gmail.example,18-24,under £25k,UK,North West,Manchester,Analyst,Individual contributor,Operations,1,False,0.98
samuel.jansen@icloud.example,35-44,£50k-£100k,US,Washington,Seattle,Operations Manager,Manager,Operations,2,True,0.76
samuel.jansen@westbrook-college.example,45-54,£50k-£100k,US,Texas,Austin,CEO,Director or above,Executive,2,False,0.69
samuel.johnson@ironbridge-health.example,35-44,£100k-£150k,NL,North Brabant,Eindhoven,CEO,Director or above,Executive,3,False,0.61
samuel.johnson@larkspur-works.example,25-34,£25k-£50k,NL,South Holland,Rotterdam,Marketing Executive,Individual contributor,Marketing,3,False,0.81
samuel.jones@yahoo.example,25-34,£100k-£150k,US,Illinois,Chicago,Marketing Director,Director or above,Marketing,1,True,0.96
samuel.khan@aurora-data.example,25-34,£25k-£50k,UK,Scotland,Edinburgh,Assistant,Individual contributor,Operations,0,True,0.6
samuel.king@granite-learning.example,45-54,£150k+,UK,Yorkshire,Leeds,VP Marketing,Director or above,Marketing,9,True,0.75
samuel.king@redwood-training.example,25-34,£25k-£50k,UK,Scotland,Edinburgh,Marketing Coordinator,Individual contributor,Marketing,6,True,0.66
samuel.lewis@bramble-fabrication.example,25-34,£100k-£150k,DE,Bavaria,Munich,Chief Revenue Officer,Director or above,Executive,1,True,0.81
samuel.lewis@pennine-data.example,25-34,£25k-£50k,US,Illinois,Chicago,Assistant,Individual contributor,Operations,3,False,0.78
samuel.lewis@yahoo.example,25-34,£50k-£100k,FR,Ile-de-France,Paris,Sales Manager,Manager,Sales,2,False,0.74
samuel.lewis@zephyr-tutors.example,55-64,£100k-£150k,DE,Hamburg,Hamburg,Director of Sales,Director or above,Sales,4,True,0.88
samuel.martin@aurora-goods.example,35-44,£150k+,DE,Hesse,Frankfurt,Managing Director,Director or above,Executive,2,True,0.82
samuel.martin@rosewood-advisory.example,25-34,£25k-£50k,FR,Auvergne-Rhone-Alpes,Lyon,Analyst,Individual contributor,Operations,2,False,0.97
samuel.moore@hotmail.example,35-44,£100k-£150k,US,Illinois,Chicago,Head of Growth,Manager,Marketing,3,True,0.63
samuel.roberts@saltmarsh-trading.example,35-44,£50k-£100k,DE,Hesse,Frankfurt,Head of Marketing,Manager,Marketing,3,True,0.95
samuel.schmidt@evergreen-consulting.example,35-44,£100k-£150k,US,Illinois,Chicago,Head of Growth,Manager,Marketing,5,False,0.86
samuel.schmidt@foxglove-trading.example,25-34,£50k-£100k,FR,Hauts-de-France,Lille,Head of Marketing,Manager,Marketing,0,True,0.88
samuel.scott@yarrow-finance.example,25-34,£25k-£50k,US,Texas,Austin,Assistant,Individual contributor,Operations,4,False,0.78
samuel.taylor@ashford-consulting.example,25-34,£100k-£150k,US,California,San Francisco,Marketing Manager,Manager,Marketing,13,False,0.84
samuel.taylor@saltmarsh-manufacturing.example,35-44,£100k-£150k,UK,South West,Bristol,Director of Sales,Director or above,Sales,7,False,0.77
samuel.taylor@valley-pharma.example,35-44,£100k-£150k,NL,North Holland,Amsterdam,Marketing Manager,Manager,Marketing,3,True,0.83
samuel.walker@keystone-medical.example,35-44,£25k-£50k,UK,London,London,Head of Growth,Manager,Marketing,1,True,0.95
samuel.weber@dunmore-wealth.example,45-54,£150k+,US,California,San Francisco,Managing Director,Director or above,Executive,0,True,0.89
samuel.weber@gmail.example,25-34,under £25k,NL,North Holland,Amsterdam,Student,Student,Student,0,False,0.99
samuel.white@alder-fabrication.example,18-24,£50k-£100k,US,California,San Francisco,Analyst,Individual contributor,Operations,4,False,0.62
samuel.white@umber-retail.example,25-34,£25k-£50k,UK,South West,Bristol,Sales Rep,Individual contributor,Sales,2,False,0.66
samuel.wilson@bluebell-health.example,35-44,£100k-£150k,US,California,San Francisco,Marketing Manager,Manager,Marketing,6,True,0.8
samuel.wood@kelvin-cloud.example,45-54,£50k-£100k,US,New York,New York,Operations Manager,Manager,Operations,4,True,0.98
samuel.wood@larkspur-advisory.example,45-54,£100k-£150k,US,California,San Francisco,Managing Director,Director or above,Executive,6,True,0.98
samuel.wood@redwood-training.example,35-44,£100k-£150k,UK,Scotland,Edinburgh,Head of Marketing,Manager,Marketing,9,True,0.75
samuel.wood@thornbury-partners.example,45-54,£50k-£100k,DE,Hesse,Frankfurt,Head of Marketing,Manager,Marketing,1,True,0.93
samuel.wright@harbour-care.example,25-34,£50k-£100k,UK,South West,Bristol,Head of Growth,Manager,Marketing,2,False,0.69
samuel.young@granite-digital.example,18-24,under £25k,UK,South West,Bristol,Student,Student,Student,0,True,0.73
samuel.young@hawthorn-fabrication.example,25-34,£100k-£150k,UK,South West,Bristol,Director of Sales,Director or above,Sales,12,True,0.66
samuel.young@icloud.example,18-24,£25k-£50k,UK,London,London,Analyst,Individual contributor,Operations,3,True,0.63
samuel@brightwater-transport.example,35-44,£100k-£150k,NL,South Holland,Rotterdam,Marketing Director,Director or above,Marketing,1,True,0.67
samuel@cedar-capital.example,35-44,£50k-£100k,NL,North Holland,Amsterdam,CEO,Director or above,Executive,2,False,0.98
samuel@cedar-data.example,45-54,£50k-£100k,UK,London,London,Founder,Director or above,Executive,2,False,0.83
samuel@clearwater-legal.example,25-34,£25k-£50k,DE,Bavaria,Munich,Marketing Executive,Individual contributor,Marketing,3,True,0.79
samuel@clearwater-software.example,45-54,£50k-£100k,UK,South West,Bristol,Head of Growth,Manager,Marketing,3,True,0.74
samuel@cobalt-clinics.example,25-34,£50k-£100k,US,Massachusetts,Boston,Sales Manager,Manager,Sales,3,True,0.85
samuel@driftwood-advisory.example,18-24,under £25k,US,California,San Francisco,Student,Student,Student,0,True,0.69
samuel@dunmore-accountants.example,35-44,£100k-£150k,UK,West Midlands,Birmingham,Sales Manager,Manager,Sales,2,True,0.97
samuel@emberly-fabrication.example,25-34,under £25k,US,Texas,Austin,Marketing Coordinator,Individual contributor,Marketing,5,False,0.7
samuel@falcon-shipping.example,25-34,£50k-£100k,DE,Hamburg,Hamburg,Sales Manager,Manager,Sales,5,False,0.72
samuel@fernhill-manufacturing.example,45-54,£100k-£150k,US,New York,New York,Chief Revenue Officer,Director or above,Executive,5,True,0.66
samuel@fernhill-trading.example,25-34,£25k-£50k,NL,North Brabant,Eindhoven,Demand Gen Manager,Manager,Marketing,0,True,0.8
samuel@fernhill-transport.example,45-54,£25k-£50k,UK,Scotland,Edinburgh,Head of Marketing,Manager,Marketing,7,True,0.73
samuel@granite-partners.example,25-34,£25k-£50k,FR,Occitanie,Toulouse,Analyst,Individual contributor,Operations,1,False,0.85
samuel@highgate-care.example,25-34,£25k-£50k,US,California,San Francisco,Sales Rep,Individual contributor,Sales,3,False,0.61
samuel@highgate-goods.example,25-34,£100k-£150k,NL,North Holland,Amsterdam,Managing Director,Director or above,Executive,9,True,0.9
samuel@jasper-medical.example,45-54,£25k-£50k,UK,Yorkshire,Leeds,Marketing Manager,Manager,Marketing,4,False,0.76
samuel@keystone-market.example,45-54,£100k-£150k,NL,Utrecht,Utrecht,Founder,Director or above,Executive,1,False,0.61
samuel@lantern-stores.example,35-44,£100k-£150k,US,California,San Francisco,Marketing Director,Director or above,Marketing,1,True,0.91
samuel@larkspur-accountants.example,35-44,£50k-£100k,DE,Berlin,Berlin,Sales Manager,Manager,Sales,5,False,0.65
samuel@lindenwood-college.example,35-44,£50k-£100k,DE,Bavaria,Munich,Marketing Manager,Manager,Marketing,2,False,0.75
samuel@marigold-cloud.example,25-34,£100k-£150k,FR,Occitanie,Toulouse,Operations Manager,Manager,Operations,4,False,0.88
samuel@marigold-legal.example,35-44,£50k-£100k,UK,London,London,Operations Manager,Manager,Operations,4,True,0.87
samuel@marigold-medical.example,25-34,£25k-£50k,FR,Ile-de-France,Paris,Sales Rep,Individual contributor,Sales,2,False,0.98
samuel@moorland-freight.example,18-24,£50k-£100k,UK,Yorkshire,Leeds,Demand Gen Manager,Manager,Marketing,2,False,0.81
samuel@nettlefield-digital.example,35-44,£50k-£100k,UK,West Midlands,Birmingham,Sales Manager,Manager,Sales,3,True,0.81
samuel@nettlefield-tutors.example,25-34,£25k-£50k,NL,North Holland,Amsterdam,Marketing Executive,Individual contributor,Marketing,4,False,0.61
samuel@norfolk-software.example,45-54,£100k-£150k,UK,North West,Manchester,Director of Sales,Director or above,Sales,3,True,0.87
samuel@northwind-academy.example,18-24,under £25k,DE,Hesse,Frankfurt,Assistant,Individual contributor,Operations,0,False,0.85
samuel@northwind-stores.example,25-34,£25k-£50k,NL,North Brabant,Eindhoven,Sales Rep,Individual contributor,Sales,2,False,0.85
samuel@pennine-learning.example,25-34,£50k-£100k,UK,South West,Bristol,Sales Rep,Individual contributor,Sales,1,False,0.72
samuel@quayside-lending.example,25-34,£25k-£50k,UK,West Midlands,Birmingham,Marketing Coordinator,Individual contributor,Marketing,1,True,0.8
samuel@rosewood-learning.example,25-34,£150k+,NL,North Holland,Amsterdam,CEO,Director or above,Executive,8,True,0.85
samuel@saltmarsh-clinics.example,35-44,£100k-£150k,US,Illinois,Chicago,CEO,Director or above,Executive,2,False,0.71
samuel@saltmarsh-components.example,55-64,£25k-£50k,UK,London,London,Marketing Manager,Manager,Marketing,4,True,0.66
samuel@stonebridge-associates.example,25-34,£100k-£150k,DE,Hesse,Frankfurt,VP Marketing,Director or above,Marketing,3,False,0.87
samuel@tamarind-market.example,45-54,£50k-£100k,FR,Auvergne-Rhone-Alpes,Lyon,Demand Gen Manager,Manager,Marketing,4,False,0.87
samuel@thornbury-works.example,35-44,£25k-£50k,DE,Hamburg,Hamburg,Marketing Manager,Manager,Marketing,2,False,0.63
samuel@umber-software.example,25-34,£25k-£50k,NL,Utrecht,Utrecht,Assistant,Individual contributor,Operations,3,False,0.81
samuel@upland-haulage.example,45-54,£100k-£150k,UK,Yorkshire,Leeds,VP Marketing,Director or above,Marketing,6,True,0.66
samuel@zephyr-couriers.example,35-44,£50k-£100k,DE,Bavaria,Munich,Sales Manager,Manager,Sales,1,False,0.73
samuel@zephyr-medical.example,35-44,£50k-£100k,DE,Hamburg,Hamburg,Head of Growth,Manager,Marketing,6,True,0.94
samueldubois44@gmail.example,65+,£150k+,UK,Scotland,Edinburgh,Founder,Director or above,Executive,8,True,0.74
samuelgreen92@hotmail.example,25-34,£25k-£50k,US,Washington,Seattle,Student,Student,Student,0,False,0.89
samuelpatel97@icloud.example,35-44,£50k-£100k,FR,Hauts-de-France,Lille,Head of Marketing,Manager,Marketing,7,True,0.63
samuelscott49@outlook.example,35-44,£100k-£150k,US,Washington,Seattle,Head of Growth,Manager,Marketing,2,True,0.79
samuelwright30@icloud.example,18-24,£25k-£50k,US,Texas,Austin,Analyst,Individual contributor,Operations,13,False,0.88
samuelwright32@hotmail.example,18-24,under £25k,UK,South West,Bristol,Student,Student,Student,0,False,0.85
sanne.baker9@yahoo.example,25-34,£50k-£100k,UK,South West,Bristol,Sales Rep,Individual contributor,Sales,1,False,0.69
sanne.baker@valley-goods.example,45-54,£100k-£150k,US,Massachusetts,Boston,Founder,Director or above,Executive,2,False,0.88
sanne.bakker@dovecote-accountants.example,55-64,£50k-£100k,UK,Yorkshire,Leeds,Founder,Director or above,Executive,10,True,0.95
sanne.bakker@kestrel-retail.example,35-44,£25k-£50k,UK,South West,Bristol,Marketing Executive,Individual contributor,Marketing,0,True,0.66
sanne.bernard@falcon-engineering.example,25-34,£25k-£50k,DE,Hamburg,Hamburg,Sales Manager,Manager,Sales,0,False,0.86
sanne.bernard@willow-lending.example,18-24,under £25k,DE,Hesse,Frankfurt,Assistant,Individual contributor,Operations,4,True,0.72
sanne.brown@jasper-stores.example,25-34,£25k-£50k,US,California,San Francisco,Head of Growth,Manager,Marketing,4,False,0.86
sanne.brown@orchard-shipping.example,55-64,£150k+,UK,London,London,Managing Director,Director or above,Executive,2,True,0.6
sanne.devries@elmstead-tutors.example,35-44,£25k-£50k,UK,South West,Bristol,Sales Manager,Manager,Sales,1,False,0.81
sanne.devries@gmail.example,35-44,£50k-£100k,UK,Yorkshire,Leeds,Demand Gen Manager,Manager,Marketing,4,False,0.67
sanne.evans@bramble-dental.example,45-54,£150k+,US,Illinois,Chicago,Founder,Director or above,Executive,5,True,0.76
sanne.evans@granite-insurance.example,35-44,£50k-£100k,UK,North West,Manchester,Founder,Director or above,Executive,1,True,0.85
sanne.evans@hotmail.example,25-34,£50k-£100k,US,Illinois,Chicago,Demand Gen Manager,Manager,Marketing,0,True,0.96
sanne.garcia@bluebell-software.example,25-34,£50k-£100k,DE,Hesse,Frankfurt,Marketing Manager,Manager,Marketing,3,False,0.6
sanne.hughes@foxglove-lending.example,35-44,£25k-£50k,UK,South West,Bristol,Head of Marketing,Manager,Marketing,4,True,0.79
sanne.hughes@icloud.example,25-34,£50k-£100k,UK,North West,Manchester,Demand Gen Manager,Manager,Marketing,4,True,0.93
sanne.hughes@riverside-software.example,25-34,£25k-£50k,US,Washington,Seattle,Analyst,Individual contributor,Operations,3,False,0.94
sanne.jansen@inkwell-clinics.example,25-34,£100k-£150k,US,Washington,Seattle,Marketing Manager,Manager,Marketing,6,True,0.84
sanne.jansen@yahoo.example,35-44,£25k-£50k,UK,West Midlands,Birmingham,Analyst,Individual contributor,Operations,0,True,0.86
sanne.johnson@quartz-capital.example,35-44,under £25k,FR,Ile-de-France,Paris,Sales Rep,Individual contributor,Sales,3,True,0.72
sanne.king@westbrook-logistics.example,55-64,£150k+,FR,Ile-de-France,Paris,Founder,Director or above,Executive,0,True,0.87
sanne.martin@lindenwood-medical.example,25-34,under £25k,UK,Scotland,Edinburgh,Assistant,Individual contributor,Operations,1,True,0.95
sanne.miller@yahoo.example,45-54,£50k-£100k,FR,Ile-de-France,Paris,Demand Gen Manager,Manager,Marketing,1,True,0.87
sanne.moore@pennine-logistics.example,35-44,£25k-£50k,US,Illinois,Chicago,Marketing Manager,Manager,Marketing,4,True,0.63
sanne.moore@thornbury-care.example,25-34,£25k-£50k,FR,Occitanie,Toulouse,Marketing Coordinator,Individual contributor,Marketing,2,False,0.82
sanne.moore@zephyr-advisory.example,25-34,£25k-£50k,UK,Scotland,Edinburgh,Analyst,Individual contributor,Operations,3,False,0.74
sanne.patel@evergreen-haulage.example,25-34,under £25k,NL,North Brabant,Eindhoven,Marketing Coordinator,Individual contributor,Marketing,5,False,0.89
sanne.patel@valley-manufacturing.example,35-44,£50k-£100k,FR,Auvergne-Rhone-Alpes,Lyon,Head of Growth,Manager,Marketing,2,False,0.99
sanne.roberts@jasper-college.example,35-44,£25k-£50k,FR,Ile-de-France,Paris,Operations Manager,Manager,Operations,2,False,0.61
sanne.schmidt@icloud.example,65+,£100k-£150k,NL,North Holland,Amsterdam,Managing Director,Director or above,Executive,5,True,0.97
sanne.scott@bluebell-trading.example,55-64,£50k-£100k,US,Washington,Seattle,Demand Gen Manager,Manager,Marketing,0,True,0.73
sanne.scott@bramble-finance.example,35-44,£100k-£150k,UK,Scotland,Edinburgh,Marketing Director,Director or above,Marketing,0,True,0.63
sanne.smith@yahoo.example,25-34,£50k-£100k,US,Texas,Austin,Sales Manager,Manager,Sales,2,True,0.96
sanne.taylor@orchard-retail.example,55-64,£100k-£150k,NL,South Holland,Rotterdam,Director of Sales,Director or above,Sales,6,False,0.67
sanne.taylor@zephyr-legal.example,18-24,under £25k,UK,Scotland,Edinburgh,Analyst,Individual contributor,Operations,1,False,0.68
sanne.walker@hotmail.example,35-44,£50k-£100k,UK,London,London,Head of Marketing,Manager,Marketing,3,True,0.97
sanne.walker@larkspur-market.example,25-34,£50k-£100k,US,Illinois,Chicago,Marketing Executive,Individual contributor,Marketing,7,False,0.87
sanne.walker@oldfield-accountants.example,18-24,£25k-£50k,US,Illinois,Chicago,Marketing Coordinator,Individual contributor,Marketing,5,False,0.73
sanne.weber@marigold-wealth.example,65+,£50k-£100k,UK,London,London,Director of Sales,Director or above,Sales,0,True,0.98
sanne.wood@riverside-recruitment.example,35-44,£100k-£150k,US,Illinois,Chicago,Head of Marketing,Manager,Marketing,6,True,0.61
sanne.wright@dovecote-associates.example,45-54,£25k-£50k,FR,Hauts-de-France,Lille,Demand Gen Manager,Manager,Marketing,8,False,0.84
sanne.wright@keystone-care.example,18-24,under £25k,DE,Bavaria,Munich,Assistant,Individual contributor,Operations,2,True,0.69
sanne@bramble-accountants.example,18-24,under £25k,FR,Occitanie,Toulouse,Student,Student,Student,0,False,0.95
sanne@bramble-digital.example,35-44,£150k+,US,Texas,Austin,CEO,Director or above,Executive,6,True,0.64
sanne@brightwater-learning.example,25-34,£25k-£50k,FR,Ile-de-France,Paris,Marketing Executive,Individual contributor,Marketing,7,False,0.96
sanne@cedar-trading.example,55-64,£100k-£150k,UK,West Midlands,Birmingham,CEO,Director or above,Executive,1,True,0.87
sanne@fernhill-components.example,25-34,£50k-£100k,NL,North Holland,Amsterdam,Demand Gen Manager,Manager,Marketing,3,True,0.81
sanne@foxglove-fabrication.example,35-44,£100k-£150k,FR,Ile-de-France,Paris,Director of Sales,Director or above,Sales,2,True,0.67
sanne@greystone-tutors.example,35-44,£100k-£150k,NL,North Holland,Amsterdam,VP Marketing,Director or above,Marketing,1,True,0.85
sanne@hawthorn-consulting.example,25-34,£50k-£100k,DE,Bavaria,Munich,Marketing Manager,Manager,Marketing,0,False,0.92
sanne@hawthorn-industries.example,35-44,£25k-£50k,US,California,San Francisco,Head of Marketing,Manager,Marketing,0,False,0.99
sanne@hawthorn-retail.example,18-24,£50k-£100k,DE,Bavaria,Munich,Sales Rep,Individual contributor,Sales,2,False,0.86
sanne@juniper-fabrication.example,35-44,£100k-£150k,UK,Scotland,Edinburgh,Marketing Manager,Manager,Marketing,4,True,0.6
sanne@kingsway-data.example,25-34,£50k-£100k,UK,South West,Bristol,Founder,Director or above,Executive,0,True,0.76
sanne@lantern-shipping.example,35-44,£50k-£100k,UK,South West,Bristol,Head of Marketing,Manager,Marketing,0,False,0.97
sanne@moorland-medical.example,25-34,£25k-£50k,UK,West Midlands,Birmingham,Demand Gen Manager,Manager,Marketing,1,False,0.78
sanne@nettlefield-data.example,25-34,£50k-£100k,FR,Auvergne-Rhone-Alpes,Lyon,Sales Manager,Manager,Sales,2,True,0.97
sanne@nimbus-retail.example,35-44,£100k-£150k,UK,North West,Manchester,Chief Revenue Officer,Director or above,Executive,0,False,0.65
sanne@northwind-stores.example,45-54,£100k-£150k,NL,Utrecht,Utrecht,Chief Revenue Officer,Director or above,Executive,0,True,0.61
sanne@oakridge-haulage.example,25-34,under £25k,US,Washington,Seattle,Sales Rep,Individual contributor,Sales,4,False,0.91
sanne@oakridge-medical.example,35-44,£100k-£150k,FR,Occitanie,Toulouse,Operations Manager,Manager,Operations,3,True,0.7
sanne@oldfield-digital.example,65+,£100k-£150k,UK,London,London,Chief Revenue Officer,Director or above,Executive,4,True,0.96
sanne@oldfield-haulage.example,45-54,£50k-£100k,UK,Yorkshire,Leeds,Chief Revenue Officer,Director or above,Executive,8,True,0.96
sanne@oldfield-training.example,25-34,under £25k,UK,North West,Manchester,Assistant,Individual contributor,Operations,0,False,0.65
sanne@orchard-finance.example,25-34,£50k-£100k,UK,London,London,Operations Manager,Manager,Operations,3,False,0.9
sanne@orchard-goods.example,45-54,£100k-£150k,UK,Yorkshire,Leeds,Marketing Director,Director or above,Marketing,0,True,0.63
sanne@orchard-stores.example,25-34,£50k-£100k,UK,West Midlands,Birmingham,Demand Gen Manager,Manager,Marketing,10,False,0.89
sanne@pennine-industries.example,65+,£50k-£100k,NL,North Holland,Amsterdam,Director of Sales,Director or above,Sales,0,False,0.94
sanne@pennine-software.example,25-34,under £25k,UK,Yorkshire,Leeds,Marketing Executive,Individual contributor,Marketing,6,True,0.67
sanne@quartz-market.example,35-44,£150k+,US,New York,New York,Director of Sales,Director or above,Sales,4,False,0.84
sanne@riverside-training.example,55-64,£100k-£150k,NL,Utrecht,Utrecht,VP Marketing,Director or above,Marketing,0,True,0.68
sanne@saltmarsh-retail.example,25-34,£25k-£50k,NL,Utrecht,Utrecht,Sales Rep,Individual contributor,Sales,0,False,0.67
sanne@saltmarsh-software.example,25-34,£150k+,UK,West Midlands,Birmingham,Founder,Director or above,Executive,7,False,0.76
sanne@thornbury-transport.example,35-44,£25k-£50k,US,California,San Francisco,Sales Manager,Manager,Sales,2,True,0.99
sanne@vantage-training.example,35-44,£100k-£150k,US,Illinois,Chicago,Marketing Director,Director or above,Marketing,8,True,0.63
sanne@westbrook-advisory.example,45-54,£50k-£100k,DE,Hamburg,Hamburg,Director of Sales,Director or above,Sales,0,True,0.78
sanne@willow-lending.example,45-54,£150k+,DE,Hesse,Frankfurt,Director of Sales,Director or above,Sales,1,False,0.87
sanneclarke02@icloud.example,35-44,£100k-£150k,US,Massachusetts,Boston,Demand Gen Manager,Manager,Marketing,2,False,0.64
sannehughes70@icloud.example,25-34,£50k-£100k,FR,Hauts-de-France,Lille,Analyst,Individual contributor,Operations,0,True,0.73
sannejones09@gmail.example,65+,£100k-£150k,FR,Auvergne-Rhone-Alpes,Lyon,VP Marketing,Director or above,Marketing,5,True,0.67
sannemiller38@outlook.example,35-44,£100k-£150k,NL,North Brabant,Eindhoven,Managing Director,Director or above,Executive,1,True,0.81
sannemoore48@hotmail.example,35-44,£50k-£100k,US,Texas,Austin,CEO,Director or above,Executive,1,False,0.64
sannewalker81@outlook.example,55-64,£150k+,US,New York,New York,Managing Director,Director or above,Executive,1,True,0.65
sbakker917@icloud.example,18-24,under £25k,US,Illinois,Chicago,Analyst,Individual contributor,Operations,0,False,0.75
sbrown553@hotmail.example,18-24,under £25k,US,Massachusetts,Boston,Student,Student,Student,0,True,0.74
sevans292@outlook.example,18-24,under £25k,UK,West Midlands,Birmingham,Student,Student,Student,0,False,0.75
sgarcia557@yahoo.example,35-44,£50k-£100k,US,Texas,Austin,Head of Growth,Manager,Marketing,6,True,0.86
sgreen728@icloud.example,35-44,£50k-£100k,UK,Yorkshire,Leeds,Sales Manager,Manager,Sales,4,False,0.69
shughes280@gmail.example,35-44,£50k-£100k,DE,Hamburg,Hamburg,Operations Manager,Manager,Operations,6,False,0.88
sjansen955@gmail.example,18-24,£25k-£50k,UK,North West,Manchester,Student,Student,Student,0,True,0.75
sjones009@yahoo.example,18-24,under £25k,UK,North West,Manchester,Student,Student,Student,0,False,0.95
sjones923@outlook.example,35-44,£50k-£100k,UK,West Midlands,Birmingham,Head of Marketing,Manager,Marketing,1,True,0.68
slewis935@yahoo.example,18-24,£25k-£50k,US,Washington,Seattle,Student,Student,Student,0,False,0.74
smartin179@yahoo.example,18-24,under £25k,UK,West Midlands,Birmingham,Student,Student,Student,0,False,0.66
smartin261@yahoo.example,35-44,£50k-£100k,FR,Ile-de-France,Paris,Head of Growth,Manager,Marketing,5,True,0.79
smoore500@yahoo.example,35-44,£50k-£100k,FR,Occitanie,Toulouse,Head of Growth,Manager,Marketing,3,True,0.65
sophie.anderson@bramble-retail.example,18-24,under £25k,NL,North Holland,Amsterdam,Student,Student,Student,0,True,0.72
sophie.anderson@vantage-cloud.example,25-34,£50k-£100k,UK,London,London,Head of Marketing,Manager,Marketing,5,True,0.79
sophie.anderson@willow-learning.example,18-24,under £25k,UK,Yorkshire,Leeds,Student,Student,Student,0,False,0.79
sophie.baker@riverside-manufacturing.example,35-44,£100k-£150k,FR,Occitanie,Toulouse,Marketing Director,Director or above,Marketing,5,True,0.83
sophie.baker@thornbury-health.example,55-64,£25k-£50k,US,California,San Francisco,Marketing Manager,Manager,Marketing,14,True,0.91
sophie.bakker@cobalt-haulage.example,25-34,£25k-£50k,DE,Bavaria,Munich,Marketing Manager,Manager,Marketing,3,False,0.67
sophie.bernard47@gmail.example,25-34,£25k-£50k,FR,Ile-de-France,Paris,Analyst,Individual contributor,Operations,0,True,0.99
sophie.bernard@gmail.example,45-54,£150k+,US,Washington,Seattle,Managing Director,Director or above,Executive,1,False,0.91
sophie.bernard@orchard-stores.example,18-24,£25k-£50k,UK,South West,Bristol,Marketing Executive,Individual contributor,Marketing,3,False,0.71
sophie.bernard@thornbury-trading.example,45-54,£25k-£50k,US,California,San Francisco,Head of Growth,Manager,Marketing,5,True,0.72
sophie.brown@cobalt-associates.example,35-44,£50k-£100k,NL,North Holland,Amsterdam,Head of Marketing,Manager,Marketing,4,True,0.68
sophie.brown@glenmoor-outfitters.example,55-64,£150k+,NL,South Holland,Rotterdam,Marketing Director,Director or above,Marketing,0,True,0.84
sophie.brown@inkwell-capital.example,25-34,£100k-£150k,US,Massachusetts,Boston,Marketing Manager,Manager,Marketing,0,False,0.78
sophie.brown@vantage-training.example,25-34,£50k-£100k,US,Washington,Seattle,Head of Marketing,Manager,Marketing,0,True,0.85
sophie.clarke@lantern-legal.example,35-44,£25k-£50k,UK,Yorkshire,Leeds,Marketing Manager,Manager,Marketing,2,True,0.67
sophie.clarke@outlook.example,25-34,£100k-£150k,US,Washington,Seattle,Operations Manager,Manager,Operations,8,True,0.85
sophie.devries@foxglove-partners.example,45-54,£50k-£100k,DE,Bavaria,Munich,Managing Director,Director or above,Executive,1,True,0.84
sophie.devries@hawthorn-logistics.example,25-34,£50k-£100k,DE,Bavaria,Munich,Head of Growth,Manager,Marketing,6,False,0.91
sophie.devries@highgate-clinics.example,25-34,£50k-£100k,US,Illinois,Chicago,Marketing Coordinator,Individual contributor,Marketing,1,False,0.91
sophie.devries@ivywood-associates.example,25-34,£100k-£150k,NL,North Holland,Amsterdam,Demand Gen Manager,Manager,Marketing,0,False,0.66
sophie.evans@moorland-clinics.example,18-24,£25k-£50k,US,Massachusetts,Boston,Marketing Executive,Individual contributor,Marketing,2,False,0.74
sophie.garcia@aurora-education.example,25-34,£100k-£150k,US,Washington,Seattle,Head of Marketing,Manager,Marketing,1,False,0.75
sophie.garcia@icloud.example,25-34,£25k-£50k,US,Texas,Austin,Assistant,Individual contributor,Operations,3,True,0.94
sophie.garcia@inkwell-learning.example,35-44,£50k-£100k,FR,Ile-de-France,Paris,Demand Gen Manager,Manager,Marketing,9,False,0.7
sophie.green@inkwell-college.example,25-34,£50k-£100k,DE,Hamburg,Hamburg,Head of Marketing,Manager,Marketing,6,False,0.85
sophie.jansen@vantage-software.example,18-24,under £25k,UK,Scotland,Edinburgh,Sales Rep,Individual contributor,Sales,10,False,0.81
sophie.jansen@yahoo.example,18-24,£50k-£100k,US,Illinois,Chicago,Sales Rep,Individual contributor,Sales,3,False,0.9
sophie.johnson@ashford-lending.example,25-34,£25k-£50k,FR,Auvergne-Rhone-Alpes,Lyon,Assistant,Individual contributor,Operations,0,False,0.78
sophie.khan@gmail.example,35-44,£150k+,US,Washington,Seattle,Chief Revenue Officer,Director or above,Executive,7,True,0.6
sophie.khan@silverline-works.example,45-54,£50k-£100k,UK,North West,Manchester,Operations Manager,Manager,Operations,0,False,0.94
sophie.king@oldfield-training.example,45-54,£100k-£150k,UK,West Midlands,Birmingham,Head of Marketing,Manager,Marketing,9,True,0.6
sophie.lewis@dunmore-legal.example,45-54,under £25k,NL,Utrecht,Utrecht,Marketing Executive,Individual contributor,Marketing,4,False,0.79
sophie.lewis@juniper-works.example,25-34,£25k-£50k,UK,London,London,Marketing Executive,Individual contributor,Marketing,0,False,0.76
sophie.lewis@pebble-fabrication.example,55-64,£150k+,FR,Auvergne-Rhone-Alpes,Lyon,Chief Revenue Officer,Director or above,Executive,1,True,0.89
sophie.martin@valley-academy.example,18-24,under £25k,UK,North West,Manchester,Student,Student,Student,0,False,0.68
sophie.martin@willow-engineering.example,35-44,£50k-£100k,FR,Ile-de-France,Paris,Head of Marketing,Manager,Marketing,0,False,0.79
sophie.miller@outlook.example,25-34,under £25k,UK,London,London,Assistant,Individual contributor,Operations,5,False,0.99
sophie.moore@alder-retail.example,35-44,£100k-£150k,UK,North West,Manchester,Marketing Director,Director or above,Marketing,2,False,0.69
sophie.moore@aurora-fabrication.example,65+,£100k-£150k,DE,Berlin,Berlin,Founder,Director or above,Executive,2,True,0.63
sophie.muller@oakridge-goods.example,25-34,£50k-£100k,US,Massachusetts,Boston,Marketing Executive,Individual contributor,Marketing,1,False,0.69
sophie.muller@riverside-manufacturing.example,25-34,£100k-£150k,FR,Hauts-de-France,Lille,Demand Gen Manager,Manager,Marketing,9,False,0.66
sophie.muller@zephyr-capital.example,25-34,£50k-£100k,FR,Hauts-de-France,Lille,Analyst,Individual contributor,Operations,2,False,0.89
sophie.murphy@ashford-digital.example,25-34,£25k-£50k,UK,Scotland,Edinburgh,Operations Manager,Manager,Operations,2,True,0.68
sophie.roberts@gmail.example,45-54,£50k-£100k,FR,Auvergne-Rhone-Alpes,Lyon,Sales Manager,Manager,Sales,1,True,0.72
sophie.schmidt@larkspur-market.example,35-44,£100k-£150k,US,California,San Francisco,Marketing Manager,Manager,Marketing,7,True,0.79
sophie.scott@icloud.example,25-34,£25k-£50k,DE,Berlin,Berlin,Analyst,Individual contributor,Operations,2,False,0.92
sophie.scott@rosewood-finance.example,35-44,£50k-£100k,US,New York,New York,Sales Rep,Individual contributor,Sales,1,True,0.72
sophie.taylor@alder-accountants.example,25-34,£50k-£100k,US,Washington,Seattle,Assistant,Individual contributor,Operations,6,False,0.81
sophie.walker@driftwood-components.example,55-64,£100k-£150k,DE,Bavaria,Munich,VP Marketing,Director or above,Marketing,4,True,0.9
sophie.walker@stonebridge-accountants.example,18-24,under £25k,FR,Ile-de-France,Paris,Marketing Coordinator,Individual contributor,Marketing,7,False,0.91
sophie.weber@kelvin-haulage.example,35-44,£100k-£150k,US,Texas,Austin,Marketing Manager,Manager,Marketing,2,False,0.71
sophie.weber@thornbury-labs.example,35-44,£50k-£100k,US,Massachusetts,Boston,Marketing Coordinator,Individual contributor,Marketing,6,True,0.87
sophie.white@bramble-lending.example,25-34,£50k-£100k,DE,Hesse,Frankfurt,Operations Manager,Manager,Operations,2,True,0.65
sophie.white@kelvin-digital.example,18-24,£25k-£50k,NL,North Brabant,Eindhoven,Marketing Coordinator,Individual contributor,Marketing,1,False,0.82
sophie.white@saltmarsh-wealth.example,45-54,£50k-£100k,US,Massachusetts,Boston,Director of Sales,Director or above,Sales,11,False,0.84
sophie.white@valley-finance.example,35-44,under £25k,FR,Occitanie,Toulouse,Analyst,Individual contributor,Operations,2,False,0.92
sophie.white@yahoo.example,25-34,£50k-£100k,NL,South Holland,Rotterdam,Marketing Coordinator,Individual contributor,Marketing,1,False,0.98
sophie.williams@gmail.example,25-34,£50k-£100k,DE,Bavaria,Munich,Sales Manager,Manager,Sales,1,False,0.98
sophie.wood@harbour-manufacturing.example,35-44,under £25k,US,California,San Francisco,Analyst,Individual contributor,Operations,8,True,0.85
sophie.wright@orchard-legal.example,25-34,£25k-£50k,NL,North Brabant,Eindhoven,Marketing Executive,Individual contributor,Marketing,2,True,0.89
sophie.wright@yahoo.example,25-34,£25k-£50k,UK,West Midlands,Birmingham,Marketing Executive,Individual contributor,Marketing,2,True,0.97
sophie@alder-labs.example,45-54,£50k-£100k,UK,Scotland,Edinburgh,Analyst,Individual contributor,Operations,5,True,0.95
sophie@ashford-couriers.example,25-34,£25k-£50k,US,California,San Francisco,Marketing Coordinator,Individual contributor,Marketing,7,False,0.94
sophie@beacon-lending.example,35-44,£50k-£100k,UK,West Midlands,Birmingham,Chief Revenue Officer,Director or above,Executive,0,True,0.7
sophie@brightwater-software.example,25-34,£25k-£50k,UK,London,London,Sales Rep,Individual contributor,Sales,6,False,0.6
sophie@clearwater-transport.example,25-34,under £25k,US,Texas,Austin,Sales Rep,Individual contributor,Sales,1,False,0.88
sophie@dunmore-shipping.example,25-34,£50k-£100k,US,Illinois,Chicago,Demand Gen Manager,Manager,Marketing,5,True,0.69
sophie@elmstead-college.example,25-34,£25k-£50k,US,Massachusetts,Boston,Marketing Coordinator,Individual contributor,Marketing,4,False,0.86
sophie@elmstead-outfitters.example,35-44,£50k-£100k,DE,Berlin,Berlin,Demand Gen Manager,Manager,Marketing,5,True,0.62
sophie@emberly-manufacturing.example,25-34,under £25k,UK,London,London,Sales Rep,Individual contributor,Sales,0,True,0.63
sophie@evergreen-cloud.example,25-34,£50k-£100k,UK,West Midlands,Birmingham,Marketing Coordinator,Individual contributor,Marketing,1,True,0.62
sophie@evergreen-retail.example,55-64,£150k+,US,Washington,Seattle,Managing Director,Director or above,Executive,6,False,0.92
sophie@falcon-shipping.example,35-44,£50k-£100k,DE,Hamburg,Hamburg,Head of Marketing,Manager,Marketing,6,False,0.61
sophie@fernhill-transport.example,35-44,£25k-£50k,UK,Yorkshire,Leeds,Operations Manager,Manager,Operations,4,False,0.89
sophie@greystone-insurance.example,35-44,£100k-£150k,UK,North West,Manchester,Marketing Director,Director or above,Marketing,2,True,0.95
sophie@heron-trading.example,35-44,under £25k,UK,South West,Bristol,Marketing Coordinator,Individual contributor,Marketing,1,False,0.76
sophie@inkwell-goods.example,25-34,£100k-£150k,US,Washington,Seattle,Head of Growth,Manager,Marketing,4,True,0.88
sophie@ironbridge-finance.example,55-64,£100k-£150k,US,Massachusetts,Boston,VP Marketing,Director or above,Marketing,1,True,0.87
sophie@ironbridge-trading.example,45-54,£50k-£100k,US,Massachusetts,Boston,Head of Marketing,Manager,Marketing,1,True,0.73
sophie@keystone-haulage.example,25-34,£50k-£100k,UK,Scotland,Edinburgh,Head of Growth,Manager,Marketing,10,False,0.79
sophie@kingsway-data.example,25-34,under £25k,UK,London,London,Assistant,Individual contributor,Operations,0,False,0.66
sophie@larkspur-engineering.example,25-34,under £25k,UK,West Midlands,Birmingham,Marketing Coordinator,Individual contributor,Marketing,8,True,0.98
sophie@larkspur-legal.example,25-34,£25k-£50k,UK,South West,Bristol,Sales Rep,Individual contributor,Sales,3,False,0.98
sophie@lindenwood-capital.example,35-44,£50k-£100k,UK,Scotland,Edinburgh,Demand Gen Manager,Manager,Marketing,2,True,0.63
sophie@lindenwood-market.example,35-44,£25k-£50k,DE,Hamburg,Hamburg,Marketing Executive,Individual contributor,Marketing,2,True,0.74
sophie@marigold-consulting.example,35-44,£100k-£150k,FR,Ile-de-France,Paris,Head of Marketing,Manager,Marketing,5,False,0.79
sophie@marigold-engineering.example,35-44,£150k+,US,New York,New York,CEO,Director or above,Executive,8,False,0.88
sophie@marigold-manufacturing.example,25-34,under £25k,UK,London,London,Assistant,Individual contributor,Operations,1,False,0.6
sophie@nettlefield-data.example,25-34,£25k-£50k,FR,Ile-de-France,Paris,Marketing Executive,Individual contributor,Marketing,7,False,0.72
sophie@nimbus-retail.example,18-24,£25k-£50k,UK,Scotland,Edinburgh,Assistant,Individual contributor,Operations,1,False,0.64
sophie@northwind-haulage.example,55-64,£150k+,US,Illinois,Chicago,Managing Director,Director or above,Executive,4,True,0.89
sophie@northwind-learning.example,35-44,£100k-£150k,UK,Scotland,Edinburgh,Sales Manager,Manager,Sales,4,True,0.95
sophie@oakridge-transport.example,18-24,£50k-£100k,UK,Yorkshire,Leeds,Sales Rep,Individual contributor,Sales,2,False,0.87
sophie@oldfield-transport.example,35-44,£150k+,US,New York,New York,Chief Revenue Officer,Director or above,Executive,1,True,0.92
sophie@pebble-accountants.example,45-54,£50k-£100k,UK,Scotland,Edinburgh,Marketing Coordinator,Individual contributor,Marketing,3,False,0.61
sophie@pinecrest-cloud.example,45-54,£100k-£150k,US,California,San Francisco,Sales Manager,Manager,Sales,5,True,0.82
sophie@pinecrest-medical.example,35-44,£100k-£150k,DE,Bavaria,Munich,Chief Revenue Officer,Director or above,Executive,4,False,0.68
sophie@quartz-freight.example,25-34,£100k-£150k,UK,North West,Manchester,Marketing Manager,Manager,Marketing,0,False,0.92
sophie@saltmarsh-manufacturing.example,25-34,£100k-£150k,UK,North West,Manchester,Marketing Manager,Manager,Marketing,4,False,0.72
sophie@silverline-freight.example,25-34,£25k-£50k,FR,Occitanie,Toulouse,Marketing Coordinator,Individual contributor,Marketing,5,True,0.96
sophie@stonebridge-academy.example,25-34,£25k-£50k,UK,London,London,Analyst,Individual contributor,Operations,16,False,0.81
sophie@tamarind-works.example,25-34,£25k-£50k,UK,Scotland,Edinburgh,Marketing Coordinator,Individual contributor,Marketing,0,True,0.9
sophie@vantage-associates.example,45-54,£150k+,US,Illinois,Chicago,Managing Director,Director or above,Executive,2,False,0.99
sophie@vantage-engineering.example,25-34,£25k-£50k,NL,North Holland,Amsterdam,Assistant,Individual contributor,Operations,3,False,0.95
sophie@vantage-industries.example,35-44,£50k-£100k,US,California,San Francisco,Head of Marketing,Manager,Marketing,0,True,0.91
sophie@westbrook-logistics.example,25-34,£25k-£50k,FR,Occitanie,Toulouse,Marketing Coordinator,Individual contributor,Marketing,3,False,0.77
sophie@willow-finance.example,35-44,£50k-£100k,UK,West Midlands,Birmingham,Managing Director,Director or above,Executive,1,False,0.95
sophie@yarrow-systems.example,25-34,£25k-£50k,NL,North Brabant,Eindhoven,Assistant,Individual contributor,Operations,0,True,0.71
sophie@zephyr-care.example,25-34,under £25k,US,California,San Francisco,Head of Growth,Manager,Marketing,0,True,0.79
sophie@zephyr-pharma.example,45-54,£150k+,US,Massachusetts,Boston,Managing Director,Director or above,Executive,9,False,0.83
sophiedavies17@gmail.example,45-54,£25k-£50k,NL,North Holland,Amsterdam,Analyst,Individual contributor,Operations,3,True,0.79
sophieevans09@yahoo.example,18-24,under £25k,UK,Scotland,Edinburgh,Student,Student,Student,0,False,0.69
sophiegreen17@yahoo.example,35-44,£25k-£50k,DE,Hesse,Frankfurt,Marketing Coordinator,Individual contributor,Marketing,18,False,0.82
sophiehughes82@hotmail.example,18-24,under £25k,UK,Scotland,Edinburgh,Student,Student,Student,0,False,0.87
sophiekhan49@hotmail.example,25-34,£50k-£100k,US,New York,New York,Marketing Manager,Manager,Marketing,4,False,0.84
sophieschmidt93@icloud.example,25-34,£100k-£150k,US,Washington,Seattle,Head of Marketing,Manager,Marketing,0,True,0.66
sophiesmith48@hotmail.example,18-24,under £25k,NL,South Holland,Rotterdam,Student,Student,Student,0,False,0.78
sophieweber49@icloud.example,18-24,under £25k,NL,South Holland,Rotterdam,Student,Student,Student,0,False,0.77
sroberts067@icloud.example,18-24,£25k-£50k,US,Washington,Seattle,Student,Student,Student,0,True,0.7
sroberts969@hotmail.example,18-24,under £25k,DE,Bavaria,Munich,Student,Student,Student,0,False,0.95
sschmidt214@outlook.example,18-24,under £25k,US,Massachusetts,Boston,Student,Student,Student,0,False,0.9
sschmidt505@gmail.example,25-34,£50k-£100k,US,New York,New York,Analyst,Individual contributor,Operations,2,True,0.74
staylor676@gmail.example,35-44,£50k-£100k,UK,North West,Manchester,Sales Manager,Manager,Sales,4,False,0.68
sweber447@icloud.example,18-24,£25k-£50k,US,Washington,Seattle,Student,Student,Student,0,True,0.88
swilliams763@hotmail.example,35-44,£100k-£150k,US,Washington,Seattle,Head of Growth,Manager,Marketing,2,False,0.83
swilson296@yahoo.example,18-24,under £25k,UK,Scotland,Edinburgh,Student,Student,Student,0,False,0.61
swood684@hotmail.example,55-64,£25k-£50k,UK,Yorkshire,Leeds,CEO,Director or above,Executive,3,True,0.72
swood879@yahoo.example,35-44,£25k-£50k,UK,London,London,Assistant,Individual contributor,Operations,2,True,0.67
t.bakker@inkwell-finance.example,18-24,£50k-£100k,US,Washington,Seattle,Head of Marketing,Manager,Marketing,2,False,0.96
t.bakker@willow-lending.example,45-54,£100k-£150k,DE,Bavaria,Munich,VP Marketing,Director or above,Marketing,4,True,0.85
t.bernard@oakridge-learning.example,35-44,£25k-£50k,US,California,San Francisco,Analyst,Individual contributor,Operations,2,False,0.8
t.brown@riverside-finance.example,35-44,£100k-£150k,UK,West Midlands,Birmingham,Founder,Director or above,Executive,2,True,0.81
t.clarke@keystone-industries.example,35-44,£50k-£100k,UK,South West,Bristol,Head of Marketing,Manager,Marketing,1,True,0.97
t.davies@keystone-finance.example,25-34,£25k-£50k,UK,London,London,Analyst,Individual contributor,Operations,3,True,0.63
t.green@elmstead-health.example,45-54,£100k-£150k,DE,Bavaria,Munich,Marketing Director,Director or above,Marketing,1,True,0.83
t.green@norfolk-finance.example,25-34,£25k-£50k,NL,South Holland,Rotterdam,Assistant,Individual contributor,Operations,4,False,0.6
t.green@norfolk-retail.example,35-44,£25k-£50k,FR,Auvergne-Rhone-Alpes,Lyon,Analyst,Individual contributor,Operations,2,False,0.9
t.green@silverline-tutors.example,25-34,under £25k,NL,North Brabant,Eindhoven,Sales Rep,Individual contributor,Sales,1,False,0.86
t.hall@moorland-health.example,35-44,£100k-£150k,UK,London,London,Founder,Director or above,Executive,6,False,0.93
t.jansen@dovecote-cloud.example,25-34,£50k-£100k,UK,West Midlands,Birmingham,Sales Manager,Manager,Sales,0,False,0.68
t.johnson@beacon-insurance.example,35-44,£50k-£100k,UK,Yorkshire,Leeds,Demand Gen Manager,Manager,Marketing,3,False,0.84
t.johnson@brightwater-engineering.example,35-44,£25k-£50k,US,Massachusetts,Boston,Analyst,Individual contributor,Operations,4,True,0.88
t.johnson@nimbus-academy.example,45-54,£150k+,FR,Hauts-de-France,Lille,Director of Sales,Director or above,Sales,0,True,0.66
t.jones@falcon-dental.example,45-54,£50k-£100k,UK,North West,Manchester,CEO,Director or above,Executive,0,True,0.82
t.jones@quayside-goods.example,45-54,£25k-£50k,US,California,San Francisco,Marketing Coordinator,Individual contributor,Marketing,9,True,0.92
t.khan@thornbury-trading.example,35-44,£150k+,US,Texas,Austin,Chief Revenue Officer,Director or above,Executive,1,True,0.61
t.martin@westbrook-lending.example,35-44,£25k-£50k,DE,Hesse,Frankfurt,Assistant,Individual contributor,Operations,2,False,0.71
t.miller@cedar-legal.example,25-34,£50k-£100k,UK,West Midlands,Birmingham,Sales Rep,Individual contributor,Sales,1,False,0.62
t.muller@greystone-digital.example,45-54,£25k-£50k,NL,Utrecht,Utrecht,Sales Manager,Manager,Sales,0,True,0.94
t.muller@ivywood-care.example,35-44,£50k-£100k,UK,West Midlands,Birmingham,Chief Revenue Officer,Director or above,Executive,2,False,0.77
t.muller@nettlefield-stores.example,35-44,under £25k,US,Illinois,Chicago,Marketing Coordinator,Individual contributor,Marketing,1,False,0.71
t.murphy@riverside-consulting.example,35-44,£50k-£100k,US,New York,New York,Demand Gen Manager,Manager,Marketing,3,False,0.78
t.patel@umber-health.example,35-44,£50k-£100k,DE,Hesse,Frankfurt,CEO,Director or above,Executive,0,True,0.87
t.roberts@kelvin-retail.example,18-24,£25k-£50k,NL,North Brabant,Eindhoven,Marketing Executive,Individual contributor,Marketing,1,False,0.95
t.schmidt@kelvin-stores.example,25-34,£50k-£100k,US,Illinois,Chicago,Analyst,Individual contributor,Operations,0,True,0.99
t.schmidt@norfolk-logistics.example,35-44,£25k-£50k,UK,West Midlands,Birmingham,Marketing Coordinator,Individual contributor,Marketing,4,True,0.67
t.schmidt@valley-cloud.example,25-34,£50k-£100k,UK,South West,Bristol,Assistant,Individual contributor,Operations,7,False,0.91
t.scott@granite-freight.example,35-44,£50k-£100k,NL,North Brabant,Eindhoven,Operations Manager,Manager,Operations,6,True,0.99
t.thompson@dovecote-education.example,35-44,£25k-£50k,US,Texas,Austin,Marketing Coordinator,Individual contributor,Marketing,2,False,0.79
t.walker@vantage-wealth.example,45-54,£50k-£100k,UK,Yorkshire,Leeds,Marketing Director,Director or above,Marketing,4,False,0.83
t.young@tidewater-components.example,55-64,£100k-£150k,DE,Hesse,Frankfurt,VP Marketing,Director or above,Marketing,5,True,0.74
t.young@yarrow-haulage.example,35-44,£25k-£50k,UK,Yorkshire,Leeds,Head of Growth,Manager,Marketing,3,False,0.7
tjones419@hotmail.example,35-44,£25k-£50k,UK,South West,Bristol,Analyst,Individual contributor,Operations,0,False,0.68
tjones866@outlook.example,18-24,under £25k,UK,North West,Manchester,Student,Student,Student,0,False,0.73
tlewis301@yahoo.example,25-34,£50k-£100k,NL,South Holland,Rotterdam,Head of Marketing,Manager,Marketing,1,True,0.72
tmoore309@outlook.example,25-34,£25k-£50k,UK,Yorkshire,Leeds,Analyst,Individual contributor,Operations,0,True,0.67
tsmith541@icloud.example,18-24,under £25k,DE,Hamburg,Hamburg,Student,Student,Student,0,False,0.88
tyler.anderson@cobalt-finance.example,25-34,£25k-£50k,NL,North Holland,Amsterdam,Assistant,Individual contributor,Operations,1,False,0.62
tyler.anderson@keystone-capital.example,65+,£100k-£150k,UK,South West,Bristol,CEO,Director or above,Executive,3,False,0.63
tyler.anderson@tidewater-cloud.example,45-54,£100k-£150k,DE,Berlin,Berlin,Director of Sales,Director or above,Sales,3,False,0.88
tyler.baker@kingsway-finance.example,25-34,£50k-£100k,US,Texas,Austin,Sales Rep,Individual contributor,Sales,1,False,0.92
tyler.bakker@aurora-education.example,25-34,£25k-£50k,US,Massachusetts,Boston,Marketing Executive,Individual contributor,Marketing,1,False,0.64
tyler.bernard@hotmail.example,25-34,£150k+,US,Washington,Seattle,Head of Growth,Manager,Marketing,1,True,0.67
tyler.brown@gmail.example,18-24,£25k-£50k,FR,Occitanie,Toulouse,Sales Rep,Individual contributor,Sales,1,True,0.65
tyler.clarke@greystone-goods.example,45-54,£50k-£100k,FR,Occitanie,Toulouse,VP Marketing,Director or above,Marketing,2,False,0.8
tyler.davies@inkwell-freight.example,18-24,£25k-£50k,NL,Utrecht,Utrecht,Analyst,Individual contributor,Operations,2,False,0.92
tyler.dubois@beacon-systems.example,25-34,£50k-£100k,UK,West Midlands,Birmingham,Analyst,Individual contributor,Operations,2,True,0.99
tyler.dubois@northwind-outfitters.example,45-54,£50k-£100k,NL,North Brabant,Eindhoven,Director of Sales,Director or above,Sales,0,False,0.73
tyler.dubois@oakridge-haulage.example,35-44,£150k+,US,Illinois,Chicago,VP Marketing,Director or above,Marketing,4,True,0.78
tyler.evans@granite-advisory.example,25-34,£50k-£100k,UK,West Midlands,Birmingham,Demand Gen Manager,Manager,Marketing,0,False,0.86
tyler.evans@juniper-software.example,35-44,£25k-£50k,UK,North West,Manchester,Demand Gen Manager,Manager,Marketing,3,True,0.7
tyler.garcia37@hotmail.example,25-34,£25k-£50k,US,California,San Francisco,Assistant,Individual contributor,Operations,8,True,0.84
tyler.green@bluebell-academy.example,35-44,£50k-£100k,FR,Ile-de-France,Paris,Head of Marketing,Manager,Marketing,3,True,0.66
tyler.green@emberly-trading.example,25-34,under £25k,UK,Yorkshire,Leeds,Marketing Coordinator,Individual contributor,Marketing,5,False,0.76
tyler.green@oldfield-partners.example,25-34,£50k-£100k,FR,Hauts-de-France,Lille,Sales Manager,Manager,Sales,0,False,0.84
tyler.hall@bluebell-finance.example,45-54,£25k-£50k,UK,Scotland,Edinburgh,Managing Director,Director or above,Executive,14,False,0.76
tyler.hall@granite-medical.example,35-44,£25k-£50k,FR,Hauts-de-France,Lille,Sales Manager,Manager,Sales,5,True,0.67
tyler.hall@juniper-trading.example,45-54,£150k+,US,Texas,Austin,Marketing Director,Director or above,Marketing,6,False,0.94
tyler.hall@yahoo.example,45-54,£25k-£50k,DE,Bavaria,Munich,Operations Manager,Manager,Operations,3,False,0.78
tyler.hughes@ironbridge-lending.example,45-54,£100k-£150k,US,New York,New York,Marketing Manager,Manager,Marketing,4,False,0.79
tyler.jansen@elmstead-goods.example,18-24,£25k-£50k,US,Texas,Austin,Marketing Coordinator,Individual contributor,Marketing,5,False,0.77
tyler.johnson@fernhill-works.example,35-44,£25k-£50k,UK,Yorkshire,Leeds,Sales Rep,Individual contributor,Sales,6,False,0.9
tyler.khan@granite-learning.example,25-34,£100k-£150k,UK,South West,Bristol,Sales Manager,Manager,Sales,3,False,0.77
tyler.king@keystone-pharma.example,45-54,£150k+,US,New York,New York,Founder,Director or above,Executive,5,True,0.69
tyler.lewis@saltmarsh-capital.example,35-44,£100k-£150k,US,California,San Francisco,Head of Marketing,Manager,Marketing,4,False,0.67
tyler.martin@highgate-couriers.example,25-34,£25k-£50k,UK,Yorkshire,Leeds,Analyst,Individual contributor,Operations,5,False,0.94
tyler.muller@upland-data.example,35-44,£100k-£150k,FR,Occitanie,Toulouse,Managing Director,Director or above,Executive,1,True,0.81
tyler.murphy@bramble-shipping.example,25-34,under £25k,NL,Utrecht,Utrecht,Analyst,Individual contributor,Operations,3,True,0.61
tyler.murphy@juniper-shipping.example,25-34,under £25k,NL,South Holland,Rotterdam,Sales Rep,Individual contributor,Sales,0,False,0.71
tyler.murphy@norfolk-shipping.example,45-54,£50k-£100k,UK,West Midlands,Birmingham,Chief Revenue Officer,Director or above,Executive,0,True,0.96
tyler.roberts@dovecote-engineering.example,25-34,£25k-£50k,UK,West Midlands,Birmingham,Sales Manager,Manager,Sales,0,False,0.81
tyler.schmidt@moorland-transport.example,35-44,£25k-£50k,US,Washington,Seattle,Sales Manager,Manager,Sales,0,False,0.99
tyler.scott@harbour-insurance.example,25-34,£25k-£50k,UK,South West,Bristol,Marketing Coordinator,Individual contributor,Marketing,0,False,0.95
tyler.scott@pinecrest-capital.example,35-44,£150k+,US,Texas,Austin,Managing Director,Director or above,Executive,0,True,0.83
tyler.scott@redwood-clinics.example,25-34,£100k-£150k,US,California,San Francisco,Marketing Coordinator,Individual contributor,Marketing,18,False,0.8
tyler.smith@glenmoor-cloud.example,25-34,£50k-£100k,US,New York,New York,Marketing Manager,Manager,Marketing,0,False,0.69
tyler.taylor@ironbridge-legal.example,55-64,£100k-£150k,FR,Occitanie,Toulouse,CEO,Director or above,Executive,0,True,0.92
tyler.thompson@lantern-tutors.example,18-24,under £25k,NL,North Holland,Amsterdam,Marketing Coordinator,Individual contributor,Marketing,7,False,0.99
tyler.walker@yahoo.example,35-44,under £25k,NL,North Holland,Amsterdam,Marketing Executive,Individual contributor,Marketing,1,False,0.7
tyler.weber@falcon-partners.example,25-34,£25k-£50k,DE,Berlin,Berlin,Sales Manager,Manager,Sales,8,False,0.92
tyler.weber@moorland-fabrication.example,25-34,£25k-£50k,US,California,San Francisco,Marketing Coordinator,Individual contributor,Marketing,0,False,0.95
tyler.weber@outlook.example,18-24,under £25k,UK,South West,Bristol,Sales Rep,Individual contributor,Sales,1,False,0.99
tyler.white@outlook.example,55-64,£50k-£100k,UK,North West,Manchester,Managing Director,Director or above,Executive,1,True,0.63
tyler.white@redwood-recruitment.example,55-64,£100k-£150k,DE,Bavaria,Munich,Chief Revenue Officer,Director or above,Executive,0,True,0.98
tyler.williams16@yahoo.example,45-54,£50k-£100k,US,Illinois,Chicago,Operations Manager,Manager,Operations,1,False,0.85
tyler.williams@quartz-wealth.example,25-34,£50k-£100k,FR,Auvergne-Rhone-Alpes,Lyon,Analyst,Individual contributor,Operations,3,False,0.85
tyler.williams@redwood-accountants.example,35-44,£100k-£150k,DE,Berlin,Berlin,Demand Gen Manager,Manager,Marketing,3,True,0.79
tyler.williams@yahoo.example,25-34,£50k-£100k,UK,North West,Manchester,Marketing Manager,Manager,Marketing,2,False,0.76
tyler.wood@jasper-systems.example,25-34,£25k-£50k,NL,North Holland,Amsterdam,Demand Gen Manager,Manager,Marketing,3,False,0.78
tyler.wood@lantern-retail.example,35-44,£100k-£150k,DE,Hamburg,Hamburg,Founder,Director or above,Executive,3,False,0.79
tyler.young@oakridge-works.example,25-34,£25k-£50k,NL,North Holland,Amsterdam,Marketing Executive,Individual contributor,Marketing,6,False,0.98
tyler23@riverside-finance.example,35-44,£25k-£50k,UK,South West,Bristol,Marketing Manager,Manager,Marketing,4,True,0.89
tyler38@vantage-cloud.example,25-34,£50k-£100k,UK,Yorkshire,Leeds,Sales Manager,Manager,Sales,4,False,0.62
tyler@alder-academy.example,35-44,£25k-£50k,UK,Scotland,Edinburgh,Head of Marketing,Manager,Marketing,0,False,0.66
tyler@bramble-dental.example,25-34,£100k-£150k,US,Texas,Austin,Head of Marketing,Manager,Marketing,0,False,0.82
tyler@driftwood-pharma.example,25-34,£25k-£50k,US,Washington,Seattle,Demand Gen Manager,Manager,Marketing,11,False,0.85
tyler@dunmore-accountants.example,45-54,£25k-£50k,UK,South West,Bristol,Head of Marketing,Manager,Marketing,1,False,0.8
tyler@emberly-care.example,25-34,under £25k,NL,South Holland,Rotterdam,Assistant,Individual contributor,Operations,3,False,0.85
tyler@emberly-education.example,45-54,£100k-£150k,FR,Auvergne-Rhone-Alpes,Lyon,VP Marketing,Director or above,Marketing,4,False,0.61
tyler@emberly-recruitment.example,25-34,£100k-£150k,US,California,San Francisco,Head of Growth,Manager,Marketing,2,True,0.76
tyler@fernhill-accountants.example,45-54,£100k-£150k,UK,Yorkshire,Leeds,Founder,Director or above,Executive,2,False,0.85
tyler@greystone-academy.example,18-24,£50k-£100k,UK,West Midlands,Birmingham,Head of Marketing,Manager,Marketing,3,False,0.84
tyler@greystone-care.example,45-54,£50k-£100k,NL,South Holland,Rotterdam,Marketing Director,Director or above,Marketing,1,False,0.73
tyler@greystone-cloud.example,45-54,£100k-£150k,US,Massachusetts,Boston,Chief Revenue Officer,Director or above,Executive,6,True,0.9
tyler@hawthorn-care.example,45-54,£50k-£100k,UK,Yorkshire,Leeds,Marketing Manager,Manager,Marketing,2,False,0.77
tyler@heron-stores.example,35-44,£50k-£100k,NL,North Holland,Amsterdam,Head of Marketing,Manager,Marketing,1,True,0.67
tyler@inkwell-stores.example,35-44,£100k-£150k,US,Massachusetts,Boston,Operations Manager,Manager,Operations,0,False,0.82
tyler@ironbridge-digital.example,18-24,under £25k,UK,South West,Bristol,Assistant,Individual contributor,Operations,5,True,0.71
tyler@juniper-fabrication.example,35-44,£50k-£100k,UK,South West,Bristol,Sales Manager,Manager,Sales,4,False,0.62
tyler@kelvin-tutors.example,45-54,£50k-£100k,NL,Utrecht,Utrecht,Demand Gen Manager,Manager,Marketing,6,True,0.85
tyler@kestrel-engineering.example,25-34,£50k-£100k,US,Illinois,Chicago,Analyst,Individual contributor,Operations,4,False,0.85
tyler@keystone-freight.example,25-34,£50k-£100k,UK,Yorkshire,Leeds,Head of Marketing,Manager,Marketing,5,False,0.97
tyler@marigold-freight.example,25-34,£50k-£100k,NL,South Holland,Rotterdam,Demand Gen Manager,Manager,Marketing,2,False,0.88
tyler@nettlefield-medical.example,35-44,£25k-£50k,DE,Berlin,Berlin,Marketing Manager,Manager,Marketing,0,True,0.95
tyler@norfolk-logistics.example,25-34,£100k-£150k,UK,London,London,Head of Marketing,Manager,Marketing,4,False,0.64
tyler@northwind-capital.example,18-24,£25k-£50k,DE,Berlin,Berlin,Sales Rep,Individual contributor,Sales,0,False,0.69
tyler@oakridge-stores.example,25-34,£50k-£100k,US,Massachusetts,Boston,Managing Director,Director or above,Executive,2,False,0.66
tyler@oldfield-legal.example,35-44,under £25k,NL,Utrecht,Utrecht,Sales Rep,Individual contributor,Sales,3,True,0.98
tyler@orchard-health.example,25-34,£25k-£50k,FR,Auvergne-Rhone-Alpes,Lyon,Head of Marketing,Manager,Marketing,1,True,0.73
tyler@pennine-logistics.example,35-44,£100k-£150k,US,New York,New York,Marketing Manager,Manager,Marketing,3,True,0.83
tyler@quayside-haulage.example,35-44,£25k-£50k,UK,North West,Manchester,Marketing Executive,Individual contributor,Marketing,6,False,0.94
tyler@riverside-finance.example,25-34,£25k-£50k,UK,Yorkshire,Leeds,Assistant,Individual contributor,Operations,0,False,0.98
tyler@riverside-partners.example,35-44,£50k-£100k,UK,Yorkshire,Leeds,Operations Manager,Manager,Operations,1,False,0.89
tyler@silverline-partners.example,35-44,£100k-£150k,US,Washington,Seattle,VP Marketing,Director or above,Marketing,6,True,0.73
tyler@stonebridge-stores.example,35-44,£100k-£150k,UK,Scotland,Edinburgh,Founder,Director or above,Executive,4,False,0.61
tyler@umber-legal.example,18-24,£50k-£100k,UK,North West,Manchester,Head of Marketing,Manager,Marketing,6,False,0.92
tyler@valley-recruitment.example,18-24,£50k-£100k,US,Illinois,Chicago,Assistant,Individual contributor,Operations,0,False,0.84
tyler@yarrow-associates.example,18-24,£25k-£50k,DE,Hesse,Frankfurt,Marketing Executive,Individual contributor,Marketing,2,True,0.65
tyler@yarrow-cloud.example,25-34,£50k-£100k,NL,South Holland,Rotterdam,Marketing Executive,Individual contributor,Marketing,1,True,0.7
tyler@zephyr-logistics.example,25-34,£50k-£100k,US,Washington,Seattle,Marketing Manager,Manager,Marketing,1,True,0.96
tyleranderson43@icloud.example,18-24,£25k-£50k,NL,Utrecht,Utrecht,Assistant,Individual contributor,Operations,1,False,0.74
tyleranderson81@gmail.example,35-44,£50k-£100k,UK,South West,Bristol,Sales Manager,Manager,Sales,1,False,0.88
tylerclarke25@gmail.example,18-24,£25k-£50k,DE,Hesse,Frankfurt,Student,Student,Student,0,True,0.68
tylergreen78@yahoo.example,18-24,under £25k,NL,Utrecht,Utrecht,Analyst,Individual contributor,Operations,0,True,0.99
tylerhall55@icloud.example,35-44,£50k-£100k,FR,Hauts-de-France,Lille,Head of Growth,Manager,Marketing,10,True,0.9
tylerhughes41@outlook.example,25-34,under £25k,NL,North Holland,Amsterdam,Sales Rep,Individual contributor,Sales,3,True,0.91
tylerkhan39@hotmail.example,35-44,under £25k,US,California,San Francisco,Marketing Coordinator,Individual contributor,Marketing,8,True,0.82
tylermoore46@yahoo.example,55-64,£100k-£150k,US,Massachusetts,Boston,Managing Director,Director or above,Executive,5,False,0.83
tylerroberts67@icloud.example,18-24,under £25k,UK,London,London,Student,Student,Student,0,False,0.83
tylerscott63@icloud.example,18-24,under £25k,FR,Ile-de-France,Paris,Student,Student,Student,0,False,0.78
tylerwhite55@icloud.example,25-34,under £25k,UK,London,London,Student,Student,Student,0,True,0.62
tylerwilson61@gmail.example,45-54,£50k-£100k,UK,London,London,Director of Sales,Director or above,Sales,1,True,0.8
tylerwright35@hotmail.example,55-64,£50k-£100k,US,New York,New York,Director of Sales,Director or above,Sales,5,True,0.98
tylerwright50@gmail.example,25-34,£25k-£50k,FR,Auvergne-Rhone-Alpes,Lyon,Marketing Executive,Individual contributor,Marketing,5,False,0.76
tyoung083@hotmail.example,18-24,£50k-£100k,UK,London,London,Head of Growth,Manager,Marketing,4,True,0.73
z.anderson@highgate-dental.example,25-34,under £25k,US,Illinois,Chicago,Analyst,Individual contributor,Operations,11,True,0.76
z.anderson@pennine-medical.example,45-54,£50k-£100k,UK,West Midlands,Birmingham,Sales Manager,Manager,Sales,6,True,0.89
z.baker@riverside-insurance.example,18-24,under £25k,FR,Auvergne-Rhone-Alpes,Lyon,Sales Rep,Individual contributor,Sales,4,False,0.93
z.bakker@dunmore-cloud.example,45-54,£150k+,US,Texas,Austin,Marketing Director,Director or above,Marketing,1,False,0.91
z.bakker@jasper-data.example,25-34,£50k-£100k,UK,South West,Bristol,Marketing Executive,Individual contributor,Marketing,5,False,0.99
z.brown@cobalt-associates.example,25-34,£100k-£150k,NL,North Brabant,Eindhoven,Demand Gen Manager,Manager,Marketing,4,True,0.61
z.brown@granite-labs.example,55-64,£50k-£100k,FR,Occitanie,Toulouse,CEO,Director or above,Executive,2,True,0.76
z.brown@pebble-cloud.example,25-34,£100k-£150k,DE,Bavaria,Munich,Marketing Manager,Manager,Marketing,6,False,0.83
z.brown@quartz-trading.example,25-34,£25k-£50k,UK,North West,Manchester,Operations Manager,Manager,Operations,14,False,0.81
z.clarke@upland-accountants.example,35-44,£50k-£100k,UK,Yorkshire,Leeds,Chief Revenue Officer,Director or above,Executive,3,True,0.94
z.clarke@zephyr-accountants.example,18-24,under £25k,US,Texas,Austin,Student,Student,Student,0,False,0.7
z.davies@brightwater-industries.example,35-44,£50k-£100k,US,Massachusetts,Boston,Head of Growth,Manager,Marketing,5,False,0.95
z.davies@moorland-manufacturing.example,35-44,£50k-£100k,DE,Hamburg,Hamburg,Head of Growth,Manager,Marketing,3,True,0.88
z.davies@upland-accountants.example,45-54,£100k-£150k,UK,North West,Manchester,Chief Revenue Officer,Director or above,Executive,7,True,0.67
z.devries@cobalt-advisory.example,35-44,£100k-£150k,UK,Scotland,Edinburgh,VP Marketing,Director or above,Marketing,3,True,0.86
z.devries@moorland-clinics.example,25-34,£25k-£50k,US,California,San Francisco,Sales Rep,Individual contributor,Sales,0,False,0.8
z.evans@tamarind-transport.example,35-44,£50k-£100k,FR,Occitanie,Toulouse,Operations Manager,Manager,Operations,2,False,0.9
z.garcia@redwood-training.example,35-44,£100k-£150k,UK,Scotland,Edinburgh,Head of Growth,Manager,Marketing,1,True,0.96
z.garcia@vantage-learning.example,25-34,£50k-£100k,FR,Occitanie,Toulouse,Marketing Executive,Individual contributor,Marketing,3,True,0.98
z.hughes@saltmarsh-college.example,25-34,£25k-£50k,DE,Bavaria,Munich,Sales Rep,Individual contributor,Sales,2,False,0.6
z.jones@kestrel-stores.example,25-34,under £25k,UK,Scotland,Edinburgh,Analyst,Individual contributor,Operations,0,False,0.85
z.king@cedar-cloud.example,35-44,£50k-£100k,UK,Scotland,Edinburgh,Marketing Manager,Manager,Marketing,5,False,0.62
z.king@norfolk-stores.example,25-34,£150k+,US,California,San Francisco,Sales Manager,Manager,Sales,3,False,0.74
z.lewis@juniper-works.example,35-44,£50k-£100k,UK,West Midlands,Birmingham,Marketing Manager,Manager,Marketing,7,False,0.97
z.lewis@marigold-academy.example,35-44,£150k+,FR,Occitanie,Toulouse,Marketing Director,Director or above,Marketing,1,False,0.83
z.moore@emberly-shipping.example,45-54,£100k-£150k,UK,South West,Bristol,Director of Sales,Director or above,Sales,1,False,0.72
z.muller@juniper-works.example,55-64,£50k-£100k,UK,South West,Bristol,Sales Manager,Manager,Sales,3,True,0.8
z.roberts@bramble-training.example,45-54,£100k-£150k,US,Washington,Seattle,Chief Revenue Officer,Director or above,Executive,8,False,0.68
z.roberts@stonebridge-market.example,35-44,£50k-£100k,US,Massachusetts,Boston,Head of Growth,Manager,Marketing,2,False,0.91
z.schmidt@quayside-academy.example,35-44,£25k-£50k,US,Texas,Austin,Marketing Coordinator,Individual contributor,Marketing,8,False,0.93
z.schmidt@riverside-retail.example,35-44,£25k-£50k,UK,West Midlands,Birmingham,Assistant,Individual contributor,Operations,6,False,0.71
z.smith@glenmoor-pharma.example,45-54,£25k-£50k,US,California,San Francisco,Sales Manager,Manager,Sales,2,True,0.67
z.taylor@cedar-labs.example,35-44,£50k-£100k,NL,North Brabant,Eindhoven,Head of Growth,Manager,Marketing,3,False,0.65
z.weber@cedar-systems.example,35-44,£50k-£100k,UK,Yorkshire,Leeds,Founder,Director or above,Executive,1,False,0.77
z.williams@saltmarsh-works.example,35-44,£50k-£100k,UK,Yorkshire,Leeds,Operations Manager,Manager,Operations,2,True,0.99
z.wood@redwood-pharma.example,25-34,under £25k,UK,London,London,Analyst,Individual contributor,Operations,0,False,0.84
z.young@pebble-lending.example,35-44,£25k-£50k,UK,Yorkshire,Leeds,Marketing Executive,Individual contributor,Marketing,3,True,0.89
z.young@quayside-health.example,18-24,£25k-£50k,DE,Hamburg,Hamburg,Sales Rep,Individual contributor,Sales,1,True,0.62
zara.anderson@gmail.example,55-64,£100k-£150k,UK,Scotland,Edinburgh,Founder,Director or above,Executive,8,True,0.95
zara.anderson@harbour-training.example,35-44,£100k-£150k,US,Massachusetts,Boston,CEO,Director or above,Executive,3,True,0.68
zara.anderson@keystone-education.example,45-54,£50k-£100k,UK,South West,Bristol,Operations Manager,Manager,Operations,2,False,0.76
zara.anderson@norfolk-industries.example,45-54,£50k-£100k,NL,South Holland,Rotterdam,Head of Growth,Manager,Marketing,2,True,0.95
zara.bernard@inkwell-clinics.example,35-44,£100k-£150k,US,Washington,Seattle,Marketing Manager,Manager,Marketing,1,True,0.6
zara.clarke@gmail.example,35-44,£50k-£100k,NL,North Holland,Amsterdam,Head of Growth,Manager,Marketing,2,True,0.65
zara.davies@juniper-capital.example,45-54,£50k-£100k,UK,Yorkshire,Leeds,Founder,Director or above,Executive,7,False,0.84
zara.davies@yarrow-market.example,45-54,£100k-£150k,UK,North West,Manchester,Marketing Director,Director or above,Marketing,2,False,0.91
zara.devries@moorland-legal.example,25-34,£25k-£50k,US,New York,New York,Sales Rep,Individual contributor,Sales,0,False,0.65
zara.dubois@gmail.example,35-44,£150k+,US,Massachusetts,Boston,Chief Revenue Officer,Director or above,Executive,2,False,0.69
zara.dubois@meridian-software.example,18-24,under £25k,UK,Scotland,Edinburgh,Student,Student,Student,0,False,0.84
zara.evans@outlook.example,35-44,£150k+,US,Texas,Austin,Head of Marketing,Manager,Marketing,0,False,0.81
zara.evans@valley-tutors.example,35-44,£50k-£100k,DE,Hesse,Frankfurt,Head of Growth,Manager,Marketing,4,False,0.92
zara.hall@emberly-works.example,25-34,£25k-£50k,DE,Bavaria,Munich,Analyst,Individual contributor,Operations,2,False,0.86
zara.hall@icloud.example,18-24,£25k-£50k,UK,Yorkshire,Leeds,Student,Student,Student,0,False,0.66
zara.hall@northwind-clinics.example,45-54,£50k-£100k,FR,Auvergne-Rhone-Alpes,Lyon,Head of Growth,Manager,Marketing,4,False,0.81
zara.hall@yahoo.example,45-54,£100k-£150k,UK,London,London,Director of Sales,Director or above,Sales,5,True,0.83
zara.hughes84@icloud.example,35-44,£25k-£50k,UK,South West,Bristol,Assistant,Individual contributor,Operations,2,False,0.72
zara.hughes@cobalt-transport.example,45-54,£50k-£100k,UK,Scotland,Edinburgh,Operations Manager,Manager,Operations,1,True,0.65
zara.hughes@hawthorn-advisory.example,35-44,£150k+,US,Washington,Seattle,Chief Revenue Officer,Director or above,Executive,0,True,0.95
zara.hughes@icloud.example,45-54,£50k-£100k,UK,North West,Manchester,Head of Growth,Manager,Marketing,2,True,0.87
zara.hughes@silverline-goods.example,25-34,£50k-£100k,UK,South West,Bristol,Sales Rep,Individual contributor,Sales,1,False,0.67
zara.jansen@rosewood-haulage.example,45-54,£150k+,US,Washington,Seattle,Sales Manager,Manager,Sales,2,True,0.79
zara.jansen@thornbury-advisory.example,25-34,£50k-£100k,US,New York,New York,Analyst,Individual contributor,Operations,2,True,0.97
zara.king@saltmarsh-digital.example,45-54,£50k-£100k,FR,Occitanie,Toulouse,Demand Gen Manager,Manager,Marketing,4,True,0.62
zara.lewis@foxglove-legal.example,35-44,£25k-£50k,UK,Scotland,Edinburgh,Sales Manager,Manager,Sales,0,False,0.98
zara.martin@ashford-accountants.example,35-44,£50k-£100k,NL,North Holland,Amsterdam,Head of Growth,Manager,Marketing,5,True,0.61
zara.martin@inkwell-data.example,18-24,under £25k,US,Texas,Austin,Sales Rep,Individual contributor,Sales,17,False,0.86
zara.muller@hawthorn-wealth.example,25-34,£25k-£50k,US,Massachusetts,Boston,Assistant,Individual contributor,Operations,5,True,0.96
zara.muller@tidewater-cloud.example,35-44,£25k-£50k,DE,Hesse,Frankfurt,Marketing Coordinator,Individual contributor,Marketing,5,False,0.93
zara.muller@tidewater-recruitment.example,35-44,£100k-£150k,UK,South West,Bristol,Chief Revenue Officer,Director or above,Executive,5,False,0.85
zara.murphy@yahoo.example,18-24,£25k-£50k,UK,South West,Bristol,Student,Student,Student,0,True,0.7
zara.schmidt@saltmarsh-fabrication.example,45-54,£100k-£150k,UK,Scotland,Edinburgh,VP Marketing,Director or above,Marketing,8,False,0.64
zara.schmidt@yahoo.example,18-24,under £25k,US,Massachusetts,Boston,Student,Student,Student,0,False,0.68
zara.taylor@quartz-stores.example,35-44,£50k-£100k,US,Washington,Seattle,Operations Manager,Manager,Operations,1,False,0.7
zara.walker@yahoo.example,35-44,£50k-£100k,NL,North Holland,Amsterdam,Chief Revenue Officer,Director or above,Executive,8,False,0.77
zara.williams@kelvin-health.example,35-44,£50k-£100k,UK,Scotland,Edinburgh,Demand Gen Manager,Manager,Marketing,1,False,0.64
zara.wright@larkspur-retail.example,65+,£100k-£150k,UK,West Midlands,Birmingham,Managing Director,Director or above,Executive,2,True,0.78
zara.young@beacon-lending.example,25-34,£50k-£100k,UK,West Midlands,Birmingham,Demand Gen Manager,Manager,Marketing,3,True,0.81
zara.young@quartz-data.example,25-34,£25k-£50k,US,Massachusetts,Boston,Marketing Executive,Individual contributor,Marketing,4,False,0.7
zara@ashford-capital.example,35-44,£100k-£150k,UK,Yorkshire,Leeds,VP Marketing,Director or above,Marketing,4,False,0.99
zara@aurora-training.example,25-34,£25k-£50k,NL,South Holland,Rotterdam,Assistant,Individual contributor,Operations,1,True,0.87
zara@bluebell-outfitters.example,35-44,£25k-£50k,FR,Occitanie,Toulouse,Marketing Manager,Manager,Marketing,4,True,0.6
zara@bramble-shipping.example,35-44,£25k-£50k,NL,South Holland,Rotterdam,Marketing Manager,Manager,Marketing,9,True,0.79
zara@brightwater-advisory.example,25-34,£50k-£100k,UK,South West,Bristol,Marketing Manager,Manager,Marketing,1,False,0.6
zara@cobalt-transport.example,25-34,£50k-£100k,UK,Yorkshire,Leeds,Marketing Manager,Manager,Marketing,0,False,0.82
zara@driftwood-haulage.example,35-44,£150k+,US,Illinois,Chicago,Managing Director,Director or above,Executive,2,True,0.91
zara@driftwood-works.example,18-24,£25k-£50k,US,New York,New York,Marketing Coordinator,Individual contributor,Marketing,7,False,0.61
zara@dunmore-accountants.example,25-34,£50k-£100k,UK,London,London,Operations Manager,Manager,Operations,1,True,0.77
zara@dunmore-stores.example,35-44,£100k-£150k,US,New York,New York,CEO,Director or above,Executive,0,True,0.77
zara@evergreen-haulage.example,25-34,£50k-£100k,NL,South Holland,Rotterdam,Operations Manager,Manager,Operations,1,True,0.79
zara@falcon-cloud.example,45-54,under £25k,UK,Scotland,Edinburgh,Assistant,Individual contributor,Operations,3,True,0.88
zara@fernhill-college.example,25-34,£50k-£100k,US,Washington,Seattle,Marketing Coordinator,Individual contributor,Marketing,3,True,0.91
zara@fernhill-retail.example,35-44,£100k-£150k,UK,West Midlands,Birmingham,Director of Sales,Director or above,Sales,3,False,0.68
zara@glenmoor-pharma.example,25-34,£50k-£100k,US,Massachusetts,Boston,Analyst,Individual contributor,Operations,5,True,0.75
zara@granite-outfitters.example,25-34,£25k-£50k,US,New York,New York,Analyst,Individual contributor,Operations,2,False,0.82
zara@hawthorn-haulage.example,35-44,£100k-£150k,UK,North West,Manchester,Operations Manager,Manager,Operations,4,False,0.98
zara@heron-clinics.example,55-64,£50k-£100k,US,New York,New York,Marketing Director,Director or above,Marketing,9,True,0.89
zara@heron-stores.example,25-34,£50k-£100k,NL,North Holland,Amsterdam,Demand Gen Manager,Manager,Marketing,9,True,0.91
zara@ironbridge-health.example,55-64,£100k-£150k,NL,Utrecht,Utrecht,Marketing Director,Director or above,Marketing,7,True,0.77
zara@jasper-accountants.example,25-34,£50k-£100k,DE,Hamburg,Hamburg,Marketing Executive,Individual contributor,Marketing,1,True,0.69
zara@jasper-shipping.example,35-44,£50k-£100k,US,Illinois,Chicago,Head of Marketing,Manager,Marketing,5,True,0.75
zara@kestrel-partners.example,25-34,£25k-£50k,US,California,San Francisco,Analyst,Individual contributor,Operations,3,False,0.82
zara@keystone-industries.example,35-44,£100k-£150k,UK,Yorkshire,Leeds,Chief Revenue Officer,Director or above,Executive,5,False,0.64
zara@keystone-lending.example,25-34,£50k-£100k,NL,Utrecht,Utrecht,Operations Manager,Manager,Operations,0,True,0.71
zara@lindenwood-goods.example,25-34,£25k-£50k,FR,Auvergne-Rhone-Alpes,Lyon,Analyst,Individual contributor,Operations,0,False,0.78
zara@marigold-insurance.example,35-44,£50k-£100k,DE,Berlin,Berlin,Head of Marketing,Manager,Marketing,3,False,0.76
zara@marigold-transport.example,35-44,£50k-£100k,DE,Hamburg,Hamburg,Operations Manager,Manager,Operations,1,True,0.85
zara@meridian-recruitment.example,65+,£150k+,DE,Hesse,Frankfurt,Chief Revenue Officer,Director or above,Executive,11,False,0.91
zara@meridian-wealth.example,25-34,under £25k,DE,Berlin,Berlin,Marketing Coordinator,Individual contributor,Marketing,0,False,0.94
zara@moorland-associates.example,25-34,£50k-£100k,UK,Scotland,Edinburgh,Demand Gen Manager,Manager,Marketing,1,False,0.8
zara@moorland-consulting.example,55-64,£100k-£150k,US,Washington,Seattle,Managing Director,Director or above,Executive,6,True,0.95
zara@moorland-legal.example,25-34,£100k-£150k,US,Washington,Seattle,Operations Manager,Manager,Operations,2,False,0.78
zara@nettlefield-labs.example,25-34,£25k-£50k,NL,Utrecht,Utrecht,Assistant,Individual contributor,Operations,4,False,0.98
zara@northwind-fabrication.example,25-34,£25k-£50k,NL,North Brabant,Eindhoven,Assistant,Individual contributor,Operations,5,False,0.76
zara@oldfield-college.example,25-34,under £25k,UK,North West,Manchester,Head of Marketing,Manager,Marketing,3,False,0.84
zara@quartz-academy.example,25-34,£50k-£100k,UK,South West,Bristol,Managing Director,Director or above,Executive,4,False,0.81
zara@quayside-college.example,25-34,£50k-£100k,UK,London,London,Analyst,Individual contributor,Operations,6,True,0.61
zara@redwood-accountants.example,35-44,£50k-£100k,DE,Hamburg,Hamburg,Managing Director,Director or above,Executive,6,True,0.72
zara@redwood-labs.example,45-54,£50k-£100k,US,Massachusetts,Boston,Chief Revenue Officer,Director or above,Executive,4,True,0.9
zara@silverline-freight.example,35-44,£50k-£100k,FR,Auvergne-Rhone-Alpes,Lyon,Marketing Manager,Manager,Marketing,3,False,0.94
zara@tamarind-consulting.example,55-64,£100k-£150k,UK,South West,Bristol,Marketing Manager,Manager,Marketing,1,True,0.63
zara@tamarind-learning.example,45-54,£150k+,US,California,San Francisco,Director of Sales,Director or above,Sales,1,True,0.87
zara@umber-transport.example,25-34,£100k-£150k,US,Massachusetts,Boston,Managing Director,Director or above,Executive,2,False,0.7
zara@upland-clinics.example,25-34,under £25k,UK,South West,Bristol,Analyst,Individual contributor,Operations,6,True,0.64
zara@upland-recruitment.example,18-24,£25k-£50k,DE,Bavaria,Munich,Marketing Coordinator,Individual contributor,Marketing,9,False,0.92
zara@yarrow-components.example,45-54,£50k-£100k,US,New York,New York,Analyst,Individual contributor,Operations,0,True,0.67
zarabaker11@gmail.example,25-34,£25k-£50k,UK,Yorkshire,Leeds,Marketing Manager,Manager,Marketing,7,False,0.66
zarabakker89@gmail.example,18-24,£25k-£50k,US,Illinois,Chicago,Analyst,Individual contributor,Operations,1,True,0.84
zaradevries65@yahoo.example,35-44,£100k-£150k,UK,London,London,Chief Revenue Officer,Director or above,Executive,3,False,0.82
zaradubois35@icloud.example,18-24,£25k-£50k,DE,Bavaria,Munich,Analyst,Individual contributor,Operations,3,False,0.71
zarahall18@yahoo.example,18-24,£50k-£100k,US,Texas,Austin,Analyst,Individual contributor,Operations,2,True,0.98
zaraking25@icloud.example,55-64,£50k-£100k,UK,Yorkshire,Leeds,Director of Sales,Director or above,Sales,5,False,0.99
zaramuller33@gmail.example,45-54,£100k-£150k,DE,Hesse,Frankfurt,Chief Revenue Officer,Director or above,Executive,2,True,0.97
zarapatel36@gmail.example,25-34,£25k-£50k,UK,Yorkshire,Leeds,Marketing Executive,Individual contributor,Marketing,13,False,0.94
zaraschmidt68@icloud.example,35-44,£50k-£100k,US,Washington,Seattle,Operations Manager,Manager,Operations,0,False,0.85
zarawalker67@icloud.example,25-34,£25k-£50k,UK,Yorkshire,Leeds,Sales Rep,Individual contributor,Sales,4,True,0.77
zarawilliams34@outlook.example,35-44,£100k-£150k,NL,North Holland,Amsterdam,Managing Director,Director or above,Executive,3,False,0.94
zarawood72@gmail.example,35-44,£50k-£100k,NL,North Brabant,Eindhoven,Managing Director,Director or above,Executive,3,True,0.96
zbakker811@outlook.example,25-34,£50k-£100k,US,Illinois,Chicago,Head of Marketing,Manager,Marketing,2,True,0.82
zbernard622@hotmail.example,45-54,£25k-£50k,UK,Yorkshire,Leeds,Marketing Manager,Manager,Marketing,9,True,0.8
zbrown777@outlook.example,25-34,£25k-£50k,US,New York,New York,Student,Student,Student,0,False,0.62
zdavies855@outlook.example,18-24,under £25k,UK,South West,Bristol,Student,Student,Student,0,False,0.76
zdevries666@hotmail.example,35-44,£50k-£100k,FR,Auvergne-Rhone-Alpes,Lyon,Sales Manager,Manager,Sales,8,True,0.82
zdevries956@yahoo.example,25-34,£25k-£50k,UK,London,London,Operations Manager,Manager,Operations,4,True,0.82
zkhan867@gmail.example,25-34,£50k-£100k,US,Illinois,Chicago,Sales Rep,Individual contributor,Sales,21,False,0.96
zmiller119@icloud.example,18-24,under £25k,UK,North West,Manchester,Student,Student,Student,0,False,0.95
zpatel840@icloud.example,55-64,£150k+,US,Illinois,Chicago,Chief Revenue Officer,Director or above,Executive,4,False,0.92
zroberts000@outlook.example,35-44,£50k-£100k,FR,Auvergne-Rhone-Alpes,Lyon,Sales Rep,Individual contributor,Sales,1,True,0.85
zscott702@icloud.example,25-34,£25k-£50k,NL,Utrecht,Utrecht,Analyst,Individual contributor,Operations,3,True,0.78
ztaylor402@outlook.example,35-44,£50k-£100k,UK,Scotland,Edinburgh,Sales Manager,Manager,Sales,9,False,0.78
zwalker303@outlook.example,35-44,£100k-£150k,UK,London,London,Managing Director,Director or above,Executive,2,False,0.97
zwilson916@hotmail.example,35-44,£100k-£150k,US,Texas,Austin,Head of Marketing,Manager,Marketing,1,False,0.83
